store_id,sku_id,forecast_date,horizon_step,forecast,model_name,uncertainty_std,lower_bound,upper_bound,sku_name,category,sub_category,unit_cost,unit_price
FC-East,SKU-APPR-001,2025-01-01,1,59.7,Holt_Winters,17.71,24.99,94.41,Men's Classic Cotton Crewneck T-Shirt 3-Pack,Apparel,Basics,10.5,27.989999771118164
FC-East,SKU-APPR-001,2025-01-02,2,61.16,Holt_Winters,17.97,25.94,96.38,Men's Classic Cotton Crewneck T-Shirt 3-Pack,Apparel,Basics,10.5,27.989999771118164
FC-East,SKU-APPR-001,2025-01-03,3,70.04,Holt_Winters,18.23,34.31,105.77,Men's Classic Cotton Crewneck T-Shirt 3-Pack,Apparel,Basics,10.5,27.989999771118164
FC-East,SKU-APPR-001,2025-01-04,4,79.69,Holt_Winters,18.49,43.45,115.93,Men's Classic Cotton Crewneck T-Shirt 3-Pack,Apparel,Basics,10.5,27.989999771118164
FC-East,SKU-APPR-001,2025-01-05,5,71.91,Holt_Winters,18.74,35.18,108.64,Men's Classic Cotton Crewneck T-Shirt 3-Pack,Apparel,Basics,10.5,27.989999771118164
FC-East,SKU-APPR-001,2025-01-06,6,54.2,Holt_Winters,18.99,16.98,91.42,Men's Classic Cotton Crewneck T-Shirt 3-Pack,Apparel,Basics,10.5,27.989999771118164
FC-East,SKU-APPR-001,2025-01-07,7,58.42,Holt_Winters,19.24,20.71,96.13,Men's Classic Cotton Crewneck T-Shirt 3-Pack,Apparel,Basics,10.5,27.989999771118164
FC-East,SKU-APPR-001,2025-01-08,8,59.7,Holt_Winters,19.48,21.52,97.88,Men's Classic Cotton Crewneck T-Shirt 3-Pack,Apparel,Basics,10.5,27.989999771118164
FC-East,SKU-APPR-001,2025-01-09,9,61.15,Holt_Winters,19.72,22.5,99.8,Men's Classic Cotton Crewneck T-Shirt 3-Pack,Apparel,Basics,10.5,27.989999771118164
FC-East,SKU-APPR-001,2025-01-10,10,70.04,Holt_Winters,19.96,30.92,109.16,Men's Classic Cotton Crewneck T-Shirt 3-Pack,Apparel,Basics,10.5,27.989999771118164
FC-East,SKU-APPR-001,2025-01-11,11,79.69,Holt_Winters,20.19,40.12,119.26,Men's Classic Cotton Crewneck T-Shirt 3-Pack,Apparel,Basics,10.5,27.989999771118164
FC-East,SKU-APPR-001,2025-01-12,12,71.91,Holt_Winters,20.42,31.89,111.93,Men's Classic Cotton Crewneck T-Shirt 3-Pack,Apparel,Basics,10.5,27.989999771118164
FC-East,SKU-APPR-001,2025-01-13,13,54.2,Holt_Winters,20.65,13.73,94.67,Men's Classic Cotton Crewneck T-Shirt 3-Pack,Apparel,Basics,10.5,27.989999771118164
FC-East,SKU-APPR-001,2025-01-14,14,58.42,Holt_Winters,20.88,17.5,99.34,Men's Classic Cotton Crewneck T-Shirt 3-Pack,Apparel,Basics,10.5,27.989999771118164
FC-East,SKU-APPR-001,2025-01-15,15,59.7,Holt_Winters,21.1,18.34,101.06,Men's Classic Cotton Crewneck T-Shirt 3-Pack,Apparel,Basics,10.5,27.989999771118164
FC-East,SKU-APPR-001,2025-01-16,16,61.15,Holt_Winters,21.33,19.34,102.96,Men's Classic Cotton Crewneck T-Shirt 3-Pack,Apparel,Basics,10.5,27.989999771118164
FC-East,SKU-APPR-001,2025-01-17,17,70.04,Holt_Winters,21.55,27.8,112.28,Men's Classic Cotton Crewneck T-Shirt 3-Pack,Apparel,Basics,10.5,27.989999771118164
FC-East,SKU-APPR-001,2025-01-18,18,79.68,Holt_Winters,21.76,37.03,122.33,Men's Classic Cotton Crewneck T-Shirt 3-Pack,Apparel,Basics,10.5,27.989999771118164
FC-East,SKU-APPR-001,2025-01-19,19,71.91,Holt_Winters,21.98,28.83,114.99,Men's Classic Cotton Crewneck T-Shirt 3-Pack,Apparel,Basics,10.5,27.989999771118164
FC-East,SKU-APPR-001,2025-01-20,20,54.2,Holt_Winters,22.19,10.71,97.69,Men's Classic Cotton Crewneck T-Shirt 3-Pack,Apparel,Basics,10.5,27.989999771118164
FC-East,SKU-APPR-001,2025-01-21,21,58.42,Holt_Winters,22.4,14.52,102.32,Men's Classic Cotton Crewneck T-Shirt 3-Pack,Apparel,Basics,10.5,27.989999771118164
FC-East,SKU-APPR-001,2025-01-22,22,59.7,Holt_Winters,22.61,15.38,104.02,Men's Classic Cotton Crewneck T-Shirt 3-Pack,Apparel,Basics,10.5,27.989999771118164
FC-East,SKU-APPR-001,2025-01-23,23,61.15,Holt_Winters,22.82,16.42,105.88,Men's Classic Cotton Crewneck T-Shirt 3-Pack,Apparel,Basics,10.5,27.989999771118164
FC-East,SKU-APPR-001,2025-01-24,24,70.04,Holt_Winters,23.02,24.92,115.16,Men's Classic Cotton Crewneck T-Shirt 3-Pack,Apparel,Basics,10.5,27.989999771118164
FC-East,SKU-APPR-001,2025-01-25,25,79.68,Holt_Winters,23.23,34.15,125.21,Men's Classic Cotton Crewneck T-Shirt 3-Pack,Apparel,Basics,10.5,27.989999771118164
FC-East,SKU-APPR-001,2025-01-26,26,71.91,Holt_Winters,23.43,25.99,117.83,Men's Classic Cotton Crewneck T-Shirt 3-Pack,Apparel,Basics,10.5,27.989999771118164
FC-East,SKU-APPR-001,2025-01-27,27,54.19,Holt_Winters,23.63,7.88,100.5,Men's Classic Cotton Crewneck T-Shirt 3-Pack,Apparel,Basics,10.5,27.989999771118164
FC-East,SKU-APPR-001,2025-01-28,28,58.42,Holt_Winters,23.83,11.71,105.13,Men's Classic Cotton Crewneck T-Shirt 3-Pack,Apparel,Basics,10.5,27.989999771118164
FC-East,SKU-APPR-002,2025-01-01,1,82.29,Holt_Winters,17.71,47.58,117.0,Down-Alternative Insulated Winter Puffer Jacket,Apparel,Outerwear,62.0,149.99000549316406
FC-East,SKU-APPR-002,2025-01-02,2,85.52,Holt_Winters,17.97,50.3,120.74,Down-Alternative Insulated Winter Puffer Jacket,Apparel,Outerwear,62.0,149.99000549316406
FC-East,SKU-APPR-002,2025-01-03,3,87.92,Holt_Winters,18.23,52.19,123.65,Down-Alternative Insulated Winter Puffer Jacket,Apparel,Outerwear,62.0,149.99000549316406
FC-East,SKU-APPR-002,2025-01-04,4,95.28,Holt_Winters,18.49,59.04,131.52,Down-Alternative Insulated Winter Puffer Jacket,Apparel,Outerwear,62.0,149.99000549316406
FC-East,SKU-APPR-002,2025-01-05,5,95.27,Holt_Winters,18.74,58.54,132.0,Down-Alternative Insulated Winter Puffer Jacket,Apparel,Outerwear,62.0,149.99000549316406
FC-East,SKU-APPR-002,2025-01-06,6,80.93,Holt_Winters,18.99,43.71,118.15,Down-Alternative Insulated Winter Puffer Jacket,Apparel,Outerwear,62.0,149.99000549316406
FC-East,SKU-APPR-002,2025-01-07,7,81.93,Holt_Winters,19.24,44.22,119.64,Down-Alternative Insulated Winter Puffer Jacket,Apparel,Outerwear,62.0,149.99000549316406
FC-East,SKU-APPR-002,2025-01-08,8,87.96,Holt_Winters,19.48,49.78,126.14,Down-Alternative Insulated Winter Puffer Jacket,Apparel,Outerwear,62.0,149.99000549316406
FC-East,SKU-APPR-002,2025-01-09,9,91.2,Holt_Winters,19.72,52.55,129.85,Down-Alternative Insulated Winter Puffer Jacket,Apparel,Outerwear,62.0,149.99000549316406
FC-East,SKU-APPR-002,2025-01-10,10,93.59,Holt_Winters,19.96,54.47,132.71,Down-Alternative Insulated Winter Puffer Jacket,Apparel,Outerwear,62.0,149.99000549316406
FC-East,SKU-APPR-002,2025-01-11,11,100.95,Holt_Winters,20.19,61.38,140.52,Down-Alternative Insulated Winter Puffer Jacket,Apparel,Outerwear,62.0,149.99000549316406
FC-East,SKU-APPR-002,2025-01-12,12,100.94,Holt_Winters,20.42,60.92,140.96,Down-Alternative Insulated Winter Puffer Jacket,Apparel,Outerwear,62.0,149.99000549316406
FC-East,SKU-APPR-002,2025-01-13,13,86.61,Holt_Winters,20.65,46.14,127.08,Down-Alternative Insulated Winter Puffer Jacket,Apparel,Outerwear,62.0,149.99000549316406
FC-East,SKU-APPR-002,2025-01-14,14,87.6,Holt_Winters,20.88,46.68,128.52,Down-Alternative Insulated Winter Puffer Jacket,Apparel,Outerwear,62.0,149.99000549316406
FC-East,SKU-APPR-002,2025-01-15,15,93.63,Holt_Winters,21.1,52.27,134.99,Down-Alternative Insulated Winter Puffer Jacket,Apparel,Outerwear,62.0,149.99000549316406
FC-East,SKU-APPR-002,2025-01-16,16,96.87,Holt_Winters,21.33,55.06,138.68,Down-Alternative Insulated Winter Puffer Jacket,Apparel,Outerwear,62.0,149.99000549316406
FC-East,SKU-APPR-002,2025-01-17,17,99.27,Holt_Winters,21.55,57.03,141.51,Down-Alternative Insulated Winter Puffer Jacket,Apparel,Outerwear,62.0,149.99000549316406
FC-East,SKU-APPR-002,2025-01-18,18,106.63,Holt_Winters,21.76,63.98,149.28,Down-Alternative Insulated Winter Puffer Jacket,Apparel,Outerwear,62.0,149.99000549316406
FC-East,SKU-APPR-002,2025-01-19,19,106.61,Holt_Winters,21.98,63.53,149.69,Down-Alternative Insulated Winter Puffer Jacket,Apparel,Outerwear,62.0,149.99000549316406
FC-East,SKU-APPR-002,2025-01-20,20,92.28,Holt_Winters,22.19,48.79,135.77,Down-Alternative Insulated Winter Puffer Jacket,Apparel,Outerwear,62.0,149.99000549316406
FC-East,SKU-APPR-002,2025-01-21,21,93.27,Holt_Winters,22.4,49.37,137.17,Down-Alternative Insulated Winter Puffer Jacket,Apparel,Outerwear,62.0,149.99000549316406
FC-East,SKU-APPR-002,2025-01-22,22,99.31,Holt_Winters,22.61,54.99,143.63,Down-Alternative Insulated Winter Puffer Jacket,Apparel,Outerwear,62.0,149.99000549316406
FC-East,SKU-APPR-002,2025-01-23,23,102.54,Holt_Winters,22.82,57.81,147.27,Down-Alternative Insulated Winter Puffer Jacket,Apparel,Outerwear,62.0,149.99000549316406
FC-East,SKU-APPR-002,2025-01-24,24,104.94,Holt_Winters,23.02,59.82,150.06,Down-Alternative Insulated Winter Puffer Jacket,Apparel,Outerwear,62.0,149.99000549316406
FC-East,SKU-APPR-002,2025-01-25,25,112.3,Holt_Winters,23.23,66.77,157.83,Down-Alternative Insulated Winter Puffer Jacket,Apparel,Outerwear,62.0,149.99000549316406
FC-East,SKU-APPR-002,2025-01-26,26,112.28,Holt_Winters,23.43,66.36,158.2,Down-Alternative Insulated Winter Puffer Jacket,Apparel,Outerwear,62.0,149.99000549316406
FC-East,SKU-APPR-002,2025-01-27,27,97.95,Holt_Winters,23.63,51.64,144.26,Down-Alternative Insulated Winter Puffer Jacket,Apparel,Outerwear,62.0,149.99000549316406
FC-East,SKU-APPR-002,2025-01-28,28,98.94,Holt_Winters,23.83,52.23,145.65,Down-Alternative Insulated Winter Puffer Jacket,Apparel,Outerwear,62.0,149.99000549316406
FC-East,SKU-APPR-003,2025-01-01,1,44.89,Holt_Winters,17.71,10.18,79.6,Breathable Quick-Dry Athletic Shorts,Apparel,Sportswear,11.2,29.989999771118164
FC-East,SKU-APPR-003,2025-01-02,2,44.72,Holt_Winters,17.97,9.5,79.94,Breathable Quick-Dry Athletic Shorts,Apparel,Sportswear,11.2,29.989999771118164
FC-East,SKU-APPR-003,2025-01-03,3,55.04,Holt_Winters,18.23,19.31,90.77,Breathable Quick-Dry Athletic Shorts,Apparel,Sportswear,11.2,29.989999771118164
FC-East,SKU-APPR-003,2025-01-04,4,69.03,Holt_Winters,18.49,32.79,105.27,Breathable Quick-Dry Athletic Shorts,Apparel,Sportswear,11.2,29.989999771118164
FC-East,SKU-APPR-003,2025-01-05,5,57.22,Holt_Winters,18.74,20.49,93.95,Breathable Quick-Dry Athletic Shorts,Apparel,Sportswear,11.2,29.989999771118164
FC-East,SKU-APPR-003,2025-01-06,6,36.85,Holt_Winters,18.99,0.0,74.07,Breathable Quick-Dry Athletic Shorts,Apparel,Sportswear,11.2,29.989999771118164
FC-East,SKU-APPR-003,2025-01-07,7,39.95,Holt_Winters,19.24,2.24,77.66,Breathable Quick-Dry Athletic Shorts,Apparel,Sportswear,11.2,29.989999771118164
FC-East,SKU-APPR-003,2025-01-08,8,44.94,Holt_Winters,19.48,6.76,83.12,Breathable Quick-Dry Athletic Shorts,Apparel,Sportswear,11.2,29.989999771118164
FC-East,SKU-APPR-003,2025-01-09,9,44.78,Holt_Winters,19.72,6.13,83.43,Breathable Quick-Dry Athletic Shorts,Apparel,Sportswear,11.2,29.989999771118164
FC-East,SKU-APPR-003,2025-01-10,10,55.09,Holt_Winters,19.96,15.97,94.21,Breathable Quick-Dry Athletic Shorts,Apparel,Sportswear,11.2,29.989999771118164
FC-East,SKU-APPR-003,2025-01-11,11,69.09,Holt_Winters,20.19,29.52,108.66,Breathable Quick-Dry Athletic Shorts,Apparel,Sportswear,11.2,29.989999771118164
FC-East,SKU-APPR-003,2025-01-12,12,57.27,Holt_Winters,20.42,17.25,97.29,Breathable Quick-Dry Athletic Shorts,Apparel,Sportswear,11.2,29.989999771118164
FC-East,SKU-APPR-003,2025-01-13,13,36.91,Holt_Winters,20.65,0.0,77.38,Breathable Quick-Dry Athletic Shorts,Apparel,Sportswear,11.2,29.989999771118164
FC-East,SKU-APPR-003,2025-01-14,14,40.01,Holt_Winters,20.88,0.0,80.93,Breathable Quick-Dry Athletic Shorts,Apparel,Sportswear,11.2,29.989999771118164
FC-East,SKU-APPR-003,2025-01-15,15,45.0,Holt_Winters,21.1,3.64,86.36,Breathable Quick-Dry Athletic Shorts,Apparel,Sportswear,11.2,29.989999771118164
FC-East,SKU-APPR-003,2025-01-16,16,44.83,Holt_Winters,21.33,3.02,86.64,Breathable Quick-Dry Athletic Shorts,Apparel,Sportswear,11.2,29.989999771118164
FC-East,SKU-APPR-003,2025-01-17,17,55.15,Holt_Winters,21.55,12.91,97.39,Breathable Quick-Dry Athletic Shorts,Apparel,Sportswear,11.2,29.989999771118164
FC-East,SKU-APPR-003,2025-01-18,18,69.14,Holt_Winters,21.76,26.49,111.79,Breathable Quick-Dry Athletic Shorts,Apparel,Sportswear,11.2,29.989999771118164
FC-East,SKU-APPR-003,2025-01-19,19,57.33,Holt_Winters,21.98,14.25,100.41,Breathable Quick-Dry Athletic Shorts,Apparel,Sportswear,11.2,29.989999771118164
FC-East,SKU-APPR-003,2025-01-20,20,36.96,Holt_Winters,22.19,0.0,80.45,Breathable Quick-Dry Athletic Shorts,Apparel,Sportswear,11.2,29.989999771118164
FC-East,SKU-APPR-003,2025-01-21,21,40.06,Holt_Winters,22.4,0.0,83.96,Breathable Quick-Dry Athletic Shorts,Apparel,Sportswear,11.2,29.989999771118164
FC-East,SKU-APPR-003,2025-01-22,22,45.05,Holt_Winters,22.61,0.73,89.37,Breathable Quick-Dry Athletic Shorts,Apparel,Sportswear,11.2,29.989999771118164
FC-East,SKU-APPR-003,2025-01-23,23,44.89,Holt_Winters,22.82,0.16,89.62,Breathable Quick-Dry Athletic Shorts,Apparel,Sportswear,11.2,29.989999771118164
FC-East,SKU-APPR-003,2025-01-24,24,55.2,Holt_Winters,23.02,10.08,100.32,Breathable Quick-Dry Athletic Shorts,Apparel,Sportswear,11.2,29.989999771118164
FC-East,SKU-APPR-003,2025-01-25,25,69.2,Holt_Winters,23.23,23.67,114.73,Breathable Quick-Dry Athletic Shorts,Apparel,Sportswear,11.2,29.989999771118164
FC-East,SKU-APPR-003,2025-01-26,26,57.38,Holt_Winters,23.43,11.46,103.3,Breathable Quick-Dry Athletic Shorts,Apparel,Sportswear,11.2,29.989999771118164
FC-East,SKU-APPR-003,2025-01-27,27,37.01,Holt_Winters,23.63,0.0,83.32,Breathable Quick-Dry Athletic Shorts,Apparel,Sportswear,11.2,29.989999771118164
FC-East,SKU-APPR-003,2025-01-28,28,40.12,Holt_Winters,23.83,0.0,86.83,Breathable Quick-Dry Athletic Shorts,Apparel,Sportswear,11.2,29.989999771118164
FC-East,SKU-APPR-004,2025-01-01,1,73.06,Holt_Winters,17.71,38.35,107.77,Seamless Moisture-Wicking Merino Wool Running Socks,Apparel,Accessories,6.1,16.989999771118164
FC-East,SKU-APPR-004,2025-01-02,2,73.77,Holt_Winters,17.97,38.55,108.99,Seamless Moisture-Wicking Merino Wool Running Socks,Apparel,Accessories,6.1,16.989999771118164
FC-East,SKU-APPR-004,2025-01-03,3,87.67,Holt_Winters,18.23,51.94,123.4,Seamless Moisture-Wicking Merino Wool Running Socks,Apparel,Accessories,6.1,16.989999771118164
FC-East,SKU-APPR-004,2025-01-04,4,93.25,Holt_Winters,18.49,57.01,129.49,Seamless Moisture-Wicking Merino Wool Running Socks,Apparel,Accessories,6.1,16.989999771118164
FC-East,SKU-APPR-004,2025-01-05,5,86.58,Holt_Winters,18.74,49.85,123.31,Seamless Moisture-Wicking Merino Wool Running Socks,Apparel,Accessories,6.1,16.989999771118164
FC-East,SKU-APPR-004,2025-01-06,6,69.56,Holt_Winters,18.99,32.34,106.78,Seamless Moisture-Wicking Merino Wool Running Socks,Apparel,Accessories,6.1,16.989999771118164
FC-East,SKU-APPR-004,2025-01-07,7,70.42,Holt_Winters,19.24,32.71,108.13,Seamless Moisture-Wicking Merino Wool Running Socks,Apparel,Accessories,6.1,16.989999771118164
FC-East,SKU-APPR-004,2025-01-08,8,73.3,Holt_Winters,19.48,35.12,111.48,Seamless Moisture-Wicking Merino Wool Running Socks,Apparel,Accessories,6.1,16.989999771118164
FC-East,SKU-APPR-004,2025-01-09,9,74.02,Holt_Winters,19.72,35.37,112.67,Seamless Moisture-Wicking Merino Wool Running Socks,Apparel,Accessories,6.1,16.989999771118164
FC-East,SKU-APPR-004,2025-01-10,10,87.92,Holt_Winters,19.96,48.8,127.04,Seamless Moisture-Wicking Merino Wool Running Socks,Apparel,Accessories,6.1,16.989999771118164
FC-East,SKU-APPR-004,2025-01-11,11,93.5,Holt_Winters,20.19,53.93,133.07,Seamless Moisture-Wicking Merino Wool Running Socks,Apparel,Accessories,6.1,16.989999771118164
FC-East,SKU-APPR-004,2025-01-12,12,86.83,Holt_Winters,20.42,46.81,126.85,Seamless Moisture-Wicking Merino Wool Running Socks,Apparel,Accessories,6.1,16.989999771118164
FC-East,SKU-APPR-004,2025-01-13,13,69.8,Holt_Winters,20.65,29.33,110.27,Seamless Moisture-Wicking Merino Wool Running Socks,Apparel,Accessories,6.1,16.989999771118164
FC-East,SKU-APPR-004,2025-01-14,14,70.66,Holt_Winters,20.88,29.74,111.58,Seamless Moisture-Wicking Merino Wool Running Socks,Apparel,Accessories,6.1,16.989999771118164
FC-East,SKU-APPR-004,2025-01-15,15,73.55,Holt_Winters,21.1,32.19,114.91,Seamless Moisture-Wicking Merino Wool Running Socks,Apparel,Accessories,6.1,16.989999771118164
FC-East,SKU-APPR-004,2025-01-16,16,74.26,Holt_Winters,21.33,32.45,116.07,Seamless Moisture-Wicking Merino Wool Running Socks,Apparel,Accessories,6.1,16.989999771118164
FC-East,SKU-APPR-004,2025-01-17,17,88.17,Holt_Winters,21.55,45.93,130.41,Seamless Moisture-Wicking Merino Wool Running Socks,Apparel,Accessories,6.1,16.989999771118164
FC-East,SKU-APPR-004,2025-01-18,18,93.74,Holt_Winters,21.76,51.09,136.39,Seamless Moisture-Wicking Merino Wool Running Socks,Apparel,Accessories,6.1,16.989999771118164
FC-East,SKU-APPR-004,2025-01-19,19,87.07,Holt_Winters,21.98,43.99,130.15,Seamless Moisture-Wicking Merino Wool Running Socks,Apparel,Accessories,6.1,16.989999771118164
FC-East,SKU-APPR-004,2025-01-20,20,70.05,Holt_Winters,22.19,26.56,113.54,Seamless Moisture-Wicking Merino Wool Running Socks,Apparel,Accessories,6.1,16.989999771118164
FC-East,SKU-APPR-004,2025-01-21,21,70.91,Holt_Winters,22.4,27.01,114.81,Seamless Moisture-Wicking Merino Wool Running Socks,Apparel,Accessories,6.1,16.989999771118164
FC-East,SKU-APPR-004,2025-01-22,22,73.8,Holt_Winters,22.61,29.48,118.12,Seamless Moisture-Wicking Merino Wool Running Socks,Apparel,Accessories,6.1,16.989999771118164
FC-East,SKU-APPR-004,2025-01-23,23,74.51,Holt_Winters,22.82,29.78,119.24,Seamless Moisture-Wicking Merino Wool Running Socks,Apparel,Accessories,6.1,16.989999771118164
FC-East,SKU-APPR-004,2025-01-24,24,88.41,Holt_Winters,23.02,43.29,133.53,Seamless Moisture-Wicking Merino Wool Running Socks,Apparel,Accessories,6.1,16.989999771118164
FC-East,SKU-APPR-004,2025-01-25,25,93.99,Holt_Winters,23.23,48.46,139.52,Seamless Moisture-Wicking Merino Wool Running Socks,Apparel,Accessories,6.1,16.989999771118164
FC-East,SKU-APPR-004,2025-01-26,26,87.32,Holt_Winters,23.43,41.4,133.24,Seamless Moisture-Wicking Merino Wool Running Socks,Apparel,Accessories,6.1,16.989999771118164
FC-East,SKU-APPR-004,2025-01-27,27,70.3,Holt_Winters,23.63,23.99,116.61,Seamless Moisture-Wicking Merino Wool Running Socks,Apparel,Accessories,6.1,16.989999771118164
FC-East,SKU-APPR-004,2025-01-28,28,71.16,Holt_Winters,23.83,24.45,117.87,Seamless Moisture-Wicking Merino Wool Running Socks,Apparel,Accessories,6.1,16.989999771118164
FC-East,SKU-APPR-005,2025-01-01,1,43.91,Holt_Winters,17.71,9.2,78.62,Water-Resistant Commuter Backpack with Laptop Sleeve,Apparel,Bags,28.5,69.98999786376953
FC-East,SKU-APPR-005,2025-01-02,2,41.9,Holt_Winters,17.97,6.68,77.12,Water-Resistant Commuter Backpack with Laptop Sleeve,Apparel,Bags,28.5,69.98999786376953
FC-East,SKU-APPR-005,2025-01-03,3,48.8,Holt_Winters,18.23,13.07,84.53,Water-Resistant Commuter Backpack with Laptop Sleeve,Apparel,Bags,28.5,69.98999786376953
FC-East,SKU-APPR-005,2025-01-04,4,52.58,Holt_Winters,18.49,16.34,88.82,Water-Resistant Commuter Backpack with Laptop Sleeve,Apparel,Bags,28.5,69.98999786376953
FC-East,SKU-APPR-005,2025-01-05,5,50.42,Holt_Winters,18.74,13.69,87.15,Water-Resistant Commuter Backpack with Laptop Sleeve,Apparel,Bags,28.5,69.98999786376953
FC-East,SKU-APPR-005,2025-01-06,6,39.17,Holt_Winters,18.99,1.95,76.39,Water-Resistant Commuter Backpack with Laptop Sleeve,Apparel,Bags,28.5,69.98999786376953
FC-East,SKU-APPR-005,2025-01-07,7,39.33,Holt_Winters,19.24,1.62,77.04,Water-Resistant Commuter Backpack with Laptop Sleeve,Apparel,Bags,28.5,69.98999786376953
FC-East,SKU-APPR-005,2025-01-08,8,43.98,Holt_Winters,19.48,5.8,82.16,Water-Resistant Commuter Backpack with Laptop Sleeve,Apparel,Bags,28.5,69.98999786376953
FC-East,SKU-APPR-005,2025-01-09,9,41.96,Holt_Winters,19.72,3.31,80.61,Water-Resistant Commuter Backpack with Laptop Sleeve,Apparel,Bags,28.5,69.98999786376953
FC-East,SKU-APPR-005,2025-01-10,10,48.86,Holt_Winters,19.96,9.74,87.98,Water-Resistant Commuter Backpack with Laptop Sleeve,Apparel,Bags,28.5,69.98999786376953
FC-East,SKU-APPR-005,2025-01-11,11,52.64,Holt_Winters,20.19,13.07,92.21,Water-Resistant Commuter Backpack with Laptop Sleeve,Apparel,Bags,28.5,69.98999786376953
FC-East,SKU-APPR-005,2025-01-12,12,50.48,Holt_Winters,20.42,10.46,90.5,Water-Resistant Commuter Backpack with Laptop Sleeve,Apparel,Bags,28.5,69.98999786376953
FC-East,SKU-APPR-005,2025-01-13,13,39.24,Holt_Winters,20.65,0.0,79.71,Water-Resistant Commuter Backpack with Laptop Sleeve,Apparel,Bags,28.5,69.98999786376953
FC-East,SKU-APPR-005,2025-01-14,14,39.4,Holt_Winters,20.88,0.0,80.32,Water-Resistant Commuter Backpack with Laptop Sleeve,Apparel,Bags,28.5,69.98999786376953
FC-East,SKU-APPR-005,2025-01-15,15,44.04,Holt_Winters,21.1,2.68,85.4,Water-Resistant Commuter Backpack with Laptop Sleeve,Apparel,Bags,28.5,69.98999786376953
FC-East,SKU-APPR-005,2025-01-16,16,42.03,Holt_Winters,21.33,0.22,83.84,Water-Resistant Commuter Backpack with Laptop Sleeve,Apparel,Bags,28.5,69.98999786376953
FC-East,SKU-APPR-005,2025-01-17,17,48.93,Holt_Winters,21.55,6.69,91.17,Water-Resistant Commuter Backpack with Laptop Sleeve,Apparel,Bags,28.5,69.98999786376953
FC-East,SKU-APPR-005,2025-01-18,18,52.71,Holt_Winters,21.76,10.06,95.36,Water-Resistant Commuter Backpack with Laptop Sleeve,Apparel,Bags,28.5,69.98999786376953
FC-East,SKU-APPR-005,2025-01-19,19,50.54,Holt_Winters,21.98,7.46,93.62,Water-Resistant Commuter Backpack with Laptop Sleeve,Apparel,Bags,28.5,69.98999786376953
FC-East,SKU-APPR-005,2025-01-20,20,39.3,Holt_Winters,22.19,0.0,82.79,Water-Resistant Commuter Backpack with Laptop Sleeve,Apparel,Bags,28.5,69.98999786376953
FC-East,SKU-APPR-005,2025-01-21,21,39.46,Holt_Winters,22.4,0.0,83.36,Water-Resistant Commuter Backpack with Laptop Sleeve,Apparel,Bags,28.5,69.98999786376953
FC-East,SKU-APPR-005,2025-01-22,22,44.11,Holt_Winters,22.61,0.0,88.43,Water-Resistant Commuter Backpack with Laptop Sleeve,Apparel,Bags,28.5,69.98999786376953
FC-East,SKU-APPR-005,2025-01-23,23,42.09,Holt_Winters,22.82,0.0,86.82,Water-Resistant Commuter Backpack with Laptop Sleeve,Apparel,Bags,28.5,69.98999786376953
FC-East,SKU-APPR-005,2025-01-24,24,48.99,Holt_Winters,23.02,3.87,94.11,Water-Resistant Commuter Backpack with Laptop Sleeve,Apparel,Bags,28.5,69.98999786376953
FC-East,SKU-APPR-005,2025-01-25,25,52.77,Holt_Winters,23.23,7.24,98.3,Water-Resistant Commuter Backpack with Laptop Sleeve,Apparel,Bags,28.5,69.98999786376953
FC-East,SKU-APPR-005,2025-01-26,26,50.61,Holt_Winters,23.43,4.69,96.53,Water-Resistant Commuter Backpack with Laptop Sleeve,Apparel,Bags,28.5,69.98999786376953
FC-East,SKU-APPR-005,2025-01-27,27,39.37,Holt_Winters,23.63,0.0,85.68,Water-Resistant Commuter Backpack with Laptop Sleeve,Apparel,Bags,28.5,69.98999786376953
FC-East,SKU-APPR-005,2025-01-28,28,39.53,Holt_Winters,23.83,0.0,86.24,Water-Resistant Commuter Backpack with Laptop Sleeve,Apparel,Bags,28.5,69.98999786376953
FC-East,SKU-APPR-006,2025-01-01,1,24.84,Holt_Winters,17.71,0.0,59.55,Lightweight UV Sun Protection Fishing Hoodie,Apparel,Outdoor,16.5,42.9900016784668
FC-East,SKU-APPR-006,2025-01-02,2,27.03,Holt_Winters,17.97,0.0,62.25,Lightweight UV Sun Protection Fishing Hoodie,Apparel,Outdoor,16.5,42.9900016784668
FC-East,SKU-APPR-006,2025-01-03,3,33.65,Holt_Winters,18.23,0.0,69.38,Lightweight UV Sun Protection Fishing Hoodie,Apparel,Outdoor,16.5,42.9900016784668
FC-East,SKU-APPR-006,2025-01-04,4,39.78,Holt_Winters,18.49,3.54,76.02,Lightweight UV Sun Protection Fishing Hoodie,Apparel,Outdoor,16.5,42.9900016784668
FC-East,SKU-APPR-006,2025-01-05,5,29.39,Holt_Winters,18.74,0.0,66.12,Lightweight UV Sun Protection Fishing Hoodie,Apparel,Outdoor,16.5,42.9900016784668
FC-East,SKU-APPR-006,2025-01-06,6,23.87,Holt_Winters,18.99,0.0,61.09,Lightweight UV Sun Protection Fishing Hoodie,Apparel,Outdoor,16.5,42.9900016784668
FC-East,SKU-APPR-006,2025-01-07,7,24.59,Holt_Winters,19.24,0.0,62.3,Lightweight UV Sun Protection Fishing Hoodie,Apparel,Outdoor,16.5,42.9900016784668
FC-East,SKU-APPR-006,2025-01-08,8,24.62,Holt_Winters,19.48,0.0,62.8,Lightweight UV Sun Protection Fishing Hoodie,Apparel,Outdoor,16.5,42.9900016784668
FC-East,SKU-APPR-006,2025-01-09,9,26.8,Holt_Winters,19.72,0.0,65.45,Lightweight UV Sun Protection Fishing Hoodie,Apparel,Outdoor,16.5,42.9900016784668
FC-East,SKU-APPR-006,2025-01-10,10,33.42,Holt_Winters,19.96,0.0,72.54,Lightweight UV Sun Protection Fishing Hoodie,Apparel,Outdoor,16.5,42.9900016784668
FC-East,SKU-APPR-006,2025-01-11,11,39.56,Holt_Winters,20.19,0.0,79.13,Lightweight UV Sun Protection Fishing Hoodie,Apparel,Outdoor,16.5,42.9900016784668
FC-East,SKU-APPR-006,2025-01-12,12,29.16,Holt_Winters,20.42,0.0,69.18,Lightweight UV Sun Protection Fishing Hoodie,Apparel,Outdoor,16.5,42.9900016784668
FC-East,SKU-APPR-006,2025-01-13,13,23.64,Holt_Winters,20.65,0.0,64.11,Lightweight UV Sun Protection Fishing Hoodie,Apparel,Outdoor,16.5,42.9900016784668
FC-East,SKU-APPR-006,2025-01-14,14,24.37,Holt_Winters,20.88,0.0,65.29,Lightweight UV Sun Protection Fishing Hoodie,Apparel,Outdoor,16.5,42.9900016784668
FC-East,SKU-APPR-006,2025-01-15,15,24.39,Holt_Winters,21.1,0.0,65.75,Lightweight UV Sun Protection Fishing Hoodie,Apparel,Outdoor,16.5,42.9900016784668
FC-East,SKU-APPR-006,2025-01-16,16,26.58,Holt_Winters,21.33,0.0,68.39,Lightweight UV Sun Protection Fishing Hoodie,Apparel,Outdoor,16.5,42.9900016784668
FC-East,SKU-APPR-006,2025-01-17,17,33.2,Holt_Winters,21.55,0.0,75.44,Lightweight UV Sun Protection Fishing Hoodie,Apparel,Outdoor,16.5,42.9900016784668
FC-East,SKU-APPR-006,2025-01-18,18,39.33,Holt_Winters,21.76,0.0,81.98,Lightweight UV Sun Protection Fishing Hoodie,Apparel,Outdoor,16.5,42.9900016784668
FC-East,SKU-APPR-006,2025-01-19,19,28.94,Holt_Winters,21.98,0.0,72.02,Lightweight UV Sun Protection Fishing Hoodie,Apparel,Outdoor,16.5,42.9900016784668
FC-East,SKU-APPR-006,2025-01-20,20,23.42,Holt_Winters,22.19,0.0,66.91,Lightweight UV Sun Protection Fishing Hoodie,Apparel,Outdoor,16.5,42.9900016784668
FC-East,SKU-APPR-006,2025-01-21,21,24.14,Holt_Winters,22.4,0.0,68.04,Lightweight UV Sun Protection Fishing Hoodie,Apparel,Outdoor,16.5,42.9900016784668
FC-East,SKU-APPR-006,2025-01-22,22,24.17,Holt_Winters,22.61,0.0,68.49,Lightweight UV Sun Protection Fishing Hoodie,Apparel,Outdoor,16.5,42.9900016784668
FC-East,SKU-APPR-006,2025-01-23,23,26.36,Holt_Winters,22.82,0.0,71.09,Lightweight UV Sun Protection Fishing Hoodie,Apparel,Outdoor,16.5,42.9900016784668
FC-East,SKU-APPR-006,2025-01-24,24,32.98,Holt_Winters,23.02,0.0,78.1,Lightweight UV Sun Protection Fishing Hoodie,Apparel,Outdoor,16.5,42.9900016784668
FC-East,SKU-APPR-006,2025-01-25,25,39.11,Holt_Winters,23.23,0.0,84.64,Lightweight UV Sun Protection Fishing Hoodie,Apparel,Outdoor,16.5,42.9900016784668
FC-East,SKU-APPR-006,2025-01-26,26,28.71,Holt_Winters,23.43,0.0,74.63,Lightweight UV Sun Protection Fishing Hoodie,Apparel,Outdoor,16.5,42.9900016784668
FC-East,SKU-APPR-006,2025-01-27,27,23.19,Holt_Winters,23.63,0.0,69.5,Lightweight UV Sun Protection Fishing Hoodie,Apparel,Outdoor,16.5,42.9900016784668
FC-East,SKU-APPR-006,2025-01-28,28,23.92,Holt_Winters,23.83,0.0,70.63,Lightweight UV Sun Protection Fishing Hoodie,Apparel,Outdoor,16.5,42.9900016784668
FC-East,SKU-APPR-007,2025-01-01,1,9.97,Holt_Winters,17.71,0.0,44.68,Vintage Low-Rise Bootcut Denim Jeans,Apparel,Denim,23.0,54.9900016784668
FC-East,SKU-APPR-007,2025-01-02,2,9.22,Holt_Winters,17.97,0.0,44.44,Vintage Low-Rise Bootcut Denim Jeans,Apparel,Denim,23.0,54.9900016784668
FC-East,SKU-APPR-007,2025-01-03,3,12.39,Holt_Winters,18.23,0.0,48.12,Vintage Low-Rise Bootcut Denim Jeans,Apparel,Denim,23.0,54.9900016784668
FC-East,SKU-APPR-007,2025-01-04,4,14.02,Holt_Winters,18.49,0.0,50.26,Vintage Low-Rise Bootcut Denim Jeans,Apparel,Denim,23.0,54.9900016784668
FC-East,SKU-APPR-007,2025-01-05,5,11.29,Holt_Winters,18.74,0.0,48.02,Vintage Low-Rise Bootcut Denim Jeans,Apparel,Denim,23.0,54.9900016784668
FC-East,SKU-APPR-007,2025-01-06,6,8.59,Holt_Winters,18.99,0.0,45.81,Vintage Low-Rise Bootcut Denim Jeans,Apparel,Denim,23.0,54.9900016784668
FC-East,SKU-APPR-007,2025-01-07,7,9.1,Holt_Winters,19.24,0.0,46.81,Vintage Low-Rise Bootcut Denim Jeans,Apparel,Denim,23.0,54.9900016784668
FC-East,SKU-APPR-007,2025-01-08,8,9.92,Holt_Winters,19.48,0.0,48.1,Vintage Low-Rise Bootcut Denim Jeans,Apparel,Denim,23.0,54.9900016784668
FC-East,SKU-APPR-007,2025-01-09,9,9.18,Holt_Winters,19.72,0.0,47.83,Vintage Low-Rise Bootcut Denim Jeans,Apparel,Denim,23.0,54.9900016784668
FC-East,SKU-APPR-007,2025-01-10,10,12.34,Holt_Winters,19.96,0.0,51.46,Vintage Low-Rise Bootcut Denim Jeans,Apparel,Denim,23.0,54.9900016784668
FC-East,SKU-APPR-007,2025-01-11,11,13.98,Holt_Winters,20.19,0.0,53.55,Vintage Low-Rise Bootcut Denim Jeans,Apparel,Denim,23.0,54.9900016784668
FC-East,SKU-APPR-007,2025-01-12,12,11.25,Holt_Winters,20.42,0.0,51.27,Vintage Low-Rise Bootcut Denim Jeans,Apparel,Denim,23.0,54.9900016784668
FC-East,SKU-APPR-007,2025-01-13,13,8.54,Holt_Winters,20.65,0.0,49.01,Vintage Low-Rise Bootcut Denim Jeans,Apparel,Denim,23.0,54.9900016784668
FC-East,SKU-APPR-007,2025-01-14,14,9.06,Holt_Winters,20.88,0.0,49.98,Vintage Low-Rise Bootcut Denim Jeans,Apparel,Denim,23.0,54.9900016784668
FC-East,SKU-APPR-007,2025-01-15,15,9.88,Holt_Winters,21.1,0.0,51.24,Vintage Low-Rise Bootcut Denim Jeans,Apparel,Denim,23.0,54.9900016784668
FC-East,SKU-APPR-007,2025-01-16,16,9.13,Holt_Winters,21.33,0.0,50.94,Vintage Low-Rise Bootcut Denim Jeans,Apparel,Denim,23.0,54.9900016784668
FC-East,SKU-APPR-007,2025-01-17,17,12.3,Holt_Winters,21.55,0.0,54.54,Vintage Low-Rise Bootcut Denim Jeans,Apparel,Denim,23.0,54.9900016784668
FC-East,SKU-APPR-007,2025-01-18,18,13.93,Holt_Winters,21.76,0.0,56.58,Vintage Low-Rise Bootcut Denim Jeans,Apparel,Denim,23.0,54.9900016784668
FC-East,SKU-APPR-007,2025-01-19,19,11.2,Holt_Winters,21.98,0.0,54.28,Vintage Low-Rise Bootcut Denim Jeans,Apparel,Denim,23.0,54.9900016784668
FC-East,SKU-APPR-007,2025-01-20,20,8.5,Holt_Winters,22.19,0.0,51.99,Vintage Low-Rise Bootcut Denim Jeans,Apparel,Denim,23.0,54.9900016784668
FC-East,SKU-APPR-007,2025-01-21,21,9.01,Holt_Winters,22.4,0.0,52.91,Vintage Low-Rise Bootcut Denim Jeans,Apparel,Denim,23.0,54.9900016784668
FC-East,SKU-APPR-007,2025-01-22,22,9.83,Holt_Winters,22.61,0.0,54.15,Vintage Low-Rise Bootcut Denim Jeans,Apparel,Denim,23.0,54.9900016784668
FC-East,SKU-APPR-007,2025-01-23,23,9.09,Holt_Winters,22.82,0.0,53.82,Vintage Low-Rise Bootcut Denim Jeans,Apparel,Denim,23.0,54.9900016784668
FC-East,SKU-APPR-007,2025-01-24,24,12.25,Holt_Winters,23.02,0.0,57.37,Vintage Low-Rise Bootcut Denim Jeans,Apparel,Denim,23.0,54.9900016784668
FC-East,SKU-APPR-007,2025-01-25,25,13.89,Holt_Winters,23.23,0.0,59.42,Vintage Low-Rise Bootcut Denim Jeans,Apparel,Denim,23.0,54.9900016784668
FC-East,SKU-APPR-007,2025-01-26,26,11.16,Holt_Winters,23.43,0.0,57.08,Vintage Low-Rise Bootcut Denim Jeans,Apparel,Denim,23.0,54.9900016784668
FC-East,SKU-APPR-007,2025-01-27,27,8.45,Holt_Winters,23.63,0.0,54.76,Vintage Low-Rise Bootcut Denim Jeans,Apparel,Denim,23.0,54.9900016784668
FC-East,SKU-APPR-007,2025-01-28,28,8.97,Holt_Winters,23.83,0.0,55.68,Vintage Low-Rise Bootcut Denim Jeans,Apparel,Denim,23.0,54.9900016784668
FC-East,SKU-APPR-008,2025-01-01,1,81.82,Holt_Winters,17.71,47.11,116.53,Fleece-Lined Thermal Baselayer Leggings,Apparel,Base Layer,13.8,34.9900016784668
FC-East,SKU-APPR-008,2025-01-02,2,82.0,Holt_Winters,17.97,46.78,117.22,Fleece-Lined Thermal Baselayer Leggings,Apparel,Base Layer,13.8,34.9900016784668
FC-East,SKU-APPR-008,2025-01-03,3,86.3,Holt_Winters,18.23,50.57,122.03,Fleece-Lined Thermal Baselayer Leggings,Apparel,Base Layer,13.8,34.9900016784668
FC-East,SKU-APPR-008,2025-01-04,4,94.27,Holt_Winters,18.49,58.03,130.51,Fleece-Lined Thermal Baselayer Leggings,Apparel,Base Layer,13.8,34.9900016784668
FC-East,SKU-APPR-008,2025-01-05,5,98.88,Holt_Winters,18.74,62.15,135.61,Fleece-Lined Thermal Baselayer Leggings,Apparel,Base Layer,13.8,34.9900016784668
FC-East,SKU-APPR-008,2025-01-06,6,79.81,Holt_Winters,18.99,42.59,117.03,Fleece-Lined Thermal Baselayer Leggings,Apparel,Base Layer,13.8,34.9900016784668
FC-East,SKU-APPR-008,2025-01-07,7,76.31,Holt_Winters,19.24,38.6,114.02,Fleece-Lined Thermal Baselayer Leggings,Apparel,Base Layer,13.8,34.9900016784668
FC-East,SKU-APPR-008,2025-01-08,8,84.7,Holt_Winters,19.48,46.52,122.88,Fleece-Lined Thermal Baselayer Leggings,Apparel,Base Layer,13.8,34.9900016784668
FC-East,SKU-APPR-008,2025-01-09,9,84.88,Holt_Winters,19.72,46.23,123.53,Fleece-Lined Thermal Baselayer Leggings,Apparel,Base Layer,13.8,34.9900016784668
FC-East,SKU-APPR-008,2025-01-10,10,89.18,Holt_Winters,19.96,50.06,128.3,Fleece-Lined Thermal Baselayer Leggings,Apparel,Base Layer,13.8,34.9900016784668
FC-East,SKU-APPR-008,2025-01-11,11,97.15,Holt_Winters,20.19,57.58,136.72,Fleece-Lined Thermal Baselayer Leggings,Apparel,Base Layer,13.8,34.9900016784668
FC-East,SKU-APPR-008,2025-01-12,12,101.77,Holt_Winters,20.42,61.75,141.79,Fleece-Lined Thermal Baselayer Leggings,Apparel,Base Layer,13.8,34.9900016784668
FC-East,SKU-APPR-008,2025-01-13,13,82.69,Holt_Winters,20.65,42.22,123.16,Fleece-Lined Thermal Baselayer Leggings,Apparel,Base Layer,13.8,34.9900016784668
FC-East,SKU-APPR-008,2025-01-14,14,79.19,Holt_Winters,20.88,38.27,120.11,Fleece-Lined Thermal Baselayer Leggings,Apparel,Base Layer,13.8,34.9900016784668
FC-East,SKU-APPR-008,2025-01-15,15,87.58,Holt_Winters,21.1,46.22,128.94,Fleece-Lined Thermal Baselayer Leggings,Apparel,Base Layer,13.8,34.9900016784668
FC-East,SKU-APPR-008,2025-01-16,16,87.76,Holt_Winters,21.33,45.95,129.57,Fleece-Lined Thermal Baselayer Leggings,Apparel,Base Layer,13.8,34.9900016784668
FC-East,SKU-APPR-008,2025-01-17,17,92.06,Holt_Winters,21.55,49.82,134.3,Fleece-Lined Thermal Baselayer Leggings,Apparel,Base Layer,13.8,34.9900016784668
FC-East,SKU-APPR-008,2025-01-18,18,100.03,Holt_Winters,21.76,57.38,142.68,Fleece-Lined Thermal Baselayer Leggings,Apparel,Base Layer,13.8,34.9900016784668
FC-East,SKU-APPR-008,2025-01-19,19,104.65,Holt_Winters,21.98,61.57,147.73,Fleece-Lined Thermal Baselayer Leggings,Apparel,Base Layer,13.8,34.9900016784668
FC-East,SKU-APPR-008,2025-01-20,20,85.57,Holt_Winters,22.19,42.08,129.06,Fleece-Lined Thermal Baselayer Leggings,Apparel,Base Layer,13.8,34.9900016784668
FC-East,SKU-APPR-008,2025-01-21,21,82.07,Holt_Winters,22.4,38.17,125.97,Fleece-Lined Thermal Baselayer Leggings,Apparel,Base Layer,13.8,34.9900016784668
FC-East,SKU-APPR-008,2025-01-22,22,90.46,Holt_Winters,22.61,46.14,134.78,Fleece-Lined Thermal Baselayer Leggings,Apparel,Base Layer,13.8,34.9900016784668
FC-East,SKU-APPR-008,2025-01-23,23,90.64,Holt_Winters,22.82,45.91,135.37,Fleece-Lined Thermal Baselayer Leggings,Apparel,Base Layer,13.8,34.9900016784668
FC-East,SKU-APPR-008,2025-01-24,24,94.94,Holt_Winters,23.02,49.82,140.06,Fleece-Lined Thermal Baselayer Leggings,Apparel,Base Layer,13.8,34.9900016784668
FC-East,SKU-APPR-008,2025-01-25,25,102.91,Holt_Winters,23.23,57.38,148.44,Fleece-Lined Thermal Baselayer Leggings,Apparel,Base Layer,13.8,34.9900016784668
FC-East,SKU-APPR-008,2025-01-26,26,107.53,Holt_Winters,23.43,61.61,153.45,Fleece-Lined Thermal Baselayer Leggings,Apparel,Base Layer,13.8,34.9900016784668
FC-East,SKU-APPR-008,2025-01-27,27,88.45,Holt_Winters,23.63,42.14,134.76,Fleece-Lined Thermal Baselayer Leggings,Apparel,Base Layer,13.8,34.9900016784668
FC-East,SKU-APPR-008,2025-01-28,28,84.95,Holt_Winters,23.83,38.24,131.66,Fleece-Lined Thermal Baselayer Leggings,Apparel,Base Layer,13.8,34.9900016784668
FC-East,SKU-APPR-009,2025-01-01,1,2.52,Holt_Winters,17.71,0.0,37.23,Custom Embroidered Alpine Ski Racing Bib,Apparel,Specialty Sport,48.0,120.0
FC-East,SKU-APPR-009,2025-01-02,2,2.92,Holt_Winters,17.97,0.0,38.14,Custom Embroidered Alpine Ski Racing Bib,Apparel,Specialty Sport,48.0,120.0
FC-East,SKU-APPR-009,2025-01-03,3,2.04,Holt_Winters,18.23,0.0,37.77,Custom Embroidered Alpine Ski Racing Bib,Apparel,Specialty Sport,48.0,120.0
FC-East,SKU-APPR-009,2025-01-04,4,2.94,Holt_Winters,18.49,0.0,39.18,Custom Embroidered Alpine Ski Racing Bib,Apparel,Specialty Sport,48.0,120.0
FC-East,SKU-APPR-009,2025-01-05,5,2.15,Holt_Winters,18.74,0.0,38.88,Custom Embroidered Alpine Ski Racing Bib,Apparel,Specialty Sport,48.0,120.0
FC-East,SKU-APPR-009,2025-01-06,6,2.94,Holt_Winters,18.99,0.0,40.16,Custom Embroidered Alpine Ski Racing Bib,Apparel,Specialty Sport,48.0,120.0
FC-East,SKU-APPR-009,2025-01-07,7,2.26,Holt_Winters,19.24,0.0,39.97,Custom Embroidered Alpine Ski Racing Bib,Apparel,Specialty Sport,48.0,120.0
FC-East,SKU-APPR-009,2025-01-08,8,2.52,Holt_Winters,19.48,0.0,40.7,Custom Embroidered Alpine Ski Racing Bib,Apparel,Specialty Sport,48.0,120.0
FC-East,SKU-APPR-009,2025-01-09,9,2.92,Holt_Winters,19.72,0.0,41.57,Custom Embroidered Alpine Ski Racing Bib,Apparel,Specialty Sport,48.0,120.0
FC-East,SKU-APPR-009,2025-01-10,10,2.04,Holt_Winters,19.96,0.0,41.16,Custom Embroidered Alpine Ski Racing Bib,Apparel,Specialty Sport,48.0,120.0
FC-East,SKU-APPR-009,2025-01-11,11,2.94,Holt_Winters,20.19,0.0,42.51,Custom Embroidered Alpine Ski Racing Bib,Apparel,Specialty Sport,48.0,120.0
FC-East,SKU-APPR-009,2025-01-12,12,2.15,Holt_Winters,20.42,0.0,42.17,Custom Embroidered Alpine Ski Racing Bib,Apparel,Specialty Sport,48.0,120.0
FC-East,SKU-APPR-009,2025-01-13,13,2.94,Holt_Winters,20.65,0.0,43.41,Custom Embroidered Alpine Ski Racing Bib,Apparel,Specialty Sport,48.0,120.0
FC-East,SKU-APPR-009,2025-01-14,14,2.26,Holt_Winters,20.88,0.0,43.18,Custom Embroidered Alpine Ski Racing Bib,Apparel,Specialty Sport,48.0,120.0
FC-East,SKU-APPR-009,2025-01-15,15,2.52,Holt_Winters,21.1,0.0,43.88,Custom Embroidered Alpine Ski Racing Bib,Apparel,Specialty Sport,48.0,120.0
FC-East,SKU-APPR-009,2025-01-16,16,2.92,Holt_Winters,21.33,0.0,44.73,Custom Embroidered Alpine Ski Racing Bib,Apparel,Specialty Sport,48.0,120.0
FC-East,SKU-APPR-009,2025-01-17,17,2.05,Holt_Winters,21.55,0.0,44.29,Custom Embroidered Alpine Ski Racing Bib,Apparel,Specialty Sport,48.0,120.0
FC-East,SKU-APPR-009,2025-01-18,18,2.94,Holt_Winters,21.76,0.0,45.59,Custom Embroidered Alpine Ski Racing Bib,Apparel,Specialty Sport,48.0,120.0
FC-East,SKU-APPR-009,2025-01-19,19,2.15,Holt_Winters,21.98,0.0,45.23,Custom Embroidered Alpine Ski Racing Bib,Apparel,Specialty Sport,48.0,120.0
FC-East,SKU-APPR-009,2025-01-20,20,2.94,Holt_Winters,22.19,0.0,46.43,Custom Embroidered Alpine Ski Racing Bib,Apparel,Specialty Sport,48.0,120.0
FC-East,SKU-APPR-009,2025-01-21,21,2.27,Holt_Winters,22.4,0.0,46.17,Custom Embroidered Alpine Ski Racing Bib,Apparel,Specialty Sport,48.0,120.0
FC-East,SKU-APPR-009,2025-01-22,22,2.52,Holt_Winters,22.61,0.0,46.84,Custom Embroidered Alpine Ski Racing Bib,Apparel,Specialty Sport,48.0,120.0
FC-East,SKU-APPR-009,2025-01-23,23,2.92,Holt_Winters,22.82,0.0,47.65,Custom Embroidered Alpine Ski Racing Bib,Apparel,Specialty Sport,48.0,120.0
FC-East,SKU-APPR-009,2025-01-24,24,2.05,Holt_Winters,23.02,0.0,47.17,Custom Embroidered Alpine Ski Racing Bib,Apparel,Specialty Sport,48.0,120.0
FC-East,SKU-APPR-009,2025-01-25,25,2.94,Holt_Winters,23.23,0.0,48.47,Custom Embroidered Alpine Ski Racing Bib,Apparel,Specialty Sport,48.0,120.0
FC-East,SKU-APPR-009,2025-01-26,26,2.15,Holt_Winters,23.43,0.0,48.07,Custom Embroidered Alpine Ski Racing Bib,Apparel,Specialty Sport,48.0,120.0
FC-East,SKU-APPR-009,2025-01-27,27,2.94,Holt_Winters,23.63,0.0,49.25,Custom Embroidered Alpine Ski Racing Bib,Apparel,Specialty Sport,48.0,120.0
FC-East,SKU-APPR-009,2025-01-28,28,2.27,Holt_Winters,23.83,0.0,48.98,Custom Embroidered Alpine Ski Racing Bib,Apparel,Specialty Sport,48.0,120.0
FC-East,SKU-APPR-010,2025-01-01,1,5.54,Holt_Winters,17.71,0.0,40.25,Full-Grain Italian Leather Travel Duffel,Apparel,Luxury Bags,135.0,289.989990234375
FC-East,SKU-APPR-010,2025-01-02,2,5.91,Holt_Winters,17.97,0.0,41.13,Full-Grain Italian Leather Travel Duffel,Apparel,Luxury Bags,135.0,289.989990234375
FC-East,SKU-APPR-010,2025-01-03,3,8.11,Holt_Winters,18.23,0.0,43.84,Full-Grain Italian Leather Travel Duffel,Apparel,Luxury Bags,135.0,289.989990234375
FC-East,SKU-APPR-010,2025-01-04,4,8.79,Holt_Winters,18.49,0.0,45.03,Full-Grain Italian Leather Travel Duffel,Apparel,Luxury Bags,135.0,289.989990234375
FC-East,SKU-APPR-010,2025-01-05,5,7.43,Holt_Winters,18.74,0.0,44.16,Full-Grain Italian Leather Travel Duffel,Apparel,Luxury Bags,135.0,289.989990234375
FC-East,SKU-APPR-010,2025-01-06,6,5.41,Holt_Winters,18.99,0.0,42.63,Full-Grain Italian Leather Travel Duffel,Apparel,Luxury Bags,135.0,289.989990234375
FC-East,SKU-APPR-010,2025-01-07,7,5.62,Holt_Winters,19.24,0.0,43.33,Full-Grain Italian Leather Travel Duffel,Apparel,Luxury Bags,135.0,289.989990234375
FC-East,SKU-APPR-010,2025-01-08,8,5.54,Holt_Winters,19.48,0.0,43.72,Full-Grain Italian Leather Travel Duffel,Apparel,Luxury Bags,135.0,289.989990234375
FC-East,SKU-APPR-010,2025-01-09,9,5.91,Holt_Winters,19.72,0.0,44.56,Full-Grain Italian Leather Travel Duffel,Apparel,Luxury Bags,135.0,289.989990234375
FC-East,SKU-APPR-010,2025-01-10,10,8.11,Holt_Winters,19.96,0.0,47.23,Full-Grain Italian Leather Travel Duffel,Apparel,Luxury Bags,135.0,289.989990234375
FC-East,SKU-APPR-010,2025-01-11,11,8.79,Holt_Winters,20.19,0.0,48.36,Full-Grain Italian Leather Travel Duffel,Apparel,Luxury Bags,135.0,289.989990234375
FC-East,SKU-APPR-010,2025-01-12,12,7.43,Holt_Winters,20.42,0.0,47.45,Full-Grain Italian Leather Travel Duffel,Apparel,Luxury Bags,135.0,289.989990234375
FC-East,SKU-APPR-010,2025-01-13,13,5.41,Holt_Winters,20.65,0.0,45.88,Full-Grain Italian Leather Travel Duffel,Apparel,Luxury Bags,135.0,289.989990234375
FC-East,SKU-APPR-010,2025-01-14,14,5.62,Holt_Winters,20.88,0.0,46.54,Full-Grain Italian Leather Travel Duffel,Apparel,Luxury Bags,135.0,289.989990234375
FC-East,SKU-APPR-010,2025-01-15,15,5.54,Holt_Winters,21.1,0.0,46.9,Full-Grain Italian Leather Travel Duffel,Apparel,Luxury Bags,135.0,289.989990234375
FC-East,SKU-APPR-010,2025-01-16,16,5.91,Holt_Winters,21.33,0.0,47.72,Full-Grain Italian Leather Travel Duffel,Apparel,Luxury Bags,135.0,289.989990234375
FC-East,SKU-APPR-010,2025-01-17,17,8.11,Holt_Winters,21.55,0.0,50.35,Full-Grain Italian Leather Travel Duffel,Apparel,Luxury Bags,135.0,289.989990234375
FC-East,SKU-APPR-010,2025-01-18,18,8.79,Holt_Winters,21.76,0.0,51.44,Full-Grain Italian Leather Travel Duffel,Apparel,Luxury Bags,135.0,289.989990234375
FC-East,SKU-APPR-010,2025-01-19,19,7.42,Holt_Winters,21.98,0.0,50.5,Full-Grain Italian Leather Travel Duffel,Apparel,Luxury Bags,135.0,289.989990234375
FC-East,SKU-APPR-010,2025-01-20,20,5.41,Holt_Winters,22.19,0.0,48.9,Full-Grain Italian Leather Travel Duffel,Apparel,Luxury Bags,135.0,289.989990234375
FC-East,SKU-APPR-010,2025-01-21,21,5.61,Holt_Winters,22.4,0.0,49.51,Full-Grain Italian Leather Travel Duffel,Apparel,Luxury Bags,135.0,289.989990234375
FC-East,SKU-APPR-010,2025-01-22,22,5.53,Holt_Winters,22.61,0.0,49.85,Full-Grain Italian Leather Travel Duffel,Apparel,Luxury Bags,135.0,289.989990234375
FC-East,SKU-APPR-010,2025-01-23,23,5.91,Holt_Winters,22.82,0.0,50.64,Full-Grain Italian Leather Travel Duffel,Apparel,Luxury Bags,135.0,289.989990234375
FC-East,SKU-APPR-010,2025-01-24,24,8.11,Holt_Winters,23.02,0.0,53.23,Full-Grain Italian Leather Travel Duffel,Apparel,Luxury Bags,135.0,289.989990234375
FC-East,SKU-APPR-010,2025-01-25,25,8.78,Holt_Winters,23.23,0.0,54.31,Full-Grain Italian Leather Travel Duffel,Apparel,Luxury Bags,135.0,289.989990234375
FC-East,SKU-APPR-010,2025-01-26,26,7.42,Holt_Winters,23.43,0.0,53.34,Full-Grain Italian Leather Travel Duffel,Apparel,Luxury Bags,135.0,289.989990234375
FC-East,SKU-APPR-010,2025-01-27,27,5.4,Holt_Winters,23.63,0.0,51.71,Full-Grain Italian Leather Travel Duffel,Apparel,Luxury Bags,135.0,289.989990234375
FC-East,SKU-APPR-010,2025-01-28,28,5.61,Holt_Winters,23.83,0.0,52.32,Full-Grain Italian Leather Travel Duffel,Apparel,Luxury Bags,135.0,289.989990234375
FC-East,SKU-ELEC-001,2025-01-01,1,40.39,Holt_Winters,17.71,5.68,75.1,Pro Wireless Noise-Canceling Earbuds,Electronics,Audio,58.5,129.99000549316406
FC-East,SKU-ELEC-001,2025-01-02,2,41.44,Holt_Winters,17.97,6.22,76.66,Pro Wireless Noise-Canceling Earbuds,Electronics,Audio,58.5,129.99000549316406
FC-East,SKU-ELEC-001,2025-01-03,3,42.87,Holt_Winters,18.23,7.14,78.6,Pro Wireless Noise-Canceling Earbuds,Electronics,Audio,58.5,129.99000549316406
FC-East,SKU-ELEC-001,2025-01-04,4,49.68,Holt_Winters,18.49,13.44,85.92,Pro Wireless Noise-Canceling Earbuds,Electronics,Audio,58.5,129.99000549316406
FC-East,SKU-ELEC-001,2025-01-05,5,45.79,Holt_Winters,18.74,9.06,82.52,Pro Wireless Noise-Canceling Earbuds,Electronics,Audio,58.5,129.99000549316406
FC-East,SKU-ELEC-001,2025-01-06,6,38.29,Holt_Winters,18.99,1.07,75.51,Pro Wireless Noise-Canceling Earbuds,Electronics,Audio,58.5,129.99000549316406
FC-East,SKU-ELEC-001,2025-01-07,7,37.27,Holt_Winters,19.24,0.0,74.98,Pro Wireless Noise-Canceling Earbuds,Electronics,Audio,58.5,129.99000549316406
FC-East,SKU-ELEC-001,2025-01-08,8,40.53,Holt_Winters,19.48,2.35,78.71,Pro Wireless Noise-Canceling Earbuds,Electronics,Audio,58.5,129.99000549316406
FC-East,SKU-ELEC-001,2025-01-09,9,41.58,Holt_Winters,19.72,2.93,80.23,Pro Wireless Noise-Canceling Earbuds,Electronics,Audio,58.5,129.99000549316406
FC-East,SKU-ELEC-001,2025-01-10,10,43.01,Holt_Winters,19.96,3.89,82.13,Pro Wireless Noise-Canceling Earbuds,Electronics,Audio,58.5,129.99000549316406
FC-East,SKU-ELEC-001,2025-01-11,11,49.82,Holt_Winters,20.19,10.25,89.39,Pro Wireless Noise-Canceling Earbuds,Electronics,Audio,58.5,129.99000549316406
FC-East,SKU-ELEC-001,2025-01-12,12,45.92,Holt_Winters,20.42,5.9,85.94,Pro Wireless Noise-Canceling Earbuds,Electronics,Audio,58.5,129.99000549316406
FC-East,SKU-ELEC-001,2025-01-13,13,38.43,Holt_Winters,20.65,0.0,78.9,Pro Wireless Noise-Canceling Earbuds,Electronics,Audio,58.5,129.99000549316406
FC-East,SKU-ELEC-001,2025-01-14,14,37.41,Holt_Winters,20.88,0.0,78.33,Pro Wireless Noise-Canceling Earbuds,Electronics,Audio,58.5,129.99000549316406
FC-East,SKU-ELEC-001,2025-01-15,15,40.67,Holt_Winters,21.1,0.0,82.03,Pro Wireless Noise-Canceling Earbuds,Electronics,Audio,58.5,129.99000549316406
FC-East,SKU-ELEC-001,2025-01-16,16,41.72,Holt_Winters,21.33,0.0,83.53,Pro Wireless Noise-Canceling Earbuds,Electronics,Audio,58.5,129.99000549316406
FC-East,SKU-ELEC-001,2025-01-17,17,43.15,Holt_Winters,21.55,0.91,85.39,Pro Wireless Noise-Canceling Earbuds,Electronics,Audio,58.5,129.99000549316406
FC-East,SKU-ELEC-001,2025-01-18,18,49.96,Holt_Winters,21.76,7.31,92.61,Pro Wireless Noise-Canceling Earbuds,Electronics,Audio,58.5,129.99000549316406
FC-East,SKU-ELEC-001,2025-01-19,19,46.06,Holt_Winters,21.98,2.98,89.14,Pro Wireless Noise-Canceling Earbuds,Electronics,Audio,58.5,129.99000549316406
FC-East,SKU-ELEC-001,2025-01-20,20,38.57,Holt_Winters,22.19,0.0,82.06,Pro Wireless Noise-Canceling Earbuds,Electronics,Audio,58.5,129.99000549316406
FC-East,SKU-ELEC-001,2025-01-21,21,37.55,Holt_Winters,22.4,0.0,81.45,Pro Wireless Noise-Canceling Earbuds,Electronics,Audio,58.5,129.99000549316406
FC-East,SKU-ELEC-001,2025-01-22,22,40.81,Holt_Winters,22.61,0.0,85.13,Pro Wireless Noise-Canceling Earbuds,Electronics,Audio,58.5,129.99000549316406
FC-East,SKU-ELEC-001,2025-01-23,23,41.85,Holt_Winters,22.82,0.0,86.58,Pro Wireless Noise-Canceling Earbuds,Electronics,Audio,58.5,129.99000549316406
FC-East,SKU-ELEC-001,2025-01-24,24,43.29,Holt_Winters,23.02,0.0,88.41,Pro Wireless Noise-Canceling Earbuds,Electronics,Audio,58.5,129.99000549316406
FC-East,SKU-ELEC-001,2025-01-25,25,50.09,Holt_Winters,23.23,4.56,95.62,Pro Wireless Noise-Canceling Earbuds,Electronics,Audio,58.5,129.99000549316406
FC-East,SKU-ELEC-001,2025-01-26,26,46.2,Holt_Winters,23.43,0.28,92.12,Pro Wireless Noise-Canceling Earbuds,Electronics,Audio,58.5,129.99000549316406
FC-East,SKU-ELEC-001,2025-01-27,27,38.71,Holt_Winters,23.63,0.0,85.02,Pro Wireless Noise-Canceling Earbuds,Electronics,Audio,58.5,129.99000549316406
FC-East,SKU-ELEC-001,2025-01-28,28,37.69,Holt_Winters,23.83,0.0,84.4,Pro Wireless Noise-Canceling Earbuds,Electronics,Audio,58.5,129.99000549316406
FC-East,SKU-ELEC-002,2025-01-01,1,47.74,Holt_Winters,17.71,13.03,82.45,Ultra-Fast USB-C GaN Charger 65W,Electronics,Accessories,14.2,34.9900016784668
FC-East,SKU-ELEC-002,2025-01-02,2,47.47,Holt_Winters,17.97,12.25,82.69,Ultra-Fast USB-C GaN Charger 65W,Electronics,Accessories,14.2,34.9900016784668
FC-East,SKU-ELEC-002,2025-01-03,3,55.5,Holt_Winters,18.23,19.77,91.23,Ultra-Fast USB-C GaN Charger 65W,Electronics,Accessories,14.2,34.9900016784668
FC-East,SKU-ELEC-002,2025-01-04,4,61.89,Holt_Winters,18.49,25.65,98.13,Ultra-Fast USB-C GaN Charger 65W,Electronics,Accessories,14.2,34.9900016784668
FC-East,SKU-ELEC-002,2025-01-05,5,57.5,Holt_Winters,18.74,20.77,94.23,Ultra-Fast USB-C GaN Charger 65W,Electronics,Accessories,14.2,34.9900016784668
FC-East,SKU-ELEC-002,2025-01-06,6,44.51,Holt_Winters,18.99,7.29,81.73,Ultra-Fast USB-C GaN Charger 65W,Electronics,Accessories,14.2,34.9900016784668
FC-East,SKU-ELEC-002,2025-01-07,7,45.13,Holt_Winters,19.24,7.42,82.84,Ultra-Fast USB-C GaN Charger 65W,Electronics,Accessories,14.2,34.9900016784668
FC-East,SKU-ELEC-002,2025-01-08,8,47.75,Holt_Winters,19.48,9.57,85.93,Ultra-Fast USB-C GaN Charger 65W,Electronics,Accessories,14.2,34.9900016784668
FC-East,SKU-ELEC-002,2025-01-09,9,47.48,Holt_Winters,19.72,8.83,86.13,Ultra-Fast USB-C GaN Charger 65W,Electronics,Accessories,14.2,34.9900016784668
FC-East,SKU-ELEC-002,2025-01-10,10,55.52,Holt_Winters,19.96,16.4,94.64,Ultra-Fast USB-C GaN Charger 65W,Electronics,Accessories,14.2,34.9900016784668
FC-East,SKU-ELEC-002,2025-01-11,11,61.9,Holt_Winters,20.19,22.33,101.47,Ultra-Fast USB-C GaN Charger 65W,Electronics,Accessories,14.2,34.9900016784668
FC-East,SKU-ELEC-002,2025-01-12,12,57.51,Holt_Winters,20.42,17.49,97.53,Ultra-Fast USB-C GaN Charger 65W,Electronics,Accessories,14.2,34.9900016784668
FC-East,SKU-ELEC-002,2025-01-13,13,44.53,Holt_Winters,20.65,4.06,85.0,Ultra-Fast USB-C GaN Charger 65W,Electronics,Accessories,14.2,34.9900016784668
FC-East,SKU-ELEC-002,2025-01-14,14,45.14,Holt_Winters,20.88,4.22,86.06,Ultra-Fast USB-C GaN Charger 65W,Electronics,Accessories,14.2,34.9900016784668
FC-East,SKU-ELEC-002,2025-01-15,15,47.77,Holt_Winters,21.1,6.41,89.13,Ultra-Fast USB-C GaN Charger 65W,Electronics,Accessories,14.2,34.9900016784668
FC-East,SKU-ELEC-002,2025-01-16,16,47.5,Holt_Winters,21.33,5.69,89.31,Ultra-Fast USB-C GaN Charger 65W,Electronics,Accessories,14.2,34.9900016784668
FC-East,SKU-ELEC-002,2025-01-17,17,55.54,Holt_Winters,21.55,13.3,97.78,Ultra-Fast USB-C GaN Charger 65W,Electronics,Accessories,14.2,34.9900016784668
FC-East,SKU-ELEC-002,2025-01-18,18,61.92,Holt_Winters,21.76,19.27,104.57,Ultra-Fast USB-C GaN Charger 65W,Electronics,Accessories,14.2,34.9900016784668
FC-East,SKU-ELEC-002,2025-01-19,19,57.53,Holt_Winters,21.98,14.45,100.61,Ultra-Fast USB-C GaN Charger 65W,Electronics,Accessories,14.2,34.9900016784668
FC-East,SKU-ELEC-002,2025-01-20,20,44.55,Holt_Winters,22.19,1.06,88.04,Ultra-Fast USB-C GaN Charger 65W,Electronics,Accessories,14.2,34.9900016784668
FC-East,SKU-ELEC-002,2025-01-21,21,45.16,Holt_Winters,22.4,1.26,89.06,Ultra-Fast USB-C GaN Charger 65W,Electronics,Accessories,14.2,34.9900016784668
FC-East,SKU-ELEC-002,2025-01-22,22,47.79,Holt_Winters,22.61,3.47,92.11,Ultra-Fast USB-C GaN Charger 65W,Electronics,Accessories,14.2,34.9900016784668
FC-East,SKU-ELEC-002,2025-01-23,23,47.52,Holt_Winters,22.82,2.79,92.25,Ultra-Fast USB-C GaN Charger 65W,Electronics,Accessories,14.2,34.9900016784668
FC-East,SKU-ELEC-002,2025-01-24,24,55.56,Holt_Winters,23.02,10.44,100.68,Ultra-Fast USB-C GaN Charger 65W,Electronics,Accessories,14.2,34.9900016784668
FC-East,SKU-ELEC-002,2025-01-25,25,61.94,Holt_Winters,23.23,16.41,107.47,Ultra-Fast USB-C GaN Charger 65W,Electronics,Accessories,14.2,34.9900016784668
FC-East,SKU-ELEC-002,2025-01-26,26,57.55,Holt_Winters,23.43,11.63,103.47,Ultra-Fast USB-C GaN Charger 65W,Electronics,Accessories,14.2,34.9900016784668
FC-East,SKU-ELEC-002,2025-01-27,27,44.56,Holt_Winters,23.63,0.0,90.87,Ultra-Fast USB-C GaN Charger 65W,Electronics,Accessories,14.2,34.9900016784668
FC-East,SKU-ELEC-002,2025-01-28,28,45.18,Holt_Winters,23.83,0.0,91.89,Ultra-Fast USB-C GaN Charger 65W,Electronics,Accessories,14.2,34.9900016784668
FC-East,SKU-ELEC-003,2025-01-01,1,24.05,Holt_Winters,17.71,0.0,58.76,Smart Home Environmental Sensor Hub,Electronics,Smart Home,36.0,79.98999786376953
FC-East,SKU-ELEC-003,2025-01-02,2,25.0,Holt_Winters,17.97,0.0,60.22,Smart Home Environmental Sensor Hub,Electronics,Smart Home,36.0,79.98999786376953
FC-East,SKU-ELEC-003,2025-01-03,3,27.26,Holt_Winters,18.23,0.0,62.99,Smart Home Environmental Sensor Hub,Electronics,Smart Home,36.0,79.98999786376953
FC-East,SKU-ELEC-003,2025-01-04,4,31.01,Holt_Winters,18.49,0.0,67.25,Smart Home Environmental Sensor Hub,Electronics,Smart Home,36.0,79.98999786376953
FC-East,SKU-ELEC-003,2025-01-05,5,28.06,Holt_Winters,18.74,0.0,64.79,Smart Home Environmental Sensor Hub,Electronics,Smart Home,36.0,79.98999786376953
FC-East,SKU-ELEC-003,2025-01-06,6,23.15,Holt_Winters,18.99,0.0,60.37,Smart Home Environmental Sensor Hub,Electronics,Smart Home,36.0,79.98999786376953
FC-East,SKU-ELEC-003,2025-01-07,7,23.59,Holt_Winters,19.24,0.0,61.3,Smart Home Environmental Sensor Hub,Electronics,Smart Home,36.0,79.98999786376953
FC-East,SKU-ELEC-003,2025-01-08,8,24.12,Holt_Winters,19.48,0.0,62.3,Smart Home Environmental Sensor Hub,Electronics,Smart Home,36.0,79.98999786376953
FC-East,SKU-ELEC-003,2025-01-09,9,25.07,Holt_Winters,19.72,0.0,63.72,Smart Home Environmental Sensor Hub,Electronics,Smart Home,36.0,79.98999786376953
FC-East,SKU-ELEC-003,2025-01-10,10,27.33,Holt_Winters,19.96,0.0,66.45,Smart Home Environmental Sensor Hub,Electronics,Smart Home,36.0,79.98999786376953
FC-East,SKU-ELEC-003,2025-01-11,11,31.08,Holt_Winters,20.19,0.0,70.65,Smart Home Environmental Sensor Hub,Electronics,Smart Home,36.0,79.98999786376953
FC-East,SKU-ELEC-003,2025-01-12,12,28.13,Holt_Winters,20.42,0.0,68.15,Smart Home Environmental Sensor Hub,Electronics,Smart Home,36.0,79.98999786376953
FC-East,SKU-ELEC-003,2025-01-13,13,23.21,Holt_Winters,20.65,0.0,63.68,Smart Home Environmental Sensor Hub,Electronics,Smart Home,36.0,79.98999786376953
FC-East,SKU-ELEC-003,2025-01-14,14,23.65,Holt_Winters,20.88,0.0,64.57,Smart Home Environmental Sensor Hub,Electronics,Smart Home,36.0,79.98999786376953
FC-East,SKU-ELEC-003,2025-01-15,15,24.19,Holt_Winters,21.1,0.0,65.55,Smart Home Environmental Sensor Hub,Electronics,Smart Home,36.0,79.98999786376953
FC-East,SKU-ELEC-003,2025-01-16,16,25.14,Holt_Winters,21.33,0.0,66.95,Smart Home Environmental Sensor Hub,Electronics,Smart Home,36.0,79.98999786376953
FC-East,SKU-ELEC-003,2025-01-17,17,27.4,Holt_Winters,21.55,0.0,69.64,Smart Home Environmental Sensor Hub,Electronics,Smart Home,36.0,79.98999786376953
FC-East,SKU-ELEC-003,2025-01-18,18,31.15,Holt_Winters,21.76,0.0,73.8,Smart Home Environmental Sensor Hub,Electronics,Smart Home,36.0,79.98999786376953
FC-East,SKU-ELEC-003,2025-01-19,19,28.2,Holt_Winters,21.98,0.0,71.28,Smart Home Environmental Sensor Hub,Electronics,Smart Home,36.0,79.98999786376953
FC-East,SKU-ELEC-003,2025-01-20,20,23.28,Holt_Winters,22.19,0.0,66.77,Smart Home Environmental Sensor Hub,Electronics,Smart Home,36.0,79.98999786376953
FC-East,SKU-ELEC-003,2025-01-21,21,23.72,Holt_Winters,22.4,0.0,67.62,Smart Home Environmental Sensor Hub,Electronics,Smart Home,36.0,79.98999786376953
FC-East,SKU-ELEC-003,2025-01-22,22,24.25,Holt_Winters,22.61,0.0,68.57,Smart Home Environmental Sensor Hub,Electronics,Smart Home,36.0,79.98999786376953
FC-East,SKU-ELEC-003,2025-01-23,23,25.2,Holt_Winters,22.82,0.0,69.93,Smart Home Environmental Sensor Hub,Electronics,Smart Home,36.0,79.98999786376953
FC-East,SKU-ELEC-003,2025-01-24,24,27.46,Holt_Winters,23.02,0.0,72.58,Smart Home Environmental Sensor Hub,Electronics,Smart Home,36.0,79.98999786376953
FC-East,SKU-ELEC-003,2025-01-25,25,31.21,Holt_Winters,23.23,0.0,76.74,Smart Home Environmental Sensor Hub,Electronics,Smart Home,36.0,79.98999786376953
FC-East,SKU-ELEC-003,2025-01-26,26,28.26,Holt_Winters,23.43,0.0,74.18,Smart Home Environmental Sensor Hub,Electronics,Smart Home,36.0,79.98999786376953
FC-East,SKU-ELEC-003,2025-01-27,27,23.35,Holt_Winters,23.63,0.0,69.66,Smart Home Environmental Sensor Hub,Electronics,Smart Home,36.0,79.98999786376953
FC-East,SKU-ELEC-003,2025-01-28,28,23.79,Holt_Winters,23.83,0.0,70.5,Smart Home Environmental Sensor Hub,Electronics,Smart Home,36.0,79.98999786376953
FC-East,SKU-ELEC-004,2025-01-01,1,54.72,Holt_Winters,17.71,20.01,89.43,Braided HDMI 2.1 Ultra High Speed Cable,Electronics,Cables,7.5,19.989999771118164
FC-East,SKU-ELEC-004,2025-01-02,2,56.9,Holt_Winters,17.97,21.68,92.12,Braided HDMI 2.1 Ultra High Speed Cable,Electronics,Cables,7.5,19.989999771118164
FC-East,SKU-ELEC-004,2025-01-03,3,67.64,Holt_Winters,18.23,31.91,103.37,Braided HDMI 2.1 Ultra High Speed Cable,Electronics,Cables,7.5,19.989999771118164
FC-East,SKU-ELEC-004,2025-01-04,4,71.44,Holt_Winters,18.49,35.2,107.68,Braided HDMI 2.1 Ultra High Speed Cable,Electronics,Cables,7.5,19.989999771118164
FC-East,SKU-ELEC-004,2025-01-05,5,66.36,Holt_Winters,18.74,29.63,103.09,Braided HDMI 2.1 Ultra High Speed Cable,Electronics,Cables,7.5,19.989999771118164
FC-East,SKU-ELEC-004,2025-01-06,6,55.21,Holt_Winters,18.99,17.99,92.43,Braided HDMI 2.1 Ultra High Speed Cable,Electronics,Cables,7.5,19.989999771118164
FC-East,SKU-ELEC-004,2025-01-07,7,53.84,Holt_Winters,19.24,16.13,91.55,Braided HDMI 2.1 Ultra High Speed Cable,Electronics,Cables,7.5,19.989999771118164
FC-East,SKU-ELEC-004,2025-01-08,8,54.75,Holt_Winters,19.48,16.57,92.93,Braided HDMI 2.1 Ultra High Speed Cable,Electronics,Cables,7.5,19.989999771118164
FC-East,SKU-ELEC-004,2025-01-09,9,56.92,Holt_Winters,19.72,18.27,95.57,Braided HDMI 2.1 Ultra High Speed Cable,Electronics,Cables,7.5,19.989999771118164
FC-East,SKU-ELEC-004,2025-01-10,10,67.66,Holt_Winters,19.96,28.54,106.78,Braided HDMI 2.1 Ultra High Speed Cable,Electronics,Cables,7.5,19.989999771118164
FC-East,SKU-ELEC-004,2025-01-11,11,71.46,Holt_Winters,20.19,31.89,111.03,Braided HDMI 2.1 Ultra High Speed Cable,Electronics,Cables,7.5,19.989999771118164
FC-East,SKU-ELEC-004,2025-01-12,12,66.38,Holt_Winters,20.42,26.36,106.4,Braided HDMI 2.1 Ultra High Speed Cable,Electronics,Cables,7.5,19.989999771118164
FC-East,SKU-ELEC-004,2025-01-13,13,55.24,Holt_Winters,20.65,14.77,95.71,Braided HDMI 2.1 Ultra High Speed Cable,Electronics,Cables,7.5,19.989999771118164
FC-East,SKU-ELEC-004,2025-01-14,14,53.86,Holt_Winters,20.88,12.94,94.78,Braided HDMI 2.1 Ultra High Speed Cable,Electronics,Cables,7.5,19.989999771118164
FC-East,SKU-ELEC-004,2025-01-15,15,54.77,Holt_Winters,21.1,13.41,96.13,Braided HDMI 2.1 Ultra High Speed Cable,Electronics,Cables,7.5,19.989999771118164
FC-East,SKU-ELEC-004,2025-01-16,16,56.94,Holt_Winters,21.33,15.13,98.75,Braided HDMI 2.1 Ultra High Speed Cable,Electronics,Cables,7.5,19.989999771118164
FC-East,SKU-ELEC-004,2025-01-17,17,67.68,Holt_Winters,21.55,25.44,109.92,Braided HDMI 2.1 Ultra High Speed Cable,Electronics,Cables,7.5,19.989999771118164
FC-East,SKU-ELEC-004,2025-01-18,18,71.48,Holt_Winters,21.76,28.83,114.13,Braided HDMI 2.1 Ultra High Speed Cable,Electronics,Cables,7.5,19.989999771118164
FC-East,SKU-ELEC-004,2025-01-19,19,66.4,Holt_Winters,21.98,23.32,109.48,Braided HDMI 2.1 Ultra High Speed Cable,Electronics,Cables,7.5,19.989999771118164
FC-East,SKU-ELEC-004,2025-01-20,20,55.26,Holt_Winters,22.19,11.77,98.75,Braided HDMI 2.1 Ultra High Speed Cable,Electronics,Cables,7.5,19.989999771118164
FC-East,SKU-ELEC-004,2025-01-21,21,53.88,Holt_Winters,22.4,9.98,97.78,Braided HDMI 2.1 Ultra High Speed Cable,Electronics,Cables,7.5,19.989999771118164
FC-East,SKU-ELEC-004,2025-01-22,22,54.79,Holt_Winters,22.61,10.47,99.11,Braided HDMI 2.1 Ultra High Speed Cable,Electronics,Cables,7.5,19.989999771118164
FC-East,SKU-ELEC-004,2025-01-23,23,56.96,Holt_Winters,22.82,12.23,101.69,Braided HDMI 2.1 Ultra High Speed Cable,Electronics,Cables,7.5,19.989999771118164
FC-East,SKU-ELEC-004,2025-01-24,24,67.7,Holt_Winters,23.02,22.58,112.82,Braided HDMI 2.1 Ultra High Speed Cable,Electronics,Cables,7.5,19.989999771118164
FC-East,SKU-ELEC-004,2025-01-25,25,71.5,Holt_Winters,23.23,25.97,117.03,Braided HDMI 2.1 Ultra High Speed Cable,Electronics,Cables,7.5,19.989999771118164
FC-East,SKU-ELEC-004,2025-01-26,26,66.42,Holt_Winters,23.43,20.5,112.34,Braided HDMI 2.1 Ultra High Speed Cable,Electronics,Cables,7.5,19.989999771118164
FC-East,SKU-ELEC-004,2025-01-27,27,55.28,Holt_Winters,23.63,8.97,101.59,Braided HDMI 2.1 Ultra High Speed Cable,Electronics,Cables,7.5,19.989999771118164
FC-East,SKU-ELEC-004,2025-01-28,28,53.91,Holt_Winters,23.83,7.2,100.62,Braided HDMI 2.1 Ultra High Speed Cable,Electronics,Cables,7.5,19.989999771118164
FC-East,SKU-ELEC-005,2025-01-01,1,55.31,Holt_Winters,17.71,20.6,90.02,Mechanical Gaming Keyboard RGB,Electronics,Gaming,52.0,109.98999786376953
FC-East,SKU-ELEC-005,2025-01-02,2,58.07,Holt_Winters,17.97,22.85,93.29,Mechanical Gaming Keyboard RGB,Electronics,Gaming,52.0,109.98999786376953
FC-East,SKU-ELEC-005,2025-01-03,3,63.01,Holt_Winters,18.23,27.28,98.74,Mechanical Gaming Keyboard RGB,Electronics,Gaming,52.0,109.98999786376953
FC-East,SKU-ELEC-005,2025-01-04,4,64.48,Holt_Winters,18.49,28.24,100.72,Mechanical Gaming Keyboard RGB,Electronics,Gaming,52.0,109.98999786376953
FC-East,SKU-ELEC-005,2025-01-05,5,61.76,Holt_Winters,18.74,25.03,98.49,Mechanical Gaming Keyboard RGB,Electronics,Gaming,52.0,109.98999786376953
FC-East,SKU-ELEC-005,2025-01-06,6,54.87,Holt_Winters,18.99,17.65,92.09,Mechanical Gaming Keyboard RGB,Electronics,Gaming,52.0,109.98999786376953
FC-East,SKU-ELEC-005,2025-01-07,7,57.34,Holt_Winters,19.24,19.63,95.05,Mechanical Gaming Keyboard RGB,Electronics,Gaming,52.0,109.98999786376953
FC-East,SKU-ELEC-005,2025-01-08,8,55.68,Holt_Winters,19.48,17.5,93.86,Mechanical Gaming Keyboard RGB,Electronics,Gaming,52.0,109.98999786376953
FC-East,SKU-ELEC-005,2025-01-09,9,58.45,Holt_Winters,19.72,19.8,97.1,Mechanical Gaming Keyboard RGB,Electronics,Gaming,52.0,109.98999786376953
FC-East,SKU-ELEC-005,2025-01-10,10,63.38,Holt_Winters,19.96,24.26,102.5,Mechanical Gaming Keyboard RGB,Electronics,Gaming,52.0,109.98999786376953
FC-East,SKU-ELEC-005,2025-01-11,11,64.85,Holt_Winters,20.19,25.28,104.42,Mechanical Gaming Keyboard RGB,Electronics,Gaming,52.0,109.98999786376953
FC-East,SKU-ELEC-005,2025-01-12,12,62.13,Holt_Winters,20.42,22.11,102.15,Mechanical Gaming Keyboard RGB,Electronics,Gaming,52.0,109.98999786376953
FC-East,SKU-ELEC-005,2025-01-13,13,55.24,Holt_Winters,20.65,14.77,95.71,Mechanical Gaming Keyboard RGB,Electronics,Gaming,52.0,109.98999786376953
FC-East,SKU-ELEC-005,2025-01-14,14,57.71,Holt_Winters,20.88,16.79,98.63,Mechanical Gaming Keyboard RGB,Electronics,Gaming,52.0,109.98999786376953
FC-East,SKU-ELEC-005,2025-01-15,15,56.05,Holt_Winters,21.1,14.69,97.41,Mechanical Gaming Keyboard RGB,Electronics,Gaming,52.0,109.98999786376953
FC-East,SKU-ELEC-005,2025-01-16,16,58.82,Holt_Winters,21.33,17.01,100.63,Mechanical Gaming Keyboard RGB,Electronics,Gaming,52.0,109.98999786376953
FC-East,SKU-ELEC-005,2025-01-17,17,63.75,Holt_Winters,21.55,21.51,105.99,Mechanical Gaming Keyboard RGB,Electronics,Gaming,52.0,109.98999786376953
FC-East,SKU-ELEC-005,2025-01-18,18,65.22,Holt_Winters,21.76,22.57,107.87,Mechanical Gaming Keyboard RGB,Electronics,Gaming,52.0,109.98999786376953
FC-East,SKU-ELEC-005,2025-01-19,19,62.51,Holt_Winters,21.98,19.43,105.59,Mechanical Gaming Keyboard RGB,Electronics,Gaming,52.0,109.98999786376953
FC-East,SKU-ELEC-005,2025-01-20,20,55.62,Holt_Winters,22.19,12.13,99.11,Mechanical Gaming Keyboard RGB,Electronics,Gaming,52.0,109.98999786376953
FC-East,SKU-ELEC-005,2025-01-21,21,58.08,Holt_Winters,22.4,14.18,101.98,Mechanical Gaming Keyboard RGB,Electronics,Gaming,52.0,109.98999786376953
FC-East,SKU-ELEC-005,2025-01-22,22,56.42,Holt_Winters,22.61,12.1,100.74,Mechanical Gaming Keyboard RGB,Electronics,Gaming,52.0,109.98999786376953
FC-East,SKU-ELEC-005,2025-01-23,23,59.19,Holt_Winters,22.82,14.46,103.92,Mechanical Gaming Keyboard RGB,Electronics,Gaming,52.0,109.98999786376953
FC-East,SKU-ELEC-005,2025-01-24,24,64.12,Holt_Winters,23.02,19.0,109.24,Mechanical Gaming Keyboard RGB,Electronics,Gaming,52.0,109.98999786376953
FC-East,SKU-ELEC-005,2025-01-25,25,65.59,Holt_Winters,23.23,20.06,111.12,Mechanical Gaming Keyboard RGB,Electronics,Gaming,52.0,109.98999786376953
FC-East,SKU-ELEC-005,2025-01-26,26,62.88,Holt_Winters,23.43,16.96,108.8,Mechanical Gaming Keyboard RGB,Electronics,Gaming,52.0,109.98999786376953
FC-East,SKU-ELEC-005,2025-01-27,27,55.99,Holt_Winters,23.63,9.68,102.3,Mechanical Gaming Keyboard RGB,Electronics,Gaming,52.0,109.98999786376953
FC-East,SKU-ELEC-005,2025-01-28,28,58.46,Holt_Winters,23.83,11.75,105.17,Mechanical Gaming Keyboard RGB,Electronics,Gaming,52.0,109.98999786376953
FC-East,SKU-ELEC-006,2025-01-01,1,22.83,Holt_Winters,17.71,0.0,57.54,Portable Bluetooth Rugged Speaker,Electronics,Audio,26.5,59.9900016784668
FC-East,SKU-ELEC-006,2025-01-02,2,22.21,Holt_Winters,17.97,0.0,57.43,Portable Bluetooth Rugged Speaker,Electronics,Audio,26.5,59.9900016784668
FC-East,SKU-ELEC-006,2025-01-03,3,28.25,Holt_Winters,18.23,0.0,63.98,Portable Bluetooth Rugged Speaker,Electronics,Audio,26.5,59.9900016784668
FC-East,SKU-ELEC-006,2025-01-04,4,30.9,Holt_Winters,18.49,0.0,67.14,Portable Bluetooth Rugged Speaker,Electronics,Audio,26.5,59.9900016784668
FC-East,SKU-ELEC-006,2025-01-05,5,28.89,Holt_Winters,18.74,0.0,65.62,Portable Bluetooth Rugged Speaker,Electronics,Audio,26.5,59.9900016784668
FC-East,SKU-ELEC-006,2025-01-06,6,18.2,Holt_Winters,18.99,0.0,55.42,Portable Bluetooth Rugged Speaker,Electronics,Audio,26.5,59.9900016784668
FC-East,SKU-ELEC-006,2025-01-07,7,19.68,Holt_Winters,19.24,0.0,57.39,Portable Bluetooth Rugged Speaker,Electronics,Audio,26.5,59.9900016784668
FC-East,SKU-ELEC-006,2025-01-08,8,22.83,Holt_Winters,19.48,0.0,61.01,Portable Bluetooth Rugged Speaker,Electronics,Audio,26.5,59.9900016784668
FC-East,SKU-ELEC-006,2025-01-09,9,22.21,Holt_Winters,19.72,0.0,60.86,Portable Bluetooth Rugged Speaker,Electronics,Audio,26.5,59.9900016784668
FC-East,SKU-ELEC-006,2025-01-10,10,28.24,Holt_Winters,19.96,0.0,67.36,Portable Bluetooth Rugged Speaker,Electronics,Audio,26.5,59.9900016784668
FC-East,SKU-ELEC-006,2025-01-11,11,30.9,Holt_Winters,20.19,0.0,70.47,Portable Bluetooth Rugged Speaker,Electronics,Audio,26.5,59.9900016784668
FC-East,SKU-ELEC-006,2025-01-12,12,28.89,Holt_Winters,20.42,0.0,68.91,Portable Bluetooth Rugged Speaker,Electronics,Audio,26.5,59.9900016784668
FC-East,SKU-ELEC-006,2025-01-13,13,18.19,Holt_Winters,20.65,0.0,58.66,Portable Bluetooth Rugged Speaker,Electronics,Audio,26.5,59.9900016784668
FC-East,SKU-ELEC-006,2025-01-14,14,19.68,Holt_Winters,20.88,0.0,60.6,Portable Bluetooth Rugged Speaker,Electronics,Audio,26.5,59.9900016784668
FC-East,SKU-ELEC-006,2025-01-15,15,22.82,Holt_Winters,21.1,0.0,64.18,Portable Bluetooth Rugged Speaker,Electronics,Audio,26.5,59.9900016784668
FC-East,SKU-ELEC-006,2025-01-16,16,22.21,Holt_Winters,21.33,0.0,64.02,Portable Bluetooth Rugged Speaker,Electronics,Audio,26.5,59.9900016784668
FC-East,SKU-ELEC-006,2025-01-17,17,28.24,Holt_Winters,21.55,0.0,70.48,Portable Bluetooth Rugged Speaker,Electronics,Audio,26.5,59.9900016784668
FC-East,SKU-ELEC-006,2025-01-18,18,30.89,Holt_Winters,21.76,0.0,73.54,Portable Bluetooth Rugged Speaker,Electronics,Audio,26.5,59.9900016784668
FC-East,SKU-ELEC-006,2025-01-19,19,28.89,Holt_Winters,21.98,0.0,71.97,Portable Bluetooth Rugged Speaker,Electronics,Audio,26.5,59.9900016784668
FC-East,SKU-ELEC-006,2025-01-20,20,18.19,Holt_Winters,22.19,0.0,61.68,Portable Bluetooth Rugged Speaker,Electronics,Audio,26.5,59.9900016784668
FC-East,SKU-ELEC-006,2025-01-21,21,19.67,Holt_Winters,22.4,0.0,63.57,Portable Bluetooth Rugged Speaker,Electronics,Audio,26.5,59.9900016784668
FC-East,SKU-ELEC-006,2025-01-22,22,22.82,Holt_Winters,22.61,0.0,67.14,Portable Bluetooth Rugged Speaker,Electronics,Audio,26.5,59.9900016784668
FC-East,SKU-ELEC-006,2025-01-23,23,22.2,Holt_Winters,22.82,0.0,66.93,Portable Bluetooth Rugged Speaker,Electronics,Audio,26.5,59.9900016784668
FC-East,SKU-ELEC-006,2025-01-24,24,28.24,Holt_Winters,23.02,0.0,73.36,Portable Bluetooth Rugged Speaker,Electronics,Audio,26.5,59.9900016784668
FC-East,SKU-ELEC-006,2025-01-25,25,30.89,Holt_Winters,23.23,0.0,76.42,Portable Bluetooth Rugged Speaker,Electronics,Audio,26.5,59.9900016784668
FC-East,SKU-ELEC-006,2025-01-26,26,28.88,Holt_Winters,23.43,0.0,74.8,Portable Bluetooth Rugged Speaker,Electronics,Audio,26.5,59.9900016784668
FC-East,SKU-ELEC-006,2025-01-27,27,18.19,Holt_Winters,23.63,0.0,64.5,Portable Bluetooth Rugged Speaker,Electronics,Audio,26.5,59.9900016784668
FC-East,SKU-ELEC-006,2025-01-28,28,19.67,Holt_Winters,23.83,0.0,66.38,Portable Bluetooth Rugged Speaker,Electronics,Audio,26.5,59.9900016784668
FC-East,SKU-ELEC-007,2025-01-01,1,12.45,Holt_Winters,17.71,0.0,47.16,Micro-USB Legacy Charging Cable 2m,Electronics,Cables,3.1,8.989999771118164
FC-East,SKU-ELEC-007,2025-01-02,2,11.84,Holt_Winters,17.97,0.0,47.06,Micro-USB Legacy Charging Cable 2m,Electronics,Cables,3.1,8.989999771118164
FC-East,SKU-ELEC-007,2025-01-03,3,15.03,Holt_Winters,18.23,0.0,50.76,Micro-USB Legacy Charging Cable 2m,Electronics,Cables,3.1,8.989999771118164
FC-East,SKU-ELEC-007,2025-01-04,4,17.45,Holt_Winters,18.49,0.0,53.69,Micro-USB Legacy Charging Cable 2m,Electronics,Cables,3.1,8.989999771118164
FC-East,SKU-ELEC-007,2025-01-05,5,15.52,Holt_Winters,18.74,0.0,52.25,Micro-USB Legacy Charging Cable 2m,Electronics,Cables,3.1,8.989999771118164
FC-East,SKU-ELEC-007,2025-01-06,6,9.99,Holt_Winters,18.99,0.0,47.21,Micro-USB Legacy Charging Cable 2m,Electronics,Cables,3.1,8.989999771118164
FC-East,SKU-ELEC-007,2025-01-07,7,11.72,Holt_Winters,19.24,0.0,49.43,Micro-USB Legacy Charging Cable 2m,Electronics,Cables,3.1,8.989999771118164
FC-East,SKU-ELEC-007,2025-01-08,8,12.37,Holt_Winters,19.48,0.0,50.55,Micro-USB Legacy Charging Cable 2m,Electronics,Cables,3.1,8.989999771118164
FC-East,SKU-ELEC-007,2025-01-09,9,11.76,Holt_Winters,19.72,0.0,50.41,Micro-USB Legacy Charging Cable 2m,Electronics,Cables,3.1,8.989999771118164
FC-East,SKU-ELEC-007,2025-01-10,10,14.95,Holt_Winters,19.96,0.0,54.07,Micro-USB Legacy Charging Cable 2m,Electronics,Cables,3.1,8.989999771118164
FC-East,SKU-ELEC-007,2025-01-11,11,17.37,Holt_Winters,20.19,0.0,56.94,Micro-USB Legacy Charging Cable 2m,Electronics,Cables,3.1,8.989999771118164
FC-East,SKU-ELEC-007,2025-01-12,12,15.44,Holt_Winters,20.42,0.0,55.46,Micro-USB Legacy Charging Cable 2m,Electronics,Cables,3.1,8.989999771118164
FC-East,SKU-ELEC-007,2025-01-13,13,9.91,Holt_Winters,20.65,0.0,50.38,Micro-USB Legacy Charging Cable 2m,Electronics,Cables,3.1,8.989999771118164
FC-East,SKU-ELEC-007,2025-01-14,14,11.64,Holt_Winters,20.88,0.0,52.56,Micro-USB Legacy Charging Cable 2m,Electronics,Cables,3.1,8.989999771118164
FC-East,SKU-ELEC-007,2025-01-15,15,12.29,Holt_Winters,21.1,0.0,53.65,Micro-USB Legacy Charging Cable 2m,Electronics,Cables,3.1,8.989999771118164
FC-East,SKU-ELEC-007,2025-01-16,16,11.68,Holt_Winters,21.33,0.0,53.49,Micro-USB Legacy Charging Cable 2m,Electronics,Cables,3.1,8.989999771118164
FC-East,SKU-ELEC-007,2025-01-17,17,14.87,Holt_Winters,21.55,0.0,57.11,Micro-USB Legacy Charging Cable 2m,Electronics,Cables,3.1,8.989999771118164
FC-East,SKU-ELEC-007,2025-01-18,18,17.29,Holt_Winters,21.76,0.0,59.94,Micro-USB Legacy Charging Cable 2m,Electronics,Cables,3.1,8.989999771118164
FC-East,SKU-ELEC-007,2025-01-19,19,15.36,Holt_Winters,21.98,0.0,58.44,Micro-USB Legacy Charging Cable 2m,Electronics,Cables,3.1,8.989999771118164
FC-East,SKU-ELEC-007,2025-01-20,20,9.83,Holt_Winters,22.19,0.0,53.32,Micro-USB Legacy Charging Cable 2m,Electronics,Cables,3.1,8.989999771118164
FC-East,SKU-ELEC-007,2025-01-21,21,11.56,Holt_Winters,22.4,0.0,55.46,Micro-USB Legacy Charging Cable 2m,Electronics,Cables,3.1,8.989999771118164
FC-East,SKU-ELEC-007,2025-01-22,22,12.21,Holt_Winters,22.61,0.0,56.53,Micro-USB Legacy Charging Cable 2m,Electronics,Cables,3.1,8.989999771118164
FC-East,SKU-ELEC-007,2025-01-23,23,11.6,Holt_Winters,22.82,0.0,56.33,Micro-USB Legacy Charging Cable 2m,Electronics,Cables,3.1,8.989999771118164
FC-East,SKU-ELEC-007,2025-01-24,24,14.79,Holt_Winters,23.02,0.0,59.91,Micro-USB Legacy Charging Cable 2m,Electronics,Cables,3.1,8.989999771118164
FC-East,SKU-ELEC-007,2025-01-25,25,17.21,Holt_Winters,23.23,0.0,62.74,Micro-USB Legacy Charging Cable 2m,Electronics,Cables,3.1,8.989999771118164
FC-East,SKU-ELEC-007,2025-01-26,26,15.28,Holt_Winters,23.43,0.0,61.2,Micro-USB Legacy Charging Cable 2m,Electronics,Cables,3.1,8.989999771118164
FC-East,SKU-ELEC-007,2025-01-27,27,9.75,Holt_Winters,23.63,0.0,56.06,Micro-USB Legacy Charging Cable 2m,Electronics,Cables,3.1,8.989999771118164
FC-East,SKU-ELEC-007,2025-01-28,28,11.48,Holt_Winters,23.83,0.0,58.19,Micro-USB Legacy Charging Cable 2m,Electronics,Cables,3.1,8.989999771118164
FC-East,SKU-ELEC-008,2025-01-01,1,86.55,Holt_Winters,17.71,51.84,121.26,4K Ultra-HD Streaming Media Player,Electronics,Home Video,22.0,49.9900016784668
FC-East,SKU-ELEC-008,2025-01-02,2,85.5,Holt_Winters,17.97,50.28,120.72,4K Ultra-HD Streaming Media Player,Electronics,Home Video,22.0,49.9900016784668
FC-East,SKU-ELEC-008,2025-01-03,3,92.0,Holt_Winters,18.23,56.27,127.73,4K Ultra-HD Streaming Media Player,Electronics,Home Video,22.0,49.9900016784668
FC-East,SKU-ELEC-008,2025-01-04,4,103.35,Holt_Winters,18.49,67.11,139.59,4K Ultra-HD Streaming Media Player,Electronics,Home Video,22.0,49.9900016784668
FC-East,SKU-ELEC-008,2025-01-05,5,97.98,Holt_Winters,18.74,61.25,134.71,4K Ultra-HD Streaming Media Player,Electronics,Home Video,22.0,49.9900016784668
FC-East,SKU-ELEC-008,2025-01-06,6,85.73,Holt_Winters,18.99,48.51,122.95,4K Ultra-HD Streaming Media Player,Electronics,Home Video,22.0,49.9900016784668
FC-East,SKU-ELEC-008,2025-01-07,7,87.19,Holt_Winters,19.24,49.48,124.9,4K Ultra-HD Streaming Media Player,Electronics,Home Video,22.0,49.9900016784668
FC-East,SKU-ELEC-008,2025-01-08,8,87.02,Holt_Winters,19.48,48.84,125.2,4K Ultra-HD Streaming Media Player,Electronics,Home Video,22.0,49.9900016784668
FC-East,SKU-ELEC-008,2025-01-09,9,85.97,Holt_Winters,19.72,47.32,124.62,4K Ultra-HD Streaming Media Player,Electronics,Home Video,22.0,49.9900016784668
FC-East,SKU-ELEC-008,2025-01-10,10,92.47,Holt_Winters,19.96,53.35,131.59,4K Ultra-HD Streaming Media Player,Electronics,Home Video,22.0,49.9900016784668
FC-East,SKU-ELEC-008,2025-01-11,11,103.82,Holt_Winters,20.19,64.25,143.39,4K Ultra-HD Streaming Media Player,Electronics,Home Video,22.0,49.9900016784668
FC-East,SKU-ELEC-008,2025-01-12,12,98.45,Holt_Winters,20.42,58.43,138.47,4K Ultra-HD Streaming Media Player,Electronics,Home Video,22.0,49.9900016784668
FC-East,SKU-ELEC-008,2025-01-13,13,86.21,Holt_Winters,20.65,45.74,126.68,4K Ultra-HD Streaming Media Player,Electronics,Home Video,22.0,49.9900016784668
FC-East,SKU-ELEC-008,2025-01-14,14,87.66,Holt_Winters,20.88,46.74,128.58,4K Ultra-HD Streaming Media Player,Electronics,Home Video,22.0,49.9900016784668
FC-East,SKU-ELEC-008,2025-01-15,15,87.5,Holt_Winters,21.1,46.14,128.86,4K Ultra-HD Streaming Media Player,Electronics,Home Video,22.0,49.9900016784668
FC-East,SKU-ELEC-008,2025-01-16,16,86.44,Holt_Winters,21.33,44.63,128.25,4K Ultra-HD Streaming Media Player,Electronics,Home Video,22.0,49.9900016784668
FC-East,SKU-ELEC-008,2025-01-17,17,92.94,Holt_Winters,21.55,50.7,135.18,4K Ultra-HD Streaming Media Player,Electronics,Home Video,22.0,49.9900016784668
FC-East,SKU-ELEC-008,2025-01-18,18,104.29,Holt_Winters,21.76,61.64,146.94,4K Ultra-HD Streaming Media Player,Electronics,Home Video,22.0,49.9900016784668
FC-East,SKU-ELEC-008,2025-01-19,19,98.92,Holt_Winters,21.98,55.84,142.0,4K Ultra-HD Streaming Media Player,Electronics,Home Video,22.0,49.9900016784668
FC-East,SKU-ELEC-008,2025-01-20,20,86.68,Holt_Winters,22.19,43.19,130.17,4K Ultra-HD Streaming Media Player,Electronics,Home Video,22.0,49.9900016784668
FC-East,SKU-ELEC-008,2025-01-21,21,88.13,Holt_Winters,22.4,44.23,132.03,4K Ultra-HD Streaming Media Player,Electronics,Home Video,22.0,49.9900016784668
FC-East,SKU-ELEC-008,2025-01-22,22,87.97,Holt_Winters,22.61,43.65,132.29,4K Ultra-HD Streaming Media Player,Electronics,Home Video,22.0,49.9900016784668
FC-East,SKU-ELEC-008,2025-01-23,23,86.91,Holt_Winters,22.82,42.18,131.64,4K Ultra-HD Streaming Media Player,Electronics,Home Video,22.0,49.9900016784668
FC-East,SKU-ELEC-008,2025-01-24,24,93.41,Holt_Winters,23.02,48.29,138.53,4K Ultra-HD Streaming Media Player,Electronics,Home Video,22.0,49.9900016784668
FC-East,SKU-ELEC-008,2025-01-25,25,104.76,Holt_Winters,23.23,59.23,150.29,4K Ultra-HD Streaming Media Player,Electronics,Home Video,22.0,49.9900016784668
FC-East,SKU-ELEC-008,2025-01-26,26,99.39,Holt_Winters,23.43,53.47,145.31,4K Ultra-HD Streaming Media Player,Electronics,Home Video,22.0,49.9900016784668
FC-East,SKU-ELEC-008,2025-01-27,27,87.15,Holt_Winters,23.63,40.84,133.46,4K Ultra-HD Streaming Media Player,Electronics,Home Video,22.0,49.9900016784668
FC-East,SKU-ELEC-008,2025-01-28,28,88.6,Holt_Winters,23.83,41.89,135.31,4K Ultra-HD Streaming Media Player,Electronics,Home Video,22.0,49.9900016784668
FC-East,SKU-ELEC-009,2025-01-01,1,2.28,Holt_Winters,17.71,0.0,36.99,Specialty Motherboard Replacement Capacitor Pack,Electronics,Components,15.0,45.0
FC-East,SKU-ELEC-009,2025-01-02,2,2.19,Holt_Winters,17.97,0.0,37.41,Specialty Motherboard Replacement Capacitor Pack,Electronics,Components,15.0,45.0
FC-East,SKU-ELEC-009,2025-01-03,3,3.87,Holt_Winters,18.23,0.0,39.6,Specialty Motherboard Replacement Capacitor Pack,Electronics,Components,15.0,45.0
FC-East,SKU-ELEC-009,2025-01-04,4,3.48,Holt_Winters,18.49,0.0,39.72,Specialty Motherboard Replacement Capacitor Pack,Electronics,Components,15.0,45.0
FC-East,SKU-ELEC-009,2025-01-05,5,3.58,Holt_Winters,18.74,0.0,40.31,Specialty Motherboard Replacement Capacitor Pack,Electronics,Components,15.0,45.0
FC-East,SKU-ELEC-009,2025-01-06,6,3.97,Holt_Winters,18.99,0.0,41.19,Specialty Motherboard Replacement Capacitor Pack,Electronics,Components,15.0,45.0
FC-East,SKU-ELEC-009,2025-01-07,7,3.05,Holt_Winters,19.24,0.0,40.76,Specialty Motherboard Replacement Capacitor Pack,Electronics,Components,15.0,45.0
FC-East,SKU-ELEC-009,2025-01-08,8,2.27,Holt_Winters,19.48,0.0,40.45,Specialty Motherboard Replacement Capacitor Pack,Electronics,Components,15.0,45.0
FC-East,SKU-ELEC-009,2025-01-09,9,2.18,Holt_Winters,19.72,0.0,40.83,Specialty Motherboard Replacement Capacitor Pack,Electronics,Components,15.0,45.0
FC-East,SKU-ELEC-009,2025-01-10,10,3.87,Holt_Winters,19.96,0.0,42.99,Specialty Motherboard Replacement Capacitor Pack,Electronics,Components,15.0,45.0
FC-East,SKU-ELEC-009,2025-01-11,11,3.48,Holt_Winters,20.19,0.0,43.05,Specialty Motherboard Replacement Capacitor Pack,Electronics,Components,15.0,45.0
FC-East,SKU-ELEC-009,2025-01-12,12,3.57,Holt_Winters,20.42,0.0,43.59,Specialty Motherboard Replacement Capacitor Pack,Electronics,Components,15.0,45.0
FC-East,SKU-ELEC-009,2025-01-13,13,3.96,Holt_Winters,20.65,0.0,44.43,Specialty Motherboard Replacement Capacitor Pack,Electronics,Components,15.0,45.0
FC-East,SKU-ELEC-009,2025-01-14,14,3.04,Holt_Winters,20.88,0.0,43.96,Specialty Motherboard Replacement Capacitor Pack,Electronics,Components,15.0,45.0
FC-East,SKU-ELEC-009,2025-01-15,15,2.27,Holt_Winters,21.1,0.0,43.63,Specialty Motherboard Replacement Capacitor Pack,Electronics,Components,15.0,45.0
FC-East,SKU-ELEC-009,2025-01-16,16,2.18,Holt_Winters,21.33,0.0,43.99,Specialty Motherboard Replacement Capacitor Pack,Electronics,Components,15.0,45.0
FC-East,SKU-ELEC-009,2025-01-17,17,3.86,Holt_Winters,21.55,0.0,46.1,Specialty Motherboard Replacement Capacitor Pack,Electronics,Components,15.0,45.0
FC-East,SKU-ELEC-009,2025-01-18,18,3.47,Holt_Winters,21.76,0.0,46.12,Specialty Motherboard Replacement Capacitor Pack,Electronics,Components,15.0,45.0
FC-East,SKU-ELEC-009,2025-01-19,19,3.57,Holt_Winters,21.98,0.0,46.65,Specialty Motherboard Replacement Capacitor Pack,Electronics,Components,15.0,45.0
FC-East,SKU-ELEC-009,2025-01-20,20,3.96,Holt_Winters,22.19,0.0,47.45,Specialty Motherboard Replacement Capacitor Pack,Electronics,Components,15.0,45.0
FC-East,SKU-ELEC-009,2025-01-21,21,3.04,Holt_Winters,22.4,0.0,46.94,Specialty Motherboard Replacement Capacitor Pack,Electronics,Components,15.0,45.0
FC-East,SKU-ELEC-009,2025-01-22,22,2.26,Holt_Winters,22.61,0.0,46.58,Specialty Motherboard Replacement Capacitor Pack,Electronics,Components,15.0,45.0
FC-East,SKU-ELEC-009,2025-01-23,23,2.17,Holt_Winters,22.82,0.0,46.9,Specialty Motherboard Replacement Capacitor Pack,Electronics,Components,15.0,45.0
FC-East,SKU-ELEC-009,2025-01-24,24,3.86,Holt_Winters,23.02,0.0,48.98,Specialty Motherboard Replacement Capacitor Pack,Electronics,Components,15.0,45.0
FC-East,SKU-ELEC-009,2025-01-25,25,3.47,Holt_Winters,23.23,0.0,49.0,Specialty Motherboard Replacement Capacitor Pack,Electronics,Components,15.0,45.0
FC-East,SKU-ELEC-009,2025-01-26,26,3.56,Holt_Winters,23.43,0.0,49.48,Specialty Motherboard Replacement Capacitor Pack,Electronics,Components,15.0,45.0
FC-East,SKU-ELEC-009,2025-01-27,27,3.95,Holt_Winters,23.63,0.0,50.26,Specialty Motherboard Replacement Capacitor Pack,Electronics,Components,15.0,45.0
FC-East,SKU-ELEC-009,2025-01-28,28,3.03,Holt_Winters,23.83,0.0,49.74,Specialty Motherboard Replacement Capacitor Pack,Electronics,Components,15.0,45.0
FC-East,SKU-ELEC-010,2025-01-01,1,7.51,Holt_Winters,17.71,0.0,42.22,Enterprise High-Resolution Studio Microphone,Electronics,Professional Audio,115.0,249.99000549316406
FC-East,SKU-ELEC-010,2025-01-02,2,7.61,Holt_Winters,17.97,0.0,42.83,Enterprise High-Resolution Studio Microphone,Electronics,Professional Audio,115.0,249.99000549316406
FC-East,SKU-ELEC-010,2025-01-03,3,10.04,Holt_Winters,18.23,0.0,45.77,Enterprise High-Resolution Studio Microphone,Electronics,Professional Audio,115.0,249.99000549316406
FC-East,SKU-ELEC-010,2025-01-04,4,10.84,Holt_Winters,18.49,0.0,47.08,Enterprise High-Resolution Studio Microphone,Electronics,Professional Audio,115.0,249.99000549316406
FC-East,SKU-ELEC-010,2025-01-05,5,10.71,Holt_Winters,18.74,0.0,47.44,Enterprise High-Resolution Studio Microphone,Electronics,Professional Audio,115.0,249.99000549316406
FC-East,SKU-ELEC-010,2025-01-06,6,8.22,Holt_Winters,18.99,0.0,45.44,Enterprise High-Resolution Studio Microphone,Electronics,Professional Audio,115.0,249.99000549316406
FC-East,SKU-ELEC-010,2025-01-07,7,8.09,Holt_Winters,19.24,0.0,45.8,Enterprise High-Resolution Studio Microphone,Electronics,Professional Audio,115.0,249.99000549316406
FC-East,SKU-ELEC-010,2025-01-08,8,7.51,Holt_Winters,19.48,0.0,45.69,Enterprise High-Resolution Studio Microphone,Electronics,Professional Audio,115.0,249.99000549316406
FC-East,SKU-ELEC-010,2025-01-09,9,7.61,Holt_Winters,19.72,0.0,46.26,Enterprise High-Resolution Studio Microphone,Electronics,Professional Audio,115.0,249.99000549316406
FC-East,SKU-ELEC-010,2025-01-10,10,10.04,Holt_Winters,19.96,0.0,49.16,Enterprise High-Resolution Studio Microphone,Electronics,Professional Audio,115.0,249.99000549316406
FC-East,SKU-ELEC-010,2025-01-11,11,10.84,Holt_Winters,20.19,0.0,50.41,Enterprise High-Resolution Studio Microphone,Electronics,Professional Audio,115.0,249.99000549316406
FC-East,SKU-ELEC-010,2025-01-12,12,10.71,Holt_Winters,20.42,0.0,50.73,Enterprise High-Resolution Studio Microphone,Electronics,Professional Audio,115.0,249.99000549316406
FC-East,SKU-ELEC-010,2025-01-13,13,8.21,Holt_Winters,20.65,0.0,48.68,Enterprise High-Resolution Studio Microphone,Electronics,Professional Audio,115.0,249.99000549316406
FC-East,SKU-ELEC-010,2025-01-14,14,8.08,Holt_Winters,20.88,0.0,49.0,Enterprise High-Resolution Studio Microphone,Electronics,Professional Audio,115.0,249.99000549316406
FC-East,SKU-ELEC-010,2025-01-15,15,7.51,Holt_Winters,21.1,0.0,48.87,Enterprise High-Resolution Studio Microphone,Electronics,Professional Audio,115.0,249.99000549316406
FC-East,SKU-ELEC-010,2025-01-16,16,7.6,Holt_Winters,21.33,0.0,49.41,Enterprise High-Resolution Studio Microphone,Electronics,Professional Audio,115.0,249.99000549316406
FC-East,SKU-ELEC-010,2025-01-17,17,10.04,Holt_Winters,21.55,0.0,52.28,Enterprise High-Resolution Studio Microphone,Electronics,Professional Audio,115.0,249.99000549316406
FC-East,SKU-ELEC-010,2025-01-18,18,10.84,Holt_Winters,21.76,0.0,53.49,Enterprise High-Resolution Studio Microphone,Electronics,Professional Audio,115.0,249.99000549316406
FC-East,SKU-ELEC-010,2025-01-19,19,10.71,Holt_Winters,21.98,0.0,53.79,Enterprise High-Resolution Studio Microphone,Electronics,Professional Audio,115.0,249.99000549316406
FC-East,SKU-ELEC-010,2025-01-20,20,8.21,Holt_Winters,22.19,0.0,51.7,Enterprise High-Resolution Studio Microphone,Electronics,Professional Audio,115.0,249.99000549316406
FC-East,SKU-ELEC-010,2025-01-21,21,8.08,Holt_Winters,22.4,0.0,51.98,Enterprise High-Resolution Studio Microphone,Electronics,Professional Audio,115.0,249.99000549316406
FC-East,SKU-ELEC-010,2025-01-22,22,7.51,Holt_Winters,22.61,0.0,51.83,Enterprise High-Resolution Studio Microphone,Electronics,Professional Audio,115.0,249.99000549316406
FC-East,SKU-ELEC-010,2025-01-23,23,7.6,Holt_Winters,22.82,0.0,52.33,Enterprise High-Resolution Studio Microphone,Electronics,Professional Audio,115.0,249.99000549316406
FC-East,SKU-ELEC-010,2025-01-24,24,10.03,Holt_Winters,23.02,0.0,55.15,Enterprise High-Resolution Studio Microphone,Electronics,Professional Audio,115.0,249.99000549316406
FC-East,SKU-ELEC-010,2025-01-25,25,10.84,Holt_Winters,23.23,0.0,56.37,Enterprise High-Resolution Studio Microphone,Electronics,Professional Audio,115.0,249.99000549316406
FC-East,SKU-ELEC-010,2025-01-26,26,10.71,Holt_Winters,23.43,0.0,56.63,Enterprise High-Resolution Studio Microphone,Electronics,Professional Audio,115.0,249.99000549316406
FC-East,SKU-ELEC-010,2025-01-27,27,8.21,Holt_Winters,23.63,0.0,54.52,Enterprise High-Resolution Studio Microphone,Electronics,Professional Audio,115.0,249.99000549316406
FC-East,SKU-ELEC-010,2025-01-28,28,8.08,Holt_Winters,23.83,0.0,54.79,Enterprise High-Resolution Studio Microphone,Electronics,Professional Audio,115.0,249.99000549316406
FC-East,SKU-GROC-001,2025-01-01,1,78.5,Holt_Winters,17.71,43.79,113.21,Organic Whole Bean Espresso Roast 2 lb,Grocery & Pantry,Coffee & Tea,9.2,21.989999771118164
FC-East,SKU-GROC-001,2025-01-02,2,83.79,Holt_Winters,17.97,48.57,119.01,Organic Whole Bean Espresso Roast 2 lb,Grocery & Pantry,Coffee & Tea,9.2,21.989999771118164
FC-East,SKU-GROC-001,2025-01-03,3,97.02,Holt_Winters,18.23,61.29,132.75,Organic Whole Bean Espresso Roast 2 lb,Grocery & Pantry,Coffee & Tea,9.2,21.989999771118164
FC-East,SKU-GROC-001,2025-01-04,4,106.56,Holt_Winters,18.49,70.32,142.8,Organic Whole Bean Espresso Roast 2 lb,Grocery & Pantry,Coffee & Tea,9.2,21.989999771118164
FC-East,SKU-GROC-001,2025-01-05,5,100.67,Holt_Winters,18.74,63.94,137.4,Organic Whole Bean Espresso Roast 2 lb,Grocery & Pantry,Coffee & Tea,9.2,21.989999771118164
FC-East,SKU-GROC-001,2025-01-06,6,75.76,Holt_Winters,18.99,38.54,112.98,Organic Whole Bean Espresso Roast 2 lb,Grocery & Pantry,Coffee & Tea,9.2,21.989999771118164
FC-East,SKU-GROC-001,2025-01-07,7,77.3,Holt_Winters,19.24,39.59,115.01,Organic Whole Bean Espresso Roast 2 lb,Grocery & Pantry,Coffee & Tea,9.2,21.989999771118164
FC-East,SKU-GROC-001,2025-01-08,8,78.55,Holt_Winters,19.48,40.37,116.73,Organic Whole Bean Espresso Roast 2 lb,Grocery & Pantry,Coffee & Tea,9.2,21.989999771118164
FC-East,SKU-GROC-001,2025-01-09,9,83.83,Holt_Winters,19.72,45.18,122.48,Organic Whole Bean Espresso Roast 2 lb,Grocery & Pantry,Coffee & Tea,9.2,21.989999771118164
FC-East,SKU-GROC-001,2025-01-10,10,97.07,Holt_Winters,19.96,57.95,136.19,Organic Whole Bean Espresso Roast 2 lb,Grocery & Pantry,Coffee & Tea,9.2,21.989999771118164
FC-East,SKU-GROC-001,2025-01-11,11,106.6,Holt_Winters,20.19,67.03,146.17,Organic Whole Bean Espresso Roast 2 lb,Grocery & Pantry,Coffee & Tea,9.2,21.989999771118164
FC-East,SKU-GROC-001,2025-01-12,12,100.71,Holt_Winters,20.42,60.69,140.73,Organic Whole Bean Espresso Roast 2 lb,Grocery & Pantry,Coffee & Tea,9.2,21.989999771118164
FC-East,SKU-GROC-001,2025-01-13,13,75.81,Holt_Winters,20.65,35.34,116.28,Organic Whole Bean Espresso Roast 2 lb,Grocery & Pantry,Coffee & Tea,9.2,21.989999771118164
FC-East,SKU-GROC-001,2025-01-14,14,77.35,Holt_Winters,20.88,36.43,118.27,Organic Whole Bean Espresso Roast 2 lb,Grocery & Pantry,Coffee & Tea,9.2,21.989999771118164
FC-East,SKU-GROC-001,2025-01-15,15,78.59,Holt_Winters,21.1,37.23,119.95,Organic Whole Bean Espresso Roast 2 lb,Grocery & Pantry,Coffee & Tea,9.2,21.989999771118164
FC-East,SKU-GROC-001,2025-01-16,16,83.88,Holt_Winters,21.33,42.07,125.69,Organic Whole Bean Espresso Roast 2 lb,Grocery & Pantry,Coffee & Tea,9.2,21.989999771118164
FC-East,SKU-GROC-001,2025-01-17,17,97.11,Holt_Winters,21.55,54.87,139.35,Organic Whole Bean Espresso Roast 2 lb,Grocery & Pantry,Coffee & Tea,9.2,21.989999771118164
FC-East,SKU-GROC-001,2025-01-18,18,106.65,Holt_Winters,21.76,64.0,149.3,Organic Whole Bean Espresso Roast 2 lb,Grocery & Pantry,Coffee & Tea,9.2,21.989999771118164
FC-East,SKU-GROC-001,2025-01-19,19,100.76,Holt_Winters,21.98,57.68,143.84,Organic Whole Bean Espresso Roast 2 lb,Grocery & Pantry,Coffee & Tea,9.2,21.989999771118164
FC-East,SKU-GROC-001,2025-01-20,20,75.85,Holt_Winters,22.19,32.36,119.34,Organic Whole Bean Espresso Roast 2 lb,Grocery & Pantry,Coffee & Tea,9.2,21.989999771118164
FC-East,SKU-GROC-001,2025-01-21,21,77.39,Holt_Winters,22.4,33.49,121.29,Organic Whole Bean Espresso Roast 2 lb,Grocery & Pantry,Coffee & Tea,9.2,21.989999771118164
FC-East,SKU-GROC-001,2025-01-22,22,78.64,Holt_Winters,22.61,34.32,122.96,Organic Whole Bean Espresso Roast 2 lb,Grocery & Pantry,Coffee & Tea,9.2,21.989999771118164
FC-East,SKU-GROC-001,2025-01-23,23,83.93,Holt_Winters,22.82,39.2,128.66,Organic Whole Bean Espresso Roast 2 lb,Grocery & Pantry,Coffee & Tea,9.2,21.989999771118164
FC-East,SKU-GROC-001,2025-01-24,24,97.16,Holt_Winters,23.02,52.04,142.28,Organic Whole Bean Espresso Roast 2 lb,Grocery & Pantry,Coffee & Tea,9.2,21.989999771118164
FC-East,SKU-GROC-001,2025-01-25,25,106.69,Holt_Winters,23.23,61.16,152.22,Organic Whole Bean Espresso Roast 2 lb,Grocery & Pantry,Coffee & Tea,9.2,21.989999771118164
FC-East,SKU-GROC-001,2025-01-26,26,100.8,Holt_Winters,23.43,54.88,146.72,Organic Whole Bean Espresso Roast 2 lb,Grocery & Pantry,Coffee & Tea,9.2,21.989999771118164
FC-East,SKU-GROC-001,2025-01-27,27,75.9,Holt_Winters,23.63,29.59,122.21,Organic Whole Bean Espresso Roast 2 lb,Grocery & Pantry,Coffee & Tea,9.2,21.989999771118164
FC-East,SKU-GROC-001,2025-01-28,28,77.44,Holt_Winters,23.83,30.73,124.15,Organic Whole Bean Espresso Roast 2 lb,Grocery & Pantry,Coffee & Tea,9.2,21.989999771118164
FC-East,SKU-GROC-002,2025-01-01,1,59.74,Holt_Winters,17.71,25.03,94.45,Raw California Organic Almonds Unsalted 3 lb,Grocery & Pantry,Nuts & Snacks,8.0,18.489999771118164
FC-East,SKU-GROC-002,2025-01-02,2,61.4,Holt_Winters,17.97,26.18,96.62,Raw California Organic Almonds Unsalted 3 lb,Grocery & Pantry,Nuts & Snacks,8.0,18.489999771118164
FC-East,SKU-GROC-002,2025-01-03,3,68.99,Holt_Winters,18.23,33.26,104.72,Raw California Organic Almonds Unsalted 3 lb,Grocery & Pantry,Nuts & Snacks,8.0,18.489999771118164
FC-East,SKU-GROC-002,2025-01-04,4,78.88,Holt_Winters,18.49,42.64,115.12,Raw California Organic Almonds Unsalted 3 lb,Grocery & Pantry,Nuts & Snacks,8.0,18.489999771118164
FC-East,SKU-GROC-002,2025-01-05,5,74.65,Holt_Winters,18.74,37.92,111.38,Raw California Organic Almonds Unsalted 3 lb,Grocery & Pantry,Nuts & Snacks,8.0,18.489999771118164
FC-East,SKU-GROC-002,2025-01-06,6,56.25,Holt_Winters,18.99,19.03,93.47,Raw California Organic Almonds Unsalted 3 lb,Grocery & Pantry,Nuts & Snacks,8.0,18.489999771118164
FC-East,SKU-GROC-002,2025-01-07,7,58.8,Holt_Winters,19.24,21.09,96.51,Raw California Organic Almonds Unsalted 3 lb,Grocery & Pantry,Nuts & Snacks,8.0,18.489999771118164
FC-East,SKU-GROC-002,2025-01-08,8,59.76,Holt_Winters,19.48,21.58,97.94,Raw California Organic Almonds Unsalted 3 lb,Grocery & Pantry,Nuts & Snacks,8.0,18.489999771118164
FC-East,SKU-GROC-002,2025-01-09,9,61.42,Holt_Winters,19.72,22.77,100.07,Raw California Organic Almonds Unsalted 3 lb,Grocery & Pantry,Nuts & Snacks,8.0,18.489999771118164
FC-East,SKU-GROC-002,2025-01-10,10,69.01,Holt_Winters,19.96,29.89,108.13,Raw California Organic Almonds Unsalted 3 lb,Grocery & Pantry,Nuts & Snacks,8.0,18.489999771118164
FC-East,SKU-GROC-002,2025-01-11,11,78.9,Holt_Winters,20.19,39.33,118.47,Raw California Organic Almonds Unsalted 3 lb,Grocery & Pantry,Nuts & Snacks,8.0,18.489999771118164
FC-East,SKU-GROC-002,2025-01-12,12,74.67,Holt_Winters,20.42,34.65,114.69,Raw California Organic Almonds Unsalted 3 lb,Grocery & Pantry,Nuts & Snacks,8.0,18.489999771118164
FC-East,SKU-GROC-002,2025-01-13,13,56.27,Holt_Winters,20.65,15.8,96.74,Raw California Organic Almonds Unsalted 3 lb,Grocery & Pantry,Nuts & Snacks,8.0,18.489999771118164
FC-East,SKU-GROC-002,2025-01-14,14,58.82,Holt_Winters,20.88,17.9,99.74,Raw California Organic Almonds Unsalted 3 lb,Grocery & Pantry,Nuts & Snacks,8.0,18.489999771118164
FC-East,SKU-GROC-002,2025-01-15,15,59.78,Holt_Winters,21.1,18.42,101.14,Raw California Organic Almonds Unsalted 3 lb,Grocery & Pantry,Nuts & Snacks,8.0,18.489999771118164
FC-East,SKU-GROC-002,2025-01-16,16,61.45,Holt_Winters,21.33,19.64,103.26,Raw California Organic Almonds Unsalted 3 lb,Grocery & Pantry,Nuts & Snacks,8.0,18.489999771118164
FC-East,SKU-GROC-002,2025-01-17,17,69.03,Holt_Winters,21.55,26.79,111.27,Raw California Organic Almonds Unsalted 3 lb,Grocery & Pantry,Nuts & Snacks,8.0,18.489999771118164
FC-East,SKU-GROC-002,2025-01-18,18,78.93,Holt_Winters,21.76,36.28,121.58,Raw California Organic Almonds Unsalted 3 lb,Grocery & Pantry,Nuts & Snacks,8.0,18.489999771118164
FC-East,SKU-GROC-002,2025-01-19,19,74.69,Holt_Winters,21.98,31.61,117.77,Raw California Organic Almonds Unsalted 3 lb,Grocery & Pantry,Nuts & Snacks,8.0,18.489999771118164
FC-East,SKU-GROC-002,2025-01-20,20,56.29,Holt_Winters,22.19,12.8,99.78,Raw California Organic Almonds Unsalted 3 lb,Grocery & Pantry,Nuts & Snacks,8.0,18.489999771118164
FC-East,SKU-GROC-002,2025-01-21,21,58.84,Holt_Winters,22.4,14.94,102.74,Raw California Organic Almonds Unsalted 3 lb,Grocery & Pantry,Nuts & Snacks,8.0,18.489999771118164
FC-East,SKU-GROC-002,2025-01-22,22,59.81,Holt_Winters,22.61,15.49,104.13,Raw California Organic Almonds Unsalted 3 lb,Grocery & Pantry,Nuts & Snacks,8.0,18.489999771118164
FC-East,SKU-GROC-002,2025-01-23,23,61.47,Holt_Winters,22.82,16.74,106.2,Raw California Organic Almonds Unsalted 3 lb,Grocery & Pantry,Nuts & Snacks,8.0,18.489999771118164
FC-East,SKU-GROC-002,2025-01-24,24,69.05,Holt_Winters,23.02,23.93,114.17,Raw California Organic Almonds Unsalted 3 lb,Grocery & Pantry,Nuts & Snacks,8.0,18.489999771118164
FC-East,SKU-GROC-002,2025-01-25,25,78.95,Holt_Winters,23.23,33.42,124.48,Raw California Organic Almonds Unsalted 3 lb,Grocery & Pantry,Nuts & Snacks,8.0,18.489999771118164
FC-East,SKU-GROC-002,2025-01-26,26,74.72,Holt_Winters,23.43,28.8,120.64,Raw California Organic Almonds Unsalted 3 lb,Grocery & Pantry,Nuts & Snacks,8.0,18.489999771118164
FC-East,SKU-GROC-002,2025-01-27,27,56.32,Holt_Winters,23.63,10.01,102.63,Raw California Organic Almonds Unsalted 3 lb,Grocery & Pantry,Nuts & Snacks,8.0,18.489999771118164
FC-East,SKU-GROC-002,2025-01-28,28,58.87,Holt_Winters,23.83,12.16,105.58,Raw California Organic Almonds Unsalted 3 lb,Grocery & Pantry,Nuts & Snacks,8.0,18.489999771118164
FC-East,SKU-GROC-003,2025-01-01,1,63.69,Holt_Winters,17.71,28.98,98.4,Extra Virgin Cold-Pressed Olive Oil 1 Liter,Grocery & Pantry,Oils & Vinegars,8.5,19.989999771118164
FC-East,SKU-GROC-003,2025-01-02,2,65.93,Holt_Winters,17.97,30.71,101.15,Extra Virgin Cold-Pressed Olive Oil 1 Liter,Grocery & Pantry,Oils & Vinegars,8.5,19.989999771118164
FC-East,SKU-GROC-003,2025-01-03,3,73.83,Holt_Winters,18.23,38.1,109.56,Extra Virgin Cold-Pressed Olive Oil 1 Liter,Grocery & Pantry,Oils & Vinegars,8.5,19.989999771118164
FC-East,SKU-GROC-003,2025-01-04,4,82.88,Holt_Winters,18.49,46.64,119.12,Extra Virgin Cold-Pressed Olive Oil 1 Liter,Grocery & Pantry,Oils & Vinegars,8.5,19.989999771118164
FC-East,SKU-GROC-003,2025-01-05,5,74.58,Holt_Winters,18.74,37.85,111.31,Extra Virgin Cold-Pressed Olive Oil 1 Liter,Grocery & Pantry,Oils & Vinegars,8.5,19.989999771118164
FC-East,SKU-GROC-003,2025-01-06,6,61.64,Holt_Winters,18.99,24.42,98.86,Extra Virgin Cold-Pressed Olive Oil 1 Liter,Grocery & Pantry,Oils & Vinegars,8.5,19.989999771118164
FC-East,SKU-GROC-003,2025-01-07,7,61.63,Holt_Winters,19.24,23.92,99.34,Extra Virgin Cold-Pressed Olive Oil 1 Liter,Grocery & Pantry,Oils & Vinegars,8.5,19.989999771118164
FC-East,SKU-GROC-003,2025-01-08,8,63.91,Holt_Winters,19.48,25.73,102.09,Extra Virgin Cold-Pressed Olive Oil 1 Liter,Grocery & Pantry,Oils & Vinegars,8.5,19.989999771118164
FC-East,SKU-GROC-003,2025-01-09,9,66.15,Holt_Winters,19.72,27.5,104.8,Extra Virgin Cold-Pressed Olive Oil 1 Liter,Grocery & Pantry,Oils & Vinegars,8.5,19.989999771118164
FC-East,SKU-GROC-003,2025-01-10,10,74.05,Holt_Winters,19.96,34.93,113.17,Extra Virgin Cold-Pressed Olive Oil 1 Liter,Grocery & Pantry,Oils & Vinegars,8.5,19.989999771118164
FC-East,SKU-GROC-003,2025-01-11,11,83.1,Holt_Winters,20.19,43.53,122.67,Extra Virgin Cold-Pressed Olive Oil 1 Liter,Grocery & Pantry,Oils & Vinegars,8.5,19.989999771118164
FC-East,SKU-GROC-003,2025-01-12,12,74.8,Holt_Winters,20.42,34.78,114.82,Extra Virgin Cold-Pressed Olive Oil 1 Liter,Grocery & Pantry,Oils & Vinegars,8.5,19.989999771118164
FC-East,SKU-GROC-003,2025-01-13,13,61.86,Holt_Winters,20.65,21.39,102.33,Extra Virgin Cold-Pressed Olive Oil 1 Liter,Grocery & Pantry,Oils & Vinegars,8.5,19.989999771118164
FC-East,SKU-GROC-003,2025-01-14,14,61.85,Holt_Winters,20.88,20.93,102.77,Extra Virgin Cold-Pressed Olive Oil 1 Liter,Grocery & Pantry,Oils & Vinegars,8.5,19.989999771118164
FC-East,SKU-GROC-003,2025-01-15,15,64.13,Holt_Winters,21.1,22.77,105.49,Extra Virgin Cold-Pressed Olive Oil 1 Liter,Grocery & Pantry,Oils & Vinegars,8.5,19.989999771118164
FC-East,SKU-GROC-003,2025-01-16,16,66.37,Holt_Winters,21.33,24.56,108.18,Extra Virgin Cold-Pressed Olive Oil 1 Liter,Grocery & Pantry,Oils & Vinegars,8.5,19.989999771118164
FC-East,SKU-GROC-003,2025-01-17,17,74.27,Holt_Winters,21.55,32.03,116.51,Extra Virgin Cold-Pressed Olive Oil 1 Liter,Grocery & Pantry,Oils & Vinegars,8.5,19.989999771118164
FC-East,SKU-GROC-003,2025-01-18,18,83.32,Holt_Winters,21.76,40.67,125.97,Extra Virgin Cold-Pressed Olive Oil 1 Liter,Grocery & Pantry,Oils & Vinegars,8.5,19.989999771118164
FC-East,SKU-GROC-003,2025-01-19,19,75.01,Holt_Winters,21.98,31.93,118.09,Extra Virgin Cold-Pressed Olive Oil 1 Liter,Grocery & Pantry,Oils & Vinegars,8.5,19.989999771118164
FC-East,SKU-GROC-003,2025-01-20,20,62.08,Holt_Winters,22.19,18.59,105.57,Extra Virgin Cold-Pressed Olive Oil 1 Liter,Grocery & Pantry,Oils & Vinegars,8.5,19.989999771118164
FC-East,SKU-GROC-003,2025-01-21,21,62.06,Holt_Winters,22.4,18.16,105.96,Extra Virgin Cold-Pressed Olive Oil 1 Liter,Grocery & Pantry,Oils & Vinegars,8.5,19.989999771118164
FC-East,SKU-GROC-003,2025-01-22,22,64.34,Holt_Winters,22.61,20.02,108.66,Extra Virgin Cold-Pressed Olive Oil 1 Liter,Grocery & Pantry,Oils & Vinegars,8.5,19.989999771118164
FC-East,SKU-GROC-003,2025-01-23,23,66.59,Holt_Winters,22.82,21.86,111.32,Extra Virgin Cold-Pressed Olive Oil 1 Liter,Grocery & Pantry,Oils & Vinegars,8.5,19.989999771118164
FC-East,SKU-GROC-003,2025-01-24,24,74.49,Holt_Winters,23.02,29.37,119.61,Extra Virgin Cold-Pressed Olive Oil 1 Liter,Grocery & Pantry,Oils & Vinegars,8.5,19.989999771118164
FC-East,SKU-GROC-003,2025-01-25,25,83.53,Holt_Winters,23.23,38.0,129.06,Extra Virgin Cold-Pressed Olive Oil 1 Liter,Grocery & Pantry,Oils & Vinegars,8.5,19.989999771118164
FC-East,SKU-GROC-003,2025-01-26,26,75.23,Holt_Winters,23.43,29.31,121.15,Extra Virgin Cold-Pressed Olive Oil 1 Liter,Grocery & Pantry,Oils & Vinegars,8.5,19.989999771118164
FC-East,SKU-GROC-003,2025-01-27,27,62.3,Holt_Winters,23.63,15.99,108.61,Extra Virgin Cold-Pressed Olive Oil 1 Liter,Grocery & Pantry,Oils & Vinegars,8.5,19.989999771118164
FC-East,SKU-GROC-003,2025-01-28,28,62.28,Holt_Winters,23.83,15.57,108.99,Extra Virgin Cold-Pressed Olive Oil 1 Liter,Grocery & Pantry,Oils & Vinegars,8.5,19.989999771118164
FC-East,SKU-GROC-004,2025-01-01,1,41.28,Holt_Winters,17.71,6.57,75.99,Organic Ceremonial Grade Matcha Green Tea 100g,Grocery & Pantry,Coffee & Tea,12.2,29.989999771118164
FC-East,SKU-GROC-004,2025-01-02,2,42.78,Holt_Winters,17.97,7.56,78.0,Organic Ceremonial Grade Matcha Green Tea 100g,Grocery & Pantry,Coffee & Tea,12.2,29.989999771118164
FC-East,SKU-GROC-004,2025-01-03,3,48.8,Holt_Winters,18.23,13.07,84.53,Organic Ceremonial Grade Matcha Green Tea 100g,Grocery & Pantry,Coffee & Tea,12.2,29.989999771118164
FC-East,SKU-GROC-004,2025-01-04,4,53.73,Holt_Winters,18.49,17.49,89.97,Organic Ceremonial Grade Matcha Green Tea 100g,Grocery & Pantry,Coffee & Tea,12.2,29.989999771118164
FC-East,SKU-GROC-004,2025-01-05,5,49.02,Holt_Winters,18.74,12.29,85.75,Organic Ceremonial Grade Matcha Green Tea 100g,Grocery & Pantry,Coffee & Tea,12.2,29.989999771118164
FC-East,SKU-GROC-004,2025-01-06,6,38.86,Holt_Winters,18.99,1.64,76.08,Organic Ceremonial Grade Matcha Green Tea 100g,Grocery & Pantry,Coffee & Tea,12.2,29.989999771118164
FC-East,SKU-GROC-004,2025-01-07,7,42.17,Holt_Winters,19.24,4.46,79.88,Organic Ceremonial Grade Matcha Green Tea 100g,Grocery & Pantry,Coffee & Tea,12.2,29.989999771118164
FC-East,SKU-GROC-004,2025-01-08,8,41.42,Holt_Winters,19.48,3.24,79.6,Organic Ceremonial Grade Matcha Green Tea 100g,Grocery & Pantry,Coffee & Tea,12.2,29.989999771118164
FC-East,SKU-GROC-004,2025-01-09,9,42.91,Holt_Winters,19.72,4.26,81.56,Organic Ceremonial Grade Matcha Green Tea 100g,Grocery & Pantry,Coffee & Tea,12.2,29.989999771118164
FC-East,SKU-GROC-004,2025-01-10,10,48.93,Holt_Winters,19.96,9.81,88.05,Organic Ceremonial Grade Matcha Green Tea 100g,Grocery & Pantry,Coffee & Tea,12.2,29.989999771118164
FC-East,SKU-GROC-004,2025-01-11,11,53.87,Holt_Winters,20.19,14.3,93.44,Organic Ceremonial Grade Matcha Green Tea 100g,Grocery & Pantry,Coffee & Tea,12.2,29.989999771118164
FC-East,SKU-GROC-004,2025-01-12,12,49.16,Holt_Winters,20.42,9.14,89.18,Organic Ceremonial Grade Matcha Green Tea 100g,Grocery & Pantry,Coffee & Tea,12.2,29.989999771118164
FC-East,SKU-GROC-004,2025-01-13,13,38.99,Holt_Winters,20.65,0.0,79.46,Organic Ceremonial Grade Matcha Green Tea 100g,Grocery & Pantry,Coffee & Tea,12.2,29.989999771118164
FC-East,SKU-GROC-004,2025-01-14,14,42.31,Holt_Winters,20.88,1.39,83.23,Organic Ceremonial Grade Matcha Green Tea 100g,Grocery & Pantry,Coffee & Tea,12.2,29.989999771118164
FC-East,SKU-GROC-004,2025-01-15,15,41.55,Holt_Winters,21.1,0.19,82.91,Organic Ceremonial Grade Matcha Green Tea 100g,Grocery & Pantry,Coffee & Tea,12.2,29.989999771118164
FC-East,SKU-GROC-004,2025-01-16,16,43.04,Holt_Winters,21.33,1.23,84.85,Organic Ceremonial Grade Matcha Green Tea 100g,Grocery & Pantry,Coffee & Tea,12.2,29.989999771118164
FC-East,SKU-GROC-004,2025-01-17,17,49.06,Holt_Winters,21.55,6.82,91.3,Organic Ceremonial Grade Matcha Green Tea 100g,Grocery & Pantry,Coffee & Tea,12.2,29.989999771118164
FC-East,SKU-GROC-004,2025-01-18,18,54.0,Holt_Winters,21.76,11.35,96.65,Organic Ceremonial Grade Matcha Green Tea 100g,Grocery & Pantry,Coffee & Tea,12.2,29.989999771118164
FC-East,SKU-GROC-004,2025-01-19,19,49.29,Holt_Winters,21.98,6.21,92.37,Organic Ceremonial Grade Matcha Green Tea 100g,Grocery & Pantry,Coffee & Tea,12.2,29.989999771118164
FC-East,SKU-GROC-004,2025-01-20,20,39.13,Holt_Winters,22.19,0.0,82.62,Organic Ceremonial Grade Matcha Green Tea 100g,Grocery & Pantry,Coffee & Tea,12.2,29.989999771118164
FC-East,SKU-GROC-004,2025-01-21,21,42.44,Holt_Winters,22.4,0.0,86.34,Organic Ceremonial Grade Matcha Green Tea 100g,Grocery & Pantry,Coffee & Tea,12.2,29.989999771118164
FC-East,SKU-GROC-004,2025-01-22,22,41.68,Holt_Winters,22.61,0.0,86.0,Organic Ceremonial Grade Matcha Green Tea 100g,Grocery & Pantry,Coffee & Tea,12.2,29.989999771118164
FC-East,SKU-GROC-004,2025-01-23,23,43.18,Holt_Winters,22.82,0.0,87.91,Organic Ceremonial Grade Matcha Green Tea 100g,Grocery & Pantry,Coffee & Tea,12.2,29.989999771118164
FC-East,SKU-GROC-004,2025-01-24,24,49.19,Holt_Winters,23.02,4.07,94.31,Organic Ceremonial Grade Matcha Green Tea 100g,Grocery & Pantry,Coffee & Tea,12.2,29.989999771118164
FC-East,SKU-GROC-004,2025-01-25,25,54.13,Holt_Winters,23.23,8.6,99.66,Organic Ceremonial Grade Matcha Green Tea 100g,Grocery & Pantry,Coffee & Tea,12.2,29.989999771118164
FC-East,SKU-GROC-004,2025-01-26,26,49.42,Holt_Winters,23.43,3.5,95.34,Organic Ceremonial Grade Matcha Green Tea 100g,Grocery & Pantry,Coffee & Tea,12.2,29.989999771118164
FC-East,SKU-GROC-004,2025-01-27,27,39.26,Holt_Winters,23.63,0.0,85.57,Organic Ceremonial Grade Matcha Green Tea 100g,Grocery & Pantry,Coffee & Tea,12.2,29.989999771118164
FC-East,SKU-GROC-004,2025-01-28,28,42.57,Holt_Winters,23.83,0.0,89.28,Organic Ceremonial Grade Matcha Green Tea 100g,Grocery & Pantry,Coffee & Tea,12.2,29.989999771118164
FC-East,SKU-GROC-005,2025-01-01,1,98.29,Holt_Winters,17.71,63.58,133.0,Artisanal Holiday Spiced Hot Cocoa Mix 500g,Grocery & Pantry,Seasonal Beverages,5.6,14.989999771118164
FC-East,SKU-GROC-005,2025-01-02,2,97.76,Holt_Winters,17.97,62.54,132.98,Artisanal Holiday Spiced Hot Cocoa Mix 500g,Grocery & Pantry,Seasonal Beverages,5.6,14.989999771118164
FC-East,SKU-GROC-005,2025-01-03,3,100.45,Holt_Winters,18.23,64.72,136.18,Artisanal Holiday Spiced Hot Cocoa Mix 500g,Grocery & Pantry,Seasonal Beverages,5.6,14.989999771118164
FC-East,SKU-GROC-005,2025-01-04,4,110.44,Holt_Winters,18.49,74.2,146.68,Artisanal Holiday Spiced Hot Cocoa Mix 500g,Grocery & Pantry,Seasonal Beverages,5.6,14.989999771118164
FC-East,SKU-GROC-005,2025-01-05,5,101.82,Holt_Winters,18.74,65.09,138.55,Artisanal Holiday Spiced Hot Cocoa Mix 500g,Grocery & Pantry,Seasonal Beverages,5.6,14.989999771118164
FC-East,SKU-GROC-005,2025-01-06,6,91.6,Holt_Winters,18.99,54.38,128.82,Artisanal Holiday Spiced Hot Cocoa Mix 500g,Grocery & Pantry,Seasonal Beverages,5.6,14.989999771118164
FC-East,SKU-GROC-005,2025-01-07,7,93.15,Holt_Winters,19.24,55.44,130.86,Artisanal Holiday Spiced Hot Cocoa Mix 500g,Grocery & Pantry,Seasonal Beverages,5.6,14.989999771118164
FC-East,SKU-GROC-005,2025-01-08,8,98.78,Holt_Winters,19.48,60.6,136.96,Artisanal Holiday Spiced Hot Cocoa Mix 500g,Grocery & Pantry,Seasonal Beverages,5.6,14.989999771118164
FC-East,SKU-GROC-005,2025-01-09,9,98.26,Holt_Winters,19.72,59.61,136.91,Artisanal Holiday Spiced Hot Cocoa Mix 500g,Grocery & Pantry,Seasonal Beverages,5.6,14.989999771118164
FC-East,SKU-GROC-005,2025-01-10,10,100.94,Holt_Winters,19.96,61.82,140.06,Artisanal Holiday Spiced Hot Cocoa Mix 500g,Grocery & Pantry,Seasonal Beverages,5.6,14.989999771118164
FC-East,SKU-GROC-005,2025-01-11,11,110.94,Holt_Winters,20.19,71.37,150.51,Artisanal Holiday Spiced Hot Cocoa Mix 500g,Grocery & Pantry,Seasonal Beverages,5.6,14.989999771118164
FC-East,SKU-GROC-005,2025-01-12,12,102.31,Holt_Winters,20.42,62.29,142.33,Artisanal Holiday Spiced Hot Cocoa Mix 500g,Grocery & Pantry,Seasonal Beverages,5.6,14.989999771118164
FC-East,SKU-GROC-005,2025-01-13,13,92.09,Holt_Winters,20.65,51.62,132.56,Artisanal Holiday Spiced Hot Cocoa Mix 500g,Grocery & Pantry,Seasonal Beverages,5.6,14.989999771118164
FC-East,SKU-GROC-005,2025-01-14,14,93.64,Holt_Winters,20.88,52.72,134.56,Artisanal Holiday Spiced Hot Cocoa Mix 500g,Grocery & Pantry,Seasonal Beverages,5.6,14.989999771118164
FC-East,SKU-GROC-005,2025-01-15,15,99.27,Holt_Winters,21.1,57.91,140.63,Artisanal Holiday Spiced Hot Cocoa Mix 500g,Grocery & Pantry,Seasonal Beverages,5.6,14.989999771118164
FC-East,SKU-GROC-005,2025-01-16,16,98.75,Holt_Winters,21.33,56.94,140.56,Artisanal Holiday Spiced Hot Cocoa Mix 500g,Grocery & Pantry,Seasonal Beverages,5.6,14.989999771118164
FC-East,SKU-GROC-005,2025-01-17,17,101.43,Holt_Winters,21.55,59.19,143.67,Artisanal Holiday Spiced Hot Cocoa Mix 500g,Grocery & Pantry,Seasonal Beverages,5.6,14.989999771118164
FC-East,SKU-GROC-005,2025-01-18,18,111.43,Holt_Winters,21.76,68.78,154.08,Artisanal Holiday Spiced Hot Cocoa Mix 500g,Grocery & Pantry,Seasonal Beverages,5.6,14.989999771118164
FC-East,SKU-GROC-005,2025-01-19,19,102.8,Holt_Winters,21.98,59.72,145.88,Artisanal Holiday Spiced Hot Cocoa Mix 500g,Grocery & Pantry,Seasonal Beverages,5.6,14.989999771118164
FC-East,SKU-GROC-005,2025-01-20,20,92.58,Holt_Winters,22.19,49.09,136.07,Artisanal Holiday Spiced Hot Cocoa Mix 500g,Grocery & Pantry,Seasonal Beverages,5.6,14.989999771118164
FC-East,SKU-GROC-005,2025-01-21,21,94.13,Holt_Winters,22.4,50.23,138.03,Artisanal Holiday Spiced Hot Cocoa Mix 500g,Grocery & Pantry,Seasonal Beverages,5.6,14.989999771118164
FC-East,SKU-GROC-005,2025-01-22,22,99.76,Holt_Winters,22.61,55.44,144.08,Artisanal Holiday Spiced Hot Cocoa Mix 500g,Grocery & Pantry,Seasonal Beverages,5.6,14.989999771118164
FC-East,SKU-GROC-005,2025-01-23,23,99.24,Holt_Winters,22.82,54.51,143.97,Artisanal Holiday Spiced Hot Cocoa Mix 500g,Grocery & Pantry,Seasonal Beverages,5.6,14.989999771118164
FC-East,SKU-GROC-005,2025-01-24,24,101.92,Holt_Winters,23.02,56.8,147.04,Artisanal Holiday Spiced Hot Cocoa Mix 500g,Grocery & Pantry,Seasonal Beverages,5.6,14.989999771118164
FC-East,SKU-GROC-005,2025-01-25,25,111.92,Holt_Winters,23.23,66.39,157.45,Artisanal Holiday Spiced Hot Cocoa Mix 500g,Grocery & Pantry,Seasonal Beverages,5.6,14.989999771118164
FC-East,SKU-GROC-005,2025-01-26,26,103.29,Holt_Winters,23.43,57.37,149.21,Artisanal Holiday Spiced Hot Cocoa Mix 500g,Grocery & Pantry,Seasonal Beverages,5.6,14.989999771118164
FC-East,SKU-GROC-005,2025-01-27,27,93.07,Holt_Winters,23.63,46.76,139.38,Artisanal Holiday Spiced Hot Cocoa Mix 500g,Grocery & Pantry,Seasonal Beverages,5.6,14.989999771118164
FC-East,SKU-GROC-005,2025-01-28,28,94.62,Holt_Winters,23.83,47.91,141.33,Artisanal Holiday Spiced Hot Cocoa Mix 500g,Grocery & Pantry,Seasonal Beverages,5.6,14.989999771118164
FC-East,SKU-GROC-006,2025-01-01,1,40.62,Holt_Winters,17.71,5.91,75.33,Electrolyte Enhanced Sparkling Mineral Water (24-Pack),Grocery & Pantry,Beverages,11.8,26.989999771118164
FC-East,SKU-GROC-006,2025-01-02,2,40.69,Holt_Winters,17.97,5.47,75.91,Electrolyte Enhanced Sparkling Mineral Water (24-Pack),Grocery & Pantry,Beverages,11.8,26.989999771118164
FC-East,SKU-GROC-006,2025-01-03,3,51.86,Holt_Winters,18.23,16.13,87.59,Electrolyte Enhanced Sparkling Mineral Water (24-Pack),Grocery & Pantry,Beverages,11.8,26.989999771118164
FC-East,SKU-GROC-006,2025-01-04,4,58.42,Holt_Winters,18.49,22.18,94.66,Electrolyte Enhanced Sparkling Mineral Water (24-Pack),Grocery & Pantry,Beverages,11.8,26.989999771118164
FC-East,SKU-GROC-006,2025-01-05,5,50.97,Holt_Winters,18.74,14.24,87.7,Electrolyte Enhanced Sparkling Mineral Water (24-Pack),Grocery & Pantry,Beverages,11.8,26.989999771118164
FC-East,SKU-GROC-006,2025-01-06,6,31.39,Holt_Winters,18.99,0.0,68.61,Electrolyte Enhanced Sparkling Mineral Water (24-Pack),Grocery & Pantry,Beverages,11.8,26.989999771118164
FC-East,SKU-GROC-006,2025-01-07,7,34.71,Holt_Winters,19.24,0.0,72.42,Electrolyte Enhanced Sparkling Mineral Water (24-Pack),Grocery & Pantry,Beverages,11.8,26.989999771118164
FC-East,SKU-GROC-006,2025-01-08,8,37.95,Holt_Winters,19.48,0.0,76.13,Electrolyte Enhanced Sparkling Mineral Water (24-Pack),Grocery & Pantry,Beverages,11.8,26.989999771118164
FC-East,SKU-GROC-006,2025-01-09,9,38.01,Holt_Winters,19.72,0.0,76.66,Electrolyte Enhanced Sparkling Mineral Water (24-Pack),Grocery & Pantry,Beverages,11.8,26.989999771118164
FC-East,SKU-GROC-006,2025-01-10,10,49.18,Holt_Winters,19.96,10.06,88.3,Electrolyte Enhanced Sparkling Mineral Water (24-Pack),Grocery & Pantry,Beverages,11.8,26.989999771118164
FC-East,SKU-GROC-006,2025-01-11,11,55.75,Holt_Winters,20.19,16.18,95.32,Electrolyte Enhanced Sparkling Mineral Water (24-Pack),Grocery & Pantry,Beverages,11.8,26.989999771118164
FC-East,SKU-GROC-006,2025-01-12,12,48.3,Holt_Winters,20.42,8.28,88.32,Electrolyte Enhanced Sparkling Mineral Water (24-Pack),Grocery & Pantry,Beverages,11.8,26.989999771118164
FC-East,SKU-GROC-006,2025-01-13,13,28.72,Holt_Winters,20.65,0.0,69.19,Electrolyte Enhanced Sparkling Mineral Water (24-Pack),Grocery & Pantry,Beverages,11.8,26.989999771118164
FC-East,SKU-GROC-006,2025-01-14,14,32.04,Holt_Winters,20.88,0.0,72.96,Electrolyte Enhanced Sparkling Mineral Water (24-Pack),Grocery & Pantry,Beverages,11.8,26.989999771118164
FC-East,SKU-GROC-006,2025-01-15,15,35.28,Holt_Winters,21.1,0.0,76.64,Electrolyte Enhanced Sparkling Mineral Water (24-Pack),Grocery & Pantry,Beverages,11.8,26.989999771118164
FC-East,SKU-GROC-006,2025-01-16,16,35.34,Holt_Winters,21.33,0.0,77.15,Electrolyte Enhanced Sparkling Mineral Water (24-Pack),Grocery & Pantry,Beverages,11.8,26.989999771118164
FC-East,SKU-GROC-006,2025-01-17,17,46.51,Holt_Winters,21.55,4.27,88.75,Electrolyte Enhanced Sparkling Mineral Water (24-Pack),Grocery & Pantry,Beverages,11.8,26.989999771118164
FC-East,SKU-GROC-006,2025-01-18,18,53.08,Holt_Winters,21.76,10.43,95.73,Electrolyte Enhanced Sparkling Mineral Water (24-Pack),Grocery & Pantry,Beverages,11.8,26.989999771118164
FC-East,SKU-GROC-006,2025-01-19,19,45.63,Holt_Winters,21.98,2.55,88.71,Electrolyte Enhanced Sparkling Mineral Water (24-Pack),Grocery & Pantry,Beverages,11.8,26.989999771118164
FC-East,SKU-GROC-006,2025-01-20,20,26.05,Holt_Winters,22.19,0.0,69.54,Electrolyte Enhanced Sparkling Mineral Water (24-Pack),Grocery & Pantry,Beverages,11.8,26.989999771118164
FC-East,SKU-GROC-006,2025-01-21,21,29.37,Holt_Winters,22.4,0.0,73.27,Electrolyte Enhanced Sparkling Mineral Water (24-Pack),Grocery & Pantry,Beverages,11.8,26.989999771118164
FC-East,SKU-GROC-006,2025-01-22,22,32.61,Holt_Winters,22.61,0.0,76.93,Electrolyte Enhanced Sparkling Mineral Water (24-Pack),Grocery & Pantry,Beverages,11.8,26.989999771118164
FC-East,SKU-GROC-006,2025-01-23,23,32.67,Holt_Winters,22.82,0.0,77.4,Electrolyte Enhanced Sparkling Mineral Water (24-Pack),Grocery & Pantry,Beverages,11.8,26.989999771118164
FC-East,SKU-GROC-006,2025-01-24,24,43.84,Holt_Winters,23.02,0.0,88.96,Electrolyte Enhanced Sparkling Mineral Water (24-Pack),Grocery & Pantry,Beverages,11.8,26.989999771118164
FC-East,SKU-GROC-006,2025-01-25,25,50.41,Holt_Winters,23.23,4.88,95.94,Electrolyte Enhanced Sparkling Mineral Water (24-Pack),Grocery & Pantry,Beverages,11.8,26.989999771118164
FC-East,SKU-GROC-006,2025-01-26,26,42.96,Holt_Winters,23.43,0.0,88.88,Electrolyte Enhanced Sparkling Mineral Water (24-Pack),Grocery & Pantry,Beverages,11.8,26.989999771118164
FC-East,SKU-GROC-006,2025-01-27,27,23.38,Holt_Winters,23.63,0.0,69.69,Electrolyte Enhanced Sparkling Mineral Water (24-Pack),Grocery & Pantry,Beverages,11.8,26.989999771118164
FC-East,SKU-GROC-006,2025-01-28,28,26.7,Holt_Winters,23.83,0.0,73.41,Electrolyte Enhanced Sparkling Mineral Water (24-Pack),Grocery & Pantry,Beverages,11.8,26.989999771118164
FC-East,SKU-GROC-007,2025-01-01,1,17.25,Holt_Winters,17.71,0.0,51.96,Artificially Flavored Breakfast Cereal Marshmallow 18oz,Grocery & Pantry,Cereals,2.2,5.489999771118164
FC-East,SKU-GROC-007,2025-01-02,2,16.3,Holt_Winters,17.97,0.0,51.52,Artificially Flavored Breakfast Cereal Marshmallow 18oz,Grocery & Pantry,Cereals,2.2,5.489999771118164
FC-East,SKU-GROC-007,2025-01-03,3,21.21,Holt_Winters,18.23,0.0,56.94,Artificially Flavored Breakfast Cereal Marshmallow 18oz,Grocery & Pantry,Cereals,2.2,5.489999771118164
FC-East,SKU-GROC-007,2025-01-04,4,23.89,Holt_Winters,18.49,0.0,60.13,Artificially Flavored Breakfast Cereal Marshmallow 18oz,Grocery & Pantry,Cereals,2.2,5.489999771118164
FC-East,SKU-GROC-007,2025-01-05,5,21.1,Holt_Winters,18.74,0.0,57.83,Artificially Flavored Breakfast Cereal Marshmallow 18oz,Grocery & Pantry,Cereals,2.2,5.489999771118164
FC-East,SKU-GROC-007,2025-01-06,6,13.72,Holt_Winters,18.99,0.0,50.94,Artificially Flavored Breakfast Cereal Marshmallow 18oz,Grocery & Pantry,Cereals,2.2,5.489999771118164
FC-East,SKU-GROC-007,2025-01-07,7,16.21,Holt_Winters,19.24,0.0,53.92,Artificially Flavored Breakfast Cereal Marshmallow 18oz,Grocery & Pantry,Cereals,2.2,5.489999771118164
FC-East,SKU-GROC-007,2025-01-08,8,17.16,Holt_Winters,19.48,0.0,55.34,Artificially Flavored Breakfast Cereal Marshmallow 18oz,Grocery & Pantry,Cereals,2.2,5.489999771118164
FC-East,SKU-GROC-007,2025-01-09,9,16.2,Holt_Winters,19.72,0.0,54.85,Artificially Flavored Breakfast Cereal Marshmallow 18oz,Grocery & Pantry,Cereals,2.2,5.489999771118164
FC-East,SKU-GROC-007,2025-01-10,10,21.11,Holt_Winters,19.96,0.0,60.23,Artificially Flavored Breakfast Cereal Marshmallow 18oz,Grocery & Pantry,Cereals,2.2,5.489999771118164
FC-East,SKU-GROC-007,2025-01-11,11,23.79,Holt_Winters,20.19,0.0,63.36,Artificially Flavored Breakfast Cereal Marshmallow 18oz,Grocery & Pantry,Cereals,2.2,5.489999771118164
FC-East,SKU-GROC-007,2025-01-12,12,21.0,Holt_Winters,20.42,0.0,61.02,Artificially Flavored Breakfast Cereal Marshmallow 18oz,Grocery & Pantry,Cereals,2.2,5.489999771118164
FC-East,SKU-GROC-007,2025-01-13,13,13.62,Holt_Winters,20.65,0.0,54.09,Artificially Flavored Breakfast Cereal Marshmallow 18oz,Grocery & Pantry,Cereals,2.2,5.489999771118164
FC-East,SKU-GROC-007,2025-01-14,14,16.11,Holt_Winters,20.88,0.0,57.03,Artificially Flavored Breakfast Cereal Marshmallow 18oz,Grocery & Pantry,Cereals,2.2,5.489999771118164
FC-East,SKU-GROC-007,2025-01-15,15,17.06,Holt_Winters,21.1,0.0,58.42,Artificially Flavored Breakfast Cereal Marshmallow 18oz,Grocery & Pantry,Cereals,2.2,5.489999771118164
FC-East,SKU-GROC-007,2025-01-16,16,16.11,Holt_Winters,21.33,0.0,57.92,Artificially Flavored Breakfast Cereal Marshmallow 18oz,Grocery & Pantry,Cereals,2.2,5.489999771118164
FC-East,SKU-GROC-007,2025-01-17,17,21.01,Holt_Winters,21.55,0.0,63.25,Artificially Flavored Breakfast Cereal Marshmallow 18oz,Grocery & Pantry,Cereals,2.2,5.489999771118164
FC-East,SKU-GROC-007,2025-01-18,18,23.69,Holt_Winters,21.76,0.0,66.34,Artificially Flavored Breakfast Cereal Marshmallow 18oz,Grocery & Pantry,Cereals,2.2,5.489999771118164
FC-East,SKU-GROC-007,2025-01-19,19,20.9,Holt_Winters,21.98,0.0,63.98,Artificially Flavored Breakfast Cereal Marshmallow 18oz,Grocery & Pantry,Cereals,2.2,5.489999771118164
FC-East,SKU-GROC-007,2025-01-20,20,13.52,Holt_Winters,22.19,0.0,57.01,Artificially Flavored Breakfast Cereal Marshmallow 18oz,Grocery & Pantry,Cereals,2.2,5.489999771118164
FC-East,SKU-GROC-007,2025-01-21,21,16.01,Holt_Winters,22.4,0.0,59.91,Artificially Flavored Breakfast Cereal Marshmallow 18oz,Grocery & Pantry,Cereals,2.2,5.489999771118164
FC-East,SKU-GROC-007,2025-01-22,22,16.96,Holt_Winters,22.61,0.0,61.28,Artificially Flavored Breakfast Cereal Marshmallow 18oz,Grocery & Pantry,Cereals,2.2,5.489999771118164
FC-East,SKU-GROC-007,2025-01-23,23,16.01,Holt_Winters,22.82,0.0,60.74,Artificially Flavored Breakfast Cereal Marshmallow 18oz,Grocery & Pantry,Cereals,2.2,5.489999771118164
FC-East,SKU-GROC-007,2025-01-24,24,20.91,Holt_Winters,23.02,0.0,66.03,Artificially Flavored Breakfast Cereal Marshmallow 18oz,Grocery & Pantry,Cereals,2.2,5.489999771118164
FC-East,SKU-GROC-007,2025-01-25,25,23.59,Holt_Winters,23.23,0.0,69.12,Artificially Flavored Breakfast Cereal Marshmallow 18oz,Grocery & Pantry,Cereals,2.2,5.489999771118164
FC-East,SKU-GROC-007,2025-01-26,26,20.8,Holt_Winters,23.43,0.0,66.72,Artificially Flavored Breakfast Cereal Marshmallow 18oz,Grocery & Pantry,Cereals,2.2,5.489999771118164
FC-East,SKU-GROC-007,2025-01-27,27,13.42,Holt_Winters,23.63,0.0,59.73,Artificially Flavored Breakfast Cereal Marshmallow 18oz,Grocery & Pantry,Cereals,2.2,5.489999771118164
FC-East,SKU-GROC-007,2025-01-28,28,15.91,Holt_Winters,23.83,0.0,62.62,Artificially Flavored Breakfast Cereal Marshmallow 18oz,Grocery & Pantry,Cereals,2.2,5.489999771118164
FC-East,SKU-GROC-008,2025-01-01,1,68.0,Holt_Winters,17.71,33.29,102.71,Gourmet Dark Chocolate Sea Salt Truffles Gift Box,Grocery & Pantry,Confections,9.9,24.989999771118164
FC-East,SKU-GROC-008,2025-01-02,2,70.48,Holt_Winters,17.97,35.26,105.7,Gourmet Dark Chocolate Sea Salt Truffles Gift Box,Grocery & Pantry,Confections,9.9,24.989999771118164
FC-East,SKU-GROC-008,2025-01-03,3,76.47,Holt_Winters,18.23,40.74,112.2,Gourmet Dark Chocolate Sea Salt Truffles Gift Box,Grocery & Pantry,Confections,9.9,24.989999771118164
FC-East,SKU-GROC-008,2025-01-04,4,83.41,Holt_Winters,18.49,47.17,119.65,Gourmet Dark Chocolate Sea Salt Truffles Gift Box,Grocery & Pantry,Confections,9.9,24.989999771118164
FC-East,SKU-GROC-008,2025-01-05,5,80.8,Holt_Winters,18.74,44.07,117.53,Gourmet Dark Chocolate Sea Salt Truffles Gift Box,Grocery & Pantry,Confections,9.9,24.989999771118164
FC-East,SKU-GROC-008,2025-01-06,6,67.17,Holt_Winters,18.99,29.95,104.39,Gourmet Dark Chocolate Sea Salt Truffles Gift Box,Grocery & Pantry,Confections,9.9,24.989999771118164
FC-East,SKU-GROC-008,2025-01-07,7,69.64,Holt_Winters,19.24,31.93,107.35,Gourmet Dark Chocolate Sea Salt Truffles Gift Box,Grocery & Pantry,Confections,9.9,24.989999771118164
FC-East,SKU-GROC-008,2025-01-08,8,68.37,Holt_Winters,19.48,30.19,106.55,Gourmet Dark Chocolate Sea Salt Truffles Gift Box,Grocery & Pantry,Confections,9.9,24.989999771118164
FC-East,SKU-GROC-008,2025-01-09,9,70.85,Holt_Winters,19.72,32.2,109.5,Gourmet Dark Chocolate Sea Salt Truffles Gift Box,Grocery & Pantry,Confections,9.9,24.989999771118164
FC-East,SKU-GROC-008,2025-01-10,10,76.84,Holt_Winters,19.96,37.72,115.96,Gourmet Dark Chocolate Sea Salt Truffles Gift Box,Grocery & Pantry,Confections,9.9,24.989999771118164
FC-East,SKU-GROC-008,2025-01-11,11,83.78,Holt_Winters,20.19,44.21,123.35,Gourmet Dark Chocolate Sea Salt Truffles Gift Box,Grocery & Pantry,Confections,9.9,24.989999771118164
FC-East,SKU-GROC-008,2025-01-12,12,81.17,Holt_Winters,20.42,41.15,121.19,Gourmet Dark Chocolate Sea Salt Truffles Gift Box,Grocery & Pantry,Confections,9.9,24.989999771118164
FC-East,SKU-GROC-008,2025-01-13,13,67.54,Holt_Winters,20.65,27.07,108.01,Gourmet Dark Chocolate Sea Salt Truffles Gift Box,Grocery & Pantry,Confections,9.9,24.989999771118164
FC-East,SKU-GROC-008,2025-01-14,14,70.01,Holt_Winters,20.88,29.09,110.93,Gourmet Dark Chocolate Sea Salt Truffles Gift Box,Grocery & Pantry,Confections,9.9,24.989999771118164
FC-East,SKU-GROC-008,2025-01-15,15,68.74,Holt_Winters,21.1,27.38,110.1,Gourmet Dark Chocolate Sea Salt Truffles Gift Box,Grocery & Pantry,Confections,9.9,24.989999771118164
FC-East,SKU-GROC-008,2025-01-16,16,71.22,Holt_Winters,21.33,29.41,113.03,Gourmet Dark Chocolate Sea Salt Truffles Gift Box,Grocery & Pantry,Confections,9.9,24.989999771118164
FC-East,SKU-GROC-008,2025-01-17,17,77.21,Holt_Winters,21.55,34.97,119.45,Gourmet Dark Chocolate Sea Salt Truffles Gift Box,Grocery & Pantry,Confections,9.9,24.989999771118164
FC-East,SKU-GROC-008,2025-01-18,18,84.15,Holt_Winters,21.76,41.5,126.8,Gourmet Dark Chocolate Sea Salt Truffles Gift Box,Grocery & Pantry,Confections,9.9,24.989999771118164
FC-East,SKU-GROC-008,2025-01-19,19,81.54,Holt_Winters,21.98,38.46,124.62,Gourmet Dark Chocolate Sea Salt Truffles Gift Box,Grocery & Pantry,Confections,9.9,24.989999771118164
FC-East,SKU-GROC-008,2025-01-20,20,67.91,Holt_Winters,22.19,24.42,111.4,Gourmet Dark Chocolate Sea Salt Truffles Gift Box,Grocery & Pantry,Confections,9.9,24.989999771118164
FC-East,SKU-GROC-008,2025-01-21,21,70.38,Holt_Winters,22.4,26.48,114.28,Gourmet Dark Chocolate Sea Salt Truffles Gift Box,Grocery & Pantry,Confections,9.9,24.989999771118164
FC-East,SKU-GROC-008,2025-01-22,22,69.11,Holt_Winters,22.61,24.79,113.43,Gourmet Dark Chocolate Sea Salt Truffles Gift Box,Grocery & Pantry,Confections,9.9,24.989999771118164
FC-East,SKU-GROC-008,2025-01-23,23,71.59,Holt_Winters,22.82,26.86,116.32,Gourmet Dark Chocolate Sea Salt Truffles Gift Box,Grocery & Pantry,Confections,9.9,24.989999771118164
FC-East,SKU-GROC-008,2025-01-24,24,77.58,Holt_Winters,23.02,32.46,122.7,Gourmet Dark Chocolate Sea Salt Truffles Gift Box,Grocery & Pantry,Confections,9.9,24.989999771118164
FC-East,SKU-GROC-008,2025-01-25,25,84.52,Holt_Winters,23.23,38.99,130.05,Gourmet Dark Chocolate Sea Salt Truffles Gift Box,Grocery & Pantry,Confections,9.9,24.989999771118164
FC-East,SKU-GROC-008,2025-01-26,26,81.91,Holt_Winters,23.43,35.99,127.83,Gourmet Dark Chocolate Sea Salt Truffles Gift Box,Grocery & Pantry,Confections,9.9,24.989999771118164
FC-East,SKU-GROC-008,2025-01-27,27,68.28,Holt_Winters,23.63,21.97,114.59,Gourmet Dark Chocolate Sea Salt Truffles Gift Box,Grocery & Pantry,Confections,9.9,24.989999771118164
FC-East,SKU-GROC-008,2025-01-28,28,70.75,Holt_Winters,23.83,24.04,117.46,Gourmet Dark Chocolate Sea Salt Truffles Gift Box,Grocery & Pantry,Confections,9.9,24.989999771118164
FC-East,SKU-GROC-009,2025-01-01,1,3.51,Holt_Winters,17.71,0.0,38.22,Bulk Food Grade Citric Acid Crystals 50 lb Sack,Grocery & Pantry,Bulk Ingredients,38.0,89.0
FC-East,SKU-GROC-009,2025-01-02,2,2.76,Holt_Winters,17.97,0.0,37.98,Bulk Food Grade Citric Acid Crystals 50 lb Sack,Grocery & Pantry,Bulk Ingredients,38.0,89.0
FC-East,SKU-GROC-009,2025-01-03,3,3.12,Holt_Winters,18.23,0.0,38.85,Bulk Food Grade Citric Acid Crystals 50 lb Sack,Grocery & Pantry,Bulk Ingredients,38.0,89.0
FC-East,SKU-GROC-009,2025-01-04,4,3.86,Holt_Winters,18.49,0.0,40.1,Bulk Food Grade Citric Acid Crystals 50 lb Sack,Grocery & Pantry,Bulk Ingredients,38.0,89.0
FC-East,SKU-GROC-009,2025-01-05,5,3.46,Holt_Winters,18.74,0.0,40.19,Bulk Food Grade Citric Acid Crystals 50 lb Sack,Grocery & Pantry,Bulk Ingredients,38.0,89.0
FC-East,SKU-GROC-009,2025-01-06,6,4.05,Holt_Winters,18.99,0.0,41.27,Bulk Food Grade Citric Acid Crystals 50 lb Sack,Grocery & Pantry,Bulk Ingredients,38.0,89.0
FC-East,SKU-GROC-009,2025-01-07,7,3.17,Holt_Winters,19.24,0.0,40.88,Bulk Food Grade Citric Acid Crystals 50 lb Sack,Grocery & Pantry,Bulk Ingredients,38.0,89.0
FC-East,SKU-GROC-009,2025-01-08,8,3.5,Holt_Winters,19.48,0.0,41.68,Bulk Food Grade Citric Acid Crystals 50 lb Sack,Grocery & Pantry,Bulk Ingredients,38.0,89.0
FC-East,SKU-GROC-009,2025-01-09,9,2.75,Holt_Winters,19.72,0.0,41.4,Bulk Food Grade Citric Acid Crystals 50 lb Sack,Grocery & Pantry,Bulk Ingredients,38.0,89.0
FC-East,SKU-GROC-009,2025-01-10,10,3.11,Holt_Winters,19.96,0.0,42.23,Bulk Food Grade Citric Acid Crystals 50 lb Sack,Grocery & Pantry,Bulk Ingredients,38.0,89.0
FC-East,SKU-GROC-009,2025-01-11,11,3.85,Holt_Winters,20.19,0.0,43.42,Bulk Food Grade Citric Acid Crystals 50 lb Sack,Grocery & Pantry,Bulk Ingredients,38.0,89.0
FC-East,SKU-GROC-009,2025-01-12,12,3.45,Holt_Winters,20.42,0.0,43.47,Bulk Food Grade Citric Acid Crystals 50 lb Sack,Grocery & Pantry,Bulk Ingredients,38.0,89.0
FC-East,SKU-GROC-009,2025-01-13,13,4.04,Holt_Winters,20.65,0.0,44.51,Bulk Food Grade Citric Acid Crystals 50 lb Sack,Grocery & Pantry,Bulk Ingredients,38.0,89.0
FC-East,SKU-GROC-009,2025-01-14,14,3.16,Holt_Winters,20.88,0.0,44.08,Bulk Food Grade Citric Acid Crystals 50 lb Sack,Grocery & Pantry,Bulk Ingredients,38.0,89.0
FC-East,SKU-GROC-009,2025-01-15,15,3.5,Holt_Winters,21.1,0.0,44.86,Bulk Food Grade Citric Acid Crystals 50 lb Sack,Grocery & Pantry,Bulk Ingredients,38.0,89.0
FC-East,SKU-GROC-009,2025-01-16,16,2.75,Holt_Winters,21.33,0.0,44.56,Bulk Food Grade Citric Acid Crystals 50 lb Sack,Grocery & Pantry,Bulk Ingredients,38.0,89.0
FC-East,SKU-GROC-009,2025-01-17,17,3.11,Holt_Winters,21.55,0.0,45.35,Bulk Food Grade Citric Acid Crystals 50 lb Sack,Grocery & Pantry,Bulk Ingredients,38.0,89.0
FC-East,SKU-GROC-009,2025-01-18,18,3.85,Holt_Winters,21.76,0.0,46.5,Bulk Food Grade Citric Acid Crystals 50 lb Sack,Grocery & Pantry,Bulk Ingredients,38.0,89.0
FC-East,SKU-GROC-009,2025-01-19,19,3.45,Holt_Winters,21.98,0.0,46.53,Bulk Food Grade Citric Acid Crystals 50 lb Sack,Grocery & Pantry,Bulk Ingredients,38.0,89.0
FC-East,SKU-GROC-009,2025-01-20,20,4.04,Holt_Winters,22.19,0.0,47.53,Bulk Food Grade Citric Acid Crystals 50 lb Sack,Grocery & Pantry,Bulk Ingredients,38.0,89.0
FC-East,SKU-GROC-009,2025-01-21,21,3.16,Holt_Winters,22.4,0.0,47.06,Bulk Food Grade Citric Acid Crystals 50 lb Sack,Grocery & Pantry,Bulk Ingredients,38.0,89.0
FC-East,SKU-GROC-009,2025-01-22,22,3.49,Holt_Winters,22.61,0.0,47.81,Bulk Food Grade Citric Acid Crystals 50 lb Sack,Grocery & Pantry,Bulk Ingredients,38.0,89.0
FC-East,SKU-GROC-009,2025-01-23,23,2.74,Holt_Winters,22.82,0.0,47.47,Bulk Food Grade Citric Acid Crystals 50 lb Sack,Grocery & Pantry,Bulk Ingredients,38.0,89.0
FC-East,SKU-GROC-009,2025-01-24,24,3.1,Holt_Winters,23.02,0.0,48.22,Bulk Food Grade Citric Acid Crystals 50 lb Sack,Grocery & Pantry,Bulk Ingredients,38.0,89.0
FC-East,SKU-GROC-009,2025-01-25,25,3.85,Holt_Winters,23.23,0.0,49.38,Bulk Food Grade Citric Acid Crystals 50 lb Sack,Grocery & Pantry,Bulk Ingredients,38.0,89.0
FC-East,SKU-GROC-009,2025-01-26,26,3.45,Holt_Winters,23.43,0.0,49.37,Bulk Food Grade Citric Acid Crystals 50 lb Sack,Grocery & Pantry,Bulk Ingredients,38.0,89.0
FC-East,SKU-GROC-009,2025-01-27,27,4.04,Holt_Winters,23.63,0.0,50.35,Bulk Food Grade Citric Acid Crystals 50 lb Sack,Grocery & Pantry,Bulk Ingredients,38.0,89.0
FC-East,SKU-GROC-009,2025-01-28,28,3.16,Holt_Winters,23.83,0.0,49.87,Bulk Food Grade Citric Acid Crystals 50 lb Sack,Grocery & Pantry,Bulk Ingredients,38.0,89.0
FC-East,SKU-GROC-010,2025-01-01,1,6.91,Holt_Winters,17.71,0.0,41.62,Imported White Truffle Infused Olive Oil Reserve 250ml,Grocery & Pantry,Gourmet Specialty,29.0,64.98999786376953
FC-East,SKU-GROC-010,2025-01-02,2,9.14,Holt_Winters,17.97,0.0,44.36,Imported White Truffle Infused Olive Oil Reserve 250ml,Grocery & Pantry,Gourmet Specialty,29.0,64.98999786376953
FC-East,SKU-GROC-010,2025-01-03,3,8.67,Holt_Winters,18.23,0.0,44.4,Imported White Truffle Infused Olive Oil Reserve 250ml,Grocery & Pantry,Gourmet Specialty,29.0,64.98999786376953
FC-East,SKU-GROC-010,2025-01-04,4,9.15,Holt_Winters,18.49,0.0,45.39,Imported White Truffle Infused Olive Oil Reserve 250ml,Grocery & Pantry,Gourmet Specialty,29.0,64.98999786376953
FC-East,SKU-GROC-010,2025-01-05,5,9.66,Holt_Winters,18.74,0.0,46.39,Imported White Truffle Infused Olive Oil Reserve 250ml,Grocery & Pantry,Gourmet Specialty,29.0,64.98999786376953
FC-East,SKU-GROC-010,2025-01-06,6,6.06,Holt_Winters,18.99,0.0,43.28,Imported White Truffle Infused Olive Oil Reserve 250ml,Grocery & Pantry,Gourmet Specialty,29.0,64.98999786376953
FC-East,SKU-GROC-010,2025-01-07,7,7.16,Holt_Winters,19.24,0.0,44.87,Imported White Truffle Infused Olive Oil Reserve 250ml,Grocery & Pantry,Gourmet Specialty,29.0,64.98999786376953
FC-East,SKU-GROC-010,2025-01-08,8,6.91,Holt_Winters,19.48,0.0,45.09,Imported White Truffle Infused Olive Oil Reserve 250ml,Grocery & Pantry,Gourmet Specialty,29.0,64.98999786376953
FC-East,SKU-GROC-010,2025-01-09,9,9.14,Holt_Winters,19.72,0.0,47.79,Imported White Truffle Infused Olive Oil Reserve 250ml,Grocery & Pantry,Gourmet Specialty,29.0,64.98999786376953
FC-East,SKU-GROC-010,2025-01-10,10,8.68,Holt_Winters,19.96,0.0,47.8,Imported White Truffle Infused Olive Oil Reserve 250ml,Grocery & Pantry,Gourmet Specialty,29.0,64.98999786376953
FC-East,SKU-GROC-010,2025-01-11,11,9.15,Holt_Winters,20.19,0.0,48.72,Imported White Truffle Infused Olive Oil Reserve 250ml,Grocery & Pantry,Gourmet Specialty,29.0,64.98999786376953
FC-East,SKU-GROC-010,2025-01-12,12,9.66,Holt_Winters,20.42,0.0,49.68,Imported White Truffle Infused Olive Oil Reserve 250ml,Grocery & Pantry,Gourmet Specialty,29.0,64.98999786376953
FC-East,SKU-GROC-010,2025-01-13,13,6.06,Holt_Winters,20.65,0.0,46.53,Imported White Truffle Infused Olive Oil Reserve 250ml,Grocery & Pantry,Gourmet Specialty,29.0,64.98999786376953
FC-East,SKU-GROC-010,2025-01-14,14,7.16,Holt_Winters,20.88,0.0,48.08,Imported White Truffle Infused Olive Oil Reserve 250ml,Grocery & Pantry,Gourmet Specialty,29.0,64.98999786376953
FC-East,SKU-GROC-010,2025-01-15,15,6.91,Holt_Winters,21.1,0.0,48.27,Imported White Truffle Infused Olive Oil Reserve 250ml,Grocery & Pantry,Gourmet Specialty,29.0,64.98999786376953
FC-East,SKU-GROC-010,2025-01-16,16,9.14,Holt_Winters,21.33,0.0,50.95,Imported White Truffle Infused Olive Oil Reserve 250ml,Grocery & Pantry,Gourmet Specialty,29.0,64.98999786376953
FC-East,SKU-GROC-010,2025-01-17,17,8.68,Holt_Winters,21.55,0.0,50.92,Imported White Truffle Infused Olive Oil Reserve 250ml,Grocery & Pantry,Gourmet Specialty,29.0,64.98999786376953
FC-East,SKU-GROC-010,2025-01-18,18,9.15,Holt_Winters,21.76,0.0,51.8,Imported White Truffle Infused Olive Oil Reserve 250ml,Grocery & Pantry,Gourmet Specialty,29.0,64.98999786376953
FC-East,SKU-GROC-010,2025-01-19,19,9.67,Holt_Winters,21.98,0.0,52.75,Imported White Truffle Infused Olive Oil Reserve 250ml,Grocery & Pantry,Gourmet Specialty,29.0,64.98999786376953
FC-East,SKU-GROC-010,2025-01-20,20,6.07,Holt_Winters,22.19,0.0,49.56,Imported White Truffle Infused Olive Oil Reserve 250ml,Grocery & Pantry,Gourmet Specialty,29.0,64.98999786376953
FC-East,SKU-GROC-010,2025-01-21,21,7.16,Holt_Winters,22.4,0.0,51.06,Imported White Truffle Infused Olive Oil Reserve 250ml,Grocery & Pantry,Gourmet Specialty,29.0,64.98999786376953
FC-East,SKU-GROC-010,2025-01-22,22,6.91,Holt_Winters,22.61,0.0,51.23,Imported White Truffle Infused Olive Oil Reserve 250ml,Grocery & Pantry,Gourmet Specialty,29.0,64.98999786376953
FC-East,SKU-GROC-010,2025-01-23,23,9.14,Holt_Winters,22.82,0.0,53.87,Imported White Truffle Infused Olive Oil Reserve 250ml,Grocery & Pantry,Gourmet Specialty,29.0,64.98999786376953
FC-East,SKU-GROC-010,2025-01-24,24,8.68,Holt_Winters,23.02,0.0,53.8,Imported White Truffle Infused Olive Oil Reserve 250ml,Grocery & Pantry,Gourmet Specialty,29.0,64.98999786376953
FC-East,SKU-GROC-010,2025-01-25,25,9.15,Holt_Winters,23.23,0.0,54.68,Imported White Truffle Infused Olive Oil Reserve 250ml,Grocery & Pantry,Gourmet Specialty,29.0,64.98999786376953
FC-East,SKU-GROC-010,2025-01-26,26,9.67,Holt_Winters,23.43,0.0,55.59,Imported White Truffle Infused Olive Oil Reserve 250ml,Grocery & Pantry,Gourmet Specialty,29.0,64.98999786376953
FC-East,SKU-GROC-010,2025-01-27,27,6.07,Holt_Winters,23.63,0.0,52.38,Imported White Truffle Infused Olive Oil Reserve 250ml,Grocery & Pantry,Gourmet Specialty,29.0,64.98999786376953
FC-East,SKU-GROC-010,2025-01-28,28,7.16,Holt_Winters,23.83,0.0,53.87,Imported White Truffle Infused Olive Oil Reserve 250ml,Grocery & Pantry,Gourmet Specialty,29.0,64.98999786376953
FC-East,SKU-HLTH-001,2025-01-01,1,71.39,Holt_Winters,17.71,36.68,106.1,Daily Multivitamin Formula with Zinc & D3 (90 Count),Health & Care,Supplements,8.9,22.989999771118164
FC-East,SKU-HLTH-001,2025-01-02,2,70.71,Holt_Winters,17.97,35.49,105.93,Daily Multivitamin Formula with Zinc & D3 (90 Count),Health & Care,Supplements,8.9,22.989999771118164
FC-East,SKU-HLTH-001,2025-01-03,3,82.4,Holt_Winters,18.23,46.67,118.13,Daily Multivitamin Formula with Zinc & D3 (90 Count),Health & Care,Supplements,8.9,22.989999771118164
FC-East,SKU-HLTH-001,2025-01-04,4,89.5,Holt_Winters,18.49,53.26,125.74,Daily Multivitamin Formula with Zinc & D3 (90 Count),Health & Care,Supplements,8.9,22.989999771118164
FC-East,SKU-HLTH-001,2025-01-05,5,86.52,Holt_Winters,18.74,49.79,123.25,Daily Multivitamin Formula with Zinc & D3 (90 Count),Health & Care,Supplements,8.9,22.989999771118164
FC-East,SKU-HLTH-001,2025-01-06,6,67.19,Holt_Winters,18.99,29.97,104.41,Daily Multivitamin Formula with Zinc & D3 (90 Count),Health & Care,Supplements,8.9,22.989999771118164
FC-East,SKU-HLTH-001,2025-01-07,7,65.11,Holt_Winters,19.24,27.4,102.82,Daily Multivitamin Formula with Zinc & D3 (90 Count),Health & Care,Supplements,8.9,22.989999771118164
FC-East,SKU-HLTH-001,2025-01-08,8,71.45,Holt_Winters,19.48,33.27,109.63,Daily Multivitamin Formula with Zinc & D3 (90 Count),Health & Care,Supplements,8.9,22.989999771118164
FC-East,SKU-HLTH-001,2025-01-09,9,70.76,Holt_Winters,19.72,32.11,109.41,Daily Multivitamin Formula with Zinc & D3 (90 Count),Health & Care,Supplements,8.9,22.989999771118164
FC-East,SKU-HLTH-001,2025-01-10,10,82.45,Holt_Winters,19.96,43.33,121.57,Daily Multivitamin Formula with Zinc & D3 (90 Count),Health & Care,Supplements,8.9,22.989999771118164
FC-East,SKU-HLTH-001,2025-01-11,11,89.56,Holt_Winters,20.19,49.99,129.13,Daily Multivitamin Formula with Zinc & D3 (90 Count),Health & Care,Supplements,8.9,22.989999771118164
FC-East,SKU-HLTH-001,2025-01-12,12,86.58,Holt_Winters,20.42,46.56,126.6,Daily Multivitamin Formula with Zinc & D3 (90 Count),Health & Care,Supplements,8.9,22.989999771118164
FC-East,SKU-HLTH-001,2025-01-13,13,67.25,Holt_Winters,20.65,26.78,107.72,Daily Multivitamin Formula with Zinc & D3 (90 Count),Health & Care,Supplements,8.9,22.989999771118164
FC-East,SKU-HLTH-001,2025-01-14,14,65.17,Holt_Winters,20.88,24.25,106.09,Daily Multivitamin Formula with Zinc & D3 (90 Count),Health & Care,Supplements,8.9,22.989999771118164
FC-East,SKU-HLTH-001,2025-01-15,15,71.51,Holt_Winters,21.1,30.15,112.87,Daily Multivitamin Formula with Zinc & D3 (90 Count),Health & Care,Supplements,8.9,22.989999771118164
FC-East,SKU-HLTH-001,2025-01-16,16,70.82,Holt_Winters,21.33,29.01,112.63,Daily Multivitamin Formula with Zinc & D3 (90 Count),Health & Care,Supplements,8.9,22.989999771118164
FC-East,SKU-HLTH-001,2025-01-17,17,82.51,Holt_Winters,21.55,40.27,124.75,Daily Multivitamin Formula with Zinc & D3 (90 Count),Health & Care,Supplements,8.9,22.989999771118164
FC-East,SKU-HLTH-001,2025-01-18,18,89.61,Holt_Winters,21.76,46.96,132.26,Daily Multivitamin Formula with Zinc & D3 (90 Count),Health & Care,Supplements,8.9,22.989999771118164
FC-East,SKU-HLTH-001,2025-01-19,19,86.64,Holt_Winters,21.98,43.56,129.72,Daily Multivitamin Formula with Zinc & D3 (90 Count),Health & Care,Supplements,8.9,22.989999771118164
FC-East,SKU-HLTH-001,2025-01-20,20,67.31,Holt_Winters,22.19,23.82,110.8,Daily Multivitamin Formula with Zinc & D3 (90 Count),Health & Care,Supplements,8.9,22.989999771118164
FC-East,SKU-HLTH-001,2025-01-21,21,65.23,Holt_Winters,22.4,21.33,109.13,Daily Multivitamin Formula with Zinc & D3 (90 Count),Health & Care,Supplements,8.9,22.989999771118164
FC-East,SKU-HLTH-001,2025-01-22,22,71.56,Holt_Winters,22.61,27.24,115.88,Daily Multivitamin Formula with Zinc & D3 (90 Count),Health & Care,Supplements,8.9,22.989999771118164
FC-East,SKU-HLTH-001,2025-01-23,23,70.88,Holt_Winters,22.82,26.15,115.61,Daily Multivitamin Formula with Zinc & D3 (90 Count),Health & Care,Supplements,8.9,22.989999771118164
FC-East,SKU-HLTH-001,2025-01-24,24,82.57,Holt_Winters,23.02,37.45,127.69,Daily Multivitamin Formula with Zinc & D3 (90 Count),Health & Care,Supplements,8.9,22.989999771118164
FC-East,SKU-HLTH-001,2025-01-25,25,89.67,Holt_Winters,23.23,44.14,135.2,Daily Multivitamin Formula with Zinc & D3 (90 Count),Health & Care,Supplements,8.9,22.989999771118164
FC-East,SKU-HLTH-001,2025-01-26,26,86.7,Holt_Winters,23.43,40.78,132.62,Daily Multivitamin Formula with Zinc & D3 (90 Count),Health & Care,Supplements,8.9,22.989999771118164
FC-East,SKU-HLTH-001,2025-01-27,27,67.36,Holt_Winters,23.63,21.05,113.67,Daily Multivitamin Formula with Zinc & D3 (90 Count),Health & Care,Supplements,8.9,22.989999771118164
FC-East,SKU-HLTH-001,2025-01-28,28,65.29,Holt_Winters,23.83,18.58,112.0,Daily Multivitamin Formula with Zinc & D3 (90 Count),Health & Care,Supplements,8.9,22.989999771118164
FC-East,SKU-HLTH-002,2025-01-01,1,41.17,Holt_Winters,17.71,6.46,75.88,Mineral Broad-Spectrum Sunscreen Lotion SPF 50 6oz,Health & Care,Suncare,6.8,17.989999771118164
FC-East,SKU-HLTH-002,2025-01-02,2,42.26,Holt_Winters,17.97,7.04,77.48,Mineral Broad-Spectrum Sunscreen Lotion SPF 50 6oz,Health & Care,Suncare,6.8,17.989999771118164
FC-East,SKU-HLTH-002,2025-01-03,3,58.8,Holt_Winters,18.23,23.07,94.53,Mineral Broad-Spectrum Sunscreen Lotion SPF 50 6oz,Health & Care,Suncare,6.8,17.989999771118164
FC-East,SKU-HLTH-002,2025-01-04,4,65.23,Holt_Winters,18.49,28.99,101.47,Mineral Broad-Spectrum Sunscreen Lotion SPF 50 6oz,Health & Care,Suncare,6.8,17.989999771118164
FC-East,SKU-HLTH-002,2025-01-05,5,52.5,Holt_Winters,18.74,15.77,89.23,Mineral Broad-Spectrum Sunscreen Lotion SPF 50 6oz,Health & Care,Suncare,6.8,17.989999771118164
FC-East,SKU-HLTH-002,2025-01-06,6,44.18,Holt_Winters,18.99,6.96,81.4,Mineral Broad-Spectrum Sunscreen Lotion SPF 50 6oz,Health & Care,Suncare,6.8,17.989999771118164
FC-East,SKU-HLTH-002,2025-01-07,7,40.58,Holt_Winters,19.24,2.87,78.29,Mineral Broad-Spectrum Sunscreen Lotion SPF 50 6oz,Health & Care,Suncare,6.8,17.989999771118164
FC-East,SKU-HLTH-002,2025-01-08,8,41.33,Holt_Winters,19.48,3.15,79.51,Mineral Broad-Spectrum Sunscreen Lotion SPF 50 6oz,Health & Care,Suncare,6.8,17.989999771118164
FC-East,SKU-HLTH-002,2025-01-09,9,42.42,Holt_Winters,19.72,3.77,81.07,Mineral Broad-Spectrum Sunscreen Lotion SPF 50 6oz,Health & Care,Suncare,6.8,17.989999771118164
FC-East,SKU-HLTH-002,2025-01-10,10,58.95,Holt_Winters,19.96,19.83,98.07,Mineral Broad-Spectrum Sunscreen Lotion SPF 50 6oz,Health & Care,Suncare,6.8,17.989999771118164
FC-East,SKU-HLTH-002,2025-01-11,11,65.39,Holt_Winters,20.19,25.82,104.96,Mineral Broad-Spectrum Sunscreen Lotion SPF 50 6oz,Health & Care,Suncare,6.8,17.989999771118164
FC-East,SKU-HLTH-002,2025-01-12,12,52.66,Holt_Winters,20.42,12.64,92.68,Mineral Broad-Spectrum Sunscreen Lotion SPF 50 6oz,Health & Care,Suncare,6.8,17.989999771118164
FC-East,SKU-HLTH-002,2025-01-13,13,44.34,Holt_Winters,20.65,3.87,84.81,Mineral Broad-Spectrum Sunscreen Lotion SPF 50 6oz,Health & Care,Suncare,6.8,17.989999771118164
FC-East,SKU-HLTH-002,2025-01-14,14,40.73,Holt_Winters,20.88,0.0,81.65,Mineral Broad-Spectrum Sunscreen Lotion SPF 50 6oz,Health & Care,Suncare,6.8,17.989999771118164
FC-East,SKU-HLTH-002,2025-01-15,15,41.48,Holt_Winters,21.1,0.12,82.84,Mineral Broad-Spectrum Sunscreen Lotion SPF 50 6oz,Health & Care,Suncare,6.8,17.989999771118164
FC-East,SKU-HLTH-002,2025-01-16,16,42.57,Holt_Winters,21.33,0.76,84.38,Mineral Broad-Spectrum Sunscreen Lotion SPF 50 6oz,Health & Care,Suncare,6.8,17.989999771118164
FC-East,SKU-HLTH-002,2025-01-17,17,59.11,Holt_Winters,21.55,16.87,101.35,Mineral Broad-Spectrum Sunscreen Lotion SPF 50 6oz,Health & Care,Suncare,6.8,17.989999771118164
FC-East,SKU-HLTH-002,2025-01-18,18,65.54,Holt_Winters,21.76,22.89,108.19,Mineral Broad-Spectrum Sunscreen Lotion SPF 50 6oz,Health & Care,Suncare,6.8,17.989999771118164
FC-East,SKU-HLTH-002,2025-01-19,19,52.81,Holt_Winters,21.98,9.73,95.89,Mineral Broad-Spectrum Sunscreen Lotion SPF 50 6oz,Health & Care,Suncare,6.8,17.989999771118164
FC-East,SKU-HLTH-002,2025-01-20,20,44.49,Holt_Winters,22.19,1.0,87.98,Mineral Broad-Spectrum Sunscreen Lotion SPF 50 6oz,Health & Care,Suncare,6.8,17.989999771118164
FC-East,SKU-HLTH-002,2025-01-21,21,40.89,Holt_Winters,22.4,0.0,84.79,Mineral Broad-Spectrum Sunscreen Lotion SPF 50 6oz,Health & Care,Suncare,6.8,17.989999771118164
FC-East,SKU-HLTH-002,2025-01-22,22,41.63,Holt_Winters,22.61,0.0,85.95,Mineral Broad-Spectrum Sunscreen Lotion SPF 50 6oz,Health & Care,Suncare,6.8,17.989999771118164
FC-East,SKU-HLTH-002,2025-01-23,23,42.72,Holt_Winters,22.82,0.0,87.45,Mineral Broad-Spectrum Sunscreen Lotion SPF 50 6oz,Health & Care,Suncare,6.8,17.989999771118164
FC-East,SKU-HLTH-002,2025-01-24,24,59.26,Holt_Winters,23.02,14.14,104.38,Mineral Broad-Spectrum Sunscreen Lotion SPF 50 6oz,Health & Care,Suncare,6.8,17.989999771118164
FC-East,SKU-HLTH-002,2025-01-25,25,65.69,Holt_Winters,23.23,20.16,111.22,Mineral Broad-Spectrum Sunscreen Lotion SPF 50 6oz,Health & Care,Suncare,6.8,17.989999771118164
FC-East,SKU-HLTH-002,2025-01-26,26,52.96,Holt_Winters,23.43,7.04,98.88,Mineral Broad-Spectrum Sunscreen Lotion SPF 50 6oz,Health & Care,Suncare,6.8,17.989999771118164
FC-East,SKU-HLTH-002,2025-01-27,27,44.64,Holt_Winters,23.63,0.0,90.95,Mineral Broad-Spectrum Sunscreen Lotion SPF 50 6oz,Health & Care,Suncare,6.8,17.989999771118164
FC-East,SKU-HLTH-002,2025-01-28,28,41.04,Holt_Winters,23.83,0.0,87.75,Mineral Broad-Spectrum Sunscreen Lotion SPF 50 6oz,Health & Care,Suncare,6.8,17.989999771118164
FC-East,SKU-HLTH-003,2025-01-01,1,53.48,Holt_Winters,17.71,18.77,88.19,Grass-Fed Hydrolyzed Collagen Peptides Powder 1 lb,Health & Care,Nutrition,15.5,36.9900016784668
FC-East,SKU-HLTH-003,2025-01-02,2,55.66,Holt_Winters,17.97,20.44,90.88,Grass-Fed Hydrolyzed Collagen Peptides Powder 1 lb,Health & Care,Nutrition,15.5,36.9900016784668
FC-East,SKU-HLTH-003,2025-01-03,3,61.6,Holt_Winters,18.23,25.87,97.33,Grass-Fed Hydrolyzed Collagen Peptides Powder 1 lb,Health & Care,Nutrition,15.5,36.9900016784668
FC-East,SKU-HLTH-003,2025-01-04,4,67.87,Holt_Winters,18.49,31.63,104.11,Grass-Fed Hydrolyzed Collagen Peptides Powder 1 lb,Health & Care,Nutrition,15.5,36.9900016784668
FC-East,SKU-HLTH-003,2025-01-05,5,66.88,Holt_Winters,18.74,30.15,103.61,Grass-Fed Hydrolyzed Collagen Peptides Powder 1 lb,Health & Care,Nutrition,15.5,36.9900016784668
FC-East,SKU-HLTH-003,2025-01-06,6,50.26,Holt_Winters,18.99,13.04,87.48,Grass-Fed Hydrolyzed Collagen Peptides Powder 1 lb,Health & Care,Nutrition,15.5,36.9900016784668
FC-East,SKU-HLTH-003,2025-01-07,7,52.71,Holt_Winters,19.24,15.0,90.42,Grass-Fed Hydrolyzed Collagen Peptides Powder 1 lb,Health & Care,Nutrition,15.5,36.9900016784668
FC-East,SKU-HLTH-003,2025-01-08,8,53.67,Holt_Winters,19.48,15.49,91.85,Grass-Fed Hydrolyzed Collagen Peptides Powder 1 lb,Health & Care,Nutrition,15.5,36.9900016784668
FC-East,SKU-HLTH-003,2025-01-09,9,55.86,Holt_Winters,19.72,17.21,94.51,Grass-Fed Hydrolyzed Collagen Peptides Powder 1 lb,Health & Care,Nutrition,15.5,36.9900016784668
FC-East,SKU-HLTH-003,2025-01-10,10,61.79,Holt_Winters,19.96,22.67,100.91,Grass-Fed Hydrolyzed Collagen Peptides Powder 1 lb,Health & Care,Nutrition,15.5,36.9900016784668
FC-East,SKU-HLTH-003,2025-01-11,11,68.07,Holt_Winters,20.19,28.5,107.64,Grass-Fed Hydrolyzed Collagen Peptides Powder 1 lb,Health & Care,Nutrition,15.5,36.9900016784668
FC-East,SKU-HLTH-003,2025-01-12,12,67.07,Holt_Winters,20.42,27.05,107.09,Grass-Fed Hydrolyzed Collagen Peptides Powder 1 lb,Health & Care,Nutrition,15.5,36.9900016784668
FC-East,SKU-HLTH-003,2025-01-13,13,50.46,Holt_Winters,20.65,9.99,90.93,Grass-Fed Hydrolyzed Collagen Peptides Powder 1 lb,Health & Care,Nutrition,15.5,36.9900016784668
FC-East,SKU-HLTH-003,2025-01-14,14,52.9,Holt_Winters,20.88,11.98,93.82,Grass-Fed Hydrolyzed Collagen Peptides Powder 1 lb,Health & Care,Nutrition,15.5,36.9900016784668
FC-East,SKU-HLTH-003,2025-01-15,15,53.87,Holt_Winters,21.1,12.51,95.23,Grass-Fed Hydrolyzed Collagen Peptides Powder 1 lb,Health & Care,Nutrition,15.5,36.9900016784668
FC-East,SKU-HLTH-003,2025-01-16,16,56.05,Holt_Winters,21.33,14.24,97.86,Grass-Fed Hydrolyzed Collagen Peptides Powder 1 lb,Health & Care,Nutrition,15.5,36.9900016784668
FC-East,SKU-HLTH-003,2025-01-17,17,61.99,Holt_Winters,21.55,19.75,104.23,Grass-Fed Hydrolyzed Collagen Peptides Powder 1 lb,Health & Care,Nutrition,15.5,36.9900016784668
FC-East,SKU-HLTH-003,2025-01-18,18,68.26,Holt_Winters,21.76,25.61,110.91,Grass-Fed Hydrolyzed Collagen Peptides Powder 1 lb,Health & Care,Nutrition,15.5,36.9900016784668
FC-East,SKU-HLTH-003,2025-01-19,19,67.27,Holt_Winters,21.98,24.19,110.35,Grass-Fed Hydrolyzed Collagen Peptides Powder 1 lb,Health & Care,Nutrition,15.5,36.9900016784668
FC-East,SKU-HLTH-003,2025-01-20,20,50.65,Holt_Winters,22.19,7.16,94.14,Grass-Fed Hydrolyzed Collagen Peptides Powder 1 lb,Health & Care,Nutrition,15.5,36.9900016784668
FC-East,SKU-HLTH-003,2025-01-21,21,53.1,Holt_Winters,22.4,9.2,97.0,Grass-Fed Hydrolyzed Collagen Peptides Powder 1 lb,Health & Care,Nutrition,15.5,36.9900016784668
FC-East,SKU-HLTH-003,2025-01-22,22,54.07,Holt_Winters,22.61,9.75,98.39,Grass-Fed Hydrolyzed Collagen Peptides Powder 1 lb,Health & Care,Nutrition,15.5,36.9900016784668
FC-East,SKU-HLTH-003,2025-01-23,23,56.25,Holt_Winters,22.82,11.52,100.98,Grass-Fed Hydrolyzed Collagen Peptides Powder 1 lb,Health & Care,Nutrition,15.5,36.9900016784668
FC-East,SKU-HLTH-003,2025-01-24,24,62.18,Holt_Winters,23.02,17.06,107.3,Grass-Fed Hydrolyzed Collagen Peptides Powder 1 lb,Health & Care,Nutrition,15.5,36.9900016784668
FC-East,SKU-HLTH-003,2025-01-25,25,68.46,Holt_Winters,23.23,22.93,113.99,Grass-Fed Hydrolyzed Collagen Peptides Powder 1 lb,Health & Care,Nutrition,15.5,36.9900016784668
FC-East,SKU-HLTH-003,2025-01-26,26,67.47,Holt_Winters,23.43,21.55,113.39,Grass-Fed Hydrolyzed Collagen Peptides Powder 1 lb,Health & Care,Nutrition,15.5,36.9900016784668
FC-East,SKU-HLTH-003,2025-01-27,27,50.85,Holt_Winters,23.63,4.54,97.16,Grass-Fed Hydrolyzed Collagen Peptides Powder 1 lb,Health & Care,Nutrition,15.5,36.9900016784668
FC-East,SKU-HLTH-003,2025-01-28,28,53.3,Holt_Winters,23.83,6.59,100.01,Grass-Fed Hydrolyzed Collagen Peptides Powder 1 lb,Health & Care,Nutrition,15.5,36.9900016784668
FC-East,SKU-HLTH-004,2025-01-01,1,42.54,Holt_Winters,17.71,7.83,77.25,Sonic Electric Toothbrush Replacement Heads (4-Pack),Health & Care,Oral Care,10.5,29.989999771118164
FC-East,SKU-HLTH-004,2025-01-02,2,43.48,Holt_Winters,17.97,8.26,78.7,Sonic Electric Toothbrush Replacement Heads (4-Pack),Health & Care,Oral Care,10.5,29.989999771118164
FC-East,SKU-HLTH-004,2025-01-03,3,47.05,Holt_Winters,18.23,11.32,82.78,Sonic Electric Toothbrush Replacement Heads (4-Pack),Health & Care,Oral Care,10.5,29.989999771118164
FC-East,SKU-HLTH-004,2025-01-04,4,56.22,Holt_Winters,18.49,19.98,92.46,Sonic Electric Toothbrush Replacement Heads (4-Pack),Health & Care,Oral Care,10.5,29.989999771118164
FC-East,SKU-HLTH-004,2025-01-05,5,50.48,Holt_Winters,18.74,13.75,87.21,Sonic Electric Toothbrush Replacement Heads (4-Pack),Health & Care,Oral Care,10.5,29.989999771118164
FC-East,SKU-HLTH-004,2025-01-06,6,38.8,Holt_Winters,18.99,1.58,76.02,Sonic Electric Toothbrush Replacement Heads (4-Pack),Health & Care,Oral Care,10.5,29.989999771118164
FC-East,SKU-HLTH-004,2025-01-07,7,39.77,Holt_Winters,19.24,2.06,77.48,Sonic Electric Toothbrush Replacement Heads (4-Pack),Health & Care,Oral Care,10.5,29.989999771118164
FC-East,SKU-HLTH-004,2025-01-08,8,42.55,Holt_Winters,19.48,4.37,80.73,Sonic Electric Toothbrush Replacement Heads (4-Pack),Health & Care,Oral Care,10.5,29.989999771118164
FC-East,SKU-HLTH-004,2025-01-09,9,43.49,Holt_Winters,19.72,4.84,82.14,Sonic Electric Toothbrush Replacement Heads (4-Pack),Health & Care,Oral Care,10.5,29.989999771118164
FC-East,SKU-HLTH-004,2025-01-10,10,47.06,Holt_Winters,19.96,7.94,86.18,Sonic Electric Toothbrush Replacement Heads (4-Pack),Health & Care,Oral Care,10.5,29.989999771118164
FC-East,SKU-HLTH-004,2025-01-11,11,56.23,Holt_Winters,20.19,16.66,95.8,Sonic Electric Toothbrush Replacement Heads (4-Pack),Health & Care,Oral Care,10.5,29.989999771118164
FC-East,SKU-HLTH-004,2025-01-12,12,50.49,Holt_Winters,20.42,10.47,90.51,Sonic Electric Toothbrush Replacement Heads (4-Pack),Health & Care,Oral Care,10.5,29.989999771118164
FC-East,SKU-HLTH-004,2025-01-13,13,38.81,Holt_Winters,20.65,0.0,79.28,Sonic Electric Toothbrush Replacement Heads (4-Pack),Health & Care,Oral Care,10.5,29.989999771118164
FC-East,SKU-HLTH-004,2025-01-14,14,39.77,Holt_Winters,20.88,0.0,80.69,Sonic Electric Toothbrush Replacement Heads (4-Pack),Health & Care,Oral Care,10.5,29.989999771118164
FC-East,SKU-HLTH-004,2025-01-15,15,42.55,Holt_Winters,21.1,1.19,83.91,Sonic Electric Toothbrush Replacement Heads (4-Pack),Health & Care,Oral Care,10.5,29.989999771118164
FC-East,SKU-HLTH-004,2025-01-16,16,43.5,Holt_Winters,21.33,1.69,85.31,Sonic Electric Toothbrush Replacement Heads (4-Pack),Health & Care,Oral Care,10.5,29.989999771118164
FC-East,SKU-HLTH-004,2025-01-17,17,47.06,Holt_Winters,21.55,4.82,89.3,Sonic Electric Toothbrush Replacement Heads (4-Pack),Health & Care,Oral Care,10.5,29.989999771118164
FC-East,SKU-HLTH-004,2025-01-18,18,56.23,Holt_Winters,21.76,13.58,98.88,Sonic Electric Toothbrush Replacement Heads (4-Pack),Health & Care,Oral Care,10.5,29.989999771118164
FC-East,SKU-HLTH-004,2025-01-19,19,50.5,Holt_Winters,21.98,7.42,93.58,Sonic Electric Toothbrush Replacement Heads (4-Pack),Health & Care,Oral Care,10.5,29.989999771118164
FC-East,SKU-HLTH-004,2025-01-20,20,38.82,Holt_Winters,22.19,0.0,82.31,Sonic Electric Toothbrush Replacement Heads (4-Pack),Health & Care,Oral Care,10.5,29.989999771118164
FC-East,SKU-HLTH-004,2025-01-21,21,39.78,Holt_Winters,22.4,0.0,83.68,Sonic Electric Toothbrush Replacement Heads (4-Pack),Health & Care,Oral Care,10.5,29.989999771118164
FC-East,SKU-HLTH-004,2025-01-22,22,42.56,Holt_Winters,22.61,0.0,86.88,Sonic Electric Toothbrush Replacement Heads (4-Pack),Health & Care,Oral Care,10.5,29.989999771118164
FC-East,SKU-HLTH-004,2025-01-23,23,43.5,Holt_Winters,22.82,0.0,88.23,Sonic Electric Toothbrush Replacement Heads (4-Pack),Health & Care,Oral Care,10.5,29.989999771118164
FC-East,SKU-HLTH-004,2025-01-24,24,47.07,Holt_Winters,23.02,1.95,92.19,Sonic Electric Toothbrush Replacement Heads (4-Pack),Health & Care,Oral Care,10.5,29.989999771118164
FC-East,SKU-HLTH-004,2025-01-25,25,56.24,Holt_Winters,23.23,10.71,101.77,Sonic Electric Toothbrush Replacement Heads (4-Pack),Health & Care,Oral Care,10.5,29.989999771118164
FC-East,SKU-HLTH-004,2025-01-26,26,50.5,Holt_Winters,23.43,4.58,96.42,Sonic Electric Toothbrush Replacement Heads (4-Pack),Health & Care,Oral Care,10.5,29.989999771118164
FC-East,SKU-HLTH-004,2025-01-27,27,38.82,Holt_Winters,23.63,0.0,85.13,Sonic Electric Toothbrush Replacement Heads (4-Pack),Health & Care,Oral Care,10.5,29.989999771118164
FC-East,SKU-HLTH-004,2025-01-28,28,39.79,Holt_Winters,23.83,0.0,86.5,Sonic Electric Toothbrush Replacement Heads (4-Pack),Health & Care,Oral Care,10.5,29.989999771118164
FC-East,SKU-HLTH-005,2025-01-01,1,68.36,Holt_Winters,17.71,33.65,103.07,Elderberry Immune Support Syrup with Vitamin C 8oz,Health & Care,Wellness,7.4,19.989999771118164
FC-East,SKU-HLTH-005,2025-01-02,2,67.25,Holt_Winters,17.97,32.03,102.47,Elderberry Immune Support Syrup with Vitamin C 8oz,Health & Care,Wellness,7.4,19.989999771118164
FC-East,SKU-HLTH-005,2025-01-03,3,73.58,Holt_Winters,18.23,37.85,109.31,Elderberry Immune Support Syrup with Vitamin C 8oz,Health & Care,Wellness,7.4,19.989999771118164
FC-East,SKU-HLTH-005,2025-01-04,4,76.39,Holt_Winters,18.49,40.15,112.63,Elderberry Immune Support Syrup with Vitamin C 8oz,Health & Care,Wellness,7.4,19.989999771118164
FC-East,SKU-HLTH-005,2025-01-05,5,74.34,Holt_Winters,18.74,37.61,111.07,Elderberry Immune Support Syrup with Vitamin C 8oz,Health & Care,Wellness,7.4,19.989999771118164
FC-East,SKU-HLTH-005,2025-01-06,6,60.15,Holt_Winters,18.99,22.93,97.37,Elderberry Immune Support Syrup with Vitamin C 8oz,Health & Care,Wellness,7.4,19.989999771118164
FC-East,SKU-HLTH-005,2025-01-07,7,64.49,Holt_Winters,19.24,26.78,102.2,Elderberry Immune Support Syrup with Vitamin C 8oz,Health & Care,Wellness,7.4,19.989999771118164
FC-East,SKU-HLTH-005,2025-01-08,8,68.25,Holt_Winters,19.48,30.07,106.43,Elderberry Immune Support Syrup with Vitamin C 8oz,Health & Care,Wellness,7.4,19.989999771118164
FC-East,SKU-HLTH-005,2025-01-09,9,67.14,Holt_Winters,19.72,28.49,105.79,Elderberry Immune Support Syrup with Vitamin C 8oz,Health & Care,Wellness,7.4,19.989999771118164
FC-East,SKU-HLTH-005,2025-01-10,10,73.48,Holt_Winters,19.96,34.36,112.6,Elderberry Immune Support Syrup with Vitamin C 8oz,Health & Care,Wellness,7.4,19.989999771118164
FC-East,SKU-HLTH-005,2025-01-11,11,76.28,Holt_Winters,20.19,36.71,115.85,Elderberry Immune Support Syrup with Vitamin C 8oz,Health & Care,Wellness,7.4,19.989999771118164
FC-East,SKU-HLTH-005,2025-01-12,12,74.23,Holt_Winters,20.42,34.21,114.25,Elderberry Immune Support Syrup with Vitamin C 8oz,Health & Care,Wellness,7.4,19.989999771118164
FC-East,SKU-HLTH-005,2025-01-13,13,60.04,Holt_Winters,20.65,19.57,100.51,Elderberry Immune Support Syrup with Vitamin C 8oz,Health & Care,Wellness,7.4,19.989999771118164
FC-East,SKU-HLTH-005,2025-01-14,14,64.39,Holt_Winters,20.88,23.47,105.31,Elderberry Immune Support Syrup with Vitamin C 8oz,Health & Care,Wellness,7.4,19.989999771118164
FC-East,SKU-HLTH-005,2025-01-15,15,68.15,Holt_Winters,21.1,26.79,109.51,Elderberry Immune Support Syrup with Vitamin C 8oz,Health & Care,Wellness,7.4,19.989999771118164
FC-East,SKU-HLTH-005,2025-01-16,16,67.04,Holt_Winters,21.33,25.23,108.85,Elderberry Immune Support Syrup with Vitamin C 8oz,Health & Care,Wellness,7.4,19.989999771118164
FC-East,SKU-HLTH-005,2025-01-17,17,73.37,Holt_Winters,21.55,31.13,115.61,Elderberry Immune Support Syrup with Vitamin C 8oz,Health & Care,Wellness,7.4,19.989999771118164
FC-East,SKU-HLTH-005,2025-01-18,18,76.18,Holt_Winters,21.76,33.53,118.83,Elderberry Immune Support Syrup with Vitamin C 8oz,Health & Care,Wellness,7.4,19.989999771118164
FC-East,SKU-HLTH-005,2025-01-19,19,74.13,Holt_Winters,21.98,31.05,117.21,Elderberry Immune Support Syrup with Vitamin C 8oz,Health & Care,Wellness,7.4,19.989999771118164
FC-East,SKU-HLTH-005,2025-01-20,20,59.94,Holt_Winters,22.19,16.45,103.43,Elderberry Immune Support Syrup with Vitamin C 8oz,Health & Care,Wellness,7.4,19.989999771118164
FC-East,SKU-HLTH-005,2025-01-21,21,64.28,Holt_Winters,22.4,20.38,108.18,Elderberry Immune Support Syrup with Vitamin C 8oz,Health & Care,Wellness,7.4,19.989999771118164
FC-East,SKU-HLTH-005,2025-01-22,22,68.04,Holt_Winters,22.61,23.72,112.36,Elderberry Immune Support Syrup with Vitamin C 8oz,Health & Care,Wellness,7.4,19.989999771118164
FC-East,SKU-HLTH-005,2025-01-23,23,66.93,Holt_Winters,22.82,22.2,111.66,Elderberry Immune Support Syrup with Vitamin C 8oz,Health & Care,Wellness,7.4,19.989999771118164
FC-East,SKU-HLTH-005,2025-01-24,24,73.27,Holt_Winters,23.02,28.15,118.39,Elderberry Immune Support Syrup with Vitamin C 8oz,Health & Care,Wellness,7.4,19.989999771118164
FC-East,SKU-HLTH-005,2025-01-25,25,76.07,Holt_Winters,23.23,30.54,121.6,Elderberry Immune Support Syrup with Vitamin C 8oz,Health & Care,Wellness,7.4,19.989999771118164
FC-East,SKU-HLTH-005,2025-01-26,26,74.02,Holt_Winters,23.43,28.1,119.94,Elderberry Immune Support Syrup with Vitamin C 8oz,Health & Care,Wellness,7.4,19.989999771118164
FC-East,SKU-HLTH-005,2025-01-27,27,59.83,Holt_Winters,23.63,13.52,106.14,Elderberry Immune Support Syrup with Vitamin C 8oz,Health & Care,Wellness,7.4,19.989999771118164
FC-East,SKU-HLTH-005,2025-01-28,28,64.18,Holt_Winters,23.83,17.47,110.89,Elderberry Immune Support Syrup with Vitamin C 8oz,Health & Care,Wellness,7.4,19.989999771118164
FC-East,SKU-HLTH-006,2025-01-01,1,33.97,Holt_Winters,17.71,0.0,68.68,Natural Sulfate-Free Restorative Hair Mask 250ml,Health & Care,Haircare,9.2,24.989999771118164
FC-East,SKU-HLTH-006,2025-01-02,2,36.7,Holt_Winters,17.97,1.48,71.92,Natural Sulfate-Free Restorative Hair Mask 250ml,Health & Care,Haircare,9.2,24.989999771118164
FC-East,SKU-HLTH-006,2025-01-03,3,40.7,Holt_Winters,18.23,4.97,76.43,Natural Sulfate-Free Restorative Hair Mask 250ml,Health & Care,Haircare,9.2,24.989999771118164
FC-East,SKU-HLTH-006,2025-01-04,4,45.35,Holt_Winters,18.49,9.11,81.59,Natural Sulfate-Free Restorative Hair Mask 250ml,Health & Care,Haircare,9.2,24.989999771118164
FC-East,SKU-HLTH-006,2025-01-05,5,43.42,Holt_Winters,18.74,6.69,80.15,Natural Sulfate-Free Restorative Hair Mask 250ml,Health & Care,Haircare,9.2,24.989999771118164
FC-East,SKU-HLTH-006,2025-01-06,6,35.34,Holt_Winters,18.99,0.0,72.56,Natural Sulfate-Free Restorative Hair Mask 250ml,Health & Care,Haircare,9.2,24.989999771118164
FC-East,SKU-HLTH-006,2025-01-07,7,34.42,Holt_Winters,19.24,0.0,72.13,Natural Sulfate-Free Restorative Hair Mask 250ml,Health & Care,Haircare,9.2,24.989999771118164
FC-East,SKU-HLTH-006,2025-01-08,8,34.08,Holt_Winters,19.48,0.0,72.26,Natural Sulfate-Free Restorative Hair Mask 250ml,Health & Care,Haircare,9.2,24.989999771118164
FC-East,SKU-HLTH-006,2025-01-09,9,36.81,Holt_Winters,19.72,0.0,75.46,Natural Sulfate-Free Restorative Hair Mask 250ml,Health & Care,Haircare,9.2,24.989999771118164
FC-East,SKU-HLTH-006,2025-01-10,10,40.81,Holt_Winters,19.96,1.69,79.93,Natural Sulfate-Free Restorative Hair Mask 250ml,Health & Care,Haircare,9.2,24.989999771118164
FC-East,SKU-HLTH-006,2025-01-11,11,45.46,Holt_Winters,20.19,5.89,85.03,Natural Sulfate-Free Restorative Hair Mask 250ml,Health & Care,Haircare,9.2,24.989999771118164
FC-East,SKU-HLTH-006,2025-01-12,12,43.53,Holt_Winters,20.42,3.51,83.55,Natural Sulfate-Free Restorative Hair Mask 250ml,Health & Care,Haircare,9.2,24.989999771118164
FC-East,SKU-HLTH-006,2025-01-13,13,35.44,Holt_Winters,20.65,0.0,75.91,Natural Sulfate-Free Restorative Hair Mask 250ml,Health & Care,Haircare,9.2,24.989999771118164
FC-East,SKU-HLTH-006,2025-01-14,14,34.53,Holt_Winters,20.88,0.0,75.45,Natural Sulfate-Free Restorative Hair Mask 250ml,Health & Care,Haircare,9.2,24.989999771118164
FC-East,SKU-HLTH-006,2025-01-15,15,34.19,Holt_Winters,21.1,0.0,75.55,Natural Sulfate-Free Restorative Hair Mask 250ml,Health & Care,Haircare,9.2,24.989999771118164
FC-East,SKU-HLTH-006,2025-01-16,16,36.92,Holt_Winters,21.33,0.0,78.73,Natural Sulfate-Free Restorative Hair Mask 250ml,Health & Care,Haircare,9.2,24.989999771118164
FC-East,SKU-HLTH-006,2025-01-17,17,40.92,Holt_Winters,21.55,0.0,83.16,Natural Sulfate-Free Restorative Hair Mask 250ml,Health & Care,Haircare,9.2,24.989999771118164
FC-East,SKU-HLTH-006,2025-01-18,18,45.57,Holt_Winters,21.76,2.92,88.22,Natural Sulfate-Free Restorative Hair Mask 250ml,Health & Care,Haircare,9.2,24.989999771118164
FC-East,SKU-HLTH-006,2025-01-19,19,43.64,Holt_Winters,21.98,0.56,86.72,Natural Sulfate-Free Restorative Hair Mask 250ml,Health & Care,Haircare,9.2,24.989999771118164
FC-East,SKU-HLTH-006,2025-01-20,20,35.55,Holt_Winters,22.19,0.0,79.04,Natural Sulfate-Free Restorative Hair Mask 250ml,Health & Care,Haircare,9.2,24.989999771118164
FC-East,SKU-HLTH-006,2025-01-21,21,34.64,Holt_Winters,22.4,0.0,78.54,Natural Sulfate-Free Restorative Hair Mask 250ml,Health & Care,Haircare,9.2,24.989999771118164
FC-East,SKU-HLTH-006,2025-01-22,22,34.3,Holt_Winters,22.61,0.0,78.62,Natural Sulfate-Free Restorative Hair Mask 250ml,Health & Care,Haircare,9.2,24.989999771118164
FC-East,SKU-HLTH-006,2025-01-23,23,37.02,Holt_Winters,22.82,0.0,81.75,Natural Sulfate-Free Restorative Hair Mask 250ml,Health & Care,Haircare,9.2,24.989999771118164
FC-East,SKU-HLTH-006,2025-01-24,24,41.02,Holt_Winters,23.02,0.0,86.14,Natural Sulfate-Free Restorative Hair Mask 250ml,Health & Care,Haircare,9.2,24.989999771118164
FC-East,SKU-HLTH-006,2025-01-25,25,45.68,Holt_Winters,23.23,0.15,91.21,Natural Sulfate-Free Restorative Hair Mask 250ml,Health & Care,Haircare,9.2,24.989999771118164
FC-East,SKU-HLTH-006,2025-01-26,26,43.75,Holt_Winters,23.43,0.0,89.67,Natural Sulfate-Free Restorative Hair Mask 250ml,Health & Care,Haircare,9.2,24.989999771118164
FC-East,SKU-HLTH-006,2025-01-27,27,35.66,Holt_Winters,23.63,0.0,81.97,Natural Sulfate-Free Restorative Hair Mask 250ml,Health & Care,Haircare,9.2,24.989999771118164
FC-East,SKU-HLTH-006,2025-01-28,28,34.75,Holt_Winters,23.83,0.0,81.46,Natural Sulfate-Free Restorative Hair Mask 250ml,Health & Care,Haircare,9.2,24.989999771118164
FC-East,SKU-HLTH-007,2025-01-01,1,10.79,Holt_Winters,17.71,0.0,45.5,Alcohol Hand Sanitizer Gel Discontinued Formula 500ml,Health & Care,Sanitation,2.5,6.989999771118164
FC-East,SKU-HLTH-007,2025-01-02,2,10.36,Holt_Winters,17.97,0.0,45.58,Alcohol Hand Sanitizer Gel Discontinued Formula 500ml,Health & Care,Sanitation,2.5,6.989999771118164
FC-East,SKU-HLTH-007,2025-01-03,3,11.67,Holt_Winters,18.23,0.0,47.4,Alcohol Hand Sanitizer Gel Discontinued Formula 500ml,Health & Care,Sanitation,2.5,6.989999771118164
FC-East,SKU-HLTH-007,2025-01-04,4,14.16,Holt_Winters,18.49,0.0,50.4,Alcohol Hand Sanitizer Gel Discontinued Formula 500ml,Health & Care,Sanitation,2.5,6.989999771118164
FC-East,SKU-HLTH-007,2025-01-05,5,13.48,Holt_Winters,18.74,0.0,50.21,Alcohol Hand Sanitizer Gel Discontinued Formula 500ml,Health & Care,Sanitation,2.5,6.989999771118164
FC-East,SKU-HLTH-007,2025-01-06,6,10.21,Holt_Winters,18.99,0.0,47.43,Alcohol Hand Sanitizer Gel Discontinued Formula 500ml,Health & Care,Sanitation,2.5,6.989999771118164
FC-East,SKU-HLTH-007,2025-01-07,7,9.23,Holt_Winters,19.24,0.0,46.94,Alcohol Hand Sanitizer Gel Discontinued Formula 500ml,Health & Care,Sanitation,2.5,6.989999771118164
FC-East,SKU-HLTH-007,2025-01-08,8,10.73,Holt_Winters,19.48,0.0,48.91,Alcohol Hand Sanitizer Gel Discontinued Formula 500ml,Health & Care,Sanitation,2.5,6.989999771118164
FC-East,SKU-HLTH-007,2025-01-09,9,10.3,Holt_Winters,19.72,0.0,48.95,Alcohol Hand Sanitizer Gel Discontinued Formula 500ml,Health & Care,Sanitation,2.5,6.989999771118164
FC-East,SKU-HLTH-007,2025-01-10,10,11.61,Holt_Winters,19.96,0.0,50.73,Alcohol Hand Sanitizer Gel Discontinued Formula 500ml,Health & Care,Sanitation,2.5,6.989999771118164
FC-East,SKU-HLTH-007,2025-01-11,11,14.1,Holt_Winters,20.19,0.0,53.67,Alcohol Hand Sanitizer Gel Discontinued Formula 500ml,Health & Care,Sanitation,2.5,6.989999771118164
FC-East,SKU-HLTH-007,2025-01-12,12,13.42,Holt_Winters,20.42,0.0,53.44,Alcohol Hand Sanitizer Gel Discontinued Formula 500ml,Health & Care,Sanitation,2.5,6.989999771118164
FC-East,SKU-HLTH-007,2025-01-13,13,10.15,Holt_Winters,20.65,0.0,50.62,Alcohol Hand Sanitizer Gel Discontinued Formula 500ml,Health & Care,Sanitation,2.5,6.989999771118164
FC-East,SKU-HLTH-007,2025-01-14,14,9.17,Holt_Winters,20.88,0.0,50.09,Alcohol Hand Sanitizer Gel Discontinued Formula 500ml,Health & Care,Sanitation,2.5,6.989999771118164
FC-East,SKU-HLTH-007,2025-01-15,15,10.67,Holt_Winters,21.1,0.0,52.03,Alcohol Hand Sanitizer Gel Discontinued Formula 500ml,Health & Care,Sanitation,2.5,6.989999771118164
FC-East,SKU-HLTH-007,2025-01-16,16,10.24,Holt_Winters,21.33,0.0,52.05,Alcohol Hand Sanitizer Gel Discontinued Formula 500ml,Health & Care,Sanitation,2.5,6.989999771118164
FC-East,SKU-HLTH-007,2025-01-17,17,11.55,Holt_Winters,21.55,0.0,53.79,Alcohol Hand Sanitizer Gel Discontinued Formula 500ml,Health & Care,Sanitation,2.5,6.989999771118164
FC-East,SKU-HLTH-007,2025-01-18,18,14.04,Holt_Winters,21.76,0.0,56.69,Alcohol Hand Sanitizer Gel Discontinued Formula 500ml,Health & Care,Sanitation,2.5,6.989999771118164
FC-East,SKU-HLTH-007,2025-01-19,19,13.36,Holt_Winters,21.98,0.0,56.44,Alcohol Hand Sanitizer Gel Discontinued Formula 500ml,Health & Care,Sanitation,2.5,6.989999771118164
FC-East,SKU-HLTH-007,2025-01-20,20,10.08,Holt_Winters,22.19,0.0,53.57,Alcohol Hand Sanitizer Gel Discontinued Formula 500ml,Health & Care,Sanitation,2.5,6.989999771118164
FC-East,SKU-HLTH-007,2025-01-21,21,9.11,Holt_Winters,22.4,0.0,53.01,Alcohol Hand Sanitizer Gel Discontinued Formula 500ml,Health & Care,Sanitation,2.5,6.989999771118164
FC-East,SKU-HLTH-007,2025-01-22,22,10.61,Holt_Winters,22.61,0.0,54.93,Alcohol Hand Sanitizer Gel Discontinued Formula 500ml,Health & Care,Sanitation,2.5,6.989999771118164
FC-East,SKU-HLTH-007,2025-01-23,23,10.18,Holt_Winters,22.82,0.0,54.91,Alcohol Hand Sanitizer Gel Discontinued Formula 500ml,Health & Care,Sanitation,2.5,6.989999771118164
FC-East,SKU-HLTH-007,2025-01-24,24,11.49,Holt_Winters,23.02,0.0,56.61,Alcohol Hand Sanitizer Gel Discontinued Formula 500ml,Health & Care,Sanitation,2.5,6.989999771118164
FC-East,SKU-HLTH-007,2025-01-25,25,13.98,Holt_Winters,23.23,0.0,59.51,Alcohol Hand Sanitizer Gel Discontinued Formula 500ml,Health & Care,Sanitation,2.5,6.989999771118164
FC-East,SKU-HLTH-007,2025-01-26,26,13.3,Holt_Winters,23.43,0.0,59.22,Alcohol Hand Sanitizer Gel Discontinued Formula 500ml,Health & Care,Sanitation,2.5,6.989999771118164
FC-East,SKU-HLTH-007,2025-01-27,27,10.02,Holt_Winters,23.63,0.0,56.33,Alcohol Hand Sanitizer Gel Discontinued Formula 500ml,Health & Care,Sanitation,2.5,6.989999771118164
FC-East,SKU-HLTH-007,2025-01-28,28,9.05,Holt_Winters,23.83,0.0,55.76,Alcohol Hand Sanitizer Gel Discontinued Formula 500ml,Health & Care,Sanitation,2.5,6.989999771118164
FC-East,SKU-HLTH-008,2025-01-01,1,50.15,Holt_Winters,17.71,15.44,84.86,Aromatherapy Ultrasonic Essential Oil Diffuser,Health & Care,Home Wellness,16.0,39.9900016784668
FC-East,SKU-HLTH-008,2025-01-02,2,50.76,Holt_Winters,17.97,15.54,85.98,Aromatherapy Ultrasonic Essential Oil Diffuser,Health & Care,Home Wellness,16.0,39.9900016784668
FC-East,SKU-HLTH-008,2025-01-03,3,57.66,Holt_Winters,18.23,21.93,93.39,Aromatherapy Ultrasonic Essential Oil Diffuser,Health & Care,Home Wellness,16.0,39.9900016784668
FC-East,SKU-HLTH-008,2025-01-04,4,60.55,Holt_Winters,18.49,24.31,96.79,Aromatherapy Ultrasonic Essential Oil Diffuser,Health & Care,Home Wellness,16.0,39.9900016784668
FC-East,SKU-HLTH-008,2025-01-05,5,61.34,Holt_Winters,18.74,24.61,98.07,Aromatherapy Ultrasonic Essential Oil Diffuser,Health & Care,Home Wellness,16.0,39.9900016784668
FC-East,SKU-HLTH-008,2025-01-06,6,48.54,Holt_Winters,18.99,11.32,85.76,Aromatherapy Ultrasonic Essential Oil Diffuser,Health & Care,Home Wellness,16.0,39.9900016784668
FC-East,SKU-HLTH-008,2025-01-07,7,49.0,Holt_Winters,19.24,11.29,86.71,Aromatherapy Ultrasonic Essential Oil Diffuser,Health & Care,Home Wellness,16.0,39.9900016784668
FC-East,SKU-HLTH-008,2025-01-08,8,50.45,Holt_Winters,19.48,12.27,88.63,Aromatherapy Ultrasonic Essential Oil Diffuser,Health & Care,Home Wellness,16.0,39.9900016784668
FC-East,SKU-HLTH-008,2025-01-09,9,51.07,Holt_Winters,19.72,12.42,89.72,Aromatherapy Ultrasonic Essential Oil Diffuser,Health & Care,Home Wellness,16.0,39.9900016784668
FC-East,SKU-HLTH-008,2025-01-10,10,57.96,Holt_Winters,19.96,18.84,97.08,Aromatherapy Ultrasonic Essential Oil Diffuser,Health & Care,Home Wellness,16.0,39.9900016784668
FC-East,SKU-HLTH-008,2025-01-11,11,60.85,Holt_Winters,20.19,21.28,100.42,Aromatherapy Ultrasonic Essential Oil Diffuser,Health & Care,Home Wellness,16.0,39.9900016784668
FC-East,SKU-HLTH-008,2025-01-12,12,61.64,Holt_Winters,20.42,21.62,101.66,Aromatherapy Ultrasonic Essential Oil Diffuser,Health & Care,Home Wellness,16.0,39.9900016784668
FC-East,SKU-HLTH-008,2025-01-13,13,48.84,Holt_Winters,20.65,8.37,89.31,Aromatherapy Ultrasonic Essential Oil Diffuser,Health & Care,Home Wellness,16.0,39.9900016784668
FC-East,SKU-HLTH-008,2025-01-14,14,49.3,Holt_Winters,20.88,8.38,90.22,Aromatherapy Ultrasonic Essential Oil Diffuser,Health & Care,Home Wellness,16.0,39.9900016784668
FC-East,SKU-HLTH-008,2025-01-15,15,50.75,Holt_Winters,21.1,9.39,92.11,Aromatherapy Ultrasonic Essential Oil Diffuser,Health & Care,Home Wellness,16.0,39.9900016784668
FC-East,SKU-HLTH-008,2025-01-16,16,51.37,Holt_Winters,21.33,9.56,93.18,Aromatherapy Ultrasonic Essential Oil Diffuser,Health & Care,Home Wellness,16.0,39.9900016784668
FC-East,SKU-HLTH-008,2025-01-17,17,58.26,Holt_Winters,21.55,16.02,100.5,Aromatherapy Ultrasonic Essential Oil Diffuser,Health & Care,Home Wellness,16.0,39.9900016784668
FC-East,SKU-HLTH-008,2025-01-18,18,61.16,Holt_Winters,21.76,18.51,103.81,Aromatherapy Ultrasonic Essential Oil Diffuser,Health & Care,Home Wellness,16.0,39.9900016784668
FC-East,SKU-HLTH-008,2025-01-19,19,61.94,Holt_Winters,21.98,18.86,105.02,Aromatherapy Ultrasonic Essential Oil Diffuser,Health & Care,Home Wellness,16.0,39.9900016784668
FC-East,SKU-HLTH-008,2025-01-20,20,49.14,Holt_Winters,22.19,5.65,92.63,Aromatherapy Ultrasonic Essential Oil Diffuser,Health & Care,Home Wellness,16.0,39.9900016784668
FC-East,SKU-HLTH-008,2025-01-21,21,49.6,Holt_Winters,22.4,5.7,93.5,Aromatherapy Ultrasonic Essential Oil Diffuser,Health & Care,Home Wellness,16.0,39.9900016784668
FC-East,SKU-HLTH-008,2025-01-22,22,51.06,Holt_Winters,22.61,6.74,95.38,Aromatherapy Ultrasonic Essential Oil Diffuser,Health & Care,Home Wellness,16.0,39.9900016784668
FC-East,SKU-HLTH-008,2025-01-23,23,51.67,Holt_Winters,22.82,6.94,96.4,Aromatherapy Ultrasonic Essential Oil Diffuser,Health & Care,Home Wellness,16.0,39.9900016784668
FC-East,SKU-HLTH-008,2025-01-24,24,58.57,Holt_Winters,23.02,13.45,103.69,Aromatherapy Ultrasonic Essential Oil Diffuser,Health & Care,Home Wellness,16.0,39.9900016784668
FC-East,SKU-HLTH-008,2025-01-25,25,61.46,Holt_Winters,23.23,15.93,106.99,Aromatherapy Ultrasonic Essential Oil Diffuser,Health & Care,Home Wellness,16.0,39.9900016784668
FC-East,SKU-HLTH-008,2025-01-26,26,62.25,Holt_Winters,23.43,16.33,108.17,Aromatherapy Ultrasonic Essential Oil Diffuser,Health & Care,Home Wellness,16.0,39.9900016784668
FC-East,SKU-HLTH-008,2025-01-27,27,49.45,Holt_Winters,23.63,3.14,95.76,Aromatherapy Ultrasonic Essential Oil Diffuser,Health & Care,Home Wellness,16.0,39.9900016784668
FC-East,SKU-HLTH-008,2025-01-28,28,49.91,Holt_Winters,23.83,3.2,96.62,Aromatherapy Ultrasonic Essential Oil Diffuser,Health & Care,Home Wellness,16.0,39.9900016784668
FC-East,SKU-HLTH-009,2025-01-01,1,2.21,Holt_Winters,17.71,0.0,36.92,Medical Grade Continuous Glucose Sensor Transmitter,Health & Care,Medical Devices,82.0,185.0
FC-East,SKU-HLTH-009,2025-01-02,2,2.58,Holt_Winters,17.97,0.0,37.8,Medical Grade Continuous Glucose Sensor Transmitter,Health & Care,Medical Devices,82.0,185.0
FC-East,SKU-HLTH-009,2025-01-03,3,2.01,Holt_Winters,18.23,0.0,37.74,Medical Grade Continuous Glucose Sensor Transmitter,Health & Care,Medical Devices,82.0,185.0
FC-East,SKU-HLTH-009,2025-01-04,4,2.53,Holt_Winters,18.49,0.0,38.77,Medical Grade Continuous Glucose Sensor Transmitter,Health & Care,Medical Devices,82.0,185.0
FC-East,SKU-HLTH-009,2025-01-05,5,2.79,Holt_Winters,18.74,0.0,39.52,Medical Grade Continuous Glucose Sensor Transmitter,Health & Care,Medical Devices,82.0,185.0
FC-East,SKU-HLTH-009,2025-01-06,6,3.01,Holt_Winters,18.99,0.0,40.23,Medical Grade Continuous Glucose Sensor Transmitter,Health & Care,Medical Devices,82.0,185.0
FC-East,SKU-HLTH-009,2025-01-07,7,2.34,Holt_Winters,19.24,0.0,40.05,Medical Grade Continuous Glucose Sensor Transmitter,Health & Care,Medical Devices,82.0,185.0
FC-East,SKU-HLTH-009,2025-01-08,8,2.22,Holt_Winters,19.48,0.0,40.4,Medical Grade Continuous Glucose Sensor Transmitter,Health & Care,Medical Devices,82.0,185.0
FC-East,SKU-HLTH-009,2025-01-09,9,2.58,Holt_Winters,19.72,0.0,41.23,Medical Grade Continuous Glucose Sensor Transmitter,Health & Care,Medical Devices,82.0,185.0
FC-East,SKU-HLTH-009,2025-01-10,10,2.01,Holt_Winters,19.96,0.0,41.13,Medical Grade Continuous Glucose Sensor Transmitter,Health & Care,Medical Devices,82.0,185.0
FC-East,SKU-HLTH-009,2025-01-11,11,2.53,Holt_Winters,20.19,0.0,42.1,Medical Grade Continuous Glucose Sensor Transmitter,Health & Care,Medical Devices,82.0,185.0
FC-East,SKU-HLTH-009,2025-01-12,12,2.79,Holt_Winters,20.42,0.0,42.81,Medical Grade Continuous Glucose Sensor Transmitter,Health & Care,Medical Devices,82.0,185.0
FC-East,SKU-HLTH-009,2025-01-13,13,3.01,Holt_Winters,20.65,0.0,43.48,Medical Grade Continuous Glucose Sensor Transmitter,Health & Care,Medical Devices,82.0,185.0
FC-East,SKU-HLTH-009,2025-01-14,14,2.34,Holt_Winters,20.88,0.0,43.26,Medical Grade Continuous Glucose Sensor Transmitter,Health & Care,Medical Devices,82.0,185.0
FC-East,SKU-HLTH-009,2025-01-15,15,2.22,Holt_Winters,21.1,0.0,43.58,Medical Grade Continuous Glucose Sensor Transmitter,Health & Care,Medical Devices,82.0,185.0
FC-East,SKU-HLTH-009,2025-01-16,16,2.58,Holt_Winters,21.33,0.0,44.39,Medical Grade Continuous Glucose Sensor Transmitter,Health & Care,Medical Devices,82.0,185.0
FC-East,SKU-HLTH-009,2025-01-17,17,2.01,Holt_Winters,21.55,0.0,44.25,Medical Grade Continuous Glucose Sensor Transmitter,Health & Care,Medical Devices,82.0,185.0
FC-East,SKU-HLTH-009,2025-01-18,18,2.53,Holt_Winters,21.76,0.0,45.18,Medical Grade Continuous Glucose Sensor Transmitter,Health & Care,Medical Devices,82.0,185.0
FC-East,SKU-HLTH-009,2025-01-19,19,2.79,Holt_Winters,21.98,0.0,45.87,Medical Grade Continuous Glucose Sensor Transmitter,Health & Care,Medical Devices,82.0,185.0
FC-East,SKU-HLTH-009,2025-01-20,20,3.01,Holt_Winters,22.19,0.0,46.5,Medical Grade Continuous Glucose Sensor Transmitter,Health & Care,Medical Devices,82.0,185.0
FC-East,SKU-HLTH-009,2025-01-21,21,2.34,Holt_Winters,22.4,0.0,46.24,Medical Grade Continuous Glucose Sensor Transmitter,Health & Care,Medical Devices,82.0,185.0
FC-East,SKU-HLTH-009,2025-01-22,22,2.22,Holt_Winters,22.61,0.0,46.54,Medical Grade Continuous Glucose Sensor Transmitter,Health & Care,Medical Devices,82.0,185.0
FC-East,SKU-HLTH-009,2025-01-23,23,2.58,Holt_Winters,22.82,0.0,47.31,Medical Grade Continuous Glucose Sensor Transmitter,Health & Care,Medical Devices,82.0,185.0
FC-East,SKU-HLTH-009,2025-01-24,24,2.01,Holt_Winters,23.02,0.0,47.13,Medical Grade Continuous Glucose Sensor Transmitter,Health & Care,Medical Devices,82.0,185.0
FC-East,SKU-HLTH-009,2025-01-25,25,2.53,Holt_Winters,23.23,0.0,48.06,Medical Grade Continuous Glucose Sensor Transmitter,Health & Care,Medical Devices,82.0,185.0
FC-East,SKU-HLTH-009,2025-01-26,26,2.79,Holt_Winters,23.43,0.0,48.71,Medical Grade Continuous Glucose Sensor Transmitter,Health & Care,Medical Devices,82.0,185.0
FC-East,SKU-HLTH-009,2025-01-27,27,3.01,Holt_Winters,23.63,0.0,49.32,Medical Grade Continuous Glucose Sensor Transmitter,Health & Care,Medical Devices,82.0,185.0
FC-East,SKU-HLTH-009,2025-01-28,28,2.34,Holt_Winters,23.83,0.0,49.05,Medical Grade Continuous Glucose Sensor Transmitter,Health & Care,Medical Devices,82.0,185.0
FC-East,SKU-HLTH-010,2025-01-01,1,6.72,Holt_Winters,17.71,0.0,41.43,Clinical LED Infrared Facial Rejuvenation Mask,Health & Care,Skincare Tech,98.0,229.99000549316406
FC-East,SKU-HLTH-010,2025-01-02,2,7.92,Holt_Winters,17.97,0.0,43.14,Clinical LED Infrared Facial Rejuvenation Mask,Health & Care,Skincare Tech,98.0,229.99000549316406
FC-East,SKU-HLTH-010,2025-01-03,3,7.65,Holt_Winters,18.23,0.0,43.38,Clinical LED Infrared Facial Rejuvenation Mask,Health & Care,Skincare Tech,98.0,229.99000549316406
FC-East,SKU-HLTH-010,2025-01-04,4,9.71,Holt_Winters,18.49,0.0,45.95,Clinical LED Infrared Facial Rejuvenation Mask,Health & Care,Skincare Tech,98.0,229.99000549316406
FC-East,SKU-HLTH-010,2025-01-05,5,9.67,Holt_Winters,18.74,0.0,46.4,Clinical LED Infrared Facial Rejuvenation Mask,Health & Care,Skincare Tech,98.0,229.99000549316406
FC-East,SKU-HLTH-010,2025-01-06,6,6.28,Holt_Winters,18.99,0.0,43.5,Clinical LED Infrared Facial Rejuvenation Mask,Health & Care,Skincare Tech,98.0,229.99000549316406
FC-East,SKU-HLTH-010,2025-01-07,7,7.54,Holt_Winters,19.24,0.0,45.25,Clinical LED Infrared Facial Rejuvenation Mask,Health & Care,Skincare Tech,98.0,229.99000549316406
FC-East,SKU-HLTH-010,2025-01-08,8,6.71,Holt_Winters,19.48,0.0,44.89,Clinical LED Infrared Facial Rejuvenation Mask,Health & Care,Skincare Tech,98.0,229.99000549316406
FC-East,SKU-HLTH-010,2025-01-09,9,7.92,Holt_Winters,19.72,0.0,46.57,Clinical LED Infrared Facial Rejuvenation Mask,Health & Care,Skincare Tech,98.0,229.99000549316406
FC-East,SKU-HLTH-010,2025-01-10,10,7.65,Holt_Winters,19.96,0.0,46.77,Clinical LED Infrared Facial Rejuvenation Mask,Health & Care,Skincare Tech,98.0,229.99000549316406
FC-East,SKU-HLTH-010,2025-01-11,11,9.7,Holt_Winters,20.19,0.0,49.27,Clinical LED Infrared Facial Rejuvenation Mask,Health & Care,Skincare Tech,98.0,229.99000549316406
FC-East,SKU-HLTH-010,2025-01-12,12,9.66,Holt_Winters,20.42,0.0,49.68,Clinical LED Infrared Facial Rejuvenation Mask,Health & Care,Skincare Tech,98.0,229.99000549316406
FC-East,SKU-HLTH-010,2025-01-13,13,6.27,Holt_Winters,20.65,0.0,46.74,Clinical LED Infrared Facial Rejuvenation Mask,Health & Care,Skincare Tech,98.0,229.99000549316406
FC-East,SKU-HLTH-010,2025-01-14,14,7.53,Holt_Winters,20.88,0.0,48.45,Clinical LED Infrared Facial Rejuvenation Mask,Health & Care,Skincare Tech,98.0,229.99000549316406
FC-East,SKU-HLTH-010,2025-01-15,15,6.71,Holt_Winters,21.1,0.0,48.07,Clinical LED Infrared Facial Rejuvenation Mask,Health & Care,Skincare Tech,98.0,229.99000549316406
FC-East,SKU-HLTH-010,2025-01-16,16,7.91,Holt_Winters,21.33,0.0,49.72,Clinical LED Infrared Facial Rejuvenation Mask,Health & Care,Skincare Tech,98.0,229.99000549316406
FC-East,SKU-HLTH-010,2025-01-17,17,7.64,Holt_Winters,21.55,0.0,49.88,Clinical LED Infrared Facial Rejuvenation Mask,Health & Care,Skincare Tech,98.0,229.99000549316406
FC-East,SKU-HLTH-010,2025-01-18,18,9.7,Holt_Winters,21.76,0.0,52.35,Clinical LED Infrared Facial Rejuvenation Mask,Health & Care,Skincare Tech,98.0,229.99000549316406
FC-East,SKU-HLTH-010,2025-01-19,19,9.66,Holt_Winters,21.98,0.0,52.74,Clinical LED Infrared Facial Rejuvenation Mask,Health & Care,Skincare Tech,98.0,229.99000549316406
FC-East,SKU-HLTH-010,2025-01-20,20,6.27,Holt_Winters,22.19,0.0,49.76,Clinical LED Infrared Facial Rejuvenation Mask,Health & Care,Skincare Tech,98.0,229.99000549316406
FC-East,SKU-HLTH-010,2025-01-21,21,7.53,Holt_Winters,22.4,0.0,51.43,Clinical LED Infrared Facial Rejuvenation Mask,Health & Care,Skincare Tech,98.0,229.99000549316406
FC-East,SKU-HLTH-010,2025-01-22,22,6.71,Holt_Winters,22.61,0.0,51.03,Clinical LED Infrared Facial Rejuvenation Mask,Health & Care,Skincare Tech,98.0,229.99000549316406
FC-East,SKU-HLTH-010,2025-01-23,23,7.91,Holt_Winters,22.82,0.0,52.64,Clinical LED Infrared Facial Rejuvenation Mask,Health & Care,Skincare Tech,98.0,229.99000549316406
FC-East,SKU-HLTH-010,2025-01-24,24,7.64,Holt_Winters,23.02,0.0,52.76,Clinical LED Infrared Facial Rejuvenation Mask,Health & Care,Skincare Tech,98.0,229.99000549316406
FC-East,SKU-HLTH-010,2025-01-25,25,9.7,Holt_Winters,23.23,0.0,55.23,Clinical LED Infrared Facial Rejuvenation Mask,Health & Care,Skincare Tech,98.0,229.99000549316406
FC-East,SKU-HLTH-010,2025-01-26,26,9.66,Holt_Winters,23.43,0.0,55.58,Clinical LED Infrared Facial Rejuvenation Mask,Health & Care,Skincare Tech,98.0,229.99000549316406
FC-East,SKU-HLTH-010,2025-01-27,27,6.27,Holt_Winters,23.63,0.0,52.58,Clinical LED Infrared Facial Rejuvenation Mask,Health & Care,Skincare Tech,98.0,229.99000549316406
FC-East,SKU-HLTH-010,2025-01-28,28,7.52,Holt_Winters,23.83,0.0,54.23,Clinical LED Infrared Facial Rejuvenation Mask,Health & Care,Skincare Tech,98.0,229.99000549316406
FC-East,SKU-HOME-001,2025-01-01,1,31.53,Holt_Winters,17.71,0.0,66.24,Cast Iron Pre-Seasoned Skillet 12-Inch,Home & Kitchen,Cookware,16.8,39.9900016784668
FC-East,SKU-HOME-001,2025-01-02,2,30.67,Holt_Winters,17.97,0.0,65.89,Cast Iron Pre-Seasoned Skillet 12-Inch,Home & Kitchen,Cookware,16.8,39.9900016784668
FC-East,SKU-HOME-001,2025-01-03,3,36.15,Holt_Winters,18.23,0.42,71.88,Cast Iron Pre-Seasoned Skillet 12-Inch,Home & Kitchen,Cookware,16.8,39.9900016784668
FC-East,SKU-HOME-001,2025-01-04,4,40.25,Holt_Winters,18.49,4.01,76.49,Cast Iron Pre-Seasoned Skillet 12-Inch,Home & Kitchen,Cookware,16.8,39.9900016784668
FC-East,SKU-HOME-001,2025-01-05,5,39.26,Holt_Winters,18.74,2.53,75.99,Cast Iron Pre-Seasoned Skillet 12-Inch,Home & Kitchen,Cookware,16.8,39.9900016784668
FC-East,SKU-HOME-001,2025-01-06,6,28.53,Holt_Winters,18.99,0.0,65.75,Cast Iron Pre-Seasoned Skillet 12-Inch,Home & Kitchen,Cookware,16.8,39.9900016784668
FC-East,SKU-HOME-001,2025-01-07,7,29.18,Holt_Winters,19.24,0.0,66.89,Cast Iron Pre-Seasoned Skillet 12-Inch,Home & Kitchen,Cookware,16.8,39.9900016784668
FC-East,SKU-HOME-001,2025-01-08,8,31.55,Holt_Winters,19.48,0.0,69.73,Cast Iron Pre-Seasoned Skillet 12-Inch,Home & Kitchen,Cookware,16.8,39.9900016784668
FC-East,SKU-HOME-001,2025-01-09,9,30.68,Holt_Winters,19.72,0.0,69.33,Cast Iron Pre-Seasoned Skillet 12-Inch,Home & Kitchen,Cookware,16.8,39.9900016784668
FC-East,SKU-HOME-001,2025-01-10,10,36.16,Holt_Winters,19.96,0.0,75.28,Cast Iron Pre-Seasoned Skillet 12-Inch,Home & Kitchen,Cookware,16.8,39.9900016784668
FC-East,SKU-HOME-001,2025-01-11,11,40.27,Holt_Winters,20.19,0.7,79.84,Cast Iron Pre-Seasoned Skillet 12-Inch,Home & Kitchen,Cookware,16.8,39.9900016784668
FC-East,SKU-HOME-001,2025-01-12,12,39.27,Holt_Winters,20.42,0.0,79.29,Cast Iron Pre-Seasoned Skillet 12-Inch,Home & Kitchen,Cookware,16.8,39.9900016784668
FC-East,SKU-HOME-001,2025-01-13,13,28.55,Holt_Winters,20.65,0.0,69.02,Cast Iron Pre-Seasoned Skillet 12-Inch,Home & Kitchen,Cookware,16.8,39.9900016784668
FC-East,SKU-HOME-001,2025-01-14,14,29.2,Holt_Winters,20.88,0.0,70.12,Cast Iron Pre-Seasoned Skillet 12-Inch,Home & Kitchen,Cookware,16.8,39.9900016784668
FC-East,SKU-HOME-001,2025-01-15,15,31.56,Holt_Winters,21.1,0.0,72.92,Cast Iron Pre-Seasoned Skillet 12-Inch,Home & Kitchen,Cookware,16.8,39.9900016784668
FC-East,SKU-HOME-001,2025-01-16,16,30.7,Holt_Winters,21.33,0.0,72.51,Cast Iron Pre-Seasoned Skillet 12-Inch,Home & Kitchen,Cookware,16.8,39.9900016784668
FC-East,SKU-HOME-001,2025-01-17,17,36.18,Holt_Winters,21.55,0.0,78.42,Cast Iron Pre-Seasoned Skillet 12-Inch,Home & Kitchen,Cookware,16.8,39.9900016784668
FC-East,SKU-HOME-001,2025-01-18,18,40.28,Holt_Winters,21.76,0.0,82.93,Cast Iron Pre-Seasoned Skillet 12-Inch,Home & Kitchen,Cookware,16.8,39.9900016784668
FC-East,SKU-HOME-001,2025-01-19,19,39.29,Holt_Winters,21.98,0.0,82.37,Cast Iron Pre-Seasoned Skillet 12-Inch,Home & Kitchen,Cookware,16.8,39.9900016784668
FC-East,SKU-HOME-001,2025-01-20,20,28.56,Holt_Winters,22.19,0.0,72.05,Cast Iron Pre-Seasoned Skillet 12-Inch,Home & Kitchen,Cookware,16.8,39.9900016784668
FC-East,SKU-HOME-001,2025-01-21,21,29.21,Holt_Winters,22.4,0.0,73.11,Cast Iron Pre-Seasoned Skillet 12-Inch,Home & Kitchen,Cookware,16.8,39.9900016784668
FC-East,SKU-HOME-001,2025-01-22,22,31.58,Holt_Winters,22.61,0.0,75.9,Cast Iron Pre-Seasoned Skillet 12-Inch,Home & Kitchen,Cookware,16.8,39.9900016784668
FC-East,SKU-HOME-001,2025-01-23,23,30.71,Holt_Winters,22.82,0.0,75.44,Cast Iron Pre-Seasoned Skillet 12-Inch,Home & Kitchen,Cookware,16.8,39.9900016784668
FC-East,SKU-HOME-001,2025-01-24,24,36.19,Holt_Winters,23.02,0.0,81.31,Cast Iron Pre-Seasoned Skillet 12-Inch,Home & Kitchen,Cookware,16.8,39.9900016784668
FC-East,SKU-HOME-001,2025-01-25,25,40.3,Holt_Winters,23.23,0.0,85.83,Cast Iron Pre-Seasoned Skillet 12-Inch,Home & Kitchen,Cookware,16.8,39.9900016784668
FC-East,SKU-HOME-001,2025-01-26,26,39.3,Holt_Winters,23.43,0.0,85.22,Cast Iron Pre-Seasoned Skillet 12-Inch,Home & Kitchen,Cookware,16.8,39.9900016784668
FC-East,SKU-HOME-001,2025-01-27,27,28.58,Holt_Winters,23.63,0.0,74.89,Cast Iron Pre-Seasoned Skillet 12-Inch,Home & Kitchen,Cookware,16.8,39.9900016784668
FC-East,SKU-HOME-001,2025-01-28,28,29.23,Holt_Winters,23.83,0.0,75.94,Cast Iron Pre-Seasoned Skillet 12-Inch,Home & Kitchen,Cookware,16.8,39.9900016784668
FC-East,SKU-HOME-002,2025-01-01,1,102.39,Holt_Winters,17.71,67.68,137.1,Stainless Steel Thermal Travel Mug 16oz,Home & Kitchen,Drinkware,9.8,24.989999771118164
FC-East,SKU-HOME-002,2025-01-02,2,101.69,Holt_Winters,17.97,66.47,136.91,Stainless Steel Thermal Travel Mug 16oz,Home & Kitchen,Drinkware,9.8,24.989999771118164
FC-East,SKU-HOME-002,2025-01-03,3,111.8,Holt_Winters,18.23,76.07,147.53,Stainless Steel Thermal Travel Mug 16oz,Home & Kitchen,Drinkware,9.8,24.989999771118164
FC-East,SKU-HOME-002,2025-01-04,4,119.23,Holt_Winters,18.49,82.99,155.47,Stainless Steel Thermal Travel Mug 16oz,Home & Kitchen,Drinkware,9.8,24.989999771118164
FC-East,SKU-HOME-002,2025-01-05,5,116.09,Holt_Winters,18.74,79.36,152.82,Stainless Steel Thermal Travel Mug 16oz,Home & Kitchen,Drinkware,9.8,24.989999771118164
FC-East,SKU-HOME-002,2025-01-06,6,102.59,Holt_Winters,18.99,65.37,139.81,Stainless Steel Thermal Travel Mug 16oz,Home & Kitchen,Drinkware,9.8,24.989999771118164
FC-East,SKU-HOME-002,2025-01-07,7,103.4,Holt_Winters,19.24,65.69,141.11,Stainless Steel Thermal Travel Mug 16oz,Home & Kitchen,Drinkware,9.8,24.989999771118164
FC-East,SKU-HOME-002,2025-01-08,8,106.51,Holt_Winters,19.48,68.33,144.69,Stainless Steel Thermal Travel Mug 16oz,Home & Kitchen,Drinkware,9.8,24.989999771118164
FC-East,SKU-HOME-002,2025-01-09,9,105.82,Holt_Winters,19.72,67.17,144.47,Stainless Steel Thermal Travel Mug 16oz,Home & Kitchen,Drinkware,9.8,24.989999771118164
FC-East,SKU-HOME-002,2025-01-10,10,115.93,Holt_Winters,19.96,76.81,155.05,Stainless Steel Thermal Travel Mug 16oz,Home & Kitchen,Drinkware,9.8,24.989999771118164
FC-East,SKU-HOME-002,2025-01-11,11,123.35,Holt_Winters,20.19,83.78,162.92,Stainless Steel Thermal Travel Mug 16oz,Home & Kitchen,Drinkware,9.8,24.989999771118164
FC-East,SKU-HOME-002,2025-01-12,12,120.22,Holt_Winters,20.42,80.2,160.24,Stainless Steel Thermal Travel Mug 16oz,Home & Kitchen,Drinkware,9.8,24.989999771118164
FC-East,SKU-HOME-002,2025-01-13,13,106.72,Holt_Winters,20.65,66.25,147.19,Stainless Steel Thermal Travel Mug 16oz,Home & Kitchen,Drinkware,9.8,24.989999771118164
FC-East,SKU-HOME-002,2025-01-14,14,107.53,Holt_Winters,20.88,66.61,148.45,Stainless Steel Thermal Travel Mug 16oz,Home & Kitchen,Drinkware,9.8,24.989999771118164
FC-East,SKU-HOME-002,2025-01-15,15,110.64,Holt_Winters,21.1,69.28,152.0,Stainless Steel Thermal Travel Mug 16oz,Home & Kitchen,Drinkware,9.8,24.989999771118164
FC-East,SKU-HOME-002,2025-01-16,16,109.95,Holt_Winters,21.33,68.14,151.76,Stainless Steel Thermal Travel Mug 16oz,Home & Kitchen,Drinkware,9.8,24.989999771118164
FC-East,SKU-HOME-002,2025-01-17,17,120.06,Holt_Winters,21.55,77.82,162.3,Stainless Steel Thermal Travel Mug 16oz,Home & Kitchen,Drinkware,9.8,24.989999771118164
FC-East,SKU-HOME-002,2025-01-18,18,127.48,Holt_Winters,21.76,84.83,170.13,Stainless Steel Thermal Travel Mug 16oz,Home & Kitchen,Drinkware,9.8,24.989999771118164
FC-East,SKU-HOME-002,2025-01-19,19,124.34,Holt_Winters,21.98,81.26,167.42,Stainless Steel Thermal Travel Mug 16oz,Home & Kitchen,Drinkware,9.8,24.989999771118164
FC-East,SKU-HOME-002,2025-01-20,20,110.84,Holt_Winters,22.19,67.35,154.33,Stainless Steel Thermal Travel Mug 16oz,Home & Kitchen,Drinkware,9.8,24.989999771118164
FC-East,SKU-HOME-002,2025-01-21,21,111.66,Holt_Winters,22.4,67.76,155.56,Stainless Steel Thermal Travel Mug 16oz,Home & Kitchen,Drinkware,9.8,24.989999771118164
FC-East,SKU-HOME-002,2025-01-22,22,114.77,Holt_Winters,22.61,70.45,159.09,Stainless Steel Thermal Travel Mug 16oz,Home & Kitchen,Drinkware,9.8,24.989999771118164
FC-East,SKU-HOME-002,2025-01-23,23,114.08,Holt_Winters,22.82,69.35,158.81,Stainless Steel Thermal Travel Mug 16oz,Home & Kitchen,Drinkware,9.8,24.989999771118164
FC-East,SKU-HOME-002,2025-01-24,24,124.19,Holt_Winters,23.02,79.07,169.31,Stainless Steel Thermal Travel Mug 16oz,Home & Kitchen,Drinkware,9.8,24.989999771118164
FC-East,SKU-HOME-002,2025-01-25,25,131.61,Holt_Winters,23.23,86.08,177.14,Stainless Steel Thermal Travel Mug 16oz,Home & Kitchen,Drinkware,9.8,24.989999771118164
FC-East,SKU-HOME-002,2025-01-26,26,128.47,Holt_Winters,23.43,82.55,174.39,Stainless Steel Thermal Travel Mug 16oz,Home & Kitchen,Drinkware,9.8,24.989999771118164
FC-East,SKU-HOME-002,2025-01-27,27,114.97,Holt_Winters,23.63,68.66,161.28,Stainless Steel Thermal Travel Mug 16oz,Home & Kitchen,Drinkware,9.8,24.989999771118164
FC-East,SKU-HOME-002,2025-01-28,28,115.78,Holt_Winters,23.83,69.07,162.49,Stainless Steel Thermal Travel Mug 16oz,Home & Kitchen,Drinkware,9.8,24.989999771118164
FC-East,SKU-HOME-003,2025-01-01,1,33.36,Holt_Winters,17.71,0.0,68.07,Airtight Glass Food Storage Containers (Set of 8),Home & Kitchen,Storage,19.5,44.9900016784668
FC-East,SKU-HOME-003,2025-01-02,2,35.71,Holt_Winters,17.97,0.49,70.93,Airtight Glass Food Storage Containers (Set of 8),Home & Kitchen,Storage,19.5,44.9900016784668
FC-East,SKU-HOME-003,2025-01-03,3,38.57,Holt_Winters,18.23,2.84,74.3,Airtight Glass Food Storage Containers (Set of 8),Home & Kitchen,Storage,19.5,44.9900016784668
FC-East,SKU-HOME-003,2025-01-04,4,40.58,Holt_Winters,18.49,4.34,76.82,Airtight Glass Food Storage Containers (Set of 8),Home & Kitchen,Storage,19.5,44.9900016784668
FC-East,SKU-HOME-003,2025-01-05,5,41.21,Holt_Winters,18.74,4.48,77.94,Airtight Glass Food Storage Containers (Set of 8),Home & Kitchen,Storage,19.5,44.9900016784668
FC-East,SKU-HOME-003,2025-01-06,6,30.58,Holt_Winters,18.99,0.0,67.8,Airtight Glass Food Storage Containers (Set of 8),Home & Kitchen,Storage,19.5,44.9900016784668
FC-East,SKU-HOME-003,2025-01-07,7,33.05,Holt_Winters,19.24,0.0,70.76,Airtight Glass Food Storage Containers (Set of 8),Home & Kitchen,Storage,19.5,44.9900016784668
FC-East,SKU-HOME-003,2025-01-08,8,33.46,Holt_Winters,19.48,0.0,71.64,Airtight Glass Food Storage Containers (Set of 8),Home & Kitchen,Storage,19.5,44.9900016784668
FC-East,SKU-HOME-003,2025-01-09,9,35.82,Holt_Winters,19.72,0.0,74.47,Airtight Glass Food Storage Containers (Set of 8),Home & Kitchen,Storage,19.5,44.9900016784668
FC-East,SKU-HOME-003,2025-01-10,10,38.67,Holt_Winters,19.96,0.0,77.79,Airtight Glass Food Storage Containers (Set of 8),Home & Kitchen,Storage,19.5,44.9900016784668
FC-East,SKU-HOME-003,2025-01-11,11,40.68,Holt_Winters,20.19,1.11,80.25,Airtight Glass Food Storage Containers (Set of 8),Home & Kitchen,Storage,19.5,44.9900016784668
FC-East,SKU-HOME-003,2025-01-12,12,41.32,Holt_Winters,20.42,1.3,81.34,Airtight Glass Food Storage Containers (Set of 8),Home & Kitchen,Storage,19.5,44.9900016784668
FC-East,SKU-HOME-003,2025-01-13,13,30.69,Holt_Winters,20.65,0.0,71.16,Airtight Glass Food Storage Containers (Set of 8),Home & Kitchen,Storage,19.5,44.9900016784668
FC-East,SKU-HOME-003,2025-01-14,14,33.15,Holt_Winters,20.88,0.0,74.07,Airtight Glass Food Storage Containers (Set of 8),Home & Kitchen,Storage,19.5,44.9900016784668
FC-East,SKU-HOME-003,2025-01-15,15,33.57,Holt_Winters,21.1,0.0,74.93,Airtight Glass Food Storage Containers (Set of 8),Home & Kitchen,Storage,19.5,44.9900016784668
FC-East,SKU-HOME-003,2025-01-16,16,35.92,Holt_Winters,21.33,0.0,77.73,Airtight Glass Food Storage Containers (Set of 8),Home & Kitchen,Storage,19.5,44.9900016784668
FC-East,SKU-HOME-003,2025-01-17,17,38.78,Holt_Winters,21.55,0.0,81.02,Airtight Glass Food Storage Containers (Set of 8),Home & Kitchen,Storage,19.5,44.9900016784668
FC-East,SKU-HOME-003,2025-01-18,18,40.79,Holt_Winters,21.76,0.0,83.44,Airtight Glass Food Storage Containers (Set of 8),Home & Kitchen,Storage,19.5,44.9900016784668
FC-East,SKU-HOME-003,2025-01-19,19,41.42,Holt_Winters,21.98,0.0,84.5,Airtight Glass Food Storage Containers (Set of 8),Home & Kitchen,Storage,19.5,44.9900016784668
FC-East,SKU-HOME-003,2025-01-20,20,30.79,Holt_Winters,22.19,0.0,74.28,Airtight Glass Food Storage Containers (Set of 8),Home & Kitchen,Storage,19.5,44.9900016784668
FC-East,SKU-HOME-003,2025-01-21,21,33.26,Holt_Winters,22.4,0.0,77.16,Airtight Glass Food Storage Containers (Set of 8),Home & Kitchen,Storage,19.5,44.9900016784668
FC-East,SKU-HOME-003,2025-01-22,22,33.67,Holt_Winters,22.61,0.0,77.99,Airtight Glass Food Storage Containers (Set of 8),Home & Kitchen,Storage,19.5,44.9900016784668
FC-East,SKU-HOME-003,2025-01-23,23,36.03,Holt_Winters,22.82,0.0,80.76,Airtight Glass Food Storage Containers (Set of 8),Home & Kitchen,Storage,19.5,44.9900016784668
FC-East,SKU-HOME-003,2025-01-24,24,38.88,Holt_Winters,23.02,0.0,84.0,Airtight Glass Food Storage Containers (Set of 8),Home & Kitchen,Storage,19.5,44.9900016784668
FC-East,SKU-HOME-003,2025-01-25,25,40.89,Holt_Winters,23.23,0.0,86.42,Airtight Glass Food Storage Containers (Set of 8),Home & Kitchen,Storage,19.5,44.9900016784668
FC-East,SKU-HOME-003,2025-01-26,26,41.52,Holt_Winters,23.43,0.0,87.44,Airtight Glass Food Storage Containers (Set of 8),Home & Kitchen,Storage,19.5,44.9900016784668
FC-East,SKU-HOME-003,2025-01-27,27,30.89,Holt_Winters,23.63,0.0,77.2,Airtight Glass Food Storage Containers (Set of 8),Home & Kitchen,Storage,19.5,44.9900016784668
FC-East,SKU-HOME-003,2025-01-28,28,33.36,Holt_Winters,23.83,0.0,80.07,Airtight Glass Food Storage Containers (Set of 8),Home & Kitchen,Storage,19.5,44.9900016784668
FC-East,SKU-HOME-004,2025-01-01,1,23.78,Holt_Winters,17.71,0.0,58.49,Digital Instant-Read Meat Thermometer,Home & Kitchen,Kitchen Tools,7.2,18.989999771118164
FC-East,SKU-HOME-004,2025-01-02,2,25.54,Holt_Winters,17.97,0.0,60.76,Digital Instant-Read Meat Thermometer,Home & Kitchen,Kitchen Tools,7.2,18.989999771118164
FC-East,SKU-HOME-004,2025-01-03,3,32.69,Holt_Winters,18.23,0.0,68.42,Digital Instant-Read Meat Thermometer,Home & Kitchen,Kitchen Tools,7.2,18.989999771118164
FC-East,SKU-HOME-004,2025-01-04,4,38.1,Holt_Winters,18.49,1.86,74.34,Digital Instant-Read Meat Thermometer,Home & Kitchen,Kitchen Tools,7.2,18.989999771118164
FC-East,SKU-HOME-004,2025-01-05,5,32.97,Holt_Winters,18.74,0.0,69.7,Digital Instant-Read Meat Thermometer,Home & Kitchen,Kitchen Tools,7.2,18.989999771118164
FC-East,SKU-HOME-004,2025-01-06,6,22.52,Holt_Winters,18.99,0.0,59.74,Digital Instant-Read Meat Thermometer,Home & Kitchen,Kitchen Tools,7.2,18.989999771118164
FC-East,SKU-HOME-004,2025-01-07,7,23.75,Holt_Winters,19.24,0.0,61.46,Digital Instant-Read Meat Thermometer,Home & Kitchen,Kitchen Tools,7.2,18.989999771118164
FC-East,SKU-HOME-004,2025-01-08,8,23.79,Holt_Winters,19.48,0.0,61.97,Digital Instant-Read Meat Thermometer,Home & Kitchen,Kitchen Tools,7.2,18.989999771118164
FC-East,SKU-HOME-004,2025-01-09,9,25.55,Holt_Winters,19.72,0.0,64.2,Digital Instant-Read Meat Thermometer,Home & Kitchen,Kitchen Tools,7.2,18.989999771118164
FC-East,SKU-HOME-004,2025-01-10,10,32.7,Holt_Winters,19.96,0.0,71.82,Digital Instant-Read Meat Thermometer,Home & Kitchen,Kitchen Tools,7.2,18.989999771118164
FC-East,SKU-HOME-004,2025-01-11,11,38.11,Holt_Winters,20.19,0.0,77.68,Digital Instant-Read Meat Thermometer,Home & Kitchen,Kitchen Tools,7.2,18.989999771118164
FC-East,SKU-HOME-004,2025-01-12,12,32.98,Holt_Winters,20.42,0.0,73.0,Digital Instant-Read Meat Thermometer,Home & Kitchen,Kitchen Tools,7.2,18.989999771118164
FC-East,SKU-HOME-004,2025-01-13,13,22.53,Holt_Winters,20.65,0.0,63.0,Digital Instant-Read Meat Thermometer,Home & Kitchen,Kitchen Tools,7.2,18.989999771118164
FC-East,SKU-HOME-004,2025-01-14,14,23.75,Holt_Winters,20.88,0.0,64.67,Digital Instant-Read Meat Thermometer,Home & Kitchen,Kitchen Tools,7.2,18.989999771118164
FC-East,SKU-HOME-004,2025-01-15,15,23.8,Holt_Winters,21.1,0.0,65.16,Digital Instant-Read Meat Thermometer,Home & Kitchen,Kitchen Tools,7.2,18.989999771118164
FC-East,SKU-HOME-004,2025-01-16,16,25.56,Holt_Winters,21.33,0.0,67.37,Digital Instant-Read Meat Thermometer,Home & Kitchen,Kitchen Tools,7.2,18.989999771118164
FC-East,SKU-HOME-004,2025-01-17,17,32.7,Holt_Winters,21.55,0.0,74.94,Digital Instant-Read Meat Thermometer,Home & Kitchen,Kitchen Tools,7.2,18.989999771118164
FC-East,SKU-HOME-004,2025-01-18,18,38.12,Holt_Winters,21.76,0.0,80.77,Digital Instant-Read Meat Thermometer,Home & Kitchen,Kitchen Tools,7.2,18.989999771118164
FC-East,SKU-HOME-004,2025-01-19,19,32.99,Holt_Winters,21.98,0.0,76.07,Digital Instant-Read Meat Thermometer,Home & Kitchen,Kitchen Tools,7.2,18.989999771118164
FC-East,SKU-HOME-004,2025-01-20,20,22.53,Holt_Winters,22.19,0.0,66.02,Digital Instant-Read Meat Thermometer,Home & Kitchen,Kitchen Tools,7.2,18.989999771118164
FC-East,SKU-HOME-004,2025-01-21,21,23.76,Holt_Winters,22.4,0.0,67.66,Digital Instant-Read Meat Thermometer,Home & Kitchen,Kitchen Tools,7.2,18.989999771118164
FC-East,SKU-HOME-004,2025-01-22,22,23.81,Holt_Winters,22.61,0.0,68.13,Digital Instant-Read Meat Thermometer,Home & Kitchen,Kitchen Tools,7.2,18.989999771118164
FC-East,SKU-HOME-004,2025-01-23,23,25.57,Holt_Winters,22.82,0.0,70.3,Digital Instant-Read Meat Thermometer,Home & Kitchen,Kitchen Tools,7.2,18.989999771118164
FC-East,SKU-HOME-004,2025-01-24,24,32.71,Holt_Winters,23.02,0.0,77.83,Digital Instant-Read Meat Thermometer,Home & Kitchen,Kitchen Tools,7.2,18.989999771118164
FC-East,SKU-HOME-004,2025-01-25,25,38.12,Holt_Winters,23.23,0.0,83.65,Digital Instant-Read Meat Thermometer,Home & Kitchen,Kitchen Tools,7.2,18.989999771118164
FC-East,SKU-HOME-004,2025-01-26,26,33.0,Holt_Winters,23.43,0.0,78.92,Digital Instant-Read Meat Thermometer,Home & Kitchen,Kitchen Tools,7.2,18.989999771118164
FC-East,SKU-HOME-004,2025-01-27,27,22.54,Holt_Winters,23.63,0.0,68.85,Digital Instant-Read Meat Thermometer,Home & Kitchen,Kitchen Tools,7.2,18.989999771118164
FC-East,SKU-HOME-004,2025-01-28,28,23.77,Holt_Winters,23.83,0.0,70.48,Digital Instant-Read Meat Thermometer,Home & Kitchen,Kitchen Tools,7.2,18.989999771118164
FC-East,SKU-HOME-005,2025-01-01,1,33.22,Holt_Winters,17.71,0.0,67.93,Organic Bamboo Cutting Board 3-Piece Set,Home & Kitchen,Kitchen Tools,12.0,29.989999771118164
FC-East,SKU-HOME-005,2025-01-02,2,32.96,Holt_Winters,17.97,0.0,68.18,Organic Bamboo Cutting Board 3-Piece Set,Home & Kitchen,Kitchen Tools,12.0,29.989999771118164
FC-East,SKU-HOME-005,2025-01-03,3,37.86,Holt_Winters,18.23,2.13,73.59,Organic Bamboo Cutting Board 3-Piece Set,Home & Kitchen,Kitchen Tools,12.0,29.989999771118164
FC-East,SKU-HOME-005,2025-01-04,4,44.67,Holt_Winters,18.49,8.43,80.91,Organic Bamboo Cutting Board 3-Piece Set,Home & Kitchen,Kitchen Tools,12.0,29.989999771118164
FC-East,SKU-HOME-005,2025-01-05,5,39.53,Holt_Winters,18.74,2.8,76.26,Organic Bamboo Cutting Board 3-Piece Set,Home & Kitchen,Kitchen Tools,12.0,29.989999771118164
FC-East,SKU-HOME-005,2025-01-06,6,32.16,Holt_Winters,18.99,0.0,69.38,Organic Bamboo Cutting Board 3-Piece Set,Home & Kitchen,Kitchen Tools,12.0,29.989999771118164
FC-East,SKU-HOME-005,2025-01-07,7,32.83,Holt_Winters,19.24,0.0,70.54,Organic Bamboo Cutting Board 3-Piece Set,Home & Kitchen,Kitchen Tools,12.0,29.989999771118164
FC-East,SKU-HOME-005,2025-01-08,8,33.23,Holt_Winters,19.48,0.0,71.41,Organic Bamboo Cutting Board 3-Piece Set,Home & Kitchen,Kitchen Tools,12.0,29.989999771118164
FC-East,SKU-HOME-005,2025-01-09,9,32.97,Holt_Winters,19.72,0.0,71.62,Organic Bamboo Cutting Board 3-Piece Set,Home & Kitchen,Kitchen Tools,12.0,29.989999771118164
FC-East,SKU-HOME-005,2025-01-10,10,37.87,Holt_Winters,19.96,0.0,76.99,Organic Bamboo Cutting Board 3-Piece Set,Home & Kitchen,Kitchen Tools,12.0,29.989999771118164
FC-East,SKU-HOME-005,2025-01-11,11,44.68,Holt_Winters,20.19,5.11,84.25,Organic Bamboo Cutting Board 3-Piece Set,Home & Kitchen,Kitchen Tools,12.0,29.989999771118164
FC-East,SKU-HOME-005,2025-01-12,12,39.54,Holt_Winters,20.42,0.0,79.56,Organic Bamboo Cutting Board 3-Piece Set,Home & Kitchen,Kitchen Tools,12.0,29.989999771118164
FC-East,SKU-HOME-005,2025-01-13,13,32.17,Holt_Winters,20.65,0.0,72.64,Organic Bamboo Cutting Board 3-Piece Set,Home & Kitchen,Kitchen Tools,12.0,29.989999771118164
FC-East,SKU-HOME-005,2025-01-14,14,32.84,Holt_Winters,20.88,0.0,73.76,Organic Bamboo Cutting Board 3-Piece Set,Home & Kitchen,Kitchen Tools,12.0,29.989999771118164
FC-East,SKU-HOME-005,2025-01-15,15,33.24,Holt_Winters,21.1,0.0,74.6,Organic Bamboo Cutting Board 3-Piece Set,Home & Kitchen,Kitchen Tools,12.0,29.989999771118164
FC-East,SKU-HOME-005,2025-01-16,16,32.98,Holt_Winters,21.33,0.0,74.79,Organic Bamboo Cutting Board 3-Piece Set,Home & Kitchen,Kitchen Tools,12.0,29.989999771118164
FC-East,SKU-HOME-005,2025-01-17,17,37.88,Holt_Winters,21.55,0.0,80.12,Organic Bamboo Cutting Board 3-Piece Set,Home & Kitchen,Kitchen Tools,12.0,29.989999771118164
FC-East,SKU-HOME-005,2025-01-18,18,44.69,Holt_Winters,21.76,2.04,87.34,Organic Bamboo Cutting Board 3-Piece Set,Home & Kitchen,Kitchen Tools,12.0,29.989999771118164
FC-East,SKU-HOME-005,2025-01-19,19,39.55,Holt_Winters,21.98,0.0,82.63,Organic Bamboo Cutting Board 3-Piece Set,Home & Kitchen,Kitchen Tools,12.0,29.989999771118164
FC-East,SKU-HOME-005,2025-01-20,20,32.18,Holt_Winters,22.19,0.0,75.67,Organic Bamboo Cutting Board 3-Piece Set,Home & Kitchen,Kitchen Tools,12.0,29.989999771118164
FC-East,SKU-HOME-005,2025-01-21,21,32.85,Holt_Winters,22.4,0.0,76.75,Organic Bamboo Cutting Board 3-Piece Set,Home & Kitchen,Kitchen Tools,12.0,29.989999771118164
FC-East,SKU-HOME-005,2025-01-22,22,33.25,Holt_Winters,22.61,0.0,77.57,Organic Bamboo Cutting Board 3-Piece Set,Home & Kitchen,Kitchen Tools,12.0,29.989999771118164
FC-East,SKU-HOME-005,2025-01-23,23,32.99,Holt_Winters,22.82,0.0,77.72,Organic Bamboo Cutting Board 3-Piece Set,Home & Kitchen,Kitchen Tools,12.0,29.989999771118164
FC-East,SKU-HOME-005,2025-01-24,24,37.89,Holt_Winters,23.02,0.0,83.01,Organic Bamboo Cutting Board 3-Piece Set,Home & Kitchen,Kitchen Tools,12.0,29.989999771118164
FC-East,SKU-HOME-005,2025-01-25,25,44.7,Holt_Winters,23.23,0.0,90.23,Organic Bamboo Cutting Board 3-Piece Set,Home & Kitchen,Kitchen Tools,12.0,29.989999771118164
FC-East,SKU-HOME-005,2025-01-26,26,39.56,Holt_Winters,23.43,0.0,85.48,Organic Bamboo Cutting Board 3-Piece Set,Home & Kitchen,Kitchen Tools,12.0,29.989999771118164
FC-East,SKU-HOME-005,2025-01-27,27,32.19,Holt_Winters,23.63,0.0,78.5,Organic Bamboo Cutting Board 3-Piece Set,Home & Kitchen,Kitchen Tools,12.0,29.989999771118164
FC-East,SKU-HOME-005,2025-01-28,28,32.86,Holt_Winters,23.83,0.0,79.57,Organic Bamboo Cutting Board 3-Piece Set,Home & Kitchen,Kitchen Tools,12.0,29.989999771118164
FC-East,SKU-HOME-006,2025-01-01,1,45.45,Holt_Winters,17.71,10.74,80.16,HEPA Air Purifier Compact Room Model,Home & Kitchen,Appliances,42.0,89.98999786376953
FC-East,SKU-HOME-006,2025-01-02,2,43.02,Holt_Winters,17.97,7.8,78.24,HEPA Air Purifier Compact Room Model,Home & Kitchen,Appliances,42.0,89.98999786376953
FC-East,SKU-HOME-006,2025-01-03,3,50.6,Holt_Winters,18.23,14.87,86.33,HEPA Air Purifier Compact Room Model,Home & Kitchen,Appliances,42.0,89.98999786376953
FC-East,SKU-HOME-006,2025-01-04,4,51.43,Holt_Winters,18.49,15.19,87.67,HEPA Air Purifier Compact Room Model,Home & Kitchen,Appliances,42.0,89.98999786376953
FC-East,SKU-HOME-006,2025-01-05,5,49.45,Holt_Winters,18.74,12.72,86.18,HEPA Air Purifier Compact Room Model,Home & Kitchen,Appliances,42.0,89.98999786376953
FC-East,SKU-HOME-006,2025-01-06,6,43.38,Holt_Winters,18.99,6.16,80.6,HEPA Air Purifier Compact Room Model,Home & Kitchen,Appliances,42.0,89.98999786376953
FC-East,SKU-HOME-006,2025-01-07,7,43.63,Holt_Winters,19.24,5.92,81.34,HEPA Air Purifier Compact Room Model,Home & Kitchen,Appliances,42.0,89.98999786376953
FC-East,SKU-HOME-006,2025-01-08,8,45.36,Holt_Winters,19.48,7.18,83.54,HEPA Air Purifier Compact Room Model,Home & Kitchen,Appliances,42.0,89.98999786376953
FC-East,SKU-HOME-006,2025-01-09,9,42.93,Holt_Winters,19.72,4.28,81.58,HEPA Air Purifier Compact Room Model,Home & Kitchen,Appliances,42.0,89.98999786376953
FC-East,SKU-HOME-006,2025-01-10,10,50.51,Holt_Winters,19.96,11.39,89.63,HEPA Air Purifier Compact Room Model,Home & Kitchen,Appliances,42.0,89.98999786376953
FC-East,SKU-HOME-006,2025-01-11,11,51.34,Holt_Winters,20.19,11.77,90.91,HEPA Air Purifier Compact Room Model,Home & Kitchen,Appliances,42.0,89.98999786376953
FC-East,SKU-HOME-006,2025-01-12,12,49.36,Holt_Winters,20.42,9.34,89.38,HEPA Air Purifier Compact Room Model,Home & Kitchen,Appliances,42.0,89.98999786376953
FC-East,SKU-HOME-006,2025-01-13,13,43.29,Holt_Winters,20.65,2.82,83.76,HEPA Air Purifier Compact Room Model,Home & Kitchen,Appliances,42.0,89.98999786376953
FC-East,SKU-HOME-006,2025-01-14,14,43.55,Holt_Winters,20.88,2.63,84.47,HEPA Air Purifier Compact Room Model,Home & Kitchen,Appliances,42.0,89.98999786376953
FC-East,SKU-HOME-006,2025-01-15,15,45.28,Holt_Winters,21.1,3.92,86.64,HEPA Air Purifier Compact Room Model,Home & Kitchen,Appliances,42.0,89.98999786376953
FC-East,SKU-HOME-006,2025-01-16,16,42.85,Holt_Winters,21.33,1.04,84.66,HEPA Air Purifier Compact Room Model,Home & Kitchen,Appliances,42.0,89.98999786376953
FC-East,SKU-HOME-006,2025-01-17,17,50.43,Holt_Winters,21.55,8.19,92.67,HEPA Air Purifier Compact Room Model,Home & Kitchen,Appliances,42.0,89.98999786376953
FC-East,SKU-HOME-006,2025-01-18,18,51.26,Holt_Winters,21.76,8.61,93.91,HEPA Air Purifier Compact Room Model,Home & Kitchen,Appliances,42.0,89.98999786376953
FC-East,SKU-HOME-006,2025-01-19,19,49.28,Holt_Winters,21.98,6.2,92.36,HEPA Air Purifier Compact Room Model,Home & Kitchen,Appliances,42.0,89.98999786376953
FC-East,SKU-HOME-006,2025-01-20,20,43.21,Holt_Winters,22.19,0.0,86.7,HEPA Air Purifier Compact Room Model,Home & Kitchen,Appliances,42.0,89.98999786376953
FC-East,SKU-HOME-006,2025-01-21,21,43.46,Holt_Winters,22.4,0.0,87.36,HEPA Air Purifier Compact Room Model,Home & Kitchen,Appliances,42.0,89.98999786376953
FC-East,SKU-HOME-006,2025-01-22,22,45.2,Holt_Winters,22.61,0.88,89.52,HEPA Air Purifier Compact Room Model,Home & Kitchen,Appliances,42.0,89.98999786376953
FC-East,SKU-HOME-006,2025-01-23,23,42.77,Holt_Winters,22.82,0.0,87.5,HEPA Air Purifier Compact Room Model,Home & Kitchen,Appliances,42.0,89.98999786376953
FC-East,SKU-HOME-006,2025-01-24,24,50.35,Holt_Winters,23.02,5.23,95.47,HEPA Air Purifier Compact Room Model,Home & Kitchen,Appliances,42.0,89.98999786376953
FC-East,SKU-HOME-006,2025-01-25,25,51.18,Holt_Winters,23.23,5.65,96.71,HEPA Air Purifier Compact Room Model,Home & Kitchen,Appliances,42.0,89.98999786376953
FC-East,SKU-HOME-006,2025-01-26,26,49.2,Holt_Winters,23.43,3.28,95.12,HEPA Air Purifier Compact Room Model,Home & Kitchen,Appliances,42.0,89.98999786376953
FC-East,SKU-HOME-006,2025-01-27,27,43.13,Holt_Winters,23.63,0.0,89.44,HEPA Air Purifier Compact Room Model,Home & Kitchen,Appliances,42.0,89.98999786376953
FC-East,SKU-HOME-006,2025-01-28,28,43.38,Holt_Winters,23.83,0.0,90.09,HEPA Air Purifier Compact Room Model,Home & Kitchen,Appliances,42.0,89.98999786376953
FC-East,SKU-HOME-007,2025-01-01,1,7.24,Holt_Winters,17.71,0.0,41.95,Countertop Citrus Juicer Manual Press,Home & Kitchen,Kitchen Tools,9.5,22.989999771118164
FC-East,SKU-HOME-007,2025-01-02,2,8.59,Holt_Winters,17.97,0.0,43.81,Countertop Citrus Juicer Manual Press,Home & Kitchen,Kitchen Tools,9.5,22.989999771118164
FC-East,SKU-HOME-007,2025-01-03,3,9.53,Holt_Winters,18.23,0.0,45.26,Countertop Citrus Juicer Manual Press,Home & Kitchen,Kitchen Tools,9.5,22.989999771118164
FC-East,SKU-HOME-007,2025-01-04,4,10.42,Holt_Winters,18.49,0.0,46.66,Countertop Citrus Juicer Manual Press,Home & Kitchen,Kitchen Tools,9.5,22.989999771118164
FC-East,SKU-HOME-007,2025-01-05,5,10.04,Holt_Winters,18.74,0.0,46.77,Countertop Citrus Juicer Manual Press,Home & Kitchen,Kitchen Tools,9.5,22.989999771118164
FC-East,SKU-HOME-007,2025-01-06,6,7.3,Holt_Winters,18.99,0.0,44.52,Countertop Citrus Juicer Manual Press,Home & Kitchen,Kitchen Tools,9.5,22.989999771118164
FC-East,SKU-HOME-007,2025-01-07,7,7.6,Holt_Winters,19.24,0.0,45.31,Countertop Citrus Juicer Manual Press,Home & Kitchen,Kitchen Tools,9.5,22.989999771118164
FC-East,SKU-HOME-007,2025-01-08,8,7.2,Holt_Winters,19.48,0.0,45.38,Countertop Citrus Juicer Manual Press,Home & Kitchen,Kitchen Tools,9.5,22.989999771118164
FC-East,SKU-HOME-007,2025-01-09,9,8.55,Holt_Winters,19.72,0.0,47.2,Countertop Citrus Juicer Manual Press,Home & Kitchen,Kitchen Tools,9.5,22.989999771118164
FC-East,SKU-HOME-007,2025-01-10,10,9.49,Holt_Winters,19.96,0.0,48.61,Countertop Citrus Juicer Manual Press,Home & Kitchen,Kitchen Tools,9.5,22.989999771118164
FC-East,SKU-HOME-007,2025-01-11,11,10.38,Holt_Winters,20.19,0.0,49.95,Countertop Citrus Juicer Manual Press,Home & Kitchen,Kitchen Tools,9.5,22.989999771118164
FC-East,SKU-HOME-007,2025-01-12,12,10.0,Holt_Winters,20.42,0.0,50.02,Countertop Citrus Juicer Manual Press,Home & Kitchen,Kitchen Tools,9.5,22.989999771118164
FC-East,SKU-HOME-007,2025-01-13,13,7.26,Holt_Winters,20.65,0.0,47.73,Countertop Citrus Juicer Manual Press,Home & Kitchen,Kitchen Tools,9.5,22.989999771118164
FC-East,SKU-HOME-007,2025-01-14,14,7.56,Holt_Winters,20.88,0.0,48.48,Countertop Citrus Juicer Manual Press,Home & Kitchen,Kitchen Tools,9.5,22.989999771118164
FC-East,SKU-HOME-007,2025-01-15,15,7.16,Holt_Winters,21.1,0.0,48.52,Countertop Citrus Juicer Manual Press,Home & Kitchen,Kitchen Tools,9.5,22.989999771118164
FC-East,SKU-HOME-007,2025-01-16,16,8.51,Holt_Winters,21.33,0.0,50.32,Countertop Citrus Juicer Manual Press,Home & Kitchen,Kitchen Tools,9.5,22.989999771118164
FC-East,SKU-HOME-007,2025-01-17,17,9.45,Holt_Winters,21.55,0.0,51.69,Countertop Citrus Juicer Manual Press,Home & Kitchen,Kitchen Tools,9.5,22.989999771118164
FC-East,SKU-HOME-007,2025-01-18,18,10.34,Holt_Winters,21.76,0.0,52.99,Countertop Citrus Juicer Manual Press,Home & Kitchen,Kitchen Tools,9.5,22.989999771118164
FC-East,SKU-HOME-007,2025-01-19,19,9.96,Holt_Winters,21.98,0.0,53.04,Countertop Citrus Juicer Manual Press,Home & Kitchen,Kitchen Tools,9.5,22.989999771118164
FC-East,SKU-HOME-007,2025-01-20,20,7.22,Holt_Winters,22.19,0.0,50.71,Countertop Citrus Juicer Manual Press,Home & Kitchen,Kitchen Tools,9.5,22.989999771118164
FC-East,SKU-HOME-007,2025-01-21,21,7.52,Holt_Winters,22.4,0.0,51.42,Countertop Citrus Juicer Manual Press,Home & Kitchen,Kitchen Tools,9.5,22.989999771118164
FC-East,SKU-HOME-007,2025-01-22,22,7.12,Holt_Winters,22.61,0.0,51.44,Countertop Citrus Juicer Manual Press,Home & Kitchen,Kitchen Tools,9.5,22.989999771118164
FC-East,SKU-HOME-007,2025-01-23,23,8.47,Holt_Winters,22.82,0.0,53.2,Countertop Citrus Juicer Manual Press,Home & Kitchen,Kitchen Tools,9.5,22.989999771118164
FC-East,SKU-HOME-007,2025-01-24,24,9.41,Holt_Winters,23.02,0.0,54.53,Countertop Citrus Juicer Manual Press,Home & Kitchen,Kitchen Tools,9.5,22.989999771118164
FC-East,SKU-HOME-007,2025-01-25,25,10.3,Holt_Winters,23.23,0.0,55.83,Countertop Citrus Juicer Manual Press,Home & Kitchen,Kitchen Tools,9.5,22.989999771118164
FC-East,SKU-HOME-007,2025-01-26,26,9.92,Holt_Winters,23.43,0.0,55.84,Countertop Citrus Juicer Manual Press,Home & Kitchen,Kitchen Tools,9.5,22.989999771118164
FC-East,SKU-HOME-007,2025-01-27,27,7.18,Holt_Winters,23.63,0.0,53.49,Countertop Citrus Juicer Manual Press,Home & Kitchen,Kitchen Tools,9.5,22.989999771118164
FC-East,SKU-HOME-007,2025-01-28,28,7.48,Holt_Winters,23.83,0.0,54.19,Countertop Citrus Juicer Manual Press,Home & Kitchen,Kitchen Tools,9.5,22.989999771118164
FC-East,SKU-HOME-008,2025-01-01,1,72.62,Holt_Winters,17.71,37.91,107.33,Non-Stick 10-Piece Baking Sheet Set,Home & Kitchen,Bakeware,21.0,49.9900016784668
FC-East,SKU-HOME-008,2025-01-02,2,75.56,Holt_Winters,17.97,40.34,110.78,Non-Stick 10-Piece Baking Sheet Set,Home & Kitchen,Bakeware,21.0,49.9900016784668
FC-East,SKU-HOME-008,2025-01-03,3,84.27,Holt_Winters,18.23,48.54,120.0,Non-Stick 10-Piece Baking Sheet Set,Home & Kitchen,Bakeware,21.0,49.9900016784668
FC-East,SKU-HOME-008,2025-01-04,4,85.42,Holt_Winters,18.49,49.18,121.66,Non-Stick 10-Piece Baking Sheet Set,Home & Kitchen,Bakeware,21.0,49.9900016784668
FC-East,SKU-HOME-008,2025-01-05,5,82.28,Holt_Winters,18.74,45.55,119.01,Non-Stick 10-Piece Baking Sheet Set,Home & Kitchen,Bakeware,21.0,49.9900016784668
FC-East,SKU-HOME-008,2025-01-06,6,74.41,Holt_Winters,18.99,37.19,111.63,Non-Stick 10-Piece Baking Sheet Set,Home & Kitchen,Bakeware,21.0,49.9900016784668
FC-East,SKU-HOME-008,2025-01-07,7,73.14,Holt_Winters,19.24,35.43,110.85,Non-Stick 10-Piece Baking Sheet Set,Home & Kitchen,Bakeware,21.0,49.9900016784668
FC-East,SKU-HOME-008,2025-01-08,8,73.11,Holt_Winters,19.48,34.93,111.29,Non-Stick 10-Piece Baking Sheet Set,Home & Kitchen,Bakeware,21.0,49.9900016784668
FC-East,SKU-HOME-008,2025-01-09,9,76.04,Holt_Winters,19.72,37.39,114.69,Non-Stick 10-Piece Baking Sheet Set,Home & Kitchen,Bakeware,21.0,49.9900016784668
FC-East,SKU-HOME-008,2025-01-10,10,84.75,Holt_Winters,19.96,45.63,123.87,Non-Stick 10-Piece Baking Sheet Set,Home & Kitchen,Bakeware,21.0,49.9900016784668
FC-East,SKU-HOME-008,2025-01-11,11,85.9,Holt_Winters,20.19,46.33,125.47,Non-Stick 10-Piece Baking Sheet Set,Home & Kitchen,Bakeware,21.0,49.9900016784668
FC-East,SKU-HOME-008,2025-01-12,12,82.77,Holt_Winters,20.42,42.75,122.79,Non-Stick 10-Piece Baking Sheet Set,Home & Kitchen,Bakeware,21.0,49.9900016784668
FC-East,SKU-HOME-008,2025-01-13,13,74.89,Holt_Winters,20.65,34.42,115.36,Non-Stick 10-Piece Baking Sheet Set,Home & Kitchen,Bakeware,21.0,49.9900016784668
FC-East,SKU-HOME-008,2025-01-14,14,73.62,Holt_Winters,20.88,32.7,114.54,Non-Stick 10-Piece Baking Sheet Set,Home & Kitchen,Bakeware,21.0,49.9900016784668
FC-East,SKU-HOME-008,2025-01-15,15,73.59,Holt_Winters,21.1,32.23,114.95,Non-Stick 10-Piece Baking Sheet Set,Home & Kitchen,Bakeware,21.0,49.9900016784668
FC-East,SKU-HOME-008,2025-01-16,16,76.52,Holt_Winters,21.33,34.71,118.33,Non-Stick 10-Piece Baking Sheet Set,Home & Kitchen,Bakeware,21.0,49.9900016784668
FC-East,SKU-HOME-008,2025-01-17,17,85.23,Holt_Winters,21.55,42.99,127.47,Non-Stick 10-Piece Baking Sheet Set,Home & Kitchen,Bakeware,21.0,49.9900016784668
FC-East,SKU-HOME-008,2025-01-18,18,86.38,Holt_Winters,21.76,43.73,129.03,Non-Stick 10-Piece Baking Sheet Set,Home & Kitchen,Bakeware,21.0,49.9900016784668
FC-East,SKU-HOME-008,2025-01-19,19,83.25,Holt_Winters,21.98,40.17,126.33,Non-Stick 10-Piece Baking Sheet Set,Home & Kitchen,Bakeware,21.0,49.9900016784668
FC-East,SKU-HOME-008,2025-01-20,20,75.37,Holt_Winters,22.19,31.88,118.86,Non-Stick 10-Piece Baking Sheet Set,Home & Kitchen,Bakeware,21.0,49.9900016784668
FC-East,SKU-HOME-008,2025-01-21,21,74.1,Holt_Winters,22.4,30.2,118.0,Non-Stick 10-Piece Baking Sheet Set,Home & Kitchen,Bakeware,21.0,49.9900016784668
FC-East,SKU-HOME-008,2025-01-22,22,74.07,Holt_Winters,22.61,29.75,118.39,Non-Stick 10-Piece Baking Sheet Set,Home & Kitchen,Bakeware,21.0,49.9900016784668
FC-East,SKU-HOME-008,2025-01-23,23,77.01,Holt_Winters,22.82,32.28,121.74,Non-Stick 10-Piece Baking Sheet Set,Home & Kitchen,Bakeware,21.0,49.9900016784668
FC-East,SKU-HOME-008,2025-01-24,24,85.71,Holt_Winters,23.02,40.59,130.83,Non-Stick 10-Piece Baking Sheet Set,Home & Kitchen,Bakeware,21.0,49.9900016784668
FC-East,SKU-HOME-008,2025-01-25,25,86.87,Holt_Winters,23.23,41.34,132.4,Non-Stick 10-Piece Baking Sheet Set,Home & Kitchen,Bakeware,21.0,49.9900016784668
FC-East,SKU-HOME-008,2025-01-26,26,83.73,Holt_Winters,23.43,37.81,129.65,Non-Stick 10-Piece Baking Sheet Set,Home & Kitchen,Bakeware,21.0,49.9900016784668
FC-East,SKU-HOME-008,2025-01-27,27,75.86,Holt_Winters,23.63,29.55,122.17,Non-Stick 10-Piece Baking Sheet Set,Home & Kitchen,Bakeware,21.0,49.9900016784668
FC-East,SKU-HOME-008,2025-01-28,28,74.59,Holt_Winters,23.83,27.88,121.3,Non-Stick 10-Piece Baking Sheet Set,Home & Kitchen,Bakeware,21.0,49.9900016784668
FC-East,SKU-HOME-009,2025-01-01,1,2.44,Holt_Winters,17.71,0.0,37.15,Commercial Heavy Duty Stand Mixer Motor Assembly,Home & Kitchen,Spare Parts,68.0,159.0
FC-East,SKU-HOME-009,2025-01-02,2,1.92,Holt_Winters,17.97,0.0,37.14,Commercial Heavy Duty Stand Mixer Motor Assembly,Home & Kitchen,Spare Parts,68.0,159.0
FC-East,SKU-HOME-009,2025-01-03,3,2.41,Holt_Winters,18.23,0.0,38.14,Commercial Heavy Duty Stand Mixer Motor Assembly,Home & Kitchen,Spare Parts,68.0,159.0
FC-East,SKU-HOME-009,2025-01-04,4,1.77,Holt_Winters,18.49,0.0,38.01,Commercial Heavy Duty Stand Mixer Motor Assembly,Home & Kitchen,Spare Parts,68.0,159.0
FC-East,SKU-HOME-009,2025-01-05,5,2.34,Holt_Winters,18.74,0.0,39.07,Commercial Heavy Duty Stand Mixer Motor Assembly,Home & Kitchen,Spare Parts,68.0,159.0
FC-East,SKU-HOME-009,2025-01-06,6,1.55,Holt_Winters,18.99,0.0,38.77,Commercial Heavy Duty Stand Mixer Motor Assembly,Home & Kitchen,Spare Parts,68.0,159.0
FC-East,SKU-HOME-009,2025-01-07,7,1.91,Holt_Winters,19.24,0.0,39.62,Commercial Heavy Duty Stand Mixer Motor Assembly,Home & Kitchen,Spare Parts,68.0,159.0
FC-East,SKU-HOME-009,2025-01-08,8,2.43,Holt_Winters,19.48,0.0,40.61,Commercial Heavy Duty Stand Mixer Motor Assembly,Home & Kitchen,Spare Parts,68.0,159.0
FC-East,SKU-HOME-009,2025-01-09,9,1.91,Holt_Winters,19.72,0.0,40.56,Commercial Heavy Duty Stand Mixer Motor Assembly,Home & Kitchen,Spare Parts,68.0,159.0
FC-East,SKU-HOME-009,2025-01-10,10,2.4,Holt_Winters,19.96,0.0,41.52,Commercial Heavy Duty Stand Mixer Motor Assembly,Home & Kitchen,Spare Parts,68.0,159.0
FC-East,SKU-HOME-009,2025-01-11,11,1.76,Holt_Winters,20.19,0.0,41.33,Commercial Heavy Duty Stand Mixer Motor Assembly,Home & Kitchen,Spare Parts,68.0,159.0
FC-East,SKU-HOME-009,2025-01-12,12,2.33,Holt_Winters,20.42,0.0,42.35,Commercial Heavy Duty Stand Mixer Motor Assembly,Home & Kitchen,Spare Parts,68.0,159.0
FC-East,SKU-HOME-009,2025-01-13,13,1.54,Holt_Winters,20.65,0.0,42.01,Commercial Heavy Duty Stand Mixer Motor Assembly,Home & Kitchen,Spare Parts,68.0,159.0
FC-East,SKU-HOME-009,2025-01-14,14,1.9,Holt_Winters,20.88,0.0,42.82,Commercial Heavy Duty Stand Mixer Motor Assembly,Home & Kitchen,Spare Parts,68.0,159.0
FC-East,SKU-HOME-009,2025-01-15,15,2.42,Holt_Winters,21.1,0.0,43.78,Commercial Heavy Duty Stand Mixer Motor Assembly,Home & Kitchen,Spare Parts,68.0,159.0
FC-East,SKU-HOME-009,2025-01-16,16,1.9,Holt_Winters,21.33,0.0,43.71,Commercial Heavy Duty Stand Mixer Motor Assembly,Home & Kitchen,Spare Parts,68.0,159.0
FC-East,SKU-HOME-009,2025-01-17,17,2.39,Holt_Winters,21.55,0.0,44.63,Commercial Heavy Duty Stand Mixer Motor Assembly,Home & Kitchen,Spare Parts,68.0,159.0
FC-East,SKU-HOME-009,2025-01-18,18,1.76,Holt_Winters,21.76,0.0,44.41,Commercial Heavy Duty Stand Mixer Motor Assembly,Home & Kitchen,Spare Parts,68.0,159.0
FC-East,SKU-HOME-009,2025-01-19,19,2.32,Holt_Winters,21.98,0.0,45.4,Commercial Heavy Duty Stand Mixer Motor Assembly,Home & Kitchen,Spare Parts,68.0,159.0
FC-East,SKU-HOME-009,2025-01-20,20,1.53,Holt_Winters,22.19,0.0,45.02,Commercial Heavy Duty Stand Mixer Motor Assembly,Home & Kitchen,Spare Parts,68.0,159.0
FC-East,SKU-HOME-009,2025-01-21,21,1.89,Holt_Winters,22.4,0.0,45.79,Commercial Heavy Duty Stand Mixer Motor Assembly,Home & Kitchen,Spare Parts,68.0,159.0
FC-East,SKU-HOME-009,2025-01-22,22,2.41,Holt_Winters,22.61,0.0,46.73,Commercial Heavy Duty Stand Mixer Motor Assembly,Home & Kitchen,Spare Parts,68.0,159.0
FC-East,SKU-HOME-009,2025-01-23,23,1.9,Holt_Winters,22.82,0.0,46.63,Commercial Heavy Duty Stand Mixer Motor Assembly,Home & Kitchen,Spare Parts,68.0,159.0
FC-East,SKU-HOME-009,2025-01-24,24,2.38,Holt_Winters,23.02,0.0,47.5,Commercial Heavy Duty Stand Mixer Motor Assembly,Home & Kitchen,Spare Parts,68.0,159.0
FC-East,SKU-HOME-009,2025-01-25,25,1.75,Holt_Winters,23.23,0.0,47.28,Commercial Heavy Duty Stand Mixer Motor Assembly,Home & Kitchen,Spare Parts,68.0,159.0
FC-East,SKU-HOME-009,2025-01-26,26,2.31,Holt_Winters,23.43,0.0,48.23,Commercial Heavy Duty Stand Mixer Motor Assembly,Home & Kitchen,Spare Parts,68.0,159.0
FC-East,SKU-HOME-009,2025-01-27,27,1.53,Holt_Winters,23.63,0.0,47.84,Commercial Heavy Duty Stand Mixer Motor Assembly,Home & Kitchen,Spare Parts,68.0,159.0
FC-East,SKU-HOME-009,2025-01-28,28,1.88,Holt_Winters,23.83,0.0,48.59,Commercial Heavy Duty Stand Mixer Motor Assembly,Home & Kitchen,Spare Parts,68.0,159.0
FC-East,SKU-HOME-010,2025-01-01,1,13.8,Holt_Winters,17.71,0.0,48.51,Automatic Touchless Stainless Trash Can 13 Gal,Home & Kitchen,Waste & Storage,33.0,74.98999786376953
FC-East,SKU-HOME-010,2025-01-02,2,15.71,Holt_Winters,17.97,0.0,50.93,Automatic Touchless Stainless Trash Can 13 Gal,Home & Kitchen,Waste & Storage,33.0,74.98999786376953
FC-East,SKU-HOME-010,2025-01-03,3,16.01,Holt_Winters,18.23,0.0,51.74,Automatic Touchless Stainless Trash Can 13 Gal,Home & Kitchen,Waste & Storage,33.0,74.98999786376953
FC-East,SKU-HOME-010,2025-01-04,4,20.33,Holt_Winters,18.49,0.0,56.57,Automatic Touchless Stainless Trash Can 13 Gal,Home & Kitchen,Waste & Storage,33.0,74.98999786376953
FC-East,SKU-HOME-010,2025-01-05,5,16.97,Holt_Winters,18.74,0.0,53.7,Automatic Touchless Stainless Trash Can 13 Gal,Home & Kitchen,Waste & Storage,33.0,74.98999786376953
FC-East,SKU-HOME-010,2025-01-06,6,13.35,Holt_Winters,18.99,0.0,50.57,Automatic Touchless Stainless Trash Can 13 Gal,Home & Kitchen,Waste & Storage,33.0,74.98999786376953
FC-East,SKU-HOME-010,2025-01-07,7,13.53,Holt_Winters,19.24,0.0,51.24,Automatic Touchless Stainless Trash Can 13 Gal,Home & Kitchen,Waste & Storage,33.0,74.98999786376953
FC-East,SKU-HOME-010,2025-01-08,8,13.81,Holt_Winters,19.48,0.0,51.99,Automatic Touchless Stainless Trash Can 13 Gal,Home & Kitchen,Waste & Storage,33.0,74.98999786376953
FC-East,SKU-HOME-010,2025-01-09,9,15.72,Holt_Winters,19.72,0.0,54.37,Automatic Touchless Stainless Trash Can 13 Gal,Home & Kitchen,Waste & Storage,33.0,74.98999786376953
FC-East,SKU-HOME-010,2025-01-10,10,16.02,Holt_Winters,19.96,0.0,55.14,Automatic Touchless Stainless Trash Can 13 Gal,Home & Kitchen,Waste & Storage,33.0,74.98999786376953
FC-East,SKU-HOME-010,2025-01-11,11,20.34,Holt_Winters,20.19,0.0,59.91,Automatic Touchless Stainless Trash Can 13 Gal,Home & Kitchen,Waste & Storage,33.0,74.98999786376953
FC-East,SKU-HOME-010,2025-01-12,12,16.98,Holt_Winters,20.42,0.0,57.0,Automatic Touchless Stainless Trash Can 13 Gal,Home & Kitchen,Waste & Storage,33.0,74.98999786376953
FC-East,SKU-HOME-010,2025-01-13,13,13.36,Holt_Winters,20.65,0.0,53.83,Automatic Touchless Stainless Trash Can 13 Gal,Home & Kitchen,Waste & Storage,33.0,74.98999786376953
FC-East,SKU-HOME-010,2025-01-14,14,13.54,Holt_Winters,20.88,0.0,54.46,Automatic Touchless Stainless Trash Can 13 Gal,Home & Kitchen,Waste & Storage,33.0,74.98999786376953
FC-East,SKU-HOME-010,2025-01-15,15,13.83,Holt_Winters,21.1,0.0,55.19,Automatic Touchless Stainless Trash Can 13 Gal,Home & Kitchen,Waste & Storage,33.0,74.98999786376953
FC-East,SKU-HOME-010,2025-01-16,16,15.73,Holt_Winters,21.33,0.0,57.54,Automatic Touchless Stainless Trash Can 13 Gal,Home & Kitchen,Waste & Storage,33.0,74.98999786376953
FC-East,SKU-HOME-010,2025-01-17,17,16.03,Holt_Winters,21.55,0.0,58.27,Automatic Touchless Stainless Trash Can 13 Gal,Home & Kitchen,Waste & Storage,33.0,74.98999786376953
FC-East,SKU-HOME-010,2025-01-18,18,20.35,Holt_Winters,21.76,0.0,63.0,Automatic Touchless Stainless Trash Can 13 Gal,Home & Kitchen,Waste & Storage,33.0,74.98999786376953
FC-East,SKU-HOME-010,2025-01-19,19,17.0,Holt_Winters,21.98,0.0,60.08,Automatic Touchless Stainless Trash Can 13 Gal,Home & Kitchen,Waste & Storage,33.0,74.98999786376953
FC-East,SKU-HOME-010,2025-01-20,20,13.38,Holt_Winters,22.19,0.0,56.87,Automatic Touchless Stainless Trash Can 13 Gal,Home & Kitchen,Waste & Storage,33.0,74.98999786376953
FC-East,SKU-HOME-010,2025-01-21,21,13.55,Holt_Winters,22.4,0.0,57.45,Automatic Touchless Stainless Trash Can 13 Gal,Home & Kitchen,Waste & Storage,33.0,74.98999786376953
FC-East,SKU-HOME-010,2025-01-22,22,13.84,Holt_Winters,22.61,0.0,58.16,Automatic Touchless Stainless Trash Can 13 Gal,Home & Kitchen,Waste & Storage,33.0,74.98999786376953
FC-East,SKU-HOME-010,2025-01-23,23,15.75,Holt_Winters,22.82,0.0,60.48,Automatic Touchless Stainless Trash Can 13 Gal,Home & Kitchen,Waste & Storage,33.0,74.98999786376953
FC-East,SKU-HOME-010,2025-01-24,24,16.05,Holt_Winters,23.02,0.0,61.17,Automatic Touchless Stainless Trash Can 13 Gal,Home & Kitchen,Waste & Storage,33.0,74.98999786376953
FC-East,SKU-HOME-010,2025-01-25,25,20.37,Holt_Winters,23.23,0.0,65.9,Automatic Touchless Stainless Trash Can 13 Gal,Home & Kitchen,Waste & Storage,33.0,74.98999786376953
FC-East,SKU-HOME-010,2025-01-26,26,17.01,Holt_Winters,23.43,0.0,62.93,Automatic Touchless Stainless Trash Can 13 Gal,Home & Kitchen,Waste & Storage,33.0,74.98999786376953
FC-East,SKU-HOME-010,2025-01-27,27,13.39,Holt_Winters,23.63,0.0,59.7,Automatic Touchless Stainless Trash Can 13 Gal,Home & Kitchen,Waste & Storage,33.0,74.98999786376953
FC-East,SKU-HOME-010,2025-01-28,28,13.57,Holt_Winters,23.83,0.0,60.28,Automatic Touchless Stainless Trash Can 13 Gal,Home & Kitchen,Waste & Storage,33.0,74.98999786376953
FC-West,SKU-APPR-001,2025-01-01,1,52.73,Holt_Winters,17.71,18.02,87.44,Men's Classic Cotton Crewneck T-Shirt 3-Pack,Apparel,Basics,10.5,27.989999771118164
FC-West,SKU-APPR-001,2025-01-02,2,55.24,Holt_Winters,17.97,20.02,90.46,Men's Classic Cotton Crewneck T-Shirt 3-Pack,Apparel,Basics,10.5,27.989999771118164
FC-West,SKU-APPR-001,2025-01-03,3,65.39,Holt_Winters,18.23,29.66,101.12,Men's Classic Cotton Crewneck T-Shirt 3-Pack,Apparel,Basics,10.5,27.989999771118164
FC-West,SKU-APPR-001,2025-01-04,4,73.2,Holt_Winters,18.49,36.96,109.44,Men's Classic Cotton Crewneck T-Shirt 3-Pack,Apparel,Basics,10.5,27.989999771118164
FC-West,SKU-APPR-001,2025-01-05,5,69.34,Holt_Winters,18.74,32.61,106.07,Men's Classic Cotton Crewneck T-Shirt 3-Pack,Apparel,Basics,10.5,27.989999771118164
FC-West,SKU-APPR-001,2025-01-06,6,51.25,Holt_Winters,18.99,14.03,88.47,Men's Classic Cotton Crewneck T-Shirt 3-Pack,Apparel,Basics,10.5,27.989999771118164
FC-West,SKU-APPR-001,2025-01-07,7,51.38,Holt_Winters,19.24,13.67,89.09,Men's Classic Cotton Crewneck T-Shirt 3-Pack,Apparel,Basics,10.5,27.989999771118164
FC-West,SKU-APPR-001,2025-01-08,8,52.74,Holt_Winters,19.48,14.56,90.92,Men's Classic Cotton Crewneck T-Shirt 3-Pack,Apparel,Basics,10.5,27.989999771118164
FC-West,SKU-APPR-001,2025-01-09,9,55.25,Holt_Winters,19.72,16.6,93.9,Men's Classic Cotton Crewneck T-Shirt 3-Pack,Apparel,Basics,10.5,27.989999771118164
FC-West,SKU-APPR-001,2025-01-10,10,65.4,Holt_Winters,19.96,26.28,104.52,Men's Classic Cotton Crewneck T-Shirt 3-Pack,Apparel,Basics,10.5,27.989999771118164
FC-West,SKU-APPR-001,2025-01-11,11,73.21,Holt_Winters,20.19,33.64,112.78,Men's Classic Cotton Crewneck T-Shirt 3-Pack,Apparel,Basics,10.5,27.989999771118164
FC-West,SKU-APPR-001,2025-01-12,12,69.36,Holt_Winters,20.42,29.34,109.38,Men's Classic Cotton Crewneck T-Shirt 3-Pack,Apparel,Basics,10.5,27.989999771118164
FC-West,SKU-APPR-001,2025-01-13,13,51.26,Holt_Winters,20.65,10.79,91.73,Men's Classic Cotton Crewneck T-Shirt 3-Pack,Apparel,Basics,10.5,27.989999771118164
FC-West,SKU-APPR-001,2025-01-14,14,51.4,Holt_Winters,20.88,10.48,92.32,Men's Classic Cotton Crewneck T-Shirt 3-Pack,Apparel,Basics,10.5,27.989999771118164
FC-West,SKU-APPR-001,2025-01-15,15,52.76,Holt_Winters,21.1,11.4,94.12,Men's Classic Cotton Crewneck T-Shirt 3-Pack,Apparel,Basics,10.5,27.989999771118164
FC-West,SKU-APPR-001,2025-01-16,16,55.27,Holt_Winters,21.33,13.46,97.08,Men's Classic Cotton Crewneck T-Shirt 3-Pack,Apparel,Basics,10.5,27.989999771118164
FC-West,SKU-APPR-001,2025-01-17,17,65.42,Holt_Winters,21.55,23.18,107.66,Men's Classic Cotton Crewneck T-Shirt 3-Pack,Apparel,Basics,10.5,27.989999771118164
FC-West,SKU-APPR-001,2025-01-18,18,73.23,Holt_Winters,21.76,30.58,115.88,Men's Classic Cotton Crewneck T-Shirt 3-Pack,Apparel,Basics,10.5,27.989999771118164
FC-West,SKU-APPR-001,2025-01-19,19,69.37,Holt_Winters,21.98,26.29,112.45,Men's Classic Cotton Crewneck T-Shirt 3-Pack,Apparel,Basics,10.5,27.989999771118164
FC-West,SKU-APPR-001,2025-01-20,20,51.28,Holt_Winters,22.19,7.79,94.77,Men's Classic Cotton Crewneck T-Shirt 3-Pack,Apparel,Basics,10.5,27.989999771118164
FC-West,SKU-APPR-001,2025-01-21,21,51.41,Holt_Winters,22.4,7.51,95.31,Men's Classic Cotton Crewneck T-Shirt 3-Pack,Apparel,Basics,10.5,27.989999771118164
FC-West,SKU-APPR-001,2025-01-22,22,52.77,Holt_Winters,22.61,8.45,97.09,Men's Classic Cotton Crewneck T-Shirt 3-Pack,Apparel,Basics,10.5,27.989999771118164
FC-West,SKU-APPR-001,2025-01-23,23,55.28,Holt_Winters,22.82,10.55,100.01,Men's Classic Cotton Crewneck T-Shirt 3-Pack,Apparel,Basics,10.5,27.989999771118164
FC-West,SKU-APPR-001,2025-01-24,24,65.44,Holt_Winters,23.02,20.32,110.56,Men's Classic Cotton Crewneck T-Shirt 3-Pack,Apparel,Basics,10.5,27.989999771118164
FC-West,SKU-APPR-001,2025-01-25,25,73.24,Holt_Winters,23.23,27.71,118.77,Men's Classic Cotton Crewneck T-Shirt 3-Pack,Apparel,Basics,10.5,27.989999771118164
FC-West,SKU-APPR-001,2025-01-26,26,69.39,Holt_Winters,23.43,23.47,115.31,Men's Classic Cotton Crewneck T-Shirt 3-Pack,Apparel,Basics,10.5,27.989999771118164
FC-West,SKU-APPR-001,2025-01-27,27,51.3,Holt_Winters,23.63,4.99,97.61,Men's Classic Cotton Crewneck T-Shirt 3-Pack,Apparel,Basics,10.5,27.989999771118164
FC-West,SKU-APPR-001,2025-01-28,28,51.43,Holt_Winters,23.83,4.72,98.14,Men's Classic Cotton Crewneck T-Shirt 3-Pack,Apparel,Basics,10.5,27.989999771118164
FC-West,SKU-APPR-002,2025-01-01,1,58.08,Holt_Winters,17.71,23.37,92.79,Down-Alternative Insulated Winter Puffer Jacket,Apparel,Outerwear,62.0,149.99000549316406
FC-West,SKU-APPR-002,2025-01-02,2,58.48,Holt_Winters,17.97,23.26,93.7,Down-Alternative Insulated Winter Puffer Jacket,Apparel,Outerwear,62.0,149.99000549316406
FC-West,SKU-APPR-002,2025-01-03,3,64.68,Holt_Winters,18.23,28.95,100.41,Down-Alternative Insulated Winter Puffer Jacket,Apparel,Outerwear,62.0,149.99000549316406
FC-West,SKU-APPR-002,2025-01-04,4,67.17,Holt_Winters,18.49,30.93,103.41,Down-Alternative Insulated Winter Puffer Jacket,Apparel,Outerwear,62.0,149.99000549316406
FC-West,SKU-APPR-002,2025-01-05,5,66.5,Holt_Winters,18.74,29.77,103.23,Down-Alternative Insulated Winter Puffer Jacket,Apparel,Outerwear,62.0,149.99000549316406
FC-West,SKU-APPR-002,2025-01-06,6,54.98,Holt_Winters,18.99,17.76,92.2,Down-Alternative Insulated Winter Puffer Jacket,Apparel,Outerwear,62.0,149.99000549316406
FC-West,SKU-APPR-002,2025-01-07,7,56.19,Holt_Winters,19.24,18.48,93.9,Down-Alternative Insulated Winter Puffer Jacket,Apparel,Outerwear,62.0,149.99000549316406
FC-West,SKU-APPR-002,2025-01-08,8,55.71,Holt_Winters,19.48,17.53,93.89,Down-Alternative Insulated Winter Puffer Jacket,Apparel,Outerwear,62.0,149.99000549316406
FC-West,SKU-APPR-002,2025-01-09,9,56.11,Holt_Winters,19.72,17.46,94.76,Down-Alternative Insulated Winter Puffer Jacket,Apparel,Outerwear,62.0,149.99000549316406
FC-West,SKU-APPR-002,2025-01-10,10,62.31,Holt_Winters,19.96,23.19,101.43,Down-Alternative Insulated Winter Puffer Jacket,Apparel,Outerwear,62.0,149.99000549316406
FC-West,SKU-APPR-002,2025-01-11,11,64.8,Holt_Winters,20.19,25.23,104.37,Down-Alternative Insulated Winter Puffer Jacket,Apparel,Outerwear,62.0,149.99000549316406
FC-West,SKU-APPR-002,2025-01-12,12,64.13,Holt_Winters,20.42,24.11,104.15,Down-Alternative Insulated Winter Puffer Jacket,Apparel,Outerwear,62.0,149.99000549316406
FC-West,SKU-APPR-002,2025-01-13,13,52.62,Holt_Winters,20.65,12.15,93.09,Down-Alternative Insulated Winter Puffer Jacket,Apparel,Outerwear,62.0,149.99000549316406
FC-West,SKU-APPR-002,2025-01-14,14,53.82,Holt_Winters,20.88,12.9,94.74,Down-Alternative Insulated Winter Puffer Jacket,Apparel,Outerwear,62.0,149.99000549316406
FC-West,SKU-APPR-002,2025-01-15,15,53.34,Holt_Winters,21.1,11.98,94.7,Down-Alternative Insulated Winter Puffer Jacket,Apparel,Outerwear,62.0,149.99000549316406
FC-West,SKU-APPR-002,2025-01-16,16,53.74,Holt_Winters,21.33,11.93,95.55,Down-Alternative Insulated Winter Puffer Jacket,Apparel,Outerwear,62.0,149.99000549316406
FC-West,SKU-APPR-002,2025-01-17,17,59.94,Holt_Winters,21.55,17.7,102.18,Down-Alternative Insulated Winter Puffer Jacket,Apparel,Outerwear,62.0,149.99000549316406
FC-West,SKU-APPR-002,2025-01-18,18,62.43,Holt_Winters,21.76,19.78,105.08,Down-Alternative Insulated Winter Puffer Jacket,Apparel,Outerwear,62.0,149.99000549316406
FC-West,SKU-APPR-002,2025-01-19,19,61.76,Holt_Winters,21.98,18.68,104.84,Down-Alternative Insulated Winter Puffer Jacket,Apparel,Outerwear,62.0,149.99000549316406
FC-West,SKU-APPR-002,2025-01-20,20,50.25,Holt_Winters,22.19,6.76,93.74,Down-Alternative Insulated Winter Puffer Jacket,Apparel,Outerwear,62.0,149.99000549316406
FC-West,SKU-APPR-002,2025-01-21,21,51.45,Holt_Winters,22.4,7.55,95.35,Down-Alternative Insulated Winter Puffer Jacket,Apparel,Outerwear,62.0,149.99000549316406
FC-West,SKU-APPR-002,2025-01-22,22,50.97,Holt_Winters,22.61,6.65,95.29,Down-Alternative Insulated Winter Puffer Jacket,Apparel,Outerwear,62.0,149.99000549316406
FC-West,SKU-APPR-002,2025-01-23,23,51.37,Holt_Winters,22.82,6.64,96.1,Down-Alternative Insulated Winter Puffer Jacket,Apparel,Outerwear,62.0,149.99000549316406
FC-West,SKU-APPR-002,2025-01-24,24,57.57,Holt_Winters,23.02,12.45,102.69,Down-Alternative Insulated Winter Puffer Jacket,Apparel,Outerwear,62.0,149.99000549316406
FC-West,SKU-APPR-002,2025-01-25,25,60.06,Holt_Winters,23.23,14.53,105.59,Down-Alternative Insulated Winter Puffer Jacket,Apparel,Outerwear,62.0,149.99000549316406
FC-West,SKU-APPR-002,2025-01-26,26,59.4,Holt_Winters,23.43,13.48,105.32,Down-Alternative Insulated Winter Puffer Jacket,Apparel,Outerwear,62.0,149.99000549316406
FC-West,SKU-APPR-002,2025-01-27,27,47.88,Holt_Winters,23.63,1.57,94.19,Down-Alternative Insulated Winter Puffer Jacket,Apparel,Outerwear,62.0,149.99000549316406
FC-West,SKU-APPR-002,2025-01-28,28,49.08,Holt_Winters,23.83,2.37,95.79,Down-Alternative Insulated Winter Puffer Jacket,Apparel,Outerwear,62.0,149.99000549316406
FC-West,SKU-APPR-003,2025-01-01,1,45.43,Holt_Winters,17.71,10.72,80.14,Breathable Quick-Dry Athletic Shorts,Apparel,Sportswear,11.2,29.989999771118164
FC-West,SKU-APPR-003,2025-01-02,2,42.84,Holt_Winters,17.97,7.62,78.06,Breathable Quick-Dry Athletic Shorts,Apparel,Sportswear,11.2,29.989999771118164
FC-West,SKU-APPR-003,2025-01-03,3,55.92,Holt_Winters,18.23,20.19,91.65,Breathable Quick-Dry Athletic Shorts,Apparel,Sportswear,11.2,29.989999771118164
FC-West,SKU-APPR-003,2025-01-04,4,57.67,Holt_Winters,18.49,21.43,93.91,Breathable Quick-Dry Athletic Shorts,Apparel,Sportswear,11.2,29.989999771118164
FC-West,SKU-APPR-003,2025-01-05,5,56.17,Holt_Winters,18.74,19.44,92.9,Breathable Quick-Dry Athletic Shorts,Apparel,Sportswear,11.2,29.989999771118164
FC-West,SKU-APPR-003,2025-01-06,6,39.57,Holt_Winters,18.99,2.35,76.79,Breathable Quick-Dry Athletic Shorts,Apparel,Sportswear,11.2,29.989999771118164
FC-West,SKU-APPR-003,2025-01-07,7,42.76,Holt_Winters,19.24,5.05,80.47,Breathable Quick-Dry Athletic Shorts,Apparel,Sportswear,11.2,29.989999771118164
FC-West,SKU-APPR-003,2025-01-08,8,45.54,Holt_Winters,19.48,7.36,83.72,Breathable Quick-Dry Athletic Shorts,Apparel,Sportswear,11.2,29.989999771118164
FC-West,SKU-APPR-003,2025-01-09,9,42.95,Holt_Winters,19.72,4.3,81.6,Breathable Quick-Dry Athletic Shorts,Apparel,Sportswear,11.2,29.989999771118164
FC-West,SKU-APPR-003,2025-01-10,10,56.03,Holt_Winters,19.96,16.91,95.15,Breathable Quick-Dry Athletic Shorts,Apparel,Sportswear,11.2,29.989999771118164
FC-West,SKU-APPR-003,2025-01-11,11,57.78,Holt_Winters,20.19,18.21,97.35,Breathable Quick-Dry Athletic Shorts,Apparel,Sportswear,11.2,29.989999771118164
FC-West,SKU-APPR-003,2025-01-12,12,56.28,Holt_Winters,20.42,16.26,96.3,Breathable Quick-Dry Athletic Shorts,Apparel,Sportswear,11.2,29.989999771118164
FC-West,SKU-APPR-003,2025-01-13,13,39.68,Holt_Winters,20.65,0.0,80.15,Breathable Quick-Dry Athletic Shorts,Apparel,Sportswear,11.2,29.989999771118164
FC-West,SKU-APPR-003,2025-01-14,14,42.87,Holt_Winters,20.88,1.95,83.79,Breathable Quick-Dry Athletic Shorts,Apparel,Sportswear,11.2,29.989999771118164
FC-West,SKU-APPR-003,2025-01-15,15,45.66,Holt_Winters,21.1,4.3,87.02,Breathable Quick-Dry Athletic Shorts,Apparel,Sportswear,11.2,29.989999771118164
FC-West,SKU-APPR-003,2025-01-16,16,43.06,Holt_Winters,21.33,1.25,84.87,Breathable Quick-Dry Athletic Shorts,Apparel,Sportswear,11.2,29.989999771118164
FC-West,SKU-APPR-003,2025-01-17,17,56.15,Holt_Winters,21.55,13.91,98.39,Breathable Quick-Dry Athletic Shorts,Apparel,Sportswear,11.2,29.989999771118164
FC-West,SKU-APPR-003,2025-01-18,18,57.9,Holt_Winters,21.76,15.25,100.55,Breathable Quick-Dry Athletic Shorts,Apparel,Sportswear,11.2,29.989999771118164
FC-West,SKU-APPR-003,2025-01-19,19,56.39,Holt_Winters,21.98,13.31,99.47,Breathable Quick-Dry Athletic Shorts,Apparel,Sportswear,11.2,29.989999771118164
FC-West,SKU-APPR-003,2025-01-20,20,39.79,Holt_Winters,22.19,0.0,83.28,Breathable Quick-Dry Athletic Shorts,Apparel,Sportswear,11.2,29.989999771118164
FC-West,SKU-APPR-003,2025-01-21,21,42.98,Holt_Winters,22.4,0.0,86.88,Breathable Quick-Dry Athletic Shorts,Apparel,Sportswear,11.2,29.989999771118164
FC-West,SKU-APPR-003,2025-01-22,22,45.77,Holt_Winters,22.61,1.45,90.09,Breathable Quick-Dry Athletic Shorts,Apparel,Sportswear,11.2,29.989999771118164
FC-West,SKU-APPR-003,2025-01-23,23,43.17,Holt_Winters,22.82,0.0,87.9,Breathable Quick-Dry Athletic Shorts,Apparel,Sportswear,11.2,29.989999771118164
FC-West,SKU-APPR-003,2025-01-24,24,56.26,Holt_Winters,23.02,11.14,101.38,Breathable Quick-Dry Athletic Shorts,Apparel,Sportswear,11.2,29.989999771118164
FC-West,SKU-APPR-003,2025-01-25,25,58.01,Holt_Winters,23.23,12.48,103.54,Breathable Quick-Dry Athletic Shorts,Apparel,Sportswear,11.2,29.989999771118164
FC-West,SKU-APPR-003,2025-01-26,26,56.5,Holt_Winters,23.43,10.58,102.42,Breathable Quick-Dry Athletic Shorts,Apparel,Sportswear,11.2,29.989999771118164
FC-West,SKU-APPR-003,2025-01-27,27,39.9,Holt_Winters,23.63,0.0,86.21,Breathable Quick-Dry Athletic Shorts,Apparel,Sportswear,11.2,29.989999771118164
FC-West,SKU-APPR-003,2025-01-28,28,43.09,Holt_Winters,23.83,0.0,89.8,Breathable Quick-Dry Athletic Shorts,Apparel,Sportswear,11.2,29.989999771118164
FC-West,SKU-APPR-004,2025-01-01,1,63.81,Holt_Winters,17.71,29.1,98.52,Seamless Moisture-Wicking Merino Wool Running Socks,Apparel,Accessories,6.1,16.989999771118164
FC-West,SKU-APPR-004,2025-01-02,2,66.08,Holt_Winters,17.97,30.86,101.3,Seamless Moisture-Wicking Merino Wool Running Socks,Apparel,Accessories,6.1,16.989999771118164
FC-West,SKU-APPR-004,2025-01-03,3,72.35,Holt_Winters,18.23,36.62,108.08,Seamless Moisture-Wicking Merino Wool Running Socks,Apparel,Accessories,6.1,16.989999771118164
FC-West,SKU-APPR-004,2025-01-04,4,82.02,Holt_Winters,18.49,45.78,118.26,Seamless Moisture-Wicking Merino Wool Running Socks,Apparel,Accessories,6.1,16.989999771118164
FC-West,SKU-APPR-004,2025-01-05,5,77.43,Holt_Winters,18.74,40.7,114.16,Seamless Moisture-Wicking Merino Wool Running Socks,Apparel,Accessories,6.1,16.989999771118164
FC-West,SKU-APPR-004,2025-01-06,6,60.33,Holt_Winters,18.99,23.11,97.55,Seamless Moisture-Wicking Merino Wool Running Socks,Apparel,Accessories,6.1,16.989999771118164
FC-West,SKU-APPR-004,2025-01-07,7,63.12,Holt_Winters,19.24,25.41,100.83,Seamless Moisture-Wicking Merino Wool Running Socks,Apparel,Accessories,6.1,16.989999771118164
FC-West,SKU-APPR-004,2025-01-08,8,64.01,Holt_Winters,19.48,25.83,102.19,Seamless Moisture-Wicking Merino Wool Running Socks,Apparel,Accessories,6.1,16.989999771118164
FC-West,SKU-APPR-004,2025-01-09,9,66.28,Holt_Winters,19.72,27.63,104.93,Seamless Moisture-Wicking Merino Wool Running Socks,Apparel,Accessories,6.1,16.989999771118164
FC-West,SKU-APPR-004,2025-01-10,10,72.55,Holt_Winters,19.96,33.43,111.67,Seamless Moisture-Wicking Merino Wool Running Socks,Apparel,Accessories,6.1,16.989999771118164
FC-West,SKU-APPR-004,2025-01-11,11,82.22,Holt_Winters,20.19,42.65,121.79,Seamless Moisture-Wicking Merino Wool Running Socks,Apparel,Accessories,6.1,16.989999771118164
FC-West,SKU-APPR-004,2025-01-12,12,77.63,Holt_Winters,20.42,37.61,117.65,Seamless Moisture-Wicking Merino Wool Running Socks,Apparel,Accessories,6.1,16.989999771118164
FC-West,SKU-APPR-004,2025-01-13,13,60.53,Holt_Winters,20.65,20.06,101.0,Seamless Moisture-Wicking Merino Wool Running Socks,Apparel,Accessories,6.1,16.989999771118164
FC-West,SKU-APPR-004,2025-01-14,14,63.32,Holt_Winters,20.88,22.4,104.24,Seamless Moisture-Wicking Merino Wool Running Socks,Apparel,Accessories,6.1,16.989999771118164
FC-West,SKU-APPR-004,2025-01-15,15,64.21,Holt_Winters,21.1,22.85,105.57,Seamless Moisture-Wicking Merino Wool Running Socks,Apparel,Accessories,6.1,16.989999771118164
FC-West,SKU-APPR-004,2025-01-16,16,66.48,Holt_Winters,21.33,24.67,108.29,Seamless Moisture-Wicking Merino Wool Running Socks,Apparel,Accessories,6.1,16.989999771118164
FC-West,SKU-APPR-004,2025-01-17,17,72.75,Holt_Winters,21.55,30.51,114.99,Seamless Moisture-Wicking Merino Wool Running Socks,Apparel,Accessories,6.1,16.989999771118164
FC-West,SKU-APPR-004,2025-01-18,18,82.42,Holt_Winters,21.76,39.77,125.07,Seamless Moisture-Wicking Merino Wool Running Socks,Apparel,Accessories,6.1,16.989999771118164
FC-West,SKU-APPR-004,2025-01-19,19,77.84,Holt_Winters,21.98,34.76,120.92,Seamless Moisture-Wicking Merino Wool Running Socks,Apparel,Accessories,6.1,16.989999771118164
FC-West,SKU-APPR-004,2025-01-20,20,60.73,Holt_Winters,22.19,17.24,104.22,Seamless Moisture-Wicking Merino Wool Running Socks,Apparel,Accessories,6.1,16.989999771118164
FC-West,SKU-APPR-004,2025-01-21,21,63.52,Holt_Winters,22.4,19.62,107.42,Seamless Moisture-Wicking Merino Wool Running Socks,Apparel,Accessories,6.1,16.989999771118164
FC-West,SKU-APPR-004,2025-01-22,22,64.41,Holt_Winters,22.61,20.09,108.73,Seamless Moisture-Wicking Merino Wool Running Socks,Apparel,Accessories,6.1,16.989999771118164
FC-West,SKU-APPR-004,2025-01-23,23,66.68,Holt_Winters,22.82,21.95,111.41,Seamless Moisture-Wicking Merino Wool Running Socks,Apparel,Accessories,6.1,16.989999771118164
FC-West,SKU-APPR-004,2025-01-24,24,72.95,Holt_Winters,23.02,27.83,118.07,Seamless Moisture-Wicking Merino Wool Running Socks,Apparel,Accessories,6.1,16.989999771118164
FC-West,SKU-APPR-004,2025-01-25,25,82.62,Holt_Winters,23.23,37.09,128.15,Seamless Moisture-Wicking Merino Wool Running Socks,Apparel,Accessories,6.1,16.989999771118164
FC-West,SKU-APPR-004,2025-01-26,26,78.04,Holt_Winters,23.43,32.12,123.96,Seamless Moisture-Wicking Merino Wool Running Socks,Apparel,Accessories,6.1,16.989999771118164
FC-West,SKU-APPR-004,2025-01-27,27,60.93,Holt_Winters,23.63,14.62,107.24,Seamless Moisture-Wicking Merino Wool Running Socks,Apparel,Accessories,6.1,16.989999771118164
FC-West,SKU-APPR-004,2025-01-28,28,63.72,Holt_Winters,23.83,17.01,110.43,Seamless Moisture-Wicking Merino Wool Running Socks,Apparel,Accessories,6.1,16.989999771118164
FC-West,SKU-APPR-005,2025-01-01,1,30.59,Holt_Winters,17.71,0.0,65.3,Water-Resistant Commuter Backpack with Laptop Sleeve,Apparel,Bags,28.5,69.98999786376953
FC-West,SKU-APPR-005,2025-01-02,2,33.32,Holt_Winters,17.97,0.0,68.54,Water-Resistant Commuter Backpack with Laptop Sleeve,Apparel,Bags,28.5,69.98999786376953
FC-West,SKU-APPR-005,2025-01-03,3,34.04,Holt_Winters,18.23,0.0,69.77,Water-Resistant Commuter Backpack with Laptop Sleeve,Apparel,Bags,28.5,69.98999786376953
FC-West,SKU-APPR-005,2025-01-04,4,39.24,Holt_Winters,18.49,3.0,75.48,Water-Resistant Commuter Backpack with Laptop Sleeve,Apparel,Bags,28.5,69.98999786376953
FC-West,SKU-APPR-005,2025-01-05,5,37.75,Holt_Winters,18.74,1.02,74.48,Water-Resistant Commuter Backpack with Laptop Sleeve,Apparel,Bags,28.5,69.98999786376953
FC-West,SKU-APPR-005,2025-01-06,6,26.68,Holt_Winters,18.99,0.0,63.9,Water-Resistant Commuter Backpack with Laptop Sleeve,Apparel,Bags,28.5,69.98999786376953
FC-West,SKU-APPR-005,2025-01-07,7,27.65,Holt_Winters,19.24,0.0,65.36,Water-Resistant Commuter Backpack with Laptop Sleeve,Apparel,Bags,28.5,69.98999786376953
FC-West,SKU-APPR-005,2025-01-08,8,30.6,Holt_Winters,19.48,0.0,68.78,Water-Resistant Commuter Backpack with Laptop Sleeve,Apparel,Bags,28.5,69.98999786376953
FC-West,SKU-APPR-005,2025-01-09,9,33.32,Holt_Winters,19.72,0.0,71.97,Water-Resistant Commuter Backpack with Laptop Sleeve,Apparel,Bags,28.5,69.98999786376953
FC-West,SKU-APPR-005,2025-01-10,10,34.04,Holt_Winters,19.96,0.0,73.16,Water-Resistant Commuter Backpack with Laptop Sleeve,Apparel,Bags,28.5,69.98999786376953
FC-West,SKU-APPR-005,2025-01-11,11,39.25,Holt_Winters,20.19,0.0,78.82,Water-Resistant Commuter Backpack with Laptop Sleeve,Apparel,Bags,28.5,69.98999786376953
FC-West,SKU-APPR-005,2025-01-12,12,37.75,Holt_Winters,20.42,0.0,77.77,Water-Resistant Commuter Backpack with Laptop Sleeve,Apparel,Bags,28.5,69.98999786376953
FC-West,SKU-APPR-005,2025-01-13,13,26.69,Holt_Winters,20.65,0.0,67.16,Water-Resistant Commuter Backpack with Laptop Sleeve,Apparel,Bags,28.5,69.98999786376953
FC-West,SKU-APPR-005,2025-01-14,14,27.65,Holt_Winters,20.88,0.0,68.57,Water-Resistant Commuter Backpack with Laptop Sleeve,Apparel,Bags,28.5,69.98999786376953
FC-West,SKU-APPR-005,2025-01-15,15,30.6,Holt_Winters,21.1,0.0,71.96,Water-Resistant Commuter Backpack with Laptop Sleeve,Apparel,Bags,28.5,69.98999786376953
FC-West,SKU-APPR-005,2025-01-16,16,33.33,Holt_Winters,21.33,0.0,75.14,Water-Resistant Commuter Backpack with Laptop Sleeve,Apparel,Bags,28.5,69.98999786376953
FC-West,SKU-APPR-005,2025-01-17,17,34.05,Holt_Winters,21.55,0.0,76.29,Water-Resistant Commuter Backpack with Laptop Sleeve,Apparel,Bags,28.5,69.98999786376953
FC-West,SKU-APPR-005,2025-01-18,18,39.25,Holt_Winters,21.76,0.0,81.9,Water-Resistant Commuter Backpack with Laptop Sleeve,Apparel,Bags,28.5,69.98999786376953
FC-West,SKU-APPR-005,2025-01-19,19,37.76,Holt_Winters,21.98,0.0,80.84,Water-Resistant Commuter Backpack with Laptop Sleeve,Apparel,Bags,28.5,69.98999786376953
FC-West,SKU-APPR-005,2025-01-20,20,26.69,Holt_Winters,22.19,0.0,70.18,Water-Resistant Commuter Backpack with Laptop Sleeve,Apparel,Bags,28.5,69.98999786376953
FC-West,SKU-APPR-005,2025-01-21,21,27.66,Holt_Winters,22.4,0.0,71.56,Water-Resistant Commuter Backpack with Laptop Sleeve,Apparel,Bags,28.5,69.98999786376953
FC-West,SKU-APPR-005,2025-01-22,22,30.6,Holt_Winters,22.61,0.0,74.92,Water-Resistant Commuter Backpack with Laptop Sleeve,Apparel,Bags,28.5,69.98999786376953
FC-West,SKU-APPR-005,2025-01-23,23,33.33,Holt_Winters,22.82,0.0,78.06,Water-Resistant Commuter Backpack with Laptop Sleeve,Apparel,Bags,28.5,69.98999786376953
FC-West,SKU-APPR-005,2025-01-24,24,34.05,Holt_Winters,23.02,0.0,79.17,Water-Resistant Commuter Backpack with Laptop Sleeve,Apparel,Bags,28.5,69.98999786376953
FC-West,SKU-APPR-005,2025-01-25,25,39.25,Holt_Winters,23.23,0.0,84.78,Water-Resistant Commuter Backpack with Laptop Sleeve,Apparel,Bags,28.5,69.98999786376953
FC-West,SKU-APPR-005,2025-01-26,26,37.76,Holt_Winters,23.43,0.0,83.68,Water-Resistant Commuter Backpack with Laptop Sleeve,Apparel,Bags,28.5,69.98999786376953
FC-West,SKU-APPR-005,2025-01-27,27,26.69,Holt_Winters,23.63,0.0,73.0,Water-Resistant Commuter Backpack with Laptop Sleeve,Apparel,Bags,28.5,69.98999786376953
FC-West,SKU-APPR-005,2025-01-28,28,27.66,Holt_Winters,23.83,0.0,74.37,Water-Resistant Commuter Backpack with Laptop Sleeve,Apparel,Bags,28.5,69.98999786376953
FC-West,SKU-APPR-006,2025-01-01,1,31.46,Holt_Winters,17.71,0.0,66.17,Lightweight UV Sun Protection Fishing Hoodie,Apparel,Outdoor,16.5,42.9900016784668
FC-West,SKU-APPR-006,2025-01-02,2,29.22,Holt_Winters,17.97,0.0,64.44,Lightweight UV Sun Protection Fishing Hoodie,Apparel,Outdoor,16.5,42.9900016784668
FC-West,SKU-APPR-006,2025-01-03,3,34.71,Holt_Winters,18.23,0.0,70.44,Lightweight UV Sun Protection Fishing Hoodie,Apparel,Outdoor,16.5,42.9900016784668
FC-West,SKU-APPR-006,2025-01-04,4,38.5,Holt_Winters,18.49,2.26,74.74,Lightweight UV Sun Protection Fishing Hoodie,Apparel,Outdoor,16.5,42.9900016784668
FC-West,SKU-APPR-006,2025-01-05,5,37.81,Holt_Winters,18.74,1.08,74.54,Lightweight UV Sun Protection Fishing Hoodie,Apparel,Outdoor,16.5,42.9900016784668
FC-West,SKU-APPR-006,2025-01-06,6,27.73,Holt_Winters,18.99,0.0,64.95,Lightweight UV Sun Protection Fishing Hoodie,Apparel,Outdoor,16.5,42.9900016784668
FC-West,SKU-APPR-006,2025-01-07,7,29.07,Holt_Winters,19.24,0.0,66.78,Lightweight UV Sun Protection Fishing Hoodie,Apparel,Outdoor,16.5,42.9900016784668
FC-West,SKU-APPR-006,2025-01-08,8,31.53,Holt_Winters,19.48,0.0,69.71,Lightweight UV Sun Protection Fishing Hoodie,Apparel,Outdoor,16.5,42.9900016784668
FC-West,SKU-APPR-006,2025-01-09,9,29.29,Holt_Winters,19.72,0.0,67.94,Lightweight UV Sun Protection Fishing Hoodie,Apparel,Outdoor,16.5,42.9900016784668
FC-West,SKU-APPR-006,2025-01-10,10,34.78,Holt_Winters,19.96,0.0,73.9,Lightweight UV Sun Protection Fishing Hoodie,Apparel,Outdoor,16.5,42.9900016784668
FC-West,SKU-APPR-006,2025-01-11,11,38.57,Holt_Winters,20.19,0.0,78.14,Lightweight UV Sun Protection Fishing Hoodie,Apparel,Outdoor,16.5,42.9900016784668
FC-West,SKU-APPR-006,2025-01-12,12,37.88,Holt_Winters,20.42,0.0,77.9,Lightweight UV Sun Protection Fishing Hoodie,Apparel,Outdoor,16.5,42.9900016784668
FC-West,SKU-APPR-006,2025-01-13,13,27.8,Holt_Winters,20.65,0.0,68.27,Lightweight UV Sun Protection Fishing Hoodie,Apparel,Outdoor,16.5,42.9900016784668
FC-West,SKU-APPR-006,2025-01-14,14,29.14,Holt_Winters,20.88,0.0,70.06,Lightweight UV Sun Protection Fishing Hoodie,Apparel,Outdoor,16.5,42.9900016784668
FC-West,SKU-APPR-006,2025-01-15,15,31.6,Holt_Winters,21.1,0.0,72.96,Lightweight UV Sun Protection Fishing Hoodie,Apparel,Outdoor,16.5,42.9900016784668
FC-West,SKU-APPR-006,2025-01-16,16,29.36,Holt_Winters,21.33,0.0,71.17,Lightweight UV Sun Protection Fishing Hoodie,Apparel,Outdoor,16.5,42.9900016784668
FC-West,SKU-APPR-006,2025-01-17,17,34.85,Holt_Winters,21.55,0.0,77.09,Lightweight UV Sun Protection Fishing Hoodie,Apparel,Outdoor,16.5,42.9900016784668
FC-West,SKU-APPR-006,2025-01-18,18,38.64,Holt_Winters,21.76,0.0,81.29,Lightweight UV Sun Protection Fishing Hoodie,Apparel,Outdoor,16.5,42.9900016784668
FC-West,SKU-APPR-006,2025-01-19,19,37.95,Holt_Winters,21.98,0.0,81.03,Lightweight UV Sun Protection Fishing Hoodie,Apparel,Outdoor,16.5,42.9900016784668
FC-West,SKU-APPR-006,2025-01-20,20,27.87,Holt_Winters,22.19,0.0,71.36,Lightweight UV Sun Protection Fishing Hoodie,Apparel,Outdoor,16.5,42.9900016784668
FC-West,SKU-APPR-006,2025-01-21,21,29.21,Holt_Winters,22.4,0.0,73.11,Lightweight UV Sun Protection Fishing Hoodie,Apparel,Outdoor,16.5,42.9900016784668
FC-West,SKU-APPR-006,2025-01-22,22,31.67,Holt_Winters,22.61,0.0,75.99,Lightweight UV Sun Protection Fishing Hoodie,Apparel,Outdoor,16.5,42.9900016784668
FC-West,SKU-APPR-006,2025-01-23,23,29.43,Holt_Winters,22.82,0.0,74.16,Lightweight UV Sun Protection Fishing Hoodie,Apparel,Outdoor,16.5,42.9900016784668
FC-West,SKU-APPR-006,2025-01-24,24,34.92,Holt_Winters,23.02,0.0,80.04,Lightweight UV Sun Protection Fishing Hoodie,Apparel,Outdoor,16.5,42.9900016784668
FC-West,SKU-APPR-006,2025-01-25,25,38.71,Holt_Winters,23.23,0.0,84.24,Lightweight UV Sun Protection Fishing Hoodie,Apparel,Outdoor,16.5,42.9900016784668
FC-West,SKU-APPR-006,2025-01-26,26,38.02,Holt_Winters,23.43,0.0,83.94,Lightweight UV Sun Protection Fishing Hoodie,Apparel,Outdoor,16.5,42.9900016784668
FC-West,SKU-APPR-006,2025-01-27,27,27.94,Holt_Winters,23.63,0.0,74.25,Lightweight UV Sun Protection Fishing Hoodie,Apparel,Outdoor,16.5,42.9900016784668
FC-West,SKU-APPR-006,2025-01-28,28,29.28,Holt_Winters,23.83,0.0,75.99,Lightweight UV Sun Protection Fishing Hoodie,Apparel,Outdoor,16.5,42.9900016784668
FC-West,SKU-APPR-007,2025-01-01,1,8.44,Holt_Winters,17.71,0.0,43.15,Vintage Low-Rise Bootcut Denim Jeans,Apparel,Denim,23.0,54.9900016784668
FC-West,SKU-APPR-007,2025-01-02,2,8.3,Holt_Winters,17.97,0.0,43.52,Vintage Low-Rise Bootcut Denim Jeans,Apparel,Denim,23.0,54.9900016784668
FC-West,SKU-APPR-007,2025-01-03,3,10.76,Holt_Winters,18.23,0.0,46.49,Vintage Low-Rise Bootcut Denim Jeans,Apparel,Denim,23.0,54.9900016784668
FC-West,SKU-APPR-007,2025-01-04,4,12.07,Holt_Winters,18.49,0.0,48.31,Vintage Low-Rise Bootcut Denim Jeans,Apparel,Denim,23.0,54.9900016784668
FC-West,SKU-APPR-007,2025-01-05,5,10.28,Holt_Winters,18.74,0.0,47.01,Vintage Low-Rise Bootcut Denim Jeans,Apparel,Denim,23.0,54.9900016784668
FC-West,SKU-APPR-007,2025-01-06,6,7.39,Holt_Winters,18.99,0.0,44.61,Vintage Low-Rise Bootcut Denim Jeans,Apparel,Denim,23.0,54.9900016784668
FC-West,SKU-APPR-007,2025-01-07,7,6.93,Holt_Winters,19.24,0.0,44.64,Vintage Low-Rise Bootcut Denim Jeans,Apparel,Denim,23.0,54.9900016784668
FC-West,SKU-APPR-007,2025-01-08,8,8.4,Holt_Winters,19.48,0.0,46.58,Vintage Low-Rise Bootcut Denim Jeans,Apparel,Denim,23.0,54.9900016784668
FC-West,SKU-APPR-007,2025-01-09,9,8.25,Holt_Winters,19.72,0.0,46.9,Vintage Low-Rise Bootcut Denim Jeans,Apparel,Denim,23.0,54.9900016784668
FC-West,SKU-APPR-007,2025-01-10,10,10.71,Holt_Winters,19.96,0.0,49.83,Vintage Low-Rise Bootcut Denim Jeans,Apparel,Denim,23.0,54.9900016784668
FC-West,SKU-APPR-007,2025-01-11,11,12.02,Holt_Winters,20.19,0.0,51.59,Vintage Low-Rise Bootcut Denim Jeans,Apparel,Denim,23.0,54.9900016784668
FC-West,SKU-APPR-007,2025-01-12,12,10.23,Holt_Winters,20.42,0.0,50.25,Vintage Low-Rise Bootcut Denim Jeans,Apparel,Denim,23.0,54.9900016784668
FC-West,SKU-APPR-007,2025-01-13,13,7.35,Holt_Winters,20.65,0.0,47.82,Vintage Low-Rise Bootcut Denim Jeans,Apparel,Denim,23.0,54.9900016784668
FC-West,SKU-APPR-007,2025-01-14,14,6.88,Holt_Winters,20.88,0.0,47.8,Vintage Low-Rise Bootcut Denim Jeans,Apparel,Denim,23.0,54.9900016784668
FC-West,SKU-APPR-007,2025-01-15,15,8.35,Holt_Winters,21.1,0.0,49.71,Vintage Low-Rise Bootcut Denim Jeans,Apparel,Denim,23.0,54.9900016784668
FC-West,SKU-APPR-007,2025-01-16,16,8.21,Holt_Winters,21.33,0.0,50.02,Vintage Low-Rise Bootcut Denim Jeans,Apparel,Denim,23.0,54.9900016784668
FC-West,SKU-APPR-007,2025-01-17,17,10.67,Holt_Winters,21.55,0.0,52.91,Vintage Low-Rise Bootcut Denim Jeans,Apparel,Denim,23.0,54.9900016784668
FC-West,SKU-APPR-007,2025-01-18,18,11.98,Holt_Winters,21.76,0.0,54.63,Vintage Low-Rise Bootcut Denim Jeans,Apparel,Denim,23.0,54.9900016784668
FC-West,SKU-APPR-007,2025-01-19,19,10.19,Holt_Winters,21.98,0.0,53.27,Vintage Low-Rise Bootcut Denim Jeans,Apparel,Denim,23.0,54.9900016784668
FC-West,SKU-APPR-007,2025-01-20,20,7.3,Holt_Winters,22.19,0.0,50.79,Vintage Low-Rise Bootcut Denim Jeans,Apparel,Denim,23.0,54.9900016784668
FC-West,SKU-APPR-007,2025-01-21,21,6.84,Holt_Winters,22.4,0.0,50.74,Vintage Low-Rise Bootcut Denim Jeans,Apparel,Denim,23.0,54.9900016784668
FC-West,SKU-APPR-007,2025-01-22,22,8.31,Holt_Winters,22.61,0.0,52.63,Vintage Low-Rise Bootcut Denim Jeans,Apparel,Denim,23.0,54.9900016784668
FC-West,SKU-APPR-007,2025-01-23,23,8.16,Holt_Winters,22.82,0.0,52.89,Vintage Low-Rise Bootcut Denim Jeans,Apparel,Denim,23.0,54.9900016784668
FC-West,SKU-APPR-007,2025-01-24,24,10.62,Holt_Winters,23.02,0.0,55.74,Vintage Low-Rise Bootcut Denim Jeans,Apparel,Denim,23.0,54.9900016784668
FC-West,SKU-APPR-007,2025-01-25,25,11.93,Holt_Winters,23.23,0.0,57.46,Vintage Low-Rise Bootcut Denim Jeans,Apparel,Denim,23.0,54.9900016784668
FC-West,SKU-APPR-007,2025-01-26,26,10.14,Holt_Winters,23.43,0.0,56.06,Vintage Low-Rise Bootcut Denim Jeans,Apparel,Denim,23.0,54.9900016784668
FC-West,SKU-APPR-007,2025-01-27,27,7.26,Holt_Winters,23.63,0.0,53.57,Vintage Low-Rise Bootcut Denim Jeans,Apparel,Denim,23.0,54.9900016784668
FC-West,SKU-APPR-007,2025-01-28,28,6.79,Holt_Winters,23.83,0.0,53.5,Vintage Low-Rise Bootcut Denim Jeans,Apparel,Denim,23.0,54.9900016784668
FC-West,SKU-APPR-008,2025-01-01,1,74.27,Holt_Winters,17.71,39.56,108.98,Fleece-Lined Thermal Baselayer Leggings,Apparel,Base Layer,13.8,34.9900016784668
FC-West,SKU-APPR-008,2025-01-02,2,72.52,Holt_Winters,17.97,37.3,107.74,Fleece-Lined Thermal Baselayer Leggings,Apparel,Base Layer,13.8,34.9900016784668
FC-West,SKU-APPR-008,2025-01-03,3,81.37,Holt_Winters,18.23,45.64,117.1,Fleece-Lined Thermal Baselayer Leggings,Apparel,Base Layer,13.8,34.9900016784668
FC-West,SKU-APPR-008,2025-01-04,4,85.2,Holt_Winters,18.49,48.96,121.44,Fleece-Lined Thermal Baselayer Leggings,Apparel,Base Layer,13.8,34.9900016784668
FC-West,SKU-APPR-008,2025-01-05,5,79.45,Holt_Winters,18.74,42.72,116.18,Fleece-Lined Thermal Baselayer Leggings,Apparel,Base Layer,13.8,34.9900016784668
FC-West,SKU-APPR-008,2025-01-06,6,70.9,Holt_Winters,18.99,33.68,108.12,Fleece-Lined Thermal Baselayer Leggings,Apparel,Base Layer,13.8,34.9900016784668
FC-West,SKU-APPR-008,2025-01-07,7,69.64,Holt_Winters,19.24,31.93,107.35,Fleece-Lined Thermal Baselayer Leggings,Apparel,Base Layer,13.8,34.9900016784668
FC-West,SKU-APPR-008,2025-01-08,8,73.9,Holt_Winters,19.48,35.72,112.08,Fleece-Lined Thermal Baselayer Leggings,Apparel,Base Layer,13.8,34.9900016784668
FC-West,SKU-APPR-008,2025-01-09,9,72.15,Holt_Winters,19.72,33.5,110.8,Fleece-Lined Thermal Baselayer Leggings,Apparel,Base Layer,13.8,34.9900016784668
FC-West,SKU-APPR-008,2025-01-10,10,81.01,Holt_Winters,19.96,41.89,120.13,Fleece-Lined Thermal Baselayer Leggings,Apparel,Base Layer,13.8,34.9900016784668
FC-West,SKU-APPR-008,2025-01-11,11,84.83,Holt_Winters,20.19,45.26,124.4,Fleece-Lined Thermal Baselayer Leggings,Apparel,Base Layer,13.8,34.9900016784668
FC-West,SKU-APPR-008,2025-01-12,12,79.09,Holt_Winters,20.42,39.07,119.11,Fleece-Lined Thermal Baselayer Leggings,Apparel,Base Layer,13.8,34.9900016784668
FC-West,SKU-APPR-008,2025-01-13,13,70.54,Holt_Winters,20.65,30.07,111.01,Fleece-Lined Thermal Baselayer Leggings,Apparel,Base Layer,13.8,34.9900016784668
FC-West,SKU-APPR-008,2025-01-14,14,69.28,Holt_Winters,20.88,28.36,110.2,Fleece-Lined Thermal Baselayer Leggings,Apparel,Base Layer,13.8,34.9900016784668
FC-West,SKU-APPR-008,2025-01-15,15,73.54,Holt_Winters,21.1,32.18,114.9,Fleece-Lined Thermal Baselayer Leggings,Apparel,Base Layer,13.8,34.9900016784668
FC-West,SKU-APPR-008,2025-01-16,16,71.79,Holt_Winters,21.33,29.98,113.6,Fleece-Lined Thermal Baselayer Leggings,Apparel,Base Layer,13.8,34.9900016784668
FC-West,SKU-APPR-008,2025-01-17,17,80.64,Holt_Winters,21.55,38.4,122.88,Fleece-Lined Thermal Baselayer Leggings,Apparel,Base Layer,13.8,34.9900016784668
FC-West,SKU-APPR-008,2025-01-18,18,84.47,Holt_Winters,21.76,41.82,127.12,Fleece-Lined Thermal Baselayer Leggings,Apparel,Base Layer,13.8,34.9900016784668
FC-West,SKU-APPR-008,2025-01-19,19,78.72,Holt_Winters,21.98,35.64,121.8,Fleece-Lined Thermal Baselayer Leggings,Apparel,Base Layer,13.8,34.9900016784668
FC-West,SKU-APPR-008,2025-01-20,20,70.17,Holt_Winters,22.19,26.68,113.66,Fleece-Lined Thermal Baselayer Leggings,Apparel,Base Layer,13.8,34.9900016784668
FC-West,SKU-APPR-008,2025-01-21,21,68.91,Holt_Winters,22.4,25.01,112.81,Fleece-Lined Thermal Baselayer Leggings,Apparel,Base Layer,13.8,34.9900016784668
FC-West,SKU-APPR-008,2025-01-22,22,73.17,Holt_Winters,22.61,28.85,117.49,Fleece-Lined Thermal Baselayer Leggings,Apparel,Base Layer,13.8,34.9900016784668
FC-West,SKU-APPR-008,2025-01-23,23,71.42,Holt_Winters,22.82,26.69,116.15,Fleece-Lined Thermal Baselayer Leggings,Apparel,Base Layer,13.8,34.9900016784668
FC-West,SKU-APPR-008,2025-01-24,24,80.28,Holt_Winters,23.02,35.16,125.4,Fleece-Lined Thermal Baselayer Leggings,Apparel,Base Layer,13.8,34.9900016784668
FC-West,SKU-APPR-008,2025-01-25,25,84.1,Holt_Winters,23.23,38.57,129.63,Fleece-Lined Thermal Baselayer Leggings,Apparel,Base Layer,13.8,34.9900016784668
FC-West,SKU-APPR-008,2025-01-26,26,78.36,Holt_Winters,23.43,32.44,124.28,Fleece-Lined Thermal Baselayer Leggings,Apparel,Base Layer,13.8,34.9900016784668
FC-West,SKU-APPR-008,2025-01-27,27,69.81,Holt_Winters,23.63,23.5,116.12,Fleece-Lined Thermal Baselayer Leggings,Apparel,Base Layer,13.8,34.9900016784668
FC-West,SKU-APPR-008,2025-01-28,28,68.55,Holt_Winters,23.83,21.84,115.26,Fleece-Lined Thermal Baselayer Leggings,Apparel,Base Layer,13.8,34.9900016784668
FC-West,SKU-APPR-009,2025-01-01,1,2.97,Holt_Winters,17.71,0.0,37.68,Custom Embroidered Alpine Ski Racing Bib,Apparel,Specialty Sport,48.0,120.0
FC-West,SKU-APPR-009,2025-01-02,2,2.89,Holt_Winters,17.97,0.0,38.11,Custom Embroidered Alpine Ski Racing Bib,Apparel,Specialty Sport,48.0,120.0
FC-West,SKU-APPR-009,2025-01-03,3,1.95,Holt_Winters,18.23,0.0,37.68,Custom Embroidered Alpine Ski Racing Bib,Apparel,Specialty Sport,48.0,120.0
FC-West,SKU-APPR-009,2025-01-04,4,2.63,Holt_Winters,18.49,0.0,38.87,Custom Embroidered Alpine Ski Racing Bib,Apparel,Specialty Sport,48.0,120.0
FC-West,SKU-APPR-009,2025-01-05,5,2.46,Holt_Winters,18.74,0.0,39.19,Custom Embroidered Alpine Ski Racing Bib,Apparel,Specialty Sport,48.0,120.0
FC-West,SKU-APPR-009,2025-01-06,6,2.29,Holt_Winters,18.99,0.0,39.51,Custom Embroidered Alpine Ski Racing Bib,Apparel,Specialty Sport,48.0,120.0
FC-West,SKU-APPR-009,2025-01-07,7,2.23,Holt_Winters,19.24,0.0,39.94,Custom Embroidered Alpine Ski Racing Bib,Apparel,Specialty Sport,48.0,120.0
FC-West,SKU-APPR-009,2025-01-08,8,2.97,Holt_Winters,19.48,0.0,41.15,Custom Embroidered Alpine Ski Racing Bib,Apparel,Specialty Sport,48.0,120.0
FC-West,SKU-APPR-009,2025-01-09,9,2.89,Holt_Winters,19.72,0.0,41.54,Custom Embroidered Alpine Ski Racing Bib,Apparel,Specialty Sport,48.0,120.0
FC-West,SKU-APPR-009,2025-01-10,10,1.95,Holt_Winters,19.96,0.0,41.07,Custom Embroidered Alpine Ski Racing Bib,Apparel,Specialty Sport,48.0,120.0
FC-West,SKU-APPR-009,2025-01-11,11,2.63,Holt_Winters,20.19,0.0,42.2,Custom Embroidered Alpine Ski Racing Bib,Apparel,Specialty Sport,48.0,120.0
FC-West,SKU-APPR-009,2025-01-12,12,2.47,Holt_Winters,20.42,0.0,42.49,Custom Embroidered Alpine Ski Racing Bib,Apparel,Specialty Sport,48.0,120.0
FC-West,SKU-APPR-009,2025-01-13,13,2.3,Holt_Winters,20.65,0.0,42.77,Custom Embroidered Alpine Ski Racing Bib,Apparel,Specialty Sport,48.0,120.0
FC-West,SKU-APPR-009,2025-01-14,14,2.23,Holt_Winters,20.88,0.0,43.15,Custom Embroidered Alpine Ski Racing Bib,Apparel,Specialty Sport,48.0,120.0
FC-West,SKU-APPR-009,2025-01-15,15,2.97,Holt_Winters,21.1,0.0,44.33,Custom Embroidered Alpine Ski Racing Bib,Apparel,Specialty Sport,48.0,120.0
FC-West,SKU-APPR-009,2025-01-16,16,2.9,Holt_Winters,21.33,0.0,44.71,Custom Embroidered Alpine Ski Racing Bib,Apparel,Specialty Sport,48.0,120.0
FC-West,SKU-APPR-009,2025-01-17,17,1.95,Holt_Winters,21.55,0.0,44.19,Custom Embroidered Alpine Ski Racing Bib,Apparel,Specialty Sport,48.0,120.0
FC-West,SKU-APPR-009,2025-01-18,18,2.64,Holt_Winters,21.76,0.0,45.29,Custom Embroidered Alpine Ski Racing Bib,Apparel,Specialty Sport,48.0,120.0
FC-West,SKU-APPR-009,2025-01-19,19,2.47,Holt_Winters,21.98,0.0,45.55,Custom Embroidered Alpine Ski Racing Bib,Apparel,Specialty Sport,48.0,120.0
FC-West,SKU-APPR-009,2025-01-20,20,2.3,Holt_Winters,22.19,0.0,45.79,Custom Embroidered Alpine Ski Racing Bib,Apparel,Specialty Sport,48.0,120.0
FC-West,SKU-APPR-009,2025-01-21,21,2.23,Holt_Winters,22.4,0.0,46.13,Custom Embroidered Alpine Ski Racing Bib,Apparel,Specialty Sport,48.0,120.0
FC-West,SKU-APPR-009,2025-01-22,22,2.98,Holt_Winters,22.61,0.0,47.3,Custom Embroidered Alpine Ski Racing Bib,Apparel,Specialty Sport,48.0,120.0
FC-West,SKU-APPR-009,2025-01-23,23,2.9,Holt_Winters,22.82,0.0,47.63,Custom Embroidered Alpine Ski Racing Bib,Apparel,Specialty Sport,48.0,120.0
FC-West,SKU-APPR-009,2025-01-24,24,1.96,Holt_Winters,23.02,0.0,47.08,Custom Embroidered Alpine Ski Racing Bib,Apparel,Specialty Sport,48.0,120.0
FC-West,SKU-APPR-009,2025-01-25,25,2.64,Holt_Winters,23.23,0.0,48.17,Custom Embroidered Alpine Ski Racing Bib,Apparel,Specialty Sport,48.0,120.0
FC-West,SKU-APPR-009,2025-01-26,26,2.48,Holt_Winters,23.43,0.0,48.4,Custom Embroidered Alpine Ski Racing Bib,Apparel,Specialty Sport,48.0,120.0
FC-West,SKU-APPR-009,2025-01-27,27,2.3,Holt_Winters,23.63,0.0,48.61,Custom Embroidered Alpine Ski Racing Bib,Apparel,Specialty Sport,48.0,120.0
FC-West,SKU-APPR-009,2025-01-28,28,2.24,Holt_Winters,23.83,0.0,48.95,Custom Embroidered Alpine Ski Racing Bib,Apparel,Specialty Sport,48.0,120.0
FC-West,SKU-APPR-010,2025-01-01,1,5.35,Holt_Winters,17.71,0.0,40.06,Full-Grain Italian Leather Travel Duffel,Apparel,Luxury Bags,135.0,289.989990234375
FC-West,SKU-APPR-010,2025-01-02,2,5.44,Holt_Winters,17.97,0.0,40.66,Full-Grain Italian Leather Travel Duffel,Apparel,Luxury Bags,135.0,289.989990234375
FC-West,SKU-APPR-010,2025-01-03,3,6.7,Holt_Winters,18.23,0.0,42.43,Full-Grain Italian Leather Travel Duffel,Apparel,Luxury Bags,135.0,289.989990234375
FC-West,SKU-APPR-010,2025-01-04,4,8.41,Holt_Winters,18.49,0.0,44.65,Full-Grain Italian Leather Travel Duffel,Apparel,Luxury Bags,135.0,289.989990234375
FC-West,SKU-APPR-010,2025-01-05,5,8.08,Holt_Winters,18.74,0.0,44.81,Full-Grain Italian Leather Travel Duffel,Apparel,Luxury Bags,135.0,289.989990234375
FC-West,SKU-APPR-010,2025-01-06,6,6.03,Holt_Winters,18.99,0.0,43.25,Full-Grain Italian Leather Travel Duffel,Apparel,Luxury Bags,135.0,289.989990234375
FC-West,SKU-APPR-010,2025-01-07,7,5.98,Holt_Winters,19.24,0.0,43.69,Full-Grain Italian Leather Travel Duffel,Apparel,Luxury Bags,135.0,289.989990234375
FC-West,SKU-APPR-010,2025-01-08,8,5.36,Holt_Winters,19.48,0.0,43.54,Full-Grain Italian Leather Travel Duffel,Apparel,Luxury Bags,135.0,289.989990234375
FC-West,SKU-APPR-010,2025-01-09,9,5.45,Holt_Winters,19.72,0.0,44.1,Full-Grain Italian Leather Travel Duffel,Apparel,Luxury Bags,135.0,289.989990234375
FC-West,SKU-APPR-010,2025-01-10,10,6.7,Holt_Winters,19.96,0.0,45.82,Full-Grain Italian Leather Travel Duffel,Apparel,Luxury Bags,135.0,289.989990234375
FC-West,SKU-APPR-010,2025-01-11,11,8.42,Holt_Winters,20.19,0.0,47.99,Full-Grain Italian Leather Travel Duffel,Apparel,Luxury Bags,135.0,289.989990234375
FC-West,SKU-APPR-010,2025-01-12,12,8.09,Holt_Winters,20.42,0.0,48.11,Full-Grain Italian Leather Travel Duffel,Apparel,Luxury Bags,135.0,289.989990234375
FC-West,SKU-APPR-010,2025-01-13,13,6.04,Holt_Winters,20.65,0.0,46.51,Full-Grain Italian Leather Travel Duffel,Apparel,Luxury Bags,135.0,289.989990234375
FC-West,SKU-APPR-010,2025-01-14,14,5.99,Holt_Winters,20.88,0.0,46.91,Full-Grain Italian Leather Travel Duffel,Apparel,Luxury Bags,135.0,289.989990234375
FC-West,SKU-APPR-010,2025-01-15,15,5.37,Holt_Winters,21.1,0.0,46.73,Full-Grain Italian Leather Travel Duffel,Apparel,Luxury Bags,135.0,289.989990234375
FC-West,SKU-APPR-010,2025-01-16,16,5.46,Holt_Winters,21.33,0.0,47.27,Full-Grain Italian Leather Travel Duffel,Apparel,Luxury Bags,135.0,289.989990234375
FC-West,SKU-APPR-010,2025-01-17,17,6.71,Holt_Winters,21.55,0.0,48.95,Full-Grain Italian Leather Travel Duffel,Apparel,Luxury Bags,135.0,289.989990234375
FC-West,SKU-APPR-010,2025-01-18,18,8.43,Holt_Winters,21.76,0.0,51.08,Full-Grain Italian Leather Travel Duffel,Apparel,Luxury Bags,135.0,289.989990234375
FC-West,SKU-APPR-010,2025-01-19,19,8.1,Holt_Winters,21.98,0.0,51.18,Full-Grain Italian Leather Travel Duffel,Apparel,Luxury Bags,135.0,289.989990234375
FC-West,SKU-APPR-010,2025-01-20,20,6.05,Holt_Winters,22.19,0.0,49.54,Full-Grain Italian Leather Travel Duffel,Apparel,Luxury Bags,135.0,289.989990234375
FC-West,SKU-APPR-010,2025-01-21,21,6.0,Holt_Winters,22.4,0.0,49.9,Full-Grain Italian Leather Travel Duffel,Apparel,Luxury Bags,135.0,289.989990234375
FC-West,SKU-APPR-010,2025-01-22,22,5.38,Holt_Winters,22.61,0.0,49.7,Full-Grain Italian Leather Travel Duffel,Apparel,Luxury Bags,135.0,289.989990234375
FC-West,SKU-APPR-010,2025-01-23,23,5.47,Holt_Winters,22.82,0.0,50.2,Full-Grain Italian Leather Travel Duffel,Apparel,Luxury Bags,135.0,289.989990234375
FC-West,SKU-APPR-010,2025-01-24,24,6.72,Holt_Winters,23.02,0.0,51.84,Full-Grain Italian Leather Travel Duffel,Apparel,Luxury Bags,135.0,289.989990234375
FC-West,SKU-APPR-010,2025-01-25,25,8.43,Holt_Winters,23.23,0.0,53.96,Full-Grain Italian Leather Travel Duffel,Apparel,Luxury Bags,135.0,289.989990234375
FC-West,SKU-APPR-010,2025-01-26,26,8.11,Holt_Winters,23.43,0.0,54.03,Full-Grain Italian Leather Travel Duffel,Apparel,Luxury Bags,135.0,289.989990234375
FC-West,SKU-APPR-010,2025-01-27,27,6.06,Holt_Winters,23.63,0.0,52.37,Full-Grain Italian Leather Travel Duffel,Apparel,Luxury Bags,135.0,289.989990234375
FC-West,SKU-APPR-010,2025-01-28,28,6.01,Holt_Winters,23.83,0.0,52.72,Full-Grain Italian Leather Travel Duffel,Apparel,Luxury Bags,135.0,289.989990234375
FC-West,SKU-ELEC-001,2025-01-01,1,34.07,Holt_Winters,17.71,0.0,68.78,Pro Wireless Noise-Canceling Earbuds,Electronics,Audio,58.5,129.99000549316406
FC-West,SKU-ELEC-001,2025-01-02,2,35.88,Holt_Winters,17.97,0.66,71.1,Pro Wireless Noise-Canceling Earbuds,Electronics,Audio,58.5,129.99000549316406
FC-West,SKU-ELEC-001,2025-01-03,3,41.09,Holt_Winters,18.23,5.36,76.82,Pro Wireless Noise-Canceling Earbuds,Electronics,Audio,58.5,129.99000549316406
FC-West,SKU-ELEC-001,2025-01-04,4,44.07,Holt_Winters,18.49,7.83,80.31,Pro Wireless Noise-Canceling Earbuds,Electronics,Audio,58.5,129.99000549316406
FC-West,SKU-ELEC-001,2025-01-05,5,39.33,Holt_Winters,18.74,2.6,76.06,Pro Wireless Noise-Canceling Earbuds,Electronics,Audio,58.5,129.99000549316406
FC-West,SKU-ELEC-001,2025-01-06,6,32.54,Holt_Winters,18.99,0.0,69.76,Pro Wireless Noise-Canceling Earbuds,Electronics,Audio,58.5,129.99000549316406
FC-West,SKU-ELEC-001,2025-01-07,7,33.63,Holt_Winters,19.24,0.0,71.34,Pro Wireless Noise-Canceling Earbuds,Electronics,Audio,58.5,129.99000549316406
FC-West,SKU-ELEC-001,2025-01-08,8,34.18,Holt_Winters,19.48,0.0,72.36,Pro Wireless Noise-Canceling Earbuds,Electronics,Audio,58.5,129.99000549316406
FC-West,SKU-ELEC-001,2025-01-09,9,35.99,Holt_Winters,19.72,0.0,74.64,Pro Wireless Noise-Canceling Earbuds,Electronics,Audio,58.5,129.99000549316406
FC-West,SKU-ELEC-001,2025-01-10,10,41.2,Holt_Winters,19.96,2.08,80.32,Pro Wireless Noise-Canceling Earbuds,Electronics,Audio,58.5,129.99000549316406
FC-West,SKU-ELEC-001,2025-01-11,11,44.18,Holt_Winters,20.19,4.61,83.75,Pro Wireless Noise-Canceling Earbuds,Electronics,Audio,58.5,129.99000549316406
FC-West,SKU-ELEC-001,2025-01-12,12,39.45,Holt_Winters,20.42,0.0,79.47,Pro Wireless Noise-Canceling Earbuds,Electronics,Audio,58.5,129.99000549316406
FC-West,SKU-ELEC-001,2025-01-13,13,32.65,Holt_Winters,20.65,0.0,73.12,Pro Wireless Noise-Canceling Earbuds,Electronics,Audio,58.5,129.99000549316406
FC-West,SKU-ELEC-001,2025-01-14,14,33.74,Holt_Winters,20.88,0.0,74.66,Pro Wireless Noise-Canceling Earbuds,Electronics,Audio,58.5,129.99000549316406
FC-West,SKU-ELEC-001,2025-01-15,15,34.29,Holt_Winters,21.1,0.0,75.65,Pro Wireless Noise-Canceling Earbuds,Electronics,Audio,58.5,129.99000549316406
FC-West,SKU-ELEC-001,2025-01-16,16,36.11,Holt_Winters,21.33,0.0,77.92,Pro Wireless Noise-Canceling Earbuds,Electronics,Audio,58.5,129.99000549316406
FC-West,SKU-ELEC-001,2025-01-17,17,41.32,Holt_Winters,21.55,0.0,83.56,Pro Wireless Noise-Canceling Earbuds,Electronics,Audio,58.5,129.99000549316406
FC-West,SKU-ELEC-001,2025-01-18,18,44.29,Holt_Winters,21.76,1.64,86.94,Pro Wireless Noise-Canceling Earbuds,Electronics,Audio,58.5,129.99000549316406
FC-West,SKU-ELEC-001,2025-01-19,19,39.56,Holt_Winters,21.98,0.0,82.64,Pro Wireless Noise-Canceling Earbuds,Electronics,Audio,58.5,129.99000549316406
FC-West,SKU-ELEC-001,2025-01-20,20,32.77,Holt_Winters,22.19,0.0,76.26,Pro Wireless Noise-Canceling Earbuds,Electronics,Audio,58.5,129.99000549316406
FC-West,SKU-ELEC-001,2025-01-21,21,33.86,Holt_Winters,22.4,0.0,77.76,Pro Wireless Noise-Canceling Earbuds,Electronics,Audio,58.5,129.99000549316406
FC-West,SKU-ELEC-001,2025-01-22,22,34.41,Holt_Winters,22.61,0.0,78.73,Pro Wireless Noise-Canceling Earbuds,Electronics,Audio,58.5,129.99000549316406
FC-West,SKU-ELEC-001,2025-01-23,23,36.22,Holt_Winters,22.82,0.0,80.95,Pro Wireless Noise-Canceling Earbuds,Electronics,Audio,58.5,129.99000549316406
FC-West,SKU-ELEC-001,2025-01-24,24,41.43,Holt_Winters,23.02,0.0,86.55,Pro Wireless Noise-Canceling Earbuds,Electronics,Audio,58.5,129.99000549316406
FC-West,SKU-ELEC-001,2025-01-25,25,44.41,Holt_Winters,23.23,0.0,89.94,Pro Wireless Noise-Canceling Earbuds,Electronics,Audio,58.5,129.99000549316406
FC-West,SKU-ELEC-001,2025-01-26,26,39.67,Holt_Winters,23.43,0.0,85.59,Pro Wireless Noise-Canceling Earbuds,Electronics,Audio,58.5,129.99000549316406
FC-West,SKU-ELEC-001,2025-01-27,27,32.88,Holt_Winters,23.63,0.0,79.19,Pro Wireless Noise-Canceling Earbuds,Electronics,Audio,58.5,129.99000549316406
FC-West,SKU-ELEC-001,2025-01-28,28,33.97,Holt_Winters,23.83,0.0,80.68,Pro Wireless Noise-Canceling Earbuds,Electronics,Audio,58.5,129.99000549316406
FC-West,SKU-ELEC-002,2025-01-01,1,41.17,Holt_Winters,17.71,6.46,75.88,Ultra-Fast USB-C GaN Charger 65W,Electronics,Accessories,14.2,34.9900016784668
FC-West,SKU-ELEC-002,2025-01-02,2,42.33,Holt_Winters,17.97,7.11,77.55,Ultra-Fast USB-C GaN Charger 65W,Electronics,Accessories,14.2,34.9900016784668
FC-West,SKU-ELEC-002,2025-01-03,3,48.18,Holt_Winters,18.23,12.45,83.91,Ultra-Fast USB-C GaN Charger 65W,Electronics,Accessories,14.2,34.9900016784668
FC-West,SKU-ELEC-002,2025-01-04,4,54.69,Holt_Winters,18.49,18.45,90.93,Ultra-Fast USB-C GaN Charger 65W,Electronics,Accessories,14.2,34.9900016784668
FC-West,SKU-ELEC-002,2025-01-05,5,49.58,Holt_Winters,18.74,12.85,86.31,Ultra-Fast USB-C GaN Charger 65W,Electronics,Accessories,14.2,34.9900016784668
FC-West,SKU-ELEC-002,2025-01-06,6,38.43,Holt_Winters,18.99,1.21,75.65,Ultra-Fast USB-C GaN Charger 65W,Electronics,Accessories,14.2,34.9900016784668
FC-West,SKU-ELEC-002,2025-01-07,7,39.85,Holt_Winters,19.24,2.14,77.56,Ultra-Fast USB-C GaN Charger 65W,Electronics,Accessories,14.2,34.9900016784668
FC-West,SKU-ELEC-002,2025-01-08,8,41.18,Holt_Winters,19.48,3.0,79.36,Ultra-Fast USB-C GaN Charger 65W,Electronics,Accessories,14.2,34.9900016784668
FC-West,SKU-ELEC-002,2025-01-09,9,42.34,Holt_Winters,19.72,3.69,80.99,Ultra-Fast USB-C GaN Charger 65W,Electronics,Accessories,14.2,34.9900016784668
FC-West,SKU-ELEC-002,2025-01-10,10,48.19,Holt_Winters,19.96,9.07,87.31,Ultra-Fast USB-C GaN Charger 65W,Electronics,Accessories,14.2,34.9900016784668
FC-West,SKU-ELEC-002,2025-01-11,11,54.7,Holt_Winters,20.19,15.13,94.27,Ultra-Fast USB-C GaN Charger 65W,Electronics,Accessories,14.2,34.9900016784668
FC-West,SKU-ELEC-002,2025-01-12,12,49.59,Holt_Winters,20.42,9.57,89.61,Ultra-Fast USB-C GaN Charger 65W,Electronics,Accessories,14.2,34.9900016784668
FC-West,SKU-ELEC-002,2025-01-13,13,38.44,Holt_Winters,20.65,0.0,78.91,Ultra-Fast USB-C GaN Charger 65W,Electronics,Accessories,14.2,34.9900016784668
FC-West,SKU-ELEC-002,2025-01-14,14,39.86,Holt_Winters,20.88,0.0,80.78,Ultra-Fast USB-C GaN Charger 65W,Electronics,Accessories,14.2,34.9900016784668
FC-West,SKU-ELEC-002,2025-01-15,15,41.19,Holt_Winters,21.1,0.0,82.55,Ultra-Fast USB-C GaN Charger 65W,Electronics,Accessories,14.2,34.9900016784668
FC-West,SKU-ELEC-002,2025-01-16,16,42.35,Holt_Winters,21.33,0.54,84.16,Ultra-Fast USB-C GaN Charger 65W,Electronics,Accessories,14.2,34.9900016784668
FC-West,SKU-ELEC-002,2025-01-17,17,48.2,Holt_Winters,21.55,5.96,90.44,Ultra-Fast USB-C GaN Charger 65W,Electronics,Accessories,14.2,34.9900016784668
FC-West,SKU-ELEC-002,2025-01-18,18,54.71,Holt_Winters,21.76,12.06,97.36,Ultra-Fast USB-C GaN Charger 65W,Electronics,Accessories,14.2,34.9900016784668
FC-West,SKU-ELEC-002,2025-01-19,19,49.6,Holt_Winters,21.98,6.52,92.68,Ultra-Fast USB-C GaN Charger 65W,Electronics,Accessories,14.2,34.9900016784668
FC-West,SKU-ELEC-002,2025-01-20,20,38.45,Holt_Winters,22.19,0.0,81.94,Ultra-Fast USB-C GaN Charger 65W,Electronics,Accessories,14.2,34.9900016784668
FC-West,SKU-ELEC-002,2025-01-21,21,39.87,Holt_Winters,22.4,0.0,83.77,Ultra-Fast USB-C GaN Charger 65W,Electronics,Accessories,14.2,34.9900016784668
FC-West,SKU-ELEC-002,2025-01-22,22,41.2,Holt_Winters,22.61,0.0,85.52,Ultra-Fast USB-C GaN Charger 65W,Electronics,Accessories,14.2,34.9900016784668
FC-West,SKU-ELEC-002,2025-01-23,23,42.36,Holt_Winters,22.82,0.0,87.09,Ultra-Fast USB-C GaN Charger 65W,Electronics,Accessories,14.2,34.9900016784668
FC-West,SKU-ELEC-002,2025-01-24,24,48.21,Holt_Winters,23.02,3.09,93.33,Ultra-Fast USB-C GaN Charger 65W,Electronics,Accessories,14.2,34.9900016784668
FC-West,SKU-ELEC-002,2025-01-25,25,54.72,Holt_Winters,23.23,9.19,100.25,Ultra-Fast USB-C GaN Charger 65W,Electronics,Accessories,14.2,34.9900016784668
FC-West,SKU-ELEC-002,2025-01-26,26,49.61,Holt_Winters,23.43,3.69,95.53,Ultra-Fast USB-C GaN Charger 65W,Electronics,Accessories,14.2,34.9900016784668
FC-West,SKU-ELEC-002,2025-01-27,27,38.46,Holt_Winters,23.63,0.0,84.77,Ultra-Fast USB-C GaN Charger 65W,Electronics,Accessories,14.2,34.9900016784668
FC-West,SKU-ELEC-002,2025-01-28,28,39.88,Holt_Winters,23.83,0.0,86.59,Ultra-Fast USB-C GaN Charger 65W,Electronics,Accessories,14.2,34.9900016784668
FC-West,SKU-ELEC-003,2025-01-01,1,21.06,Holt_Winters,17.71,0.0,55.77,Smart Home Environmental Sensor Hub,Electronics,Smart Home,36.0,79.98999786376953
FC-West,SKU-ELEC-003,2025-01-02,2,22.93,Holt_Winters,17.97,0.0,58.15,Smart Home Environmental Sensor Hub,Electronics,Smart Home,36.0,79.98999786376953
FC-West,SKU-ELEC-003,2025-01-03,3,24.24,Holt_Winters,18.23,0.0,59.97,Smart Home Environmental Sensor Hub,Electronics,Smart Home,36.0,79.98999786376953
FC-West,SKU-ELEC-003,2025-01-04,4,26.93,Holt_Winters,18.49,0.0,63.17,Smart Home Environmental Sensor Hub,Electronics,Smart Home,36.0,79.98999786376953
FC-West,SKU-ELEC-003,2025-01-05,5,25.38,Holt_Winters,18.74,0.0,62.11,Smart Home Environmental Sensor Hub,Electronics,Smart Home,36.0,79.98999786376953
FC-West,SKU-ELEC-003,2025-01-06,6,20.25,Holt_Winters,18.99,0.0,57.47,Smart Home Environmental Sensor Hub,Electronics,Smart Home,36.0,79.98999786376953
FC-West,SKU-ELEC-003,2025-01-07,7,20.6,Holt_Winters,19.24,0.0,58.31,Smart Home Environmental Sensor Hub,Electronics,Smart Home,36.0,79.98999786376953
FC-West,SKU-ELEC-003,2025-01-08,8,21.12,Holt_Winters,19.48,0.0,59.3,Smart Home Environmental Sensor Hub,Electronics,Smart Home,36.0,79.98999786376953
FC-West,SKU-ELEC-003,2025-01-09,9,23.0,Holt_Winters,19.72,0.0,61.65,Smart Home Environmental Sensor Hub,Electronics,Smart Home,36.0,79.98999786376953
FC-West,SKU-ELEC-003,2025-01-10,10,24.3,Holt_Winters,19.96,0.0,63.42,Smart Home Environmental Sensor Hub,Electronics,Smart Home,36.0,79.98999786376953
FC-West,SKU-ELEC-003,2025-01-11,11,27.0,Holt_Winters,20.19,0.0,66.57,Smart Home Environmental Sensor Hub,Electronics,Smart Home,36.0,79.98999786376953
FC-West,SKU-ELEC-003,2025-01-12,12,25.45,Holt_Winters,20.42,0.0,65.47,Smart Home Environmental Sensor Hub,Electronics,Smart Home,36.0,79.98999786376953
FC-West,SKU-ELEC-003,2025-01-13,13,20.31,Holt_Winters,20.65,0.0,60.78,Smart Home Environmental Sensor Hub,Electronics,Smart Home,36.0,79.98999786376953
FC-West,SKU-ELEC-003,2025-01-14,14,20.66,Holt_Winters,20.88,0.0,61.58,Smart Home Environmental Sensor Hub,Electronics,Smart Home,36.0,79.98999786376953
FC-West,SKU-ELEC-003,2025-01-15,15,21.19,Holt_Winters,21.1,0.0,62.55,Smart Home Environmental Sensor Hub,Electronics,Smart Home,36.0,79.98999786376953
FC-West,SKU-ELEC-003,2025-01-16,16,23.06,Holt_Winters,21.33,0.0,64.87,Smart Home Environmental Sensor Hub,Electronics,Smart Home,36.0,79.98999786376953
FC-West,SKU-ELEC-003,2025-01-17,17,24.37,Holt_Winters,21.55,0.0,66.61,Smart Home Environmental Sensor Hub,Electronics,Smart Home,36.0,79.98999786376953
FC-West,SKU-ELEC-003,2025-01-18,18,27.06,Holt_Winters,21.76,0.0,69.71,Smart Home Environmental Sensor Hub,Electronics,Smart Home,36.0,79.98999786376953
FC-West,SKU-ELEC-003,2025-01-19,19,25.51,Holt_Winters,21.98,0.0,68.59,Smart Home Environmental Sensor Hub,Electronics,Smart Home,36.0,79.98999786376953
FC-West,SKU-ELEC-003,2025-01-20,20,20.37,Holt_Winters,22.19,0.0,63.86,Smart Home Environmental Sensor Hub,Electronics,Smart Home,36.0,79.98999786376953
FC-West,SKU-ELEC-003,2025-01-21,21,20.73,Holt_Winters,22.4,0.0,64.63,Smart Home Environmental Sensor Hub,Electronics,Smart Home,36.0,79.98999786376953
FC-West,SKU-ELEC-003,2025-01-22,22,21.25,Holt_Winters,22.61,0.0,65.57,Smart Home Environmental Sensor Hub,Electronics,Smart Home,36.0,79.98999786376953
FC-West,SKU-ELEC-003,2025-01-23,23,23.13,Holt_Winters,22.82,0.0,67.86,Smart Home Environmental Sensor Hub,Electronics,Smart Home,36.0,79.98999786376953
FC-West,SKU-ELEC-003,2025-01-24,24,24.43,Holt_Winters,23.02,0.0,69.55,Smart Home Environmental Sensor Hub,Electronics,Smart Home,36.0,79.98999786376953
FC-West,SKU-ELEC-003,2025-01-25,25,27.13,Holt_Winters,23.23,0.0,72.66,Smart Home Environmental Sensor Hub,Electronics,Smart Home,36.0,79.98999786376953
FC-West,SKU-ELEC-003,2025-01-26,26,25.58,Holt_Winters,23.43,0.0,71.5,Smart Home Environmental Sensor Hub,Electronics,Smart Home,36.0,79.98999786376953
FC-West,SKU-ELEC-003,2025-01-27,27,20.44,Holt_Winters,23.63,0.0,66.75,Smart Home Environmental Sensor Hub,Electronics,Smart Home,36.0,79.98999786376953
FC-West,SKU-ELEC-003,2025-01-28,28,20.79,Holt_Winters,23.83,0.0,67.5,Smart Home Environmental Sensor Hub,Electronics,Smart Home,36.0,79.98999786376953
FC-West,SKU-ELEC-004,2025-01-01,1,47.97,Holt_Winters,17.71,13.26,82.68,Braided HDMI 2.1 Ultra High Speed Cable,Electronics,Cables,7.5,19.989999771118164
FC-West,SKU-ELEC-004,2025-01-02,2,50.19,Holt_Winters,17.97,14.97,85.41,Braided HDMI 2.1 Ultra High Speed Cable,Electronics,Cables,7.5,19.989999771118164
FC-West,SKU-ELEC-004,2025-01-03,3,56.3,Holt_Winters,18.23,20.57,92.03,Braided HDMI 2.1 Ultra High Speed Cable,Electronics,Cables,7.5,19.989999771118164
FC-West,SKU-ELEC-004,2025-01-04,4,67.88,Holt_Winters,18.49,31.64,104.12,Braided HDMI 2.1 Ultra High Speed Cable,Electronics,Cables,7.5,19.989999771118164
FC-West,SKU-ELEC-004,2025-01-05,5,58.93,Holt_Winters,18.74,22.2,95.66,Braided HDMI 2.1 Ultra High Speed Cable,Electronics,Cables,7.5,19.989999771118164
FC-West,SKU-ELEC-004,2025-01-06,6,46.18,Holt_Winters,18.99,8.96,83.4,Braided HDMI 2.1 Ultra High Speed Cable,Electronics,Cables,7.5,19.989999771118164
FC-West,SKU-ELEC-004,2025-01-07,7,46.01,Holt_Winters,19.24,8.3,83.72,Braided HDMI 2.1 Ultra High Speed Cable,Electronics,Cables,7.5,19.989999771118164
FC-West,SKU-ELEC-004,2025-01-08,8,47.97,Holt_Winters,19.48,9.79,86.15,Braided HDMI 2.1 Ultra High Speed Cable,Electronics,Cables,7.5,19.989999771118164
FC-West,SKU-ELEC-004,2025-01-09,9,50.18,Holt_Winters,19.72,11.53,88.83,Braided HDMI 2.1 Ultra High Speed Cable,Electronics,Cables,7.5,19.989999771118164
FC-West,SKU-ELEC-004,2025-01-10,10,56.3,Holt_Winters,19.96,17.18,95.42,Braided HDMI 2.1 Ultra High Speed Cable,Electronics,Cables,7.5,19.989999771118164
FC-West,SKU-ELEC-004,2025-01-11,11,67.88,Holt_Winters,20.19,28.31,107.45,Braided HDMI 2.1 Ultra High Speed Cable,Electronics,Cables,7.5,19.989999771118164
FC-West,SKU-ELEC-004,2025-01-12,12,58.92,Holt_Winters,20.42,18.9,98.94,Braided HDMI 2.1 Ultra High Speed Cable,Electronics,Cables,7.5,19.989999771118164
FC-West,SKU-ELEC-004,2025-01-13,13,46.18,Holt_Winters,20.65,5.71,86.65,Braided HDMI 2.1 Ultra High Speed Cable,Electronics,Cables,7.5,19.989999771118164
FC-West,SKU-ELEC-004,2025-01-14,14,46.01,Holt_Winters,20.88,5.09,86.93,Braided HDMI 2.1 Ultra High Speed Cable,Electronics,Cables,7.5,19.989999771118164
FC-West,SKU-ELEC-004,2025-01-15,15,47.97,Holt_Winters,21.1,6.61,89.33,Braided HDMI 2.1 Ultra High Speed Cable,Electronics,Cables,7.5,19.989999771118164
FC-West,SKU-ELEC-004,2025-01-16,16,50.18,Holt_Winters,21.33,8.37,91.99,Braided HDMI 2.1 Ultra High Speed Cable,Electronics,Cables,7.5,19.989999771118164
FC-West,SKU-ELEC-004,2025-01-17,17,56.3,Holt_Winters,21.55,14.06,98.54,Braided HDMI 2.1 Ultra High Speed Cable,Electronics,Cables,7.5,19.989999771118164
FC-West,SKU-ELEC-004,2025-01-18,18,67.88,Holt_Winters,21.76,25.23,110.53,Braided HDMI 2.1 Ultra High Speed Cable,Electronics,Cables,7.5,19.989999771118164
FC-West,SKU-ELEC-004,2025-01-19,19,58.92,Holt_Winters,21.98,15.84,102.0,Braided HDMI 2.1 Ultra High Speed Cable,Electronics,Cables,7.5,19.989999771118164
FC-West,SKU-ELEC-004,2025-01-20,20,46.17,Holt_Winters,22.19,2.68,89.66,Braided HDMI 2.1 Ultra High Speed Cable,Electronics,Cables,7.5,19.989999771118164
FC-West,SKU-ELEC-004,2025-01-21,21,46.01,Holt_Winters,22.4,2.11,89.91,Braided HDMI 2.1 Ultra High Speed Cable,Electronics,Cables,7.5,19.989999771118164
FC-West,SKU-ELEC-004,2025-01-22,22,47.96,Holt_Winters,22.61,3.64,92.28,Braided HDMI 2.1 Ultra High Speed Cable,Electronics,Cables,7.5,19.989999771118164
FC-West,SKU-ELEC-004,2025-01-23,23,50.18,Holt_Winters,22.82,5.45,94.91,Braided HDMI 2.1 Ultra High Speed Cable,Electronics,Cables,7.5,19.989999771118164
FC-West,SKU-ELEC-004,2025-01-24,24,56.29,Holt_Winters,23.02,11.17,101.41,Braided HDMI 2.1 Ultra High Speed Cable,Electronics,Cables,7.5,19.989999771118164
FC-West,SKU-ELEC-004,2025-01-25,25,67.87,Holt_Winters,23.23,22.34,113.4,Braided HDMI 2.1 Ultra High Speed Cable,Electronics,Cables,7.5,19.989999771118164
FC-West,SKU-ELEC-004,2025-01-26,26,58.92,Holt_Winters,23.43,13.0,104.84,Braided HDMI 2.1 Ultra High Speed Cable,Electronics,Cables,7.5,19.989999771118164
FC-West,SKU-ELEC-004,2025-01-27,27,46.17,Holt_Winters,23.63,0.0,92.48,Braided HDMI 2.1 Ultra High Speed Cable,Electronics,Cables,7.5,19.989999771118164
FC-West,SKU-ELEC-004,2025-01-28,28,46.0,Holt_Winters,23.83,0.0,92.71,Braided HDMI 2.1 Ultra High Speed Cable,Electronics,Cables,7.5,19.989999771118164
FC-West,SKU-ELEC-005,2025-01-01,1,54.6,Holt_Winters,17.71,19.89,89.31,Mechanical Gaming Keyboard RGB,Electronics,Gaming,52.0,109.98999786376953
FC-West,SKU-ELEC-005,2025-01-02,2,57.57,Holt_Winters,17.97,22.35,92.79,Mechanical Gaming Keyboard RGB,Electronics,Gaming,52.0,109.98999786376953
FC-West,SKU-ELEC-005,2025-01-03,3,60.32,Holt_Winters,18.23,24.59,96.05,Mechanical Gaming Keyboard RGB,Electronics,Gaming,52.0,109.98999786376953
FC-West,SKU-ELEC-005,2025-01-04,4,63.01,Holt_Winters,18.49,26.77,99.25,Mechanical Gaming Keyboard RGB,Electronics,Gaming,52.0,109.98999786376953
FC-West,SKU-ELEC-005,2025-01-05,5,59.49,Holt_Winters,18.74,22.76,96.22,Mechanical Gaming Keyboard RGB,Electronics,Gaming,52.0,109.98999786376953
FC-West,SKU-ELEC-005,2025-01-06,6,53.82,Holt_Winters,18.99,16.6,91.04,Mechanical Gaming Keyboard RGB,Electronics,Gaming,52.0,109.98999786376953
FC-West,SKU-ELEC-005,2025-01-07,7,55.35,Holt_Winters,19.24,17.64,93.06,Mechanical Gaming Keyboard RGB,Electronics,Gaming,52.0,109.98999786376953
FC-West,SKU-ELEC-005,2025-01-08,8,54.93,Holt_Winters,19.48,16.75,93.11,Mechanical Gaming Keyboard RGB,Electronics,Gaming,52.0,109.98999786376953
FC-West,SKU-ELEC-005,2025-01-09,9,57.9,Holt_Winters,19.72,19.25,96.55,Mechanical Gaming Keyboard RGB,Electronics,Gaming,52.0,109.98999786376953
FC-West,SKU-ELEC-005,2025-01-10,10,60.65,Holt_Winters,19.96,21.53,99.77,Mechanical Gaming Keyboard RGB,Electronics,Gaming,52.0,109.98999786376953
FC-West,SKU-ELEC-005,2025-01-11,11,63.34,Holt_Winters,20.19,23.77,102.91,Mechanical Gaming Keyboard RGB,Electronics,Gaming,52.0,109.98999786376953
FC-West,SKU-ELEC-005,2025-01-12,12,59.82,Holt_Winters,20.42,19.8,99.84,Mechanical Gaming Keyboard RGB,Electronics,Gaming,52.0,109.98999786376953
FC-West,SKU-ELEC-005,2025-01-13,13,54.15,Holt_Winters,20.65,13.68,94.62,Mechanical Gaming Keyboard RGB,Electronics,Gaming,52.0,109.98999786376953
FC-West,SKU-ELEC-005,2025-01-14,14,55.68,Holt_Winters,20.88,14.76,96.6,Mechanical Gaming Keyboard RGB,Electronics,Gaming,52.0,109.98999786376953
FC-West,SKU-ELEC-005,2025-01-15,15,55.26,Holt_Winters,21.1,13.9,96.62,Mechanical Gaming Keyboard RGB,Electronics,Gaming,52.0,109.98999786376953
FC-West,SKU-ELEC-005,2025-01-16,16,58.23,Holt_Winters,21.33,16.42,100.04,Mechanical Gaming Keyboard RGB,Electronics,Gaming,52.0,109.98999786376953
FC-West,SKU-ELEC-005,2025-01-17,17,60.98,Holt_Winters,21.55,18.74,103.22,Mechanical Gaming Keyboard RGB,Electronics,Gaming,52.0,109.98999786376953
FC-West,SKU-ELEC-005,2025-01-18,18,63.67,Holt_Winters,21.76,21.02,106.32,Mechanical Gaming Keyboard RGB,Electronics,Gaming,52.0,109.98999786376953
FC-West,SKU-ELEC-005,2025-01-19,19,60.15,Holt_Winters,21.98,17.07,103.23,Mechanical Gaming Keyboard RGB,Electronics,Gaming,52.0,109.98999786376953
FC-West,SKU-ELEC-005,2025-01-20,20,54.49,Holt_Winters,22.19,11.0,97.98,Mechanical Gaming Keyboard RGB,Electronics,Gaming,52.0,109.98999786376953
FC-West,SKU-ELEC-005,2025-01-21,21,56.01,Holt_Winters,22.4,12.11,99.91,Mechanical Gaming Keyboard RGB,Electronics,Gaming,52.0,109.98999786376953
FC-West,SKU-ELEC-005,2025-01-22,22,55.59,Holt_Winters,22.61,11.27,99.91,Mechanical Gaming Keyboard RGB,Electronics,Gaming,52.0,109.98999786376953
FC-West,SKU-ELEC-005,2025-01-23,23,58.56,Holt_Winters,22.82,13.83,103.29,Mechanical Gaming Keyboard RGB,Electronics,Gaming,52.0,109.98999786376953
FC-West,SKU-ELEC-005,2025-01-24,24,61.31,Holt_Winters,23.02,16.19,106.43,Mechanical Gaming Keyboard RGB,Electronics,Gaming,52.0,109.98999786376953
FC-West,SKU-ELEC-005,2025-01-25,25,64.0,Holt_Winters,23.23,18.47,109.53,Mechanical Gaming Keyboard RGB,Electronics,Gaming,52.0,109.98999786376953
FC-West,SKU-ELEC-005,2025-01-26,26,60.48,Holt_Winters,23.43,14.56,106.4,Mechanical Gaming Keyboard RGB,Electronics,Gaming,52.0,109.98999786376953
FC-West,SKU-ELEC-005,2025-01-27,27,54.82,Holt_Winters,23.63,8.51,101.13,Mechanical Gaming Keyboard RGB,Electronics,Gaming,52.0,109.98999786376953
FC-West,SKU-ELEC-005,2025-01-28,28,56.34,Holt_Winters,23.83,9.63,103.05,Mechanical Gaming Keyboard RGB,Electronics,Gaming,52.0,109.98999786376953
FC-West,SKU-ELEC-006,2025-01-01,1,23.16,Holt_Winters,17.71,0.0,57.87,Portable Bluetooth Rugged Speaker,Electronics,Audio,26.5,59.9900016784668
FC-West,SKU-ELEC-006,2025-01-02,2,19.95,Holt_Winters,17.97,0.0,55.17,Portable Bluetooth Rugged Speaker,Electronics,Audio,26.5,59.9900016784668
FC-West,SKU-ELEC-006,2025-01-03,3,25.75,Holt_Winters,18.23,0.0,61.48,Portable Bluetooth Rugged Speaker,Electronics,Audio,26.5,59.9900016784668
FC-West,SKU-ELEC-006,2025-01-04,4,30.36,Holt_Winters,18.49,0.0,66.6,Portable Bluetooth Rugged Speaker,Electronics,Audio,26.5,59.9900016784668
FC-West,SKU-ELEC-006,2025-01-05,5,26.56,Holt_Winters,18.74,0.0,63.29,Portable Bluetooth Rugged Speaker,Electronics,Audio,26.5,59.9900016784668
FC-West,SKU-ELEC-006,2025-01-06,6,17.16,Holt_Winters,18.99,0.0,54.38,Portable Bluetooth Rugged Speaker,Electronics,Audio,26.5,59.9900016784668
FC-West,SKU-ELEC-006,2025-01-07,7,19.71,Holt_Winters,19.24,0.0,57.42,Portable Bluetooth Rugged Speaker,Electronics,Audio,26.5,59.9900016784668
FC-West,SKU-ELEC-006,2025-01-08,8,21.72,Holt_Winters,19.48,0.0,59.9,Portable Bluetooth Rugged Speaker,Electronics,Audio,26.5,59.9900016784668
FC-West,SKU-ELEC-006,2025-01-09,9,18.52,Holt_Winters,19.72,0.0,57.17,Portable Bluetooth Rugged Speaker,Electronics,Audio,26.5,59.9900016784668
FC-West,SKU-ELEC-006,2025-01-10,10,24.31,Holt_Winters,19.96,0.0,63.43,Portable Bluetooth Rugged Speaker,Electronics,Audio,26.5,59.9900016784668
FC-West,SKU-ELEC-006,2025-01-11,11,28.93,Holt_Winters,20.19,0.0,68.5,Portable Bluetooth Rugged Speaker,Electronics,Audio,26.5,59.9900016784668
FC-West,SKU-ELEC-006,2025-01-12,12,25.12,Holt_Winters,20.42,0.0,65.14,Portable Bluetooth Rugged Speaker,Electronics,Audio,26.5,59.9900016784668
FC-West,SKU-ELEC-006,2025-01-13,13,15.72,Holt_Winters,20.65,0.0,56.19,Portable Bluetooth Rugged Speaker,Electronics,Audio,26.5,59.9900016784668
FC-West,SKU-ELEC-006,2025-01-14,14,18.27,Holt_Winters,20.88,0.0,59.19,Portable Bluetooth Rugged Speaker,Electronics,Audio,26.5,59.9900016784668
FC-West,SKU-ELEC-006,2025-01-15,15,20.29,Holt_Winters,21.1,0.0,61.65,Portable Bluetooth Rugged Speaker,Electronics,Audio,26.5,59.9900016784668
FC-West,SKU-ELEC-006,2025-01-16,16,17.08,Holt_Winters,21.33,0.0,58.89,Portable Bluetooth Rugged Speaker,Electronics,Audio,26.5,59.9900016784668
FC-West,SKU-ELEC-006,2025-01-17,17,22.87,Holt_Winters,21.55,0.0,65.11,Portable Bluetooth Rugged Speaker,Electronics,Audio,26.5,59.9900016784668
FC-West,SKU-ELEC-006,2025-01-18,18,27.49,Holt_Winters,21.76,0.0,70.14,Portable Bluetooth Rugged Speaker,Electronics,Audio,26.5,59.9900016784668
FC-West,SKU-ELEC-006,2025-01-19,19,23.68,Holt_Winters,21.98,0.0,66.76,Portable Bluetooth Rugged Speaker,Electronics,Audio,26.5,59.9900016784668
FC-West,SKU-ELEC-006,2025-01-20,20,14.29,Holt_Winters,22.19,0.0,57.78,Portable Bluetooth Rugged Speaker,Electronics,Audio,26.5,59.9900016784668
FC-West,SKU-ELEC-006,2025-01-21,21,16.83,Holt_Winters,22.4,0.0,60.73,Portable Bluetooth Rugged Speaker,Electronics,Audio,26.5,59.9900016784668
FC-West,SKU-ELEC-006,2025-01-22,22,18.85,Holt_Winters,22.61,0.0,63.17,Portable Bluetooth Rugged Speaker,Electronics,Audio,26.5,59.9900016784668
FC-West,SKU-ELEC-006,2025-01-23,23,15.64,Holt_Winters,22.82,0.0,60.37,Portable Bluetooth Rugged Speaker,Electronics,Audio,26.5,59.9900016784668
FC-West,SKU-ELEC-006,2025-01-24,24,21.43,Holt_Winters,23.02,0.0,66.55,Portable Bluetooth Rugged Speaker,Electronics,Audio,26.5,59.9900016784668
FC-West,SKU-ELEC-006,2025-01-25,25,26.05,Holt_Winters,23.23,0.0,71.58,Portable Bluetooth Rugged Speaker,Electronics,Audio,26.5,59.9900016784668
FC-West,SKU-ELEC-006,2025-01-26,26,22.25,Holt_Winters,23.43,0.0,68.17,Portable Bluetooth Rugged Speaker,Electronics,Audio,26.5,59.9900016784668
FC-West,SKU-ELEC-006,2025-01-27,27,12.85,Holt_Winters,23.63,0.0,59.16,Portable Bluetooth Rugged Speaker,Electronics,Audio,26.5,59.9900016784668
FC-West,SKU-ELEC-006,2025-01-28,28,15.4,Holt_Winters,23.83,0.0,62.11,Portable Bluetooth Rugged Speaker,Electronics,Audio,26.5,59.9900016784668
FC-West,SKU-ELEC-007,2025-01-01,1,10.22,Holt_Winters,17.71,0.0,44.93,Micro-USB Legacy Charging Cable 2m,Electronics,Cables,3.1,8.989999771118164
FC-West,SKU-ELEC-007,2025-01-02,2,11.51,Holt_Winters,17.97,0.0,46.73,Micro-USB Legacy Charging Cable 2m,Electronics,Cables,3.1,8.989999771118164
FC-West,SKU-ELEC-007,2025-01-03,3,12.89,Holt_Winters,18.23,0.0,48.62,Micro-USB Legacy Charging Cable 2m,Electronics,Cables,3.1,8.989999771118164
FC-West,SKU-ELEC-007,2025-01-04,4,14.95,Holt_Winters,18.49,0.0,51.19,Micro-USB Legacy Charging Cable 2m,Electronics,Cables,3.1,8.989999771118164
FC-West,SKU-ELEC-007,2025-01-05,5,14.37,Holt_Winters,18.74,0.0,51.1,Micro-USB Legacy Charging Cable 2m,Electronics,Cables,3.1,8.989999771118164
FC-West,SKU-ELEC-007,2025-01-06,6,10.3,Holt_Winters,18.99,0.0,47.52,Micro-USB Legacy Charging Cable 2m,Electronics,Cables,3.1,8.989999771118164
FC-West,SKU-ELEC-007,2025-01-07,7,10.74,Holt_Winters,19.24,0.0,48.45,Micro-USB Legacy Charging Cable 2m,Electronics,Cables,3.1,8.989999771118164
FC-West,SKU-ELEC-007,2025-01-08,8,10.15,Holt_Winters,19.48,0.0,48.33,Micro-USB Legacy Charging Cable 2m,Electronics,Cables,3.1,8.989999771118164
FC-West,SKU-ELEC-007,2025-01-09,9,11.44,Holt_Winters,19.72,0.0,50.09,Micro-USB Legacy Charging Cable 2m,Electronics,Cables,3.1,8.989999771118164
FC-West,SKU-ELEC-007,2025-01-10,10,12.83,Holt_Winters,19.96,0.0,51.95,Micro-USB Legacy Charging Cable 2m,Electronics,Cables,3.1,8.989999771118164
FC-West,SKU-ELEC-007,2025-01-11,11,14.88,Holt_Winters,20.19,0.0,54.45,Micro-USB Legacy Charging Cable 2m,Electronics,Cables,3.1,8.989999771118164
FC-West,SKU-ELEC-007,2025-01-12,12,14.3,Holt_Winters,20.42,0.0,54.32,Micro-USB Legacy Charging Cable 2m,Electronics,Cables,3.1,8.989999771118164
FC-West,SKU-ELEC-007,2025-01-13,13,10.24,Holt_Winters,20.65,0.0,50.71,Micro-USB Legacy Charging Cable 2m,Electronics,Cables,3.1,8.989999771118164
FC-West,SKU-ELEC-007,2025-01-14,14,10.68,Holt_Winters,20.88,0.0,51.6,Micro-USB Legacy Charging Cable 2m,Electronics,Cables,3.1,8.989999771118164
FC-West,SKU-ELEC-007,2025-01-15,15,10.09,Holt_Winters,21.1,0.0,51.45,Micro-USB Legacy Charging Cable 2m,Electronics,Cables,3.1,8.989999771118164
FC-West,SKU-ELEC-007,2025-01-16,16,11.38,Holt_Winters,21.33,0.0,53.19,Micro-USB Legacy Charging Cable 2m,Electronics,Cables,3.1,8.989999771118164
FC-West,SKU-ELEC-007,2025-01-17,17,12.76,Holt_Winters,21.55,0.0,55.0,Micro-USB Legacy Charging Cable 2m,Electronics,Cables,3.1,8.989999771118164
FC-West,SKU-ELEC-007,2025-01-18,18,14.82,Holt_Winters,21.76,0.0,57.47,Micro-USB Legacy Charging Cable 2m,Electronics,Cables,3.1,8.989999771118164
FC-West,SKU-ELEC-007,2025-01-19,19,14.24,Holt_Winters,21.98,0.0,57.32,Micro-USB Legacy Charging Cable 2m,Electronics,Cables,3.1,8.989999771118164
FC-West,SKU-ELEC-007,2025-01-20,20,10.18,Holt_Winters,22.19,0.0,53.67,Micro-USB Legacy Charging Cable 2m,Electronics,Cables,3.1,8.989999771118164
FC-West,SKU-ELEC-007,2025-01-21,21,10.61,Holt_Winters,22.4,0.0,54.51,Micro-USB Legacy Charging Cable 2m,Electronics,Cables,3.1,8.989999771118164
FC-West,SKU-ELEC-007,2025-01-22,22,10.02,Holt_Winters,22.61,0.0,54.34,Micro-USB Legacy Charging Cable 2m,Electronics,Cables,3.1,8.989999771118164
FC-West,SKU-ELEC-007,2025-01-23,23,11.31,Holt_Winters,22.82,0.0,56.04,Micro-USB Legacy Charging Cable 2m,Electronics,Cables,3.1,8.989999771118164
FC-West,SKU-ELEC-007,2025-01-24,24,12.7,Holt_Winters,23.02,0.0,57.82,Micro-USB Legacy Charging Cable 2m,Electronics,Cables,3.1,8.989999771118164
FC-West,SKU-ELEC-007,2025-01-25,25,14.75,Holt_Winters,23.23,0.0,60.28,Micro-USB Legacy Charging Cable 2m,Electronics,Cables,3.1,8.989999771118164
FC-West,SKU-ELEC-007,2025-01-26,26,14.17,Holt_Winters,23.43,0.0,60.09,Micro-USB Legacy Charging Cable 2m,Electronics,Cables,3.1,8.989999771118164
FC-West,SKU-ELEC-007,2025-01-27,27,10.11,Holt_Winters,23.63,0.0,56.42,Micro-USB Legacy Charging Cable 2m,Electronics,Cables,3.1,8.989999771118164
FC-West,SKU-ELEC-007,2025-01-28,28,10.55,Holt_Winters,23.83,0.0,57.26,Micro-USB Legacy Charging Cable 2m,Electronics,Cables,3.1,8.989999771118164
FC-West,SKU-ELEC-008,2025-01-01,1,74.97,Holt_Winters,17.71,40.26,109.68,4K Ultra-HD Streaming Media Player,Electronics,Home Video,22.0,49.9900016784668
FC-West,SKU-ELEC-008,2025-01-02,2,75.3,Holt_Winters,17.97,40.08,110.52,4K Ultra-HD Streaming Media Player,Electronics,Home Video,22.0,49.9900016784668
FC-West,SKU-ELEC-008,2025-01-03,3,84.43,Holt_Winters,18.23,48.7,120.16,4K Ultra-HD Streaming Media Player,Electronics,Home Video,22.0,49.9900016784668
FC-West,SKU-ELEC-008,2025-01-04,4,87.08,Holt_Winters,18.49,50.84,123.32,4K Ultra-HD Streaming Media Player,Electronics,Home Video,22.0,49.9900016784668
FC-West,SKU-ELEC-008,2025-01-05,5,85.5,Holt_Winters,18.74,48.77,122.23,4K Ultra-HD Streaming Media Player,Electronics,Home Video,22.0,49.9900016784668
FC-West,SKU-ELEC-008,2025-01-06,6,71.49,Holt_Winters,18.99,34.27,108.71,4K Ultra-HD Streaming Media Player,Electronics,Home Video,22.0,49.9900016784668
FC-West,SKU-ELEC-008,2025-01-07,7,72.56,Holt_Winters,19.24,34.85,110.27,4K Ultra-HD Streaming Media Player,Electronics,Home Video,22.0,49.9900016784668
FC-West,SKU-ELEC-008,2025-01-08,8,75.44,Holt_Winters,19.48,37.26,113.62,4K Ultra-HD Streaming Media Player,Electronics,Home Video,22.0,49.9900016784668
FC-West,SKU-ELEC-008,2025-01-09,9,75.76,Holt_Winters,19.72,37.11,114.41,4K Ultra-HD Streaming Media Player,Electronics,Home Video,22.0,49.9900016784668
FC-West,SKU-ELEC-008,2025-01-10,10,84.89,Holt_Winters,19.96,45.77,124.01,4K Ultra-HD Streaming Media Player,Electronics,Home Video,22.0,49.9900016784668
FC-West,SKU-ELEC-008,2025-01-11,11,87.55,Holt_Winters,20.19,47.98,127.12,4K Ultra-HD Streaming Media Player,Electronics,Home Video,22.0,49.9900016784668
FC-West,SKU-ELEC-008,2025-01-12,12,85.97,Holt_Winters,20.42,45.95,125.99,4K Ultra-HD Streaming Media Player,Electronics,Home Video,22.0,49.9900016784668
FC-West,SKU-ELEC-008,2025-01-13,13,71.96,Holt_Winters,20.65,31.49,112.43,4K Ultra-HD Streaming Media Player,Electronics,Home Video,22.0,49.9900016784668
FC-West,SKU-ELEC-008,2025-01-14,14,73.03,Holt_Winters,20.88,32.11,113.95,4K Ultra-HD Streaming Media Player,Electronics,Home Video,22.0,49.9900016784668
FC-West,SKU-ELEC-008,2025-01-15,15,75.91,Holt_Winters,21.1,34.55,117.27,4K Ultra-HD Streaming Media Player,Electronics,Home Video,22.0,49.9900016784668
FC-West,SKU-ELEC-008,2025-01-16,16,76.23,Holt_Winters,21.33,34.42,118.04,4K Ultra-HD Streaming Media Player,Electronics,Home Video,22.0,49.9900016784668
FC-West,SKU-ELEC-008,2025-01-17,17,85.36,Holt_Winters,21.55,43.12,127.6,4K Ultra-HD Streaming Media Player,Electronics,Home Video,22.0,49.9900016784668
FC-West,SKU-ELEC-008,2025-01-18,18,88.02,Holt_Winters,21.76,45.37,130.67,4K Ultra-HD Streaming Media Player,Electronics,Home Video,22.0,49.9900016784668
FC-West,SKU-ELEC-008,2025-01-19,19,86.44,Holt_Winters,21.98,43.36,129.52,4K Ultra-HD Streaming Media Player,Electronics,Home Video,22.0,49.9900016784668
FC-West,SKU-ELEC-008,2025-01-20,20,72.43,Holt_Winters,22.19,28.94,115.92,4K Ultra-HD Streaming Media Player,Electronics,Home Video,22.0,49.9900016784668
FC-West,SKU-ELEC-008,2025-01-21,21,73.5,Holt_Winters,22.4,29.6,117.4,4K Ultra-HD Streaming Media Player,Electronics,Home Video,22.0,49.9900016784668
FC-West,SKU-ELEC-008,2025-01-22,22,76.37,Holt_Winters,22.61,32.05,120.69,4K Ultra-HD Streaming Media Player,Electronics,Home Video,22.0,49.9900016784668
FC-West,SKU-ELEC-008,2025-01-23,23,76.7,Holt_Winters,22.82,31.97,121.43,4K Ultra-HD Streaming Media Player,Electronics,Home Video,22.0,49.9900016784668
FC-West,SKU-ELEC-008,2025-01-24,24,85.83,Holt_Winters,23.02,40.71,130.95,4K Ultra-HD Streaming Media Player,Electronics,Home Video,22.0,49.9900016784668
FC-West,SKU-ELEC-008,2025-01-25,25,88.49,Holt_Winters,23.23,42.96,134.02,4K Ultra-HD Streaming Media Player,Electronics,Home Video,22.0,49.9900016784668
FC-West,SKU-ELEC-008,2025-01-26,26,86.91,Holt_Winters,23.43,40.99,132.83,4K Ultra-HD Streaming Media Player,Electronics,Home Video,22.0,49.9900016784668
FC-West,SKU-ELEC-008,2025-01-27,27,72.9,Holt_Winters,23.63,26.59,119.21,4K Ultra-HD Streaming Media Player,Electronics,Home Video,22.0,49.9900016784668
FC-West,SKU-ELEC-008,2025-01-28,28,73.96,Holt_Winters,23.83,27.25,120.67,4K Ultra-HD Streaming Media Player,Electronics,Home Video,22.0,49.9900016784668
FC-West,SKU-ELEC-009,2025-01-01,1,3.08,Holt_Winters,17.71,0.0,37.79,Specialty Motherboard Replacement Capacitor Pack,Electronics,Components,15.0,45.0
FC-West,SKU-ELEC-009,2025-01-02,2,3.25,Holt_Winters,17.97,0.0,38.47,Specialty Motherboard Replacement Capacitor Pack,Electronics,Components,15.0,45.0
FC-West,SKU-ELEC-009,2025-01-03,3,2.92,Holt_Winters,18.23,0.0,38.65,Specialty Motherboard Replacement Capacitor Pack,Electronics,Components,15.0,45.0
FC-West,SKU-ELEC-009,2025-01-04,4,2.37,Holt_Winters,18.49,0.0,38.61,Specialty Motherboard Replacement Capacitor Pack,Electronics,Components,15.0,45.0
FC-West,SKU-ELEC-009,2025-01-05,5,3.41,Holt_Winters,18.74,0.0,40.14,Specialty Motherboard Replacement Capacitor Pack,Electronics,Components,15.0,45.0
FC-West,SKU-ELEC-009,2025-01-06,6,3.42,Holt_Winters,18.99,0.0,40.64,Specialty Motherboard Replacement Capacitor Pack,Electronics,Components,15.0,45.0
FC-West,SKU-ELEC-009,2025-01-07,7,2.7,Holt_Winters,19.24,0.0,40.41,Specialty Motherboard Replacement Capacitor Pack,Electronics,Components,15.0,45.0
FC-West,SKU-ELEC-009,2025-01-08,8,3.07,Holt_Winters,19.48,0.0,41.25,Specialty Motherboard Replacement Capacitor Pack,Electronics,Components,15.0,45.0
FC-West,SKU-ELEC-009,2025-01-09,9,3.25,Holt_Winters,19.72,0.0,41.9,Specialty Motherboard Replacement Capacitor Pack,Electronics,Components,15.0,45.0
FC-West,SKU-ELEC-009,2025-01-10,10,2.92,Holt_Winters,19.96,0.0,42.04,Specialty Motherboard Replacement Capacitor Pack,Electronics,Components,15.0,45.0
FC-West,SKU-ELEC-009,2025-01-11,11,2.36,Holt_Winters,20.19,0.0,41.93,Specialty Motherboard Replacement Capacitor Pack,Electronics,Components,15.0,45.0
FC-West,SKU-ELEC-009,2025-01-12,12,3.4,Holt_Winters,20.42,0.0,43.42,Specialty Motherboard Replacement Capacitor Pack,Electronics,Components,15.0,45.0
FC-West,SKU-ELEC-009,2025-01-13,13,3.41,Holt_Winters,20.65,0.0,43.88,Specialty Motherboard Replacement Capacitor Pack,Electronics,Components,15.0,45.0
FC-West,SKU-ELEC-009,2025-01-14,14,2.7,Holt_Winters,20.88,0.0,43.62,Specialty Motherboard Replacement Capacitor Pack,Electronics,Components,15.0,45.0
FC-West,SKU-ELEC-009,2025-01-15,15,3.07,Holt_Winters,21.1,0.0,44.43,Specialty Motherboard Replacement Capacitor Pack,Electronics,Components,15.0,45.0
FC-West,SKU-ELEC-009,2025-01-16,16,3.24,Holt_Winters,21.33,0.0,45.05,Specialty Motherboard Replacement Capacitor Pack,Electronics,Components,15.0,45.0
FC-West,SKU-ELEC-009,2025-01-17,17,2.92,Holt_Winters,21.55,0.0,45.16,Specialty Motherboard Replacement Capacitor Pack,Electronics,Components,15.0,45.0
FC-West,SKU-ELEC-009,2025-01-18,18,2.36,Holt_Winters,21.76,0.0,45.01,Specialty Motherboard Replacement Capacitor Pack,Electronics,Components,15.0,45.0
FC-West,SKU-ELEC-009,2025-01-19,19,3.4,Holt_Winters,21.98,0.0,46.48,Specialty Motherboard Replacement Capacitor Pack,Electronics,Components,15.0,45.0
FC-West,SKU-ELEC-009,2025-01-20,20,3.41,Holt_Winters,22.19,0.0,46.9,Specialty Motherboard Replacement Capacitor Pack,Electronics,Components,15.0,45.0
FC-West,SKU-ELEC-009,2025-01-21,21,2.69,Holt_Winters,22.4,0.0,46.59,Specialty Motherboard Replacement Capacitor Pack,Electronics,Components,15.0,45.0
FC-West,SKU-ELEC-009,2025-01-22,22,3.07,Holt_Winters,22.61,0.0,47.39,Specialty Motherboard Replacement Capacitor Pack,Electronics,Components,15.0,45.0
FC-West,SKU-ELEC-009,2025-01-23,23,3.24,Holt_Winters,22.82,0.0,47.97,Specialty Motherboard Replacement Capacitor Pack,Electronics,Components,15.0,45.0
FC-West,SKU-ELEC-009,2025-01-24,24,2.91,Holt_Winters,23.02,0.0,48.03,Specialty Motherboard Replacement Capacitor Pack,Electronics,Components,15.0,45.0
FC-West,SKU-ELEC-009,2025-01-25,25,2.35,Holt_Winters,23.23,0.0,47.88,Specialty Motherboard Replacement Capacitor Pack,Electronics,Components,15.0,45.0
FC-West,SKU-ELEC-009,2025-01-26,26,3.39,Holt_Winters,23.43,0.0,49.31,Specialty Motherboard Replacement Capacitor Pack,Electronics,Components,15.0,45.0
FC-West,SKU-ELEC-009,2025-01-27,27,3.4,Holt_Winters,23.63,0.0,49.71,Specialty Motherboard Replacement Capacitor Pack,Electronics,Components,15.0,45.0
FC-West,SKU-ELEC-009,2025-01-28,28,2.69,Holt_Winters,23.83,0.0,49.4,Specialty Motherboard Replacement Capacitor Pack,Electronics,Components,15.0,45.0
FC-West,SKU-ELEC-010,2025-01-01,1,7.23,Holt_Winters,17.71,0.0,41.94,Enterprise High-Resolution Studio Microphone,Electronics,Professional Audio,115.0,249.99000549316406
FC-West,SKU-ELEC-010,2025-01-02,2,7.47,Holt_Winters,17.97,0.0,42.69,Enterprise High-Resolution Studio Microphone,Electronics,Professional Audio,115.0,249.99000549316406
FC-West,SKU-ELEC-010,2025-01-03,3,8.65,Holt_Winters,18.23,0.0,44.38,Enterprise High-Resolution Studio Microphone,Electronics,Professional Audio,115.0,249.99000549316406
FC-West,SKU-ELEC-010,2025-01-04,4,9.95,Holt_Winters,18.49,0.0,46.19,Enterprise High-Resolution Studio Microphone,Electronics,Professional Audio,115.0,249.99000549316406
FC-West,SKU-ELEC-010,2025-01-05,5,8.51,Holt_Winters,18.74,0.0,45.24,Enterprise High-Resolution Studio Microphone,Electronics,Professional Audio,115.0,249.99000549316406
FC-West,SKU-ELEC-010,2025-01-06,6,5.61,Holt_Winters,18.99,0.0,42.83,Enterprise High-Resolution Studio Microphone,Electronics,Professional Audio,115.0,249.99000549316406
FC-West,SKU-ELEC-010,2025-01-07,7,7.07,Holt_Winters,19.24,0.0,44.78,Enterprise High-Resolution Studio Microphone,Electronics,Professional Audio,115.0,249.99000549316406
FC-West,SKU-ELEC-010,2025-01-08,8,7.23,Holt_Winters,19.48,0.0,45.41,Enterprise High-Resolution Studio Microphone,Electronics,Professional Audio,115.0,249.99000549316406
FC-West,SKU-ELEC-010,2025-01-09,9,7.48,Holt_Winters,19.72,0.0,46.13,Enterprise High-Resolution Studio Microphone,Electronics,Professional Audio,115.0,249.99000549316406
FC-West,SKU-ELEC-010,2025-01-10,10,8.65,Holt_Winters,19.96,0.0,47.77,Enterprise High-Resolution Studio Microphone,Electronics,Professional Audio,115.0,249.99000549316406
FC-West,SKU-ELEC-010,2025-01-11,11,9.95,Holt_Winters,20.19,0.0,49.52,Enterprise High-Resolution Studio Microphone,Electronics,Professional Audio,115.0,249.99000549316406
FC-West,SKU-ELEC-010,2025-01-12,12,8.51,Holt_Winters,20.42,0.0,48.53,Enterprise High-Resolution Studio Microphone,Electronics,Professional Audio,115.0,249.99000549316406
FC-West,SKU-ELEC-010,2025-01-13,13,5.61,Holt_Winters,20.65,0.0,46.08,Enterprise High-Resolution Studio Microphone,Electronics,Professional Audio,115.0,249.99000549316406
FC-West,SKU-ELEC-010,2025-01-14,14,7.07,Holt_Winters,20.88,0.0,47.99,Enterprise High-Resolution Studio Microphone,Electronics,Professional Audio,115.0,249.99000549316406
FC-West,SKU-ELEC-010,2025-01-15,15,7.24,Holt_Winters,21.1,0.0,48.6,Enterprise High-Resolution Studio Microphone,Electronics,Professional Audio,115.0,249.99000549316406
FC-West,SKU-ELEC-010,2025-01-16,16,7.48,Holt_Winters,21.33,0.0,49.29,Enterprise High-Resolution Studio Microphone,Electronics,Professional Audio,115.0,249.99000549316406
FC-West,SKU-ELEC-010,2025-01-17,17,8.65,Holt_Winters,21.55,0.0,50.89,Enterprise High-Resolution Studio Microphone,Electronics,Professional Audio,115.0,249.99000549316406
FC-West,SKU-ELEC-010,2025-01-18,18,9.95,Holt_Winters,21.76,0.0,52.6,Enterprise High-Resolution Studio Microphone,Electronics,Professional Audio,115.0,249.99000549316406
FC-West,SKU-ELEC-010,2025-01-19,19,8.51,Holt_Winters,21.98,0.0,51.59,Enterprise High-Resolution Studio Microphone,Electronics,Professional Audio,115.0,249.99000549316406
FC-West,SKU-ELEC-010,2025-01-20,20,5.61,Holt_Winters,22.19,0.0,49.1,Enterprise High-Resolution Studio Microphone,Electronics,Professional Audio,115.0,249.99000549316406
FC-West,SKU-ELEC-010,2025-01-21,21,7.07,Holt_Winters,22.4,0.0,50.97,Enterprise High-Resolution Studio Microphone,Electronics,Professional Audio,115.0,249.99000549316406
FC-West,SKU-ELEC-010,2025-01-22,22,7.24,Holt_Winters,22.61,0.0,51.56,Enterprise High-Resolution Studio Microphone,Electronics,Professional Audio,115.0,249.99000549316406
FC-West,SKU-ELEC-010,2025-01-23,23,7.48,Holt_Winters,22.82,0.0,52.21,Enterprise High-Resolution Studio Microphone,Electronics,Professional Audio,115.0,249.99000549316406
FC-West,SKU-ELEC-010,2025-01-24,24,8.66,Holt_Winters,23.02,0.0,53.78,Enterprise High-Resolution Studio Microphone,Electronics,Professional Audio,115.0,249.99000549316406
FC-West,SKU-ELEC-010,2025-01-25,25,9.95,Holt_Winters,23.23,0.0,55.48,Enterprise High-Resolution Studio Microphone,Electronics,Professional Audio,115.0,249.99000549316406
FC-West,SKU-ELEC-010,2025-01-26,26,8.52,Holt_Winters,23.43,0.0,54.44,Enterprise High-Resolution Studio Microphone,Electronics,Professional Audio,115.0,249.99000549316406
FC-West,SKU-ELEC-010,2025-01-27,27,5.62,Holt_Winters,23.63,0.0,51.93,Enterprise High-Resolution Studio Microphone,Electronics,Professional Audio,115.0,249.99000549316406
FC-West,SKU-ELEC-010,2025-01-28,28,7.08,Holt_Winters,23.83,0.0,53.79,Enterprise High-Resolution Studio Microphone,Electronics,Professional Audio,115.0,249.99000549316406
FC-West,SKU-GROC-001,2025-01-01,1,71.73,Holt_Winters,17.71,37.02,106.44,Organic Whole Bean Espresso Roast 2 lb,Grocery & Pantry,Coffee & Tea,9.2,21.989999771118164
FC-West,SKU-GROC-001,2025-01-02,2,73.04,Holt_Winters,17.97,37.82,108.26,Organic Whole Bean Espresso Roast 2 lb,Grocery & Pantry,Coffee & Tea,9.2,21.989999771118164
FC-West,SKU-GROC-001,2025-01-03,3,86.18,Holt_Winters,18.23,50.45,121.91,Organic Whole Bean Espresso Roast 2 lb,Grocery & Pantry,Coffee & Tea,9.2,21.989999771118164
FC-West,SKU-GROC-001,2025-01-04,4,93.76,Holt_Winters,18.49,57.52,130.0,Organic Whole Bean Espresso Roast 2 lb,Grocery & Pantry,Coffee & Tea,9.2,21.989999771118164
FC-West,SKU-GROC-001,2025-01-05,5,87.39,Holt_Winters,18.74,50.66,124.12,Organic Whole Bean Espresso Roast 2 lb,Grocery & Pantry,Coffee & Tea,9.2,21.989999771118164
FC-West,SKU-GROC-001,2025-01-06,6,66.13,Holt_Winters,18.99,28.91,103.35,Organic Whole Bean Espresso Roast 2 lb,Grocery & Pantry,Coffee & Tea,9.2,21.989999771118164
FC-West,SKU-GROC-001,2025-01-07,7,68.75,Holt_Winters,19.24,31.04,106.46,Organic Whole Bean Espresso Roast 2 lb,Grocery & Pantry,Coffee & Tea,9.2,21.989999771118164
FC-West,SKU-GROC-001,2025-01-08,8,71.76,Holt_Winters,19.48,33.58,109.94,Organic Whole Bean Espresso Roast 2 lb,Grocery & Pantry,Coffee & Tea,9.2,21.989999771118164
FC-West,SKU-GROC-001,2025-01-09,9,73.07,Holt_Winters,19.72,34.42,111.72,Organic Whole Bean Espresso Roast 2 lb,Grocery & Pantry,Coffee & Tea,9.2,21.989999771118164
FC-West,SKU-GROC-001,2025-01-10,10,86.22,Holt_Winters,19.96,47.1,125.34,Organic Whole Bean Espresso Roast 2 lb,Grocery & Pantry,Coffee & Tea,9.2,21.989999771118164
FC-West,SKU-GROC-001,2025-01-11,11,93.79,Holt_Winters,20.19,54.22,133.36,Organic Whole Bean Espresso Roast 2 lb,Grocery & Pantry,Coffee & Tea,9.2,21.989999771118164
FC-West,SKU-GROC-001,2025-01-12,12,87.43,Holt_Winters,20.42,47.41,127.45,Organic Whole Bean Espresso Roast 2 lb,Grocery & Pantry,Coffee & Tea,9.2,21.989999771118164
FC-West,SKU-GROC-001,2025-01-13,13,66.16,Holt_Winters,20.65,25.69,106.63,Organic Whole Bean Espresso Roast 2 lb,Grocery & Pantry,Coffee & Tea,9.2,21.989999771118164
FC-West,SKU-GROC-001,2025-01-14,14,68.78,Holt_Winters,20.88,27.86,109.7,Organic Whole Bean Espresso Roast 2 lb,Grocery & Pantry,Coffee & Tea,9.2,21.989999771118164
FC-West,SKU-GROC-001,2025-01-15,15,71.8,Holt_Winters,21.1,30.44,113.16,Organic Whole Bean Espresso Roast 2 lb,Grocery & Pantry,Coffee & Tea,9.2,21.989999771118164
FC-West,SKU-GROC-001,2025-01-16,16,73.11,Holt_Winters,21.33,31.3,114.92,Organic Whole Bean Espresso Roast 2 lb,Grocery & Pantry,Coffee & Tea,9.2,21.989999771118164
FC-West,SKU-GROC-001,2025-01-17,17,86.25,Holt_Winters,21.55,44.01,128.49,Organic Whole Bean Espresso Roast 2 lb,Grocery & Pantry,Coffee & Tea,9.2,21.989999771118164
FC-West,SKU-GROC-001,2025-01-18,18,93.83,Holt_Winters,21.76,51.18,136.48,Organic Whole Bean Espresso Roast 2 lb,Grocery & Pantry,Coffee & Tea,9.2,21.989999771118164
FC-West,SKU-GROC-001,2025-01-19,19,87.46,Holt_Winters,21.98,44.38,130.54,Organic Whole Bean Espresso Roast 2 lb,Grocery & Pantry,Coffee & Tea,9.2,21.989999771118164
FC-West,SKU-GROC-001,2025-01-20,20,66.2,Holt_Winters,22.19,22.71,109.69,Organic Whole Bean Espresso Roast 2 lb,Grocery & Pantry,Coffee & Tea,9.2,21.989999771118164
FC-West,SKU-GROC-001,2025-01-21,21,68.82,Holt_Winters,22.4,24.92,112.72,Organic Whole Bean Espresso Roast 2 lb,Grocery & Pantry,Coffee & Tea,9.2,21.989999771118164
FC-West,SKU-GROC-001,2025-01-22,22,71.83,Holt_Winters,22.61,27.51,116.15,Organic Whole Bean Espresso Roast 2 lb,Grocery & Pantry,Coffee & Tea,9.2,21.989999771118164
FC-West,SKU-GROC-001,2025-01-23,23,73.14,Holt_Winters,22.82,28.41,117.87,Organic Whole Bean Espresso Roast 2 lb,Grocery & Pantry,Coffee & Tea,9.2,21.989999771118164
FC-West,SKU-GROC-001,2025-01-24,24,86.29,Holt_Winters,23.02,41.17,131.41,Organic Whole Bean Espresso Roast 2 lb,Grocery & Pantry,Coffee & Tea,9.2,21.989999771118164
FC-West,SKU-GROC-001,2025-01-25,25,93.86,Holt_Winters,23.23,48.33,139.39,Organic Whole Bean Espresso Roast 2 lb,Grocery & Pantry,Coffee & Tea,9.2,21.989999771118164
FC-West,SKU-GROC-001,2025-01-26,26,87.5,Holt_Winters,23.43,41.58,133.42,Organic Whole Bean Espresso Roast 2 lb,Grocery & Pantry,Coffee & Tea,9.2,21.989999771118164
FC-West,SKU-GROC-001,2025-01-27,27,66.23,Holt_Winters,23.63,19.92,112.54,Organic Whole Bean Espresso Roast 2 lb,Grocery & Pantry,Coffee & Tea,9.2,21.989999771118164
FC-West,SKU-GROC-001,2025-01-28,28,68.85,Holt_Winters,23.83,22.14,115.56,Organic Whole Bean Espresso Roast 2 lb,Grocery & Pantry,Coffee & Tea,9.2,21.989999771118164
FC-West,SKU-GROC-002,2025-01-01,1,53.01,Holt_Winters,17.71,18.3,87.72,Raw California Organic Almonds Unsalted 3 lb,Grocery & Pantry,Nuts & Snacks,8.0,18.489999771118164
FC-West,SKU-GROC-002,2025-01-02,2,50.79,Holt_Winters,17.97,15.57,86.01,Raw California Organic Almonds Unsalted 3 lb,Grocery & Pantry,Nuts & Snacks,8.0,18.489999771118164
FC-West,SKU-GROC-002,2025-01-03,3,61.48,Holt_Winters,18.23,25.75,97.21,Raw California Organic Almonds Unsalted 3 lb,Grocery & Pantry,Nuts & Snacks,8.0,18.489999771118164
FC-West,SKU-GROC-002,2025-01-04,4,68.78,Holt_Winters,18.49,32.54,105.02,Raw California Organic Almonds Unsalted 3 lb,Grocery & Pantry,Nuts & Snacks,8.0,18.489999771118164
FC-West,SKU-GROC-002,2025-01-05,5,63.67,Holt_Winters,18.74,26.94,100.4,Raw California Organic Almonds Unsalted 3 lb,Grocery & Pantry,Nuts & Snacks,8.0,18.489999771118164
FC-West,SKU-GROC-002,2025-01-06,6,48.0,Holt_Winters,18.99,10.78,85.22,Raw California Organic Almonds Unsalted 3 lb,Grocery & Pantry,Nuts & Snacks,8.0,18.489999771118164
FC-West,SKU-GROC-002,2025-01-07,7,49.18,Holt_Winters,19.24,11.47,86.89,Raw California Organic Almonds Unsalted 3 lb,Grocery & Pantry,Nuts & Snacks,8.0,18.489999771118164
FC-West,SKU-GROC-002,2025-01-08,8,53.02,Holt_Winters,19.48,14.84,91.2,Raw California Organic Almonds Unsalted 3 lb,Grocery & Pantry,Nuts & Snacks,8.0,18.489999771118164
FC-West,SKU-GROC-002,2025-01-09,9,50.8,Holt_Winters,19.72,12.15,89.45,Raw California Organic Almonds Unsalted 3 lb,Grocery & Pantry,Nuts & Snacks,8.0,18.489999771118164
FC-West,SKU-GROC-002,2025-01-10,10,61.49,Holt_Winters,19.96,22.37,100.61,Raw California Organic Almonds Unsalted 3 lb,Grocery & Pantry,Nuts & Snacks,8.0,18.489999771118164
FC-West,SKU-GROC-002,2025-01-11,11,68.78,Holt_Winters,20.19,29.21,108.35,Raw California Organic Almonds Unsalted 3 lb,Grocery & Pantry,Nuts & Snacks,8.0,18.489999771118164
FC-West,SKU-GROC-002,2025-01-12,12,63.68,Holt_Winters,20.42,23.66,103.7,Raw California Organic Almonds Unsalted 3 lb,Grocery & Pantry,Nuts & Snacks,8.0,18.489999771118164
FC-West,SKU-GROC-002,2025-01-13,13,48.0,Holt_Winters,20.65,7.53,88.47,Raw California Organic Almonds Unsalted 3 lb,Grocery & Pantry,Nuts & Snacks,8.0,18.489999771118164
FC-West,SKU-GROC-002,2025-01-14,14,49.18,Holt_Winters,20.88,8.26,90.1,Raw California Organic Almonds Unsalted 3 lb,Grocery & Pantry,Nuts & Snacks,8.0,18.489999771118164
FC-West,SKU-GROC-002,2025-01-15,15,53.02,Holt_Winters,21.1,11.66,94.38,Raw California Organic Almonds Unsalted 3 lb,Grocery & Pantry,Nuts & Snacks,8.0,18.489999771118164
FC-West,SKU-GROC-002,2025-01-16,16,50.8,Holt_Winters,21.33,8.99,92.61,Raw California Organic Almonds Unsalted 3 lb,Grocery & Pantry,Nuts & Snacks,8.0,18.489999771118164
FC-West,SKU-GROC-002,2025-01-17,17,61.49,Holt_Winters,21.55,19.25,103.73,Raw California Organic Almonds Unsalted 3 lb,Grocery & Pantry,Nuts & Snacks,8.0,18.489999771118164
FC-West,SKU-GROC-002,2025-01-18,18,68.79,Holt_Winters,21.76,26.14,111.44,Raw California Organic Almonds Unsalted 3 lb,Grocery & Pantry,Nuts & Snacks,8.0,18.489999771118164
FC-West,SKU-GROC-002,2025-01-19,19,63.68,Holt_Winters,21.98,20.6,106.76,Raw California Organic Almonds Unsalted 3 lb,Grocery & Pantry,Nuts & Snacks,8.0,18.489999771118164
FC-West,SKU-GROC-002,2025-01-20,20,48.0,Holt_Winters,22.19,4.51,91.49,Raw California Organic Almonds Unsalted 3 lb,Grocery & Pantry,Nuts & Snacks,8.0,18.489999771118164
FC-West,SKU-GROC-002,2025-01-21,21,49.19,Holt_Winters,22.4,5.29,93.09,Raw California Organic Almonds Unsalted 3 lb,Grocery & Pantry,Nuts & Snacks,8.0,18.489999771118164
FC-West,SKU-GROC-002,2025-01-22,22,53.02,Holt_Winters,22.61,8.7,97.34,Raw California Organic Almonds Unsalted 3 lb,Grocery & Pantry,Nuts & Snacks,8.0,18.489999771118164
FC-West,SKU-GROC-002,2025-01-23,23,50.8,Holt_Winters,22.82,6.07,95.53,Raw California Organic Almonds Unsalted 3 lb,Grocery & Pantry,Nuts & Snacks,8.0,18.489999771118164
FC-West,SKU-GROC-002,2025-01-24,24,61.49,Holt_Winters,23.02,16.37,106.61,Raw California Organic Almonds Unsalted 3 lb,Grocery & Pantry,Nuts & Snacks,8.0,18.489999771118164
FC-West,SKU-GROC-002,2025-01-25,25,68.79,Holt_Winters,23.23,23.26,114.32,Raw California Organic Almonds Unsalted 3 lb,Grocery & Pantry,Nuts & Snacks,8.0,18.489999771118164
FC-West,SKU-GROC-002,2025-01-26,26,63.68,Holt_Winters,23.43,17.76,109.6,Raw California Organic Almonds Unsalted 3 lb,Grocery & Pantry,Nuts & Snacks,8.0,18.489999771118164
FC-West,SKU-GROC-002,2025-01-27,27,48.01,Holt_Winters,23.63,1.7,94.32,Raw California Organic Almonds Unsalted 3 lb,Grocery & Pantry,Nuts & Snacks,8.0,18.489999771118164
FC-West,SKU-GROC-002,2025-01-28,28,49.19,Holt_Winters,23.83,2.48,95.9,Raw California Organic Almonds Unsalted 3 lb,Grocery & Pantry,Nuts & Snacks,8.0,18.489999771118164
FC-West,SKU-GROC-003,2025-01-01,1,57.3,Holt_Winters,17.71,22.59,92.01,Extra Virgin Cold-Pressed Olive Oil 1 Liter,Grocery & Pantry,Oils & Vinegars,8.5,19.989999771118164
FC-West,SKU-GROC-003,2025-01-02,2,58.06,Holt_Winters,17.97,22.84,93.28,Extra Virgin Cold-Pressed Olive Oil 1 Liter,Grocery & Pantry,Oils & Vinegars,8.5,19.989999771118164
FC-West,SKU-GROC-003,2025-01-03,3,65.66,Holt_Winters,18.23,29.93,101.39,Extra Virgin Cold-Pressed Olive Oil 1 Liter,Grocery & Pantry,Oils & Vinegars,8.5,19.989999771118164
FC-West,SKU-GROC-003,2025-01-04,4,70.81,Holt_Winters,18.49,34.57,107.05,Extra Virgin Cold-Pressed Olive Oil 1 Liter,Grocery & Pantry,Oils & Vinegars,8.5,19.989999771118164
FC-West,SKU-GROC-003,2025-01-05,5,66.0,Holt_Winters,18.74,29.27,102.73,Extra Virgin Cold-Pressed Olive Oil 1 Liter,Grocery & Pantry,Oils & Vinegars,8.5,19.989999771118164
FC-West,SKU-GROC-003,2025-01-06,6,53.35,Holt_Winters,18.99,16.13,90.57,Extra Virgin Cold-Pressed Olive Oil 1 Liter,Grocery & Pantry,Oils & Vinegars,8.5,19.989999771118164
FC-West,SKU-GROC-003,2025-01-07,7,55.52,Holt_Winters,19.24,17.81,93.23,Extra Virgin Cold-Pressed Olive Oil 1 Liter,Grocery & Pantry,Oils & Vinegars,8.5,19.989999771118164
FC-West,SKU-GROC-003,2025-01-08,8,57.5,Holt_Winters,19.48,19.32,95.68,Extra Virgin Cold-Pressed Olive Oil 1 Liter,Grocery & Pantry,Oils & Vinegars,8.5,19.989999771118164
FC-West,SKU-GROC-003,2025-01-09,9,58.25,Holt_Winters,19.72,19.6,96.9,Extra Virgin Cold-Pressed Olive Oil 1 Liter,Grocery & Pantry,Oils & Vinegars,8.5,19.989999771118164
FC-West,SKU-GROC-003,2025-01-10,10,65.85,Holt_Winters,19.96,26.73,104.97,Extra Virgin Cold-Pressed Olive Oil 1 Liter,Grocery & Pantry,Oils & Vinegars,8.5,19.989999771118164
FC-West,SKU-GROC-003,2025-01-11,11,71.0,Holt_Winters,20.19,31.43,110.57,Extra Virgin Cold-Pressed Olive Oil 1 Liter,Grocery & Pantry,Oils & Vinegars,8.5,19.989999771118164
FC-West,SKU-GROC-003,2025-01-12,12,66.19,Holt_Winters,20.42,26.17,106.21,Extra Virgin Cold-Pressed Olive Oil 1 Liter,Grocery & Pantry,Oils & Vinegars,8.5,19.989999771118164
FC-West,SKU-GROC-003,2025-01-13,13,53.54,Holt_Winters,20.65,13.07,94.01,Extra Virgin Cold-Pressed Olive Oil 1 Liter,Grocery & Pantry,Oils & Vinegars,8.5,19.989999771118164
FC-West,SKU-GROC-003,2025-01-14,14,55.71,Holt_Winters,20.88,14.79,96.63,Extra Virgin Cold-Pressed Olive Oil 1 Liter,Grocery & Pantry,Oils & Vinegars,8.5,19.989999771118164
FC-West,SKU-GROC-003,2025-01-15,15,57.69,Holt_Winters,21.1,16.33,99.05,Extra Virgin Cold-Pressed Olive Oil 1 Liter,Grocery & Pantry,Oils & Vinegars,8.5,19.989999771118164
FC-West,SKU-GROC-003,2025-01-16,16,58.45,Holt_Winters,21.33,16.64,100.26,Extra Virgin Cold-Pressed Olive Oil 1 Liter,Grocery & Pantry,Oils & Vinegars,8.5,19.989999771118164
FC-West,SKU-GROC-003,2025-01-17,17,66.04,Holt_Winters,21.55,23.8,108.28,Extra Virgin Cold-Pressed Olive Oil 1 Liter,Grocery & Pantry,Oils & Vinegars,8.5,19.989999771118164
FC-West,SKU-GROC-003,2025-01-18,18,71.19,Holt_Winters,21.76,28.54,113.84,Extra Virgin Cold-Pressed Olive Oil 1 Liter,Grocery & Pantry,Oils & Vinegars,8.5,19.989999771118164
FC-West,SKU-GROC-003,2025-01-19,19,66.38,Holt_Winters,21.98,23.3,109.46,Extra Virgin Cold-Pressed Olive Oil 1 Liter,Grocery & Pantry,Oils & Vinegars,8.5,19.989999771118164
FC-West,SKU-GROC-003,2025-01-20,20,53.73,Holt_Winters,22.19,10.24,97.22,Extra Virgin Cold-Pressed Olive Oil 1 Liter,Grocery & Pantry,Oils & Vinegars,8.5,19.989999771118164
FC-West,SKU-GROC-003,2025-01-21,21,55.9,Holt_Winters,22.4,12.0,99.8,Extra Virgin Cold-Pressed Olive Oil 1 Liter,Grocery & Pantry,Oils & Vinegars,8.5,19.989999771118164
FC-West,SKU-GROC-003,2025-01-22,22,57.88,Holt_Winters,22.61,13.56,102.2,Extra Virgin Cold-Pressed Olive Oil 1 Liter,Grocery & Pantry,Oils & Vinegars,8.5,19.989999771118164
FC-West,SKU-GROC-003,2025-01-23,23,58.64,Holt_Winters,22.82,13.91,103.37,Extra Virgin Cold-Pressed Olive Oil 1 Liter,Grocery & Pantry,Oils & Vinegars,8.5,19.989999771118164
FC-West,SKU-GROC-003,2025-01-24,24,66.24,Holt_Winters,23.02,21.12,111.36,Extra Virgin Cold-Pressed Olive Oil 1 Liter,Grocery & Pantry,Oils & Vinegars,8.5,19.989999771118164
FC-West,SKU-GROC-003,2025-01-25,25,71.38,Holt_Winters,23.23,25.85,116.91,Extra Virgin Cold-Pressed Olive Oil 1 Liter,Grocery & Pantry,Oils & Vinegars,8.5,19.989999771118164
FC-West,SKU-GROC-003,2025-01-26,26,66.57,Holt_Winters,23.43,20.65,112.49,Extra Virgin Cold-Pressed Olive Oil 1 Liter,Grocery & Pantry,Oils & Vinegars,8.5,19.989999771118164
FC-West,SKU-GROC-003,2025-01-27,27,53.92,Holt_Winters,23.63,7.61,100.23,Extra Virgin Cold-Pressed Olive Oil 1 Liter,Grocery & Pantry,Oils & Vinegars,8.5,19.989999771118164
FC-West,SKU-GROC-003,2025-01-28,28,56.09,Holt_Winters,23.83,9.38,102.8,Extra Virgin Cold-Pressed Olive Oil 1 Liter,Grocery & Pantry,Oils & Vinegars,8.5,19.989999771118164
FC-West,SKU-GROC-004,2025-01-01,1,37.77,Holt_Winters,17.71,3.06,72.48,Organic Ceremonial Grade Matcha Green Tea 100g,Grocery & Pantry,Coffee & Tea,12.2,29.989999771118164
FC-West,SKU-GROC-004,2025-01-02,2,38.01,Holt_Winters,17.97,2.79,73.23,Organic Ceremonial Grade Matcha Green Tea 100g,Grocery & Pantry,Coffee & Tea,12.2,29.989999771118164
FC-West,SKU-GROC-004,2025-01-03,3,43.81,Holt_Winters,18.23,8.08,79.54,Organic Ceremonial Grade Matcha Green Tea 100g,Grocery & Pantry,Coffee & Tea,12.2,29.989999771118164
FC-West,SKU-GROC-004,2025-01-04,4,49.63,Holt_Winters,18.49,13.39,85.87,Organic Ceremonial Grade Matcha Green Tea 100g,Grocery & Pantry,Coffee & Tea,12.2,29.989999771118164
FC-West,SKU-GROC-004,2025-01-05,5,44.58,Holt_Winters,18.74,7.85,81.31,Organic Ceremonial Grade Matcha Green Tea 100g,Grocery & Pantry,Coffee & Tea,12.2,29.989999771118164
FC-West,SKU-GROC-004,2025-01-06,6,37.63,Holt_Winters,18.99,0.41,74.85,Organic Ceremonial Grade Matcha Green Tea 100g,Grocery & Pantry,Coffee & Tea,12.2,29.989999771118164
FC-West,SKU-GROC-004,2025-01-07,7,37.12,Holt_Winters,19.24,0.0,74.83,Organic Ceremonial Grade Matcha Green Tea 100g,Grocery & Pantry,Coffee & Tea,12.2,29.989999771118164
FC-West,SKU-GROC-004,2025-01-08,8,37.91,Holt_Winters,19.48,0.0,76.09,Organic Ceremonial Grade Matcha Green Tea 100g,Grocery & Pantry,Coffee & Tea,12.2,29.989999771118164
FC-West,SKU-GROC-004,2025-01-09,9,38.14,Holt_Winters,19.72,0.0,76.79,Organic Ceremonial Grade Matcha Green Tea 100g,Grocery & Pantry,Coffee & Tea,12.2,29.989999771118164
FC-West,SKU-GROC-004,2025-01-10,10,43.94,Holt_Winters,19.96,4.82,83.06,Organic Ceremonial Grade Matcha Green Tea 100g,Grocery & Pantry,Coffee & Tea,12.2,29.989999771118164
FC-West,SKU-GROC-004,2025-01-11,11,49.77,Holt_Winters,20.19,10.2,89.34,Organic Ceremonial Grade Matcha Green Tea 100g,Grocery & Pantry,Coffee & Tea,12.2,29.989999771118164
FC-West,SKU-GROC-004,2025-01-12,12,44.71,Holt_Winters,20.42,4.69,84.73,Organic Ceremonial Grade Matcha Green Tea 100g,Grocery & Pantry,Coffee & Tea,12.2,29.989999771118164
FC-West,SKU-GROC-004,2025-01-13,13,37.77,Holt_Winters,20.65,0.0,78.24,Organic Ceremonial Grade Matcha Green Tea 100g,Grocery & Pantry,Coffee & Tea,12.2,29.989999771118164
FC-West,SKU-GROC-004,2025-01-14,14,37.25,Holt_Winters,20.88,0.0,78.17,Organic Ceremonial Grade Matcha Green Tea 100g,Grocery & Pantry,Coffee & Tea,12.2,29.989999771118164
FC-West,SKU-GROC-004,2025-01-15,15,38.04,Holt_Winters,21.1,0.0,79.4,Organic Ceremonial Grade Matcha Green Tea 100g,Grocery & Pantry,Coffee & Tea,12.2,29.989999771118164
FC-West,SKU-GROC-004,2025-01-16,16,38.28,Holt_Winters,21.33,0.0,80.09,Organic Ceremonial Grade Matcha Green Tea 100g,Grocery & Pantry,Coffee & Tea,12.2,29.989999771118164
FC-West,SKU-GROC-004,2025-01-17,17,44.08,Holt_Winters,21.55,1.84,86.32,Organic Ceremonial Grade Matcha Green Tea 100g,Grocery & Pantry,Coffee & Tea,12.2,29.989999771118164
FC-West,SKU-GROC-004,2025-01-18,18,49.9,Holt_Winters,21.76,7.25,92.55,Organic Ceremonial Grade Matcha Green Tea 100g,Grocery & Pantry,Coffee & Tea,12.2,29.989999771118164
FC-West,SKU-GROC-004,2025-01-19,19,44.85,Holt_Winters,21.98,1.77,87.93,Organic Ceremonial Grade Matcha Green Tea 100g,Grocery & Pantry,Coffee & Tea,12.2,29.989999771118164
FC-West,SKU-GROC-004,2025-01-20,20,37.9,Holt_Winters,22.19,0.0,81.39,Organic Ceremonial Grade Matcha Green Tea 100g,Grocery & Pantry,Coffee & Tea,12.2,29.989999771118164
FC-West,SKU-GROC-004,2025-01-21,21,37.38,Holt_Winters,22.4,0.0,81.28,Organic Ceremonial Grade Matcha Green Tea 100g,Grocery & Pantry,Coffee & Tea,12.2,29.989999771118164
FC-West,SKU-GROC-004,2025-01-22,22,38.17,Holt_Winters,22.61,0.0,82.49,Organic Ceremonial Grade Matcha Green Tea 100g,Grocery & Pantry,Coffee & Tea,12.2,29.989999771118164
FC-West,SKU-GROC-004,2025-01-23,23,38.41,Holt_Winters,22.82,0.0,83.14,Organic Ceremonial Grade Matcha Green Tea 100g,Grocery & Pantry,Coffee & Tea,12.2,29.989999771118164
FC-West,SKU-GROC-004,2025-01-24,24,44.21,Holt_Winters,23.02,0.0,89.33,Organic Ceremonial Grade Matcha Green Tea 100g,Grocery & Pantry,Coffee & Tea,12.2,29.989999771118164
FC-West,SKU-GROC-004,2025-01-25,25,50.03,Holt_Winters,23.23,4.5,95.56,Organic Ceremonial Grade Matcha Green Tea 100g,Grocery & Pantry,Coffee & Tea,12.2,29.989999771118164
FC-West,SKU-GROC-004,2025-01-26,26,44.98,Holt_Winters,23.43,0.0,90.9,Organic Ceremonial Grade Matcha Green Tea 100g,Grocery & Pantry,Coffee & Tea,12.2,29.989999771118164
FC-West,SKU-GROC-004,2025-01-27,27,38.03,Holt_Winters,23.63,0.0,84.34,Organic Ceremonial Grade Matcha Green Tea 100g,Grocery & Pantry,Coffee & Tea,12.2,29.989999771118164
FC-West,SKU-GROC-004,2025-01-28,28,37.52,Holt_Winters,23.83,0.0,84.23,Organic Ceremonial Grade Matcha Green Tea 100g,Grocery & Pantry,Coffee & Tea,12.2,29.989999771118164
FC-West,SKU-GROC-005,2025-01-01,1,81.85,Holt_Winters,17.71,47.14,116.56,Artisanal Holiday Spiced Hot Cocoa Mix 500g,Grocery & Pantry,Seasonal Beverages,5.6,14.989999771118164
FC-West,SKU-GROC-005,2025-01-02,2,86.17,Holt_Winters,17.97,50.95,121.39,Artisanal Holiday Spiced Hot Cocoa Mix 500g,Grocery & Pantry,Seasonal Beverages,5.6,14.989999771118164
FC-West,SKU-GROC-005,2025-01-03,3,97.14,Holt_Winters,18.23,61.41,132.87,Artisanal Holiday Spiced Hot Cocoa Mix 500g,Grocery & Pantry,Seasonal Beverages,5.6,14.989999771118164
FC-West,SKU-GROC-005,2025-01-04,4,93.26,Holt_Winters,18.49,57.02,129.5,Artisanal Holiday Spiced Hot Cocoa Mix 500g,Grocery & Pantry,Seasonal Beverages,5.6,14.989999771118164
FC-West,SKU-GROC-005,2025-01-05,5,88.89,Holt_Winters,18.74,52.16,125.62,Artisanal Holiday Spiced Hot Cocoa Mix 500g,Grocery & Pantry,Seasonal Beverages,5.6,14.989999771118164
FC-West,SKU-GROC-005,2025-01-06,6,79.57,Holt_Winters,18.99,42.35,116.79,Artisanal Holiday Spiced Hot Cocoa Mix 500g,Grocery & Pantry,Seasonal Beverages,5.6,14.989999771118164
FC-West,SKU-GROC-005,2025-01-07,7,82.91,Holt_Winters,19.24,45.2,120.62,Artisanal Holiday Spiced Hot Cocoa Mix 500g,Grocery & Pantry,Seasonal Beverages,5.6,14.989999771118164
FC-West,SKU-GROC-005,2025-01-08,8,82.38,Holt_Winters,19.48,44.2,120.56,Artisanal Holiday Spiced Hot Cocoa Mix 500g,Grocery & Pantry,Seasonal Beverages,5.6,14.989999771118164
FC-West,SKU-GROC-005,2025-01-09,9,86.7,Holt_Winters,19.72,48.05,125.35,Artisanal Holiday Spiced Hot Cocoa Mix 500g,Grocery & Pantry,Seasonal Beverages,5.6,14.989999771118164
FC-West,SKU-GROC-005,2025-01-10,10,97.67,Holt_Winters,19.96,58.55,136.79,Artisanal Holiday Spiced Hot Cocoa Mix 500g,Grocery & Pantry,Seasonal Beverages,5.6,14.989999771118164
FC-West,SKU-GROC-005,2025-01-11,11,93.79,Holt_Winters,20.19,54.22,133.36,Artisanal Holiday Spiced Hot Cocoa Mix 500g,Grocery & Pantry,Seasonal Beverages,5.6,14.989999771118164
FC-West,SKU-GROC-005,2025-01-12,12,89.42,Holt_Winters,20.42,49.4,129.44,Artisanal Holiday Spiced Hot Cocoa Mix 500g,Grocery & Pantry,Seasonal Beverages,5.6,14.989999771118164
FC-West,SKU-GROC-005,2025-01-13,13,80.1,Holt_Winters,20.65,39.63,120.57,Artisanal Holiday Spiced Hot Cocoa Mix 500g,Grocery & Pantry,Seasonal Beverages,5.6,14.989999771118164
FC-West,SKU-GROC-005,2025-01-14,14,83.44,Holt_Winters,20.88,42.52,124.36,Artisanal Holiday Spiced Hot Cocoa Mix 500g,Grocery & Pantry,Seasonal Beverages,5.6,14.989999771118164
FC-West,SKU-GROC-005,2025-01-15,15,82.92,Holt_Winters,21.1,41.56,124.28,Artisanal Holiday Spiced Hot Cocoa Mix 500g,Grocery & Pantry,Seasonal Beverages,5.6,14.989999771118164
FC-West,SKU-GROC-005,2025-01-16,16,87.23,Holt_Winters,21.33,45.42,129.04,Artisanal Holiday Spiced Hot Cocoa Mix 500g,Grocery & Pantry,Seasonal Beverages,5.6,14.989999771118164
FC-West,SKU-GROC-005,2025-01-17,17,98.2,Holt_Winters,21.55,55.96,140.44,Artisanal Holiday Spiced Hot Cocoa Mix 500g,Grocery & Pantry,Seasonal Beverages,5.6,14.989999771118164
FC-West,SKU-GROC-005,2025-01-18,18,94.33,Holt_Winters,21.76,51.68,136.98,Artisanal Holiday Spiced Hot Cocoa Mix 500g,Grocery & Pantry,Seasonal Beverages,5.6,14.989999771118164
FC-West,SKU-GROC-005,2025-01-19,19,89.96,Holt_Winters,21.98,46.88,133.04,Artisanal Holiday Spiced Hot Cocoa Mix 500g,Grocery & Pantry,Seasonal Beverages,5.6,14.989999771118164
FC-West,SKU-GROC-005,2025-01-20,20,80.64,Holt_Winters,22.19,37.15,124.13,Artisanal Holiday Spiced Hot Cocoa Mix 500g,Grocery & Pantry,Seasonal Beverages,5.6,14.989999771118164
FC-West,SKU-GROC-005,2025-01-21,21,83.98,Holt_Winters,22.4,40.08,127.88,Artisanal Holiday Spiced Hot Cocoa Mix 500g,Grocery & Pantry,Seasonal Beverages,5.6,14.989999771118164
FC-West,SKU-GROC-005,2025-01-22,22,83.45,Holt_Winters,22.61,39.13,127.77,Artisanal Holiday Spiced Hot Cocoa Mix 500g,Grocery & Pantry,Seasonal Beverages,5.6,14.989999771118164
FC-West,SKU-GROC-005,2025-01-23,23,87.76,Holt_Winters,22.82,43.03,132.49,Artisanal Holiday Spiced Hot Cocoa Mix 500g,Grocery & Pantry,Seasonal Beverages,5.6,14.989999771118164
FC-West,SKU-GROC-005,2025-01-24,24,98.74,Holt_Winters,23.02,53.62,143.86,Artisanal Holiday Spiced Hot Cocoa Mix 500g,Grocery & Pantry,Seasonal Beverages,5.6,14.989999771118164
FC-West,SKU-GROC-005,2025-01-25,25,94.86,Holt_Winters,23.23,49.33,140.39,Artisanal Holiday Spiced Hot Cocoa Mix 500g,Grocery & Pantry,Seasonal Beverages,5.6,14.989999771118164
FC-West,SKU-GROC-005,2025-01-26,26,90.49,Holt_Winters,23.43,44.57,136.41,Artisanal Holiday Spiced Hot Cocoa Mix 500g,Grocery & Pantry,Seasonal Beverages,5.6,14.989999771118164
FC-West,SKU-GROC-005,2025-01-27,27,81.17,Holt_Winters,23.63,34.86,127.48,Artisanal Holiday Spiced Hot Cocoa Mix 500g,Grocery & Pantry,Seasonal Beverages,5.6,14.989999771118164
FC-West,SKU-GROC-005,2025-01-28,28,84.51,Holt_Winters,23.83,37.8,131.22,Artisanal Holiday Spiced Hot Cocoa Mix 500g,Grocery & Pantry,Seasonal Beverages,5.6,14.989999771118164
FC-West,SKU-GROC-006,2025-01-01,1,42.4,Holt_Winters,17.71,7.69,77.11,Electrolyte Enhanced Sparkling Mineral Water (24-Pack),Grocery & Pantry,Beverages,11.8,26.989999771118164
FC-West,SKU-GROC-006,2025-01-02,2,42.09,Holt_Winters,17.97,6.87,77.31,Electrolyte Enhanced Sparkling Mineral Water (24-Pack),Grocery & Pantry,Beverages,11.8,26.989999771118164
FC-West,SKU-GROC-006,2025-01-03,3,52.73,Holt_Winters,18.23,17.0,88.46,Electrolyte Enhanced Sparkling Mineral Water (24-Pack),Grocery & Pantry,Beverages,11.8,26.989999771118164
FC-West,SKU-GROC-006,2025-01-04,4,58.09,Holt_Winters,18.49,21.85,94.33,Electrolyte Enhanced Sparkling Mineral Water (24-Pack),Grocery & Pantry,Beverages,11.8,26.989999771118164
FC-West,SKU-GROC-006,2025-01-05,5,54.43,Holt_Winters,18.74,17.7,91.16,Electrolyte Enhanced Sparkling Mineral Water (24-Pack),Grocery & Pantry,Beverages,11.8,26.989999771118164
FC-West,SKU-GROC-006,2025-01-06,6,36.74,Holt_Winters,18.99,0.0,73.96,Electrolyte Enhanced Sparkling Mineral Water (24-Pack),Grocery & Pantry,Beverages,11.8,26.989999771118164
FC-West,SKU-GROC-006,2025-01-07,7,40.93,Holt_Winters,19.24,3.22,78.64,Electrolyte Enhanced Sparkling Mineral Water (24-Pack),Grocery & Pantry,Beverages,11.8,26.989999771118164
FC-West,SKU-GROC-006,2025-01-08,8,42.37,Holt_Winters,19.48,4.19,80.55,Electrolyte Enhanced Sparkling Mineral Water (24-Pack),Grocery & Pantry,Beverages,11.8,26.989999771118164
FC-West,SKU-GROC-006,2025-01-09,9,42.06,Holt_Winters,19.72,3.41,80.71,Electrolyte Enhanced Sparkling Mineral Water (24-Pack),Grocery & Pantry,Beverages,11.8,26.989999771118164
FC-West,SKU-GROC-006,2025-01-10,10,52.7,Holt_Winters,19.96,13.58,91.82,Electrolyte Enhanced Sparkling Mineral Water (24-Pack),Grocery & Pantry,Beverages,11.8,26.989999771118164
FC-West,SKU-GROC-006,2025-01-11,11,58.06,Holt_Winters,20.19,18.49,97.63,Electrolyte Enhanced Sparkling Mineral Water (24-Pack),Grocery & Pantry,Beverages,11.8,26.989999771118164
FC-West,SKU-GROC-006,2025-01-12,12,54.4,Holt_Winters,20.42,14.38,94.42,Electrolyte Enhanced Sparkling Mineral Water (24-Pack),Grocery & Pantry,Beverages,11.8,26.989999771118164
FC-West,SKU-GROC-006,2025-01-13,13,36.71,Holt_Winters,20.65,0.0,77.18,Electrolyte Enhanced Sparkling Mineral Water (24-Pack),Grocery & Pantry,Beverages,11.8,26.989999771118164
FC-West,SKU-GROC-006,2025-01-14,14,40.9,Holt_Winters,20.88,0.0,81.82,Electrolyte Enhanced Sparkling Mineral Water (24-Pack),Grocery & Pantry,Beverages,11.8,26.989999771118164
FC-West,SKU-GROC-006,2025-01-15,15,42.34,Holt_Winters,21.1,0.98,83.7,Electrolyte Enhanced Sparkling Mineral Water (24-Pack),Grocery & Pantry,Beverages,11.8,26.989999771118164
FC-West,SKU-GROC-006,2025-01-16,16,42.03,Holt_Winters,21.33,0.22,83.84,Electrolyte Enhanced Sparkling Mineral Water (24-Pack),Grocery & Pantry,Beverages,11.8,26.989999771118164
FC-West,SKU-GROC-006,2025-01-17,17,52.67,Holt_Winters,21.55,10.43,94.91,Electrolyte Enhanced Sparkling Mineral Water (24-Pack),Grocery & Pantry,Beverages,11.8,26.989999771118164
FC-West,SKU-GROC-006,2025-01-18,18,58.03,Holt_Winters,21.76,15.38,100.68,Electrolyte Enhanced Sparkling Mineral Water (24-Pack),Grocery & Pantry,Beverages,11.8,26.989999771118164
FC-West,SKU-GROC-006,2025-01-19,19,54.37,Holt_Winters,21.98,11.29,97.45,Electrolyte Enhanced Sparkling Mineral Water (24-Pack),Grocery & Pantry,Beverages,11.8,26.989999771118164
FC-West,SKU-GROC-006,2025-01-20,20,36.68,Holt_Winters,22.19,0.0,80.17,Electrolyte Enhanced Sparkling Mineral Water (24-Pack),Grocery & Pantry,Beverages,11.8,26.989999771118164
FC-West,SKU-GROC-006,2025-01-21,21,40.87,Holt_Winters,22.4,0.0,84.77,Electrolyte Enhanced Sparkling Mineral Water (24-Pack),Grocery & Pantry,Beverages,11.8,26.989999771118164
FC-West,SKU-GROC-006,2025-01-22,22,42.31,Holt_Winters,22.61,0.0,86.63,Electrolyte Enhanced Sparkling Mineral Water (24-Pack),Grocery & Pantry,Beverages,11.8,26.989999771118164
FC-West,SKU-GROC-006,2025-01-23,23,42.0,Holt_Winters,22.82,0.0,86.73,Electrolyte Enhanced Sparkling Mineral Water (24-Pack),Grocery & Pantry,Beverages,11.8,26.989999771118164
FC-West,SKU-GROC-006,2025-01-24,24,52.64,Holt_Winters,23.02,7.52,97.76,Electrolyte Enhanced Sparkling Mineral Water (24-Pack),Grocery & Pantry,Beverages,11.8,26.989999771118164
FC-West,SKU-GROC-006,2025-01-25,25,58.0,Holt_Winters,23.23,12.47,103.53,Electrolyte Enhanced Sparkling Mineral Water (24-Pack),Grocery & Pantry,Beverages,11.8,26.989999771118164
FC-West,SKU-GROC-006,2025-01-26,26,54.34,Holt_Winters,23.43,8.42,100.26,Electrolyte Enhanced Sparkling Mineral Water (24-Pack),Grocery & Pantry,Beverages,11.8,26.989999771118164
FC-West,SKU-GROC-006,2025-01-27,27,36.65,Holt_Winters,23.63,0.0,82.96,Electrolyte Enhanced Sparkling Mineral Water (24-Pack),Grocery & Pantry,Beverages,11.8,26.989999771118164
FC-West,SKU-GROC-006,2025-01-28,28,40.84,Holt_Winters,23.83,0.0,87.55,Electrolyte Enhanced Sparkling Mineral Water (24-Pack),Grocery & Pantry,Beverages,11.8,26.989999771118164
FC-West,SKU-GROC-007,2025-01-01,1,14.09,Holt_Winters,17.71,0.0,48.8,Artificially Flavored Breakfast Cereal Marshmallow 18oz,Grocery & Pantry,Cereals,2.2,5.489999771118164
FC-West,SKU-GROC-007,2025-01-02,2,14.62,Holt_Winters,17.97,0.0,49.84,Artificially Flavored Breakfast Cereal Marshmallow 18oz,Grocery & Pantry,Cereals,2.2,5.489999771118164
FC-West,SKU-GROC-007,2025-01-03,3,18.32,Holt_Winters,18.23,0.0,54.05,Artificially Flavored Breakfast Cereal Marshmallow 18oz,Grocery & Pantry,Cereals,2.2,5.489999771118164
FC-West,SKU-GROC-007,2025-01-04,4,20.31,Holt_Winters,18.49,0.0,56.55,Artificially Flavored Breakfast Cereal Marshmallow 18oz,Grocery & Pantry,Cereals,2.2,5.489999771118164
FC-West,SKU-GROC-007,2025-01-05,5,19.1,Holt_Winters,18.74,0.0,55.83,Artificially Flavored Breakfast Cereal Marshmallow 18oz,Grocery & Pantry,Cereals,2.2,5.489999771118164
FC-West,SKU-GROC-007,2025-01-06,6,13.71,Holt_Winters,18.99,0.0,50.93,Artificially Flavored Breakfast Cereal Marshmallow 18oz,Grocery & Pantry,Cereals,2.2,5.489999771118164
FC-West,SKU-GROC-007,2025-01-07,7,14.39,Holt_Winters,19.24,0.0,52.1,Artificially Flavored Breakfast Cereal Marshmallow 18oz,Grocery & Pantry,Cereals,2.2,5.489999771118164
FC-West,SKU-GROC-007,2025-01-08,8,14.01,Holt_Winters,19.48,0.0,52.19,Artificially Flavored Breakfast Cereal Marshmallow 18oz,Grocery & Pantry,Cereals,2.2,5.489999771118164
FC-West,SKU-GROC-007,2025-01-09,9,14.54,Holt_Winters,19.72,0.0,53.19,Artificially Flavored Breakfast Cereal Marshmallow 18oz,Grocery & Pantry,Cereals,2.2,5.489999771118164
FC-West,SKU-GROC-007,2025-01-10,10,18.24,Holt_Winters,19.96,0.0,57.36,Artificially Flavored Breakfast Cereal Marshmallow 18oz,Grocery & Pantry,Cereals,2.2,5.489999771118164
FC-West,SKU-GROC-007,2025-01-11,11,20.23,Holt_Winters,20.19,0.0,59.8,Artificially Flavored Breakfast Cereal Marshmallow 18oz,Grocery & Pantry,Cereals,2.2,5.489999771118164
FC-West,SKU-GROC-007,2025-01-12,12,19.02,Holt_Winters,20.42,0.0,59.04,Artificially Flavored Breakfast Cereal Marshmallow 18oz,Grocery & Pantry,Cereals,2.2,5.489999771118164
FC-West,SKU-GROC-007,2025-01-13,13,13.63,Holt_Winters,20.65,0.0,54.1,Artificially Flavored Breakfast Cereal Marshmallow 18oz,Grocery & Pantry,Cereals,2.2,5.489999771118164
FC-West,SKU-GROC-007,2025-01-14,14,14.31,Holt_Winters,20.88,0.0,55.23,Artificially Flavored Breakfast Cereal Marshmallow 18oz,Grocery & Pantry,Cereals,2.2,5.489999771118164
FC-West,SKU-GROC-007,2025-01-15,15,13.93,Holt_Winters,21.1,0.0,55.29,Artificially Flavored Breakfast Cereal Marshmallow 18oz,Grocery & Pantry,Cereals,2.2,5.489999771118164
FC-West,SKU-GROC-007,2025-01-16,16,14.46,Holt_Winters,21.33,0.0,56.27,Artificially Flavored Breakfast Cereal Marshmallow 18oz,Grocery & Pantry,Cereals,2.2,5.489999771118164
FC-West,SKU-GROC-007,2025-01-17,17,18.16,Holt_Winters,21.55,0.0,60.4,Artificially Flavored Breakfast Cereal Marshmallow 18oz,Grocery & Pantry,Cereals,2.2,5.489999771118164
FC-West,SKU-GROC-007,2025-01-18,18,20.15,Holt_Winters,21.76,0.0,62.8,Artificially Flavored Breakfast Cereal Marshmallow 18oz,Grocery & Pantry,Cereals,2.2,5.489999771118164
FC-West,SKU-GROC-007,2025-01-19,19,18.94,Holt_Winters,21.98,0.0,62.02,Artificially Flavored Breakfast Cereal Marshmallow 18oz,Grocery & Pantry,Cereals,2.2,5.489999771118164
FC-West,SKU-GROC-007,2025-01-20,20,13.55,Holt_Winters,22.19,0.0,57.04,Artificially Flavored Breakfast Cereal Marshmallow 18oz,Grocery & Pantry,Cereals,2.2,5.489999771118164
FC-West,SKU-GROC-007,2025-01-21,21,14.23,Holt_Winters,22.4,0.0,58.13,Artificially Flavored Breakfast Cereal Marshmallow 18oz,Grocery & Pantry,Cereals,2.2,5.489999771118164
FC-West,SKU-GROC-007,2025-01-22,22,13.85,Holt_Winters,22.61,0.0,58.17,Artificially Flavored Breakfast Cereal Marshmallow 18oz,Grocery & Pantry,Cereals,2.2,5.489999771118164
FC-West,SKU-GROC-007,2025-01-23,23,14.38,Holt_Winters,22.82,0.0,59.11,Artificially Flavored Breakfast Cereal Marshmallow 18oz,Grocery & Pantry,Cereals,2.2,5.489999771118164
FC-West,SKU-GROC-007,2025-01-24,24,18.09,Holt_Winters,23.02,0.0,63.21,Artificially Flavored Breakfast Cereal Marshmallow 18oz,Grocery & Pantry,Cereals,2.2,5.489999771118164
FC-West,SKU-GROC-007,2025-01-25,25,20.08,Holt_Winters,23.23,0.0,65.61,Artificially Flavored Breakfast Cereal Marshmallow 18oz,Grocery & Pantry,Cereals,2.2,5.489999771118164
FC-West,SKU-GROC-007,2025-01-26,26,18.86,Holt_Winters,23.43,0.0,64.78,Artificially Flavored Breakfast Cereal Marshmallow 18oz,Grocery & Pantry,Cereals,2.2,5.489999771118164
FC-West,SKU-GROC-007,2025-01-27,27,13.47,Holt_Winters,23.63,0.0,59.78,Artificially Flavored Breakfast Cereal Marshmallow 18oz,Grocery & Pantry,Cereals,2.2,5.489999771118164
FC-West,SKU-GROC-007,2025-01-28,28,14.16,Holt_Winters,23.83,0.0,60.87,Artificially Flavored Breakfast Cereal Marshmallow 18oz,Grocery & Pantry,Cereals,2.2,5.489999771118164
FC-West,SKU-GROC-008,2025-01-01,1,80.1,Holt_Winters,17.71,45.39,114.81,Gourmet Dark Chocolate Sea Salt Truffles Gift Box,Grocery & Pantry,Confections,9.9,24.989999771118164
FC-West,SKU-GROC-008,2025-01-02,2,82.38,Holt_Winters,17.97,47.16,117.6,Gourmet Dark Chocolate Sea Salt Truffles Gift Box,Grocery & Pantry,Confections,9.9,24.989999771118164
FC-West,SKU-GROC-008,2025-01-03,3,88.84,Holt_Winters,18.23,53.11,124.57,Gourmet Dark Chocolate Sea Salt Truffles Gift Box,Grocery & Pantry,Confections,9.9,24.989999771118164
FC-West,SKU-GROC-008,2025-01-04,4,97.4,Holt_Winters,18.49,61.16,133.64,Gourmet Dark Chocolate Sea Salt Truffles Gift Box,Grocery & Pantry,Confections,9.9,24.989999771118164
FC-West,SKU-GROC-008,2025-01-05,5,91.38,Holt_Winters,18.74,54.65,128.11,Gourmet Dark Chocolate Sea Salt Truffles Gift Box,Grocery & Pantry,Confections,9.9,24.989999771118164
FC-West,SKU-GROC-008,2025-01-06,6,81.89,Holt_Winters,18.99,44.67,119.11,Gourmet Dark Chocolate Sea Salt Truffles Gift Box,Grocery & Pantry,Confections,9.9,24.989999771118164
FC-West,SKU-GROC-008,2025-01-07,7,82.81,Holt_Winters,19.24,45.1,120.52,Gourmet Dark Chocolate Sea Salt Truffles Gift Box,Grocery & Pantry,Confections,9.9,24.989999771118164
FC-West,SKU-GROC-008,2025-01-08,8,80.64,Holt_Winters,19.48,42.46,118.82,Gourmet Dark Chocolate Sea Salt Truffles Gift Box,Grocery & Pantry,Confections,9.9,24.989999771118164
FC-West,SKU-GROC-008,2025-01-09,9,82.92,Holt_Winters,19.72,44.27,121.57,Gourmet Dark Chocolate Sea Salt Truffles Gift Box,Grocery & Pantry,Confections,9.9,24.989999771118164
FC-West,SKU-GROC-008,2025-01-10,10,89.37,Holt_Winters,19.96,50.25,128.49,Gourmet Dark Chocolate Sea Salt Truffles Gift Box,Grocery & Pantry,Confections,9.9,24.989999771118164
FC-West,SKU-GROC-008,2025-01-11,11,97.94,Holt_Winters,20.19,58.37,137.51,Gourmet Dark Chocolate Sea Salt Truffles Gift Box,Grocery & Pantry,Confections,9.9,24.989999771118164
FC-West,SKU-GROC-008,2025-01-12,12,91.91,Holt_Winters,20.42,51.89,131.93,Gourmet Dark Chocolate Sea Salt Truffles Gift Box,Grocery & Pantry,Confections,9.9,24.989999771118164
FC-West,SKU-GROC-008,2025-01-13,13,82.43,Holt_Winters,20.65,41.96,122.9,Gourmet Dark Chocolate Sea Salt Truffles Gift Box,Grocery & Pantry,Confections,9.9,24.989999771118164
FC-West,SKU-GROC-008,2025-01-14,14,83.34,Holt_Winters,20.88,42.42,124.26,Gourmet Dark Chocolate Sea Salt Truffles Gift Box,Grocery & Pantry,Confections,9.9,24.989999771118164
FC-West,SKU-GROC-008,2025-01-15,15,81.17,Holt_Winters,21.1,39.81,122.53,Gourmet Dark Chocolate Sea Salt Truffles Gift Box,Grocery & Pantry,Confections,9.9,24.989999771118164
FC-West,SKU-GROC-008,2025-01-16,16,83.45,Holt_Winters,21.33,41.64,125.26,Gourmet Dark Chocolate Sea Salt Truffles Gift Box,Grocery & Pantry,Confections,9.9,24.989999771118164
FC-West,SKU-GROC-008,2025-01-17,17,89.9,Holt_Winters,21.55,47.66,132.14,Gourmet Dark Chocolate Sea Salt Truffles Gift Box,Grocery & Pantry,Confections,9.9,24.989999771118164
FC-West,SKU-GROC-008,2025-01-18,18,98.47,Holt_Winters,21.76,55.82,141.12,Gourmet Dark Chocolate Sea Salt Truffles Gift Box,Grocery & Pantry,Confections,9.9,24.989999771118164
FC-West,SKU-GROC-008,2025-01-19,19,92.44,Holt_Winters,21.98,49.36,135.52,Gourmet Dark Chocolate Sea Salt Truffles Gift Box,Grocery & Pantry,Confections,9.9,24.989999771118164
FC-West,SKU-GROC-008,2025-01-20,20,82.96,Holt_Winters,22.19,39.47,126.45,Gourmet Dark Chocolate Sea Salt Truffles Gift Box,Grocery & Pantry,Confections,9.9,24.989999771118164
FC-West,SKU-GROC-008,2025-01-21,21,83.87,Holt_Winters,22.4,39.97,127.77,Gourmet Dark Chocolate Sea Salt Truffles Gift Box,Grocery & Pantry,Confections,9.9,24.989999771118164
FC-West,SKU-GROC-008,2025-01-22,22,81.7,Holt_Winters,22.61,37.38,126.02,Gourmet Dark Chocolate Sea Salt Truffles Gift Box,Grocery & Pantry,Confections,9.9,24.989999771118164
FC-West,SKU-GROC-008,2025-01-23,23,83.98,Holt_Winters,22.82,39.25,128.71,Gourmet Dark Chocolate Sea Salt Truffles Gift Box,Grocery & Pantry,Confections,9.9,24.989999771118164
FC-West,SKU-GROC-008,2025-01-24,24,90.43,Holt_Winters,23.02,45.31,135.55,Gourmet Dark Chocolate Sea Salt Truffles Gift Box,Grocery & Pantry,Confections,9.9,24.989999771118164
FC-West,SKU-GROC-008,2025-01-25,25,99.0,Holt_Winters,23.23,53.47,144.53,Gourmet Dark Chocolate Sea Salt Truffles Gift Box,Grocery & Pantry,Confections,9.9,24.989999771118164
FC-West,SKU-GROC-008,2025-01-26,26,92.98,Holt_Winters,23.43,47.06,138.9,Gourmet Dark Chocolate Sea Salt Truffles Gift Box,Grocery & Pantry,Confections,9.9,24.989999771118164
FC-West,SKU-GROC-008,2025-01-27,27,83.49,Holt_Winters,23.63,37.18,129.8,Gourmet Dark Chocolate Sea Salt Truffles Gift Box,Grocery & Pantry,Confections,9.9,24.989999771118164
FC-West,SKU-GROC-008,2025-01-28,28,84.41,Holt_Winters,23.83,37.7,131.12,Gourmet Dark Chocolate Sea Salt Truffles Gift Box,Grocery & Pantry,Confections,9.9,24.989999771118164
FC-West,SKU-GROC-009,2025-01-01,1,3.61,Holt_Winters,17.71,0.0,38.32,Bulk Food Grade Citric Acid Crystals 50 lb Sack,Grocery & Pantry,Bulk Ingredients,38.0,89.0
FC-West,SKU-GROC-009,2025-01-02,2,3.29,Holt_Winters,17.97,0.0,38.51,Bulk Food Grade Citric Acid Crystals 50 lb Sack,Grocery & Pantry,Bulk Ingredients,38.0,89.0
FC-West,SKU-GROC-009,2025-01-03,3,3.48,Holt_Winters,18.23,0.0,39.21,Bulk Food Grade Citric Acid Crystals 50 lb Sack,Grocery & Pantry,Bulk Ingredients,38.0,89.0
FC-West,SKU-GROC-009,2025-01-04,4,2.68,Holt_Winters,18.49,0.0,38.92,Bulk Food Grade Citric Acid Crystals 50 lb Sack,Grocery & Pantry,Bulk Ingredients,38.0,89.0
FC-West,SKU-GROC-009,2025-01-05,5,3.17,Holt_Winters,18.74,0.0,39.9,Bulk Food Grade Citric Acid Crystals 50 lb Sack,Grocery & Pantry,Bulk Ingredients,38.0,89.0
FC-West,SKU-GROC-009,2025-01-06,6,2.81,Holt_Winters,18.99,0.0,40.03,Bulk Food Grade Citric Acid Crystals 50 lb Sack,Grocery & Pantry,Bulk Ingredients,38.0,89.0
FC-West,SKU-GROC-009,2025-01-07,7,1.93,Holt_Winters,19.24,0.0,39.64,Bulk Food Grade Citric Acid Crystals 50 lb Sack,Grocery & Pantry,Bulk Ingredients,38.0,89.0
FC-West,SKU-GROC-009,2025-01-08,8,3.61,Holt_Winters,19.48,0.0,41.79,Bulk Food Grade Citric Acid Crystals 50 lb Sack,Grocery & Pantry,Bulk Ingredients,38.0,89.0
FC-West,SKU-GROC-009,2025-01-09,9,3.29,Holt_Winters,19.72,0.0,41.94,Bulk Food Grade Citric Acid Crystals 50 lb Sack,Grocery & Pantry,Bulk Ingredients,38.0,89.0
FC-West,SKU-GROC-009,2025-01-10,10,3.48,Holt_Winters,19.96,0.0,42.6,Bulk Food Grade Citric Acid Crystals 50 lb Sack,Grocery & Pantry,Bulk Ingredients,38.0,89.0
FC-West,SKU-GROC-009,2025-01-11,11,2.68,Holt_Winters,20.19,0.0,42.25,Bulk Food Grade Citric Acid Crystals 50 lb Sack,Grocery & Pantry,Bulk Ingredients,38.0,89.0
FC-West,SKU-GROC-009,2025-01-12,12,3.17,Holt_Winters,20.42,0.0,43.19,Bulk Food Grade Citric Acid Crystals 50 lb Sack,Grocery & Pantry,Bulk Ingredients,38.0,89.0
FC-West,SKU-GROC-009,2025-01-13,13,2.81,Holt_Winters,20.65,0.0,43.28,Bulk Food Grade Citric Acid Crystals 50 lb Sack,Grocery & Pantry,Bulk Ingredients,38.0,89.0
FC-West,SKU-GROC-009,2025-01-14,14,1.93,Holt_Winters,20.88,0.0,42.85,Bulk Food Grade Citric Acid Crystals 50 lb Sack,Grocery & Pantry,Bulk Ingredients,38.0,89.0
FC-West,SKU-GROC-009,2025-01-15,15,3.61,Holt_Winters,21.1,0.0,44.97,Bulk Food Grade Citric Acid Crystals 50 lb Sack,Grocery & Pantry,Bulk Ingredients,38.0,89.0
FC-West,SKU-GROC-009,2025-01-16,16,3.29,Holt_Winters,21.33,0.0,45.1,Bulk Food Grade Citric Acid Crystals 50 lb Sack,Grocery & Pantry,Bulk Ingredients,38.0,89.0
FC-West,SKU-GROC-009,2025-01-17,17,3.48,Holt_Winters,21.55,0.0,45.72,Bulk Food Grade Citric Acid Crystals 50 lb Sack,Grocery & Pantry,Bulk Ingredients,38.0,89.0
FC-West,SKU-GROC-009,2025-01-18,18,2.68,Holt_Winters,21.76,0.0,45.33,Bulk Food Grade Citric Acid Crystals 50 lb Sack,Grocery & Pantry,Bulk Ingredients,38.0,89.0
FC-West,SKU-GROC-009,2025-01-19,19,3.17,Holt_Winters,21.98,0.0,46.25,Bulk Food Grade Citric Acid Crystals 50 lb Sack,Grocery & Pantry,Bulk Ingredients,38.0,89.0
FC-West,SKU-GROC-009,2025-01-20,20,2.81,Holt_Winters,22.19,0.0,46.3,Bulk Food Grade Citric Acid Crystals 50 lb Sack,Grocery & Pantry,Bulk Ingredients,38.0,89.0
FC-West,SKU-GROC-009,2025-01-21,21,1.93,Holt_Winters,22.4,0.0,45.83,Bulk Food Grade Citric Acid Crystals 50 lb Sack,Grocery & Pantry,Bulk Ingredients,38.0,89.0
FC-West,SKU-GROC-009,2025-01-22,22,3.61,Holt_Winters,22.61,0.0,47.93,Bulk Food Grade Citric Acid Crystals 50 lb Sack,Grocery & Pantry,Bulk Ingredients,38.0,89.0
FC-West,SKU-GROC-009,2025-01-23,23,3.29,Holt_Winters,22.82,0.0,48.02,Bulk Food Grade Citric Acid Crystals 50 lb Sack,Grocery & Pantry,Bulk Ingredients,38.0,89.0
FC-West,SKU-GROC-009,2025-01-24,24,3.48,Holt_Winters,23.02,0.0,48.6,Bulk Food Grade Citric Acid Crystals 50 lb Sack,Grocery & Pantry,Bulk Ingredients,38.0,89.0
FC-West,SKU-GROC-009,2025-01-25,25,2.68,Holt_Winters,23.23,0.0,48.21,Bulk Food Grade Citric Acid Crystals 50 lb Sack,Grocery & Pantry,Bulk Ingredients,38.0,89.0
FC-West,SKU-GROC-009,2025-01-26,26,3.17,Holt_Winters,23.43,0.0,49.09,Bulk Food Grade Citric Acid Crystals 50 lb Sack,Grocery & Pantry,Bulk Ingredients,38.0,89.0
FC-West,SKU-GROC-009,2025-01-27,27,2.81,Holt_Winters,23.63,0.0,49.12,Bulk Food Grade Citric Acid Crystals 50 lb Sack,Grocery & Pantry,Bulk Ingredients,38.0,89.0
FC-West,SKU-GROC-009,2025-01-28,28,1.93,Holt_Winters,23.83,0.0,48.64,Bulk Food Grade Citric Acid Crystals 50 lb Sack,Grocery & Pantry,Bulk Ingredients,38.0,89.0
FC-West,SKU-GROC-010,2025-01-01,1,7.85,Holt_Winters,17.71,0.0,42.56,Imported White Truffle Infused Olive Oil Reserve 250ml,Grocery & Pantry,Gourmet Specialty,29.0,64.98999786376953
FC-West,SKU-GROC-010,2025-01-02,2,7.48,Holt_Winters,17.97,0.0,42.7,Imported White Truffle Infused Olive Oil Reserve 250ml,Grocery & Pantry,Gourmet Specialty,29.0,64.98999786376953
FC-West,SKU-GROC-010,2025-01-03,3,8.27,Holt_Winters,18.23,0.0,44.0,Imported White Truffle Infused Olive Oil Reserve 250ml,Grocery & Pantry,Gourmet Specialty,29.0,64.98999786376953
FC-West,SKU-GROC-010,2025-01-04,4,9.24,Holt_Winters,18.49,0.0,45.48,Imported White Truffle Infused Olive Oil Reserve 250ml,Grocery & Pantry,Gourmet Specialty,29.0,64.98999786376953
FC-West,SKU-GROC-010,2025-01-05,5,9.36,Holt_Winters,18.74,0.0,46.09,Imported White Truffle Infused Olive Oil Reserve 250ml,Grocery & Pantry,Gourmet Specialty,29.0,64.98999786376953
FC-West,SKU-GROC-010,2025-01-06,6,7.63,Holt_Winters,18.99,0.0,44.85,Imported White Truffle Infused Olive Oil Reserve 250ml,Grocery & Pantry,Gourmet Specialty,29.0,64.98999786376953
FC-West,SKU-GROC-010,2025-01-07,7,7.24,Holt_Winters,19.24,0.0,44.95,Imported White Truffle Infused Olive Oil Reserve 250ml,Grocery & Pantry,Gourmet Specialty,29.0,64.98999786376953
FC-West,SKU-GROC-010,2025-01-08,8,7.87,Holt_Winters,19.48,0.0,46.05,Imported White Truffle Infused Olive Oil Reserve 250ml,Grocery & Pantry,Gourmet Specialty,29.0,64.98999786376953
FC-West,SKU-GROC-010,2025-01-09,9,7.49,Holt_Winters,19.72,0.0,46.14,Imported White Truffle Infused Olive Oil Reserve 250ml,Grocery & Pantry,Gourmet Specialty,29.0,64.98999786376953
FC-West,SKU-GROC-010,2025-01-10,10,8.28,Holt_Winters,19.96,0.0,47.4,Imported White Truffle Infused Olive Oil Reserve 250ml,Grocery & Pantry,Gourmet Specialty,29.0,64.98999786376953
FC-West,SKU-GROC-010,2025-01-11,11,9.25,Holt_Winters,20.19,0.0,48.82,Imported White Truffle Infused Olive Oil Reserve 250ml,Grocery & Pantry,Gourmet Specialty,29.0,64.98999786376953
FC-West,SKU-GROC-010,2025-01-12,12,9.37,Holt_Winters,20.42,0.0,49.39,Imported White Truffle Infused Olive Oil Reserve 250ml,Grocery & Pantry,Gourmet Specialty,29.0,64.98999786376953
FC-West,SKU-GROC-010,2025-01-13,13,7.65,Holt_Winters,20.65,0.0,48.12,Imported White Truffle Infused Olive Oil Reserve 250ml,Grocery & Pantry,Gourmet Specialty,29.0,64.98999786376953
FC-West,SKU-GROC-010,2025-01-14,14,7.26,Holt_Winters,20.88,0.0,48.18,Imported White Truffle Infused Olive Oil Reserve 250ml,Grocery & Pantry,Gourmet Specialty,29.0,64.98999786376953
FC-West,SKU-GROC-010,2025-01-15,15,7.89,Holt_Winters,21.1,0.0,49.25,Imported White Truffle Infused Olive Oil Reserve 250ml,Grocery & Pantry,Gourmet Specialty,29.0,64.98999786376953
FC-West,SKU-GROC-010,2025-01-16,16,7.51,Holt_Winters,21.33,0.0,49.32,Imported White Truffle Infused Olive Oil Reserve 250ml,Grocery & Pantry,Gourmet Specialty,29.0,64.98999786376953
FC-West,SKU-GROC-010,2025-01-17,17,8.3,Holt_Winters,21.55,0.0,50.54,Imported White Truffle Infused Olive Oil Reserve 250ml,Grocery & Pantry,Gourmet Specialty,29.0,64.98999786376953
FC-West,SKU-GROC-010,2025-01-18,18,9.27,Holt_Winters,21.76,0.0,51.92,Imported White Truffle Infused Olive Oil Reserve 250ml,Grocery & Pantry,Gourmet Specialty,29.0,64.98999786376953
FC-West,SKU-GROC-010,2025-01-19,19,9.39,Holt_Winters,21.98,0.0,52.47,Imported White Truffle Infused Olive Oil Reserve 250ml,Grocery & Pantry,Gourmet Specialty,29.0,64.98999786376953
FC-West,SKU-GROC-010,2025-01-20,20,7.67,Holt_Winters,22.19,0.0,51.16,Imported White Truffle Infused Olive Oil Reserve 250ml,Grocery & Pantry,Gourmet Specialty,29.0,64.98999786376953
FC-West,SKU-GROC-010,2025-01-21,21,7.28,Holt_Winters,22.4,0.0,51.18,Imported White Truffle Infused Olive Oil Reserve 250ml,Grocery & Pantry,Gourmet Specialty,29.0,64.98999786376953
FC-West,SKU-GROC-010,2025-01-22,22,7.9,Holt_Winters,22.61,0.0,52.22,Imported White Truffle Infused Olive Oil Reserve 250ml,Grocery & Pantry,Gourmet Specialty,29.0,64.98999786376953
FC-West,SKU-GROC-010,2025-01-23,23,7.53,Holt_Winters,22.82,0.0,52.26,Imported White Truffle Infused Olive Oil Reserve 250ml,Grocery & Pantry,Gourmet Specialty,29.0,64.98999786376953
FC-West,SKU-GROC-010,2025-01-24,24,8.32,Holt_Winters,23.02,0.0,53.44,Imported White Truffle Infused Olive Oil Reserve 250ml,Grocery & Pantry,Gourmet Specialty,29.0,64.98999786376953
FC-West,SKU-GROC-010,2025-01-25,25,9.29,Holt_Winters,23.23,0.0,54.82,Imported White Truffle Infused Olive Oil Reserve 250ml,Grocery & Pantry,Gourmet Specialty,29.0,64.98999786376953
FC-West,SKU-GROC-010,2025-01-26,26,9.41,Holt_Winters,23.43,0.0,55.33,Imported White Truffle Infused Olive Oil Reserve 250ml,Grocery & Pantry,Gourmet Specialty,29.0,64.98999786376953
FC-West,SKU-GROC-010,2025-01-27,27,7.68,Holt_Winters,23.63,0.0,53.99,Imported White Truffle Infused Olive Oil Reserve 250ml,Grocery & Pantry,Gourmet Specialty,29.0,64.98999786376953
FC-West,SKU-GROC-010,2025-01-28,28,7.29,Holt_Winters,23.83,0.0,54.0,Imported White Truffle Infused Olive Oil Reserve 250ml,Grocery & Pantry,Gourmet Specialty,29.0,64.98999786376953
FC-West,SKU-HLTH-001,2025-01-01,1,60.18,Holt_Winters,17.71,25.47,94.89,Daily Multivitamin Formula with Zinc & D3 (90 Count),Health & Care,Supplements,8.9,22.989999771118164
FC-West,SKU-HLTH-001,2025-01-02,2,62.36,Holt_Winters,17.97,27.14,97.58,Daily Multivitamin Formula with Zinc & D3 (90 Count),Health & Care,Supplements,8.9,22.989999771118164
FC-West,SKU-HLTH-001,2025-01-03,3,69.91,Holt_Winters,18.23,34.18,105.64,Daily Multivitamin Formula with Zinc & D3 (90 Count),Health & Care,Supplements,8.9,22.989999771118164
FC-West,SKU-HLTH-001,2025-01-04,4,77.46,Holt_Winters,18.49,41.22,113.7,Daily Multivitamin Formula with Zinc & D3 (90 Count),Health & Care,Supplements,8.9,22.989999771118164
FC-West,SKU-HLTH-001,2025-01-05,5,71.85,Holt_Winters,18.74,35.12,108.58,Daily Multivitamin Formula with Zinc & D3 (90 Count),Health & Care,Supplements,8.9,22.989999771118164
FC-West,SKU-HLTH-001,2025-01-06,6,56.66,Holt_Winters,18.99,19.44,93.88,Daily Multivitamin Formula with Zinc & D3 (90 Count),Health & Care,Supplements,8.9,22.989999771118164
FC-West,SKU-HLTH-001,2025-01-07,7,55.66,Holt_Winters,19.24,17.95,93.37,Daily Multivitamin Formula with Zinc & D3 (90 Count),Health & Care,Supplements,8.9,22.989999771118164
FC-West,SKU-HLTH-001,2025-01-08,8,60.19,Holt_Winters,19.48,22.01,98.37,Daily Multivitamin Formula with Zinc & D3 (90 Count),Health & Care,Supplements,8.9,22.989999771118164
FC-West,SKU-HLTH-001,2025-01-09,9,62.37,Holt_Winters,19.72,23.72,101.02,Daily Multivitamin Formula with Zinc & D3 (90 Count),Health & Care,Supplements,8.9,22.989999771118164
FC-West,SKU-HLTH-001,2025-01-10,10,69.92,Holt_Winters,19.96,30.8,109.04,Daily Multivitamin Formula with Zinc & D3 (90 Count),Health & Care,Supplements,8.9,22.989999771118164
FC-West,SKU-HLTH-001,2025-01-11,11,77.47,Holt_Winters,20.19,37.9,117.04,Daily Multivitamin Formula with Zinc & D3 (90 Count),Health & Care,Supplements,8.9,22.989999771118164
FC-West,SKU-HLTH-001,2025-01-12,12,71.86,Holt_Winters,20.42,31.84,111.88,Daily Multivitamin Formula with Zinc & D3 (90 Count),Health & Care,Supplements,8.9,22.989999771118164
FC-West,SKU-HLTH-001,2025-01-13,13,56.67,Holt_Winters,20.65,16.2,97.14,Daily Multivitamin Formula with Zinc & D3 (90 Count),Health & Care,Supplements,8.9,22.989999771118164
FC-West,SKU-HLTH-001,2025-01-14,14,55.67,Holt_Winters,20.88,14.75,96.59,Daily Multivitamin Formula with Zinc & D3 (90 Count),Health & Care,Supplements,8.9,22.989999771118164
FC-West,SKU-HLTH-001,2025-01-15,15,60.19,Holt_Winters,21.1,18.83,101.55,Daily Multivitamin Formula with Zinc & D3 (90 Count),Health & Care,Supplements,8.9,22.989999771118164
FC-West,SKU-HLTH-001,2025-01-16,16,62.37,Holt_Winters,21.33,20.56,104.18,Daily Multivitamin Formula with Zinc & D3 (90 Count),Health & Care,Supplements,8.9,22.989999771118164
FC-West,SKU-HLTH-001,2025-01-17,17,69.92,Holt_Winters,21.55,27.68,112.16,Daily Multivitamin Formula with Zinc & D3 (90 Count),Health & Care,Supplements,8.9,22.989999771118164
FC-West,SKU-HLTH-001,2025-01-18,18,77.47,Holt_Winters,21.76,34.82,120.12,Daily Multivitamin Formula with Zinc & D3 (90 Count),Health & Care,Supplements,8.9,22.989999771118164
FC-West,SKU-HLTH-001,2025-01-19,19,71.86,Holt_Winters,21.98,28.78,114.94,Daily Multivitamin Formula with Zinc & D3 (90 Count),Health & Care,Supplements,8.9,22.989999771118164
FC-West,SKU-HLTH-001,2025-01-20,20,56.67,Holt_Winters,22.19,13.18,100.16,Daily Multivitamin Formula with Zinc & D3 (90 Count),Health & Care,Supplements,8.9,22.989999771118164
FC-West,SKU-HLTH-001,2025-01-21,21,55.67,Holt_Winters,22.4,11.77,99.57,Daily Multivitamin Formula with Zinc & D3 (90 Count),Health & Care,Supplements,8.9,22.989999771118164
FC-West,SKU-HLTH-001,2025-01-22,22,60.2,Holt_Winters,22.61,15.88,104.52,Daily Multivitamin Formula with Zinc & D3 (90 Count),Health & Care,Supplements,8.9,22.989999771118164
FC-West,SKU-HLTH-001,2025-01-23,23,62.38,Holt_Winters,22.82,17.65,107.11,Daily Multivitamin Formula with Zinc & D3 (90 Count),Health & Care,Supplements,8.9,22.989999771118164
FC-West,SKU-HLTH-001,2025-01-24,24,69.93,Holt_Winters,23.02,24.81,115.05,Daily Multivitamin Formula with Zinc & D3 (90 Count),Health & Care,Supplements,8.9,22.989999771118164
FC-West,SKU-HLTH-001,2025-01-25,25,77.48,Holt_Winters,23.23,31.95,123.01,Daily Multivitamin Formula with Zinc & D3 (90 Count),Health & Care,Supplements,8.9,22.989999771118164
FC-West,SKU-HLTH-001,2025-01-26,26,71.87,Holt_Winters,23.43,25.95,117.79,Daily Multivitamin Formula with Zinc & D3 (90 Count),Health & Care,Supplements,8.9,22.989999771118164
FC-West,SKU-HLTH-001,2025-01-27,27,56.68,Holt_Winters,23.63,10.37,102.99,Daily Multivitamin Formula with Zinc & D3 (90 Count),Health & Care,Supplements,8.9,22.989999771118164
FC-West,SKU-HLTH-001,2025-01-28,28,55.68,Holt_Winters,23.83,8.97,102.39,Daily Multivitamin Formula with Zinc & D3 (90 Count),Health & Care,Supplements,8.9,22.989999771118164
FC-West,SKU-HLTH-002,2025-01-01,1,42.38,Holt_Winters,17.71,7.67,77.09,Mineral Broad-Spectrum Sunscreen Lotion SPF 50 6oz,Health & Care,Suncare,6.8,17.989999771118164
FC-West,SKU-HLTH-002,2025-01-02,2,42.09,Holt_Winters,17.97,6.87,77.31,Mineral Broad-Spectrum Sunscreen Lotion SPF 50 6oz,Health & Care,Suncare,6.8,17.989999771118164
FC-West,SKU-HLTH-002,2025-01-03,3,50.78,Holt_Winters,18.23,15.05,86.51,Mineral Broad-Spectrum Sunscreen Lotion SPF 50 6oz,Health & Care,Suncare,6.8,17.989999771118164
FC-West,SKU-HLTH-002,2025-01-04,4,62.2,Holt_Winters,18.49,25.96,98.44,Mineral Broad-Spectrum Sunscreen Lotion SPF 50 6oz,Health & Care,Suncare,6.8,17.989999771118164
FC-West,SKU-HLTH-002,2025-01-05,5,48.68,Holt_Winters,18.74,11.95,85.41,Mineral Broad-Spectrum Sunscreen Lotion SPF 50 6oz,Health & Care,Suncare,6.8,17.989999771118164
FC-West,SKU-HLTH-002,2025-01-06,6,42.02,Holt_Winters,18.99,4.8,79.24,Mineral Broad-Spectrum Sunscreen Lotion SPF 50 6oz,Health & Care,Suncare,6.8,17.989999771118164
FC-West,SKU-HLTH-002,2025-01-07,7,39.49,Holt_Winters,19.24,1.78,77.2,Mineral Broad-Spectrum Sunscreen Lotion SPF 50 6oz,Health & Care,Suncare,6.8,17.989999771118164
FC-West,SKU-HLTH-002,2025-01-08,8,42.33,Holt_Winters,19.48,4.15,80.51,Mineral Broad-Spectrum Sunscreen Lotion SPF 50 6oz,Health & Care,Suncare,6.8,17.989999771118164
FC-West,SKU-HLTH-002,2025-01-09,9,42.04,Holt_Winters,19.72,3.39,80.69,Mineral Broad-Spectrum Sunscreen Lotion SPF 50 6oz,Health & Care,Suncare,6.8,17.989999771118164
FC-West,SKU-HLTH-002,2025-01-10,10,50.73,Holt_Winters,19.96,11.61,89.85,Mineral Broad-Spectrum Sunscreen Lotion SPF 50 6oz,Health & Care,Suncare,6.8,17.989999771118164
FC-West,SKU-HLTH-002,2025-01-11,11,62.15,Holt_Winters,20.19,22.58,101.72,Mineral Broad-Spectrum Sunscreen Lotion SPF 50 6oz,Health & Care,Suncare,6.8,17.989999771118164
FC-West,SKU-HLTH-002,2025-01-12,12,48.63,Holt_Winters,20.42,8.61,88.65,Mineral Broad-Spectrum Sunscreen Lotion SPF 50 6oz,Health & Care,Suncare,6.8,17.989999771118164
FC-West,SKU-HLTH-002,2025-01-13,13,41.97,Holt_Winters,20.65,1.5,82.44,Mineral Broad-Spectrum Sunscreen Lotion SPF 50 6oz,Health & Care,Suncare,6.8,17.989999771118164
FC-West,SKU-HLTH-002,2025-01-14,14,39.44,Holt_Winters,20.88,0.0,80.36,Mineral Broad-Spectrum Sunscreen Lotion SPF 50 6oz,Health & Care,Suncare,6.8,17.989999771118164
FC-West,SKU-HLTH-002,2025-01-15,15,42.28,Holt_Winters,21.1,0.92,83.64,Mineral Broad-Spectrum Sunscreen Lotion SPF 50 6oz,Health & Care,Suncare,6.8,17.989999771118164
FC-West,SKU-HLTH-002,2025-01-16,16,41.99,Holt_Winters,21.33,0.18,83.8,Mineral Broad-Spectrum Sunscreen Lotion SPF 50 6oz,Health & Care,Suncare,6.8,17.989999771118164
FC-West,SKU-HLTH-002,2025-01-17,17,50.68,Holt_Winters,21.55,8.44,92.92,Mineral Broad-Spectrum Sunscreen Lotion SPF 50 6oz,Health & Care,Suncare,6.8,17.989999771118164
FC-West,SKU-HLTH-002,2025-01-18,18,62.09,Holt_Winters,21.76,19.44,104.74,Mineral Broad-Spectrum Sunscreen Lotion SPF 50 6oz,Health & Care,Suncare,6.8,17.989999771118164
FC-West,SKU-HLTH-002,2025-01-19,19,48.57,Holt_Winters,21.98,5.49,91.65,Mineral Broad-Spectrum Sunscreen Lotion SPF 50 6oz,Health & Care,Suncare,6.8,17.989999771118164
FC-West,SKU-HLTH-002,2025-01-20,20,41.92,Holt_Winters,22.19,0.0,85.41,Mineral Broad-Spectrum Sunscreen Lotion SPF 50 6oz,Health & Care,Suncare,6.8,17.989999771118164
FC-West,SKU-HLTH-002,2025-01-21,21,39.38,Holt_Winters,22.4,0.0,83.28,Mineral Broad-Spectrum Sunscreen Lotion SPF 50 6oz,Health & Care,Suncare,6.8,17.989999771118164
FC-West,SKU-HLTH-002,2025-01-22,22,42.22,Holt_Winters,22.61,0.0,86.54,Mineral Broad-Spectrum Sunscreen Lotion SPF 50 6oz,Health & Care,Suncare,6.8,17.989999771118164
FC-West,SKU-HLTH-002,2025-01-23,23,41.94,Holt_Winters,22.82,0.0,86.67,Mineral Broad-Spectrum Sunscreen Lotion SPF 50 6oz,Health & Care,Suncare,6.8,17.989999771118164
FC-West,SKU-HLTH-002,2025-01-24,24,50.63,Holt_Winters,23.02,5.51,95.75,Mineral Broad-Spectrum Sunscreen Lotion SPF 50 6oz,Health & Care,Suncare,6.8,17.989999771118164
FC-West,SKU-HLTH-002,2025-01-25,25,62.04,Holt_Winters,23.23,16.51,107.57,Mineral Broad-Spectrum Sunscreen Lotion SPF 50 6oz,Health & Care,Suncare,6.8,17.989999771118164
FC-West,SKU-HLTH-002,2025-01-26,26,48.52,Holt_Winters,23.43,2.6,94.44,Mineral Broad-Spectrum Sunscreen Lotion SPF 50 6oz,Health & Care,Suncare,6.8,17.989999771118164
FC-West,SKU-HLTH-002,2025-01-27,27,41.86,Holt_Winters,23.63,0.0,88.17,Mineral Broad-Spectrum Sunscreen Lotion SPF 50 6oz,Health & Care,Suncare,6.8,17.989999771118164
FC-West,SKU-HLTH-002,2025-01-28,28,39.33,Holt_Winters,23.83,0.0,86.04,Mineral Broad-Spectrum Sunscreen Lotion SPF 50 6oz,Health & Care,Suncare,6.8,17.989999771118164
FC-West,SKU-HLTH-003,2025-01-01,1,46.16,Holt_Winters,17.71,11.45,80.87,Grass-Fed Hydrolyzed Collagen Peptides Powder 1 lb,Health & Care,Nutrition,15.5,36.9900016784668
FC-West,SKU-HLTH-003,2025-01-02,2,44.99,Holt_Winters,17.97,9.77,80.21,Grass-Fed Hydrolyzed Collagen Peptides Powder 1 lb,Health & Care,Nutrition,15.5,36.9900016784668
FC-West,SKU-HLTH-003,2025-01-03,3,53.7,Holt_Winters,18.23,17.97,89.43,Grass-Fed Hydrolyzed Collagen Peptides Powder 1 lb,Health & Care,Nutrition,15.5,36.9900016784668
FC-West,SKU-HLTH-003,2025-01-04,4,59.89,Holt_Winters,18.49,23.65,96.13,Grass-Fed Hydrolyzed Collagen Peptides Powder 1 lb,Health & Care,Nutrition,15.5,36.9900016784668
FC-West,SKU-HLTH-003,2025-01-05,5,53.59,Holt_Winters,18.74,16.86,90.32,Grass-Fed Hydrolyzed Collagen Peptides Powder 1 lb,Health & Care,Nutrition,15.5,36.9900016784668
FC-West,SKU-HLTH-003,2025-01-06,6,44.2,Holt_Winters,18.99,6.98,81.42,Grass-Fed Hydrolyzed Collagen Peptides Powder 1 lb,Health & Care,Nutrition,15.5,36.9900016784668
FC-West,SKU-HLTH-003,2025-01-07,7,45.74,Holt_Winters,19.24,8.03,83.45,Grass-Fed Hydrolyzed Collagen Peptides Powder 1 lb,Health & Care,Nutrition,15.5,36.9900016784668
FC-West,SKU-HLTH-003,2025-01-08,8,46.3,Holt_Winters,19.48,8.12,84.48,Grass-Fed Hydrolyzed Collagen Peptides Powder 1 lb,Health & Care,Nutrition,15.5,36.9900016784668
FC-West,SKU-HLTH-003,2025-01-09,9,45.14,Holt_Winters,19.72,6.49,83.79,Grass-Fed Hydrolyzed Collagen Peptides Powder 1 lb,Health & Care,Nutrition,15.5,36.9900016784668
FC-West,SKU-HLTH-003,2025-01-10,10,53.85,Holt_Winters,19.96,14.73,92.97,Grass-Fed Hydrolyzed Collagen Peptides Powder 1 lb,Health & Care,Nutrition,15.5,36.9900016784668
FC-West,SKU-HLTH-003,2025-01-11,11,60.04,Holt_Winters,20.19,20.47,99.61,Grass-Fed Hydrolyzed Collagen Peptides Powder 1 lb,Health & Care,Nutrition,15.5,36.9900016784668
FC-West,SKU-HLTH-003,2025-01-12,12,53.74,Holt_Winters,20.42,13.72,93.76,Grass-Fed Hydrolyzed Collagen Peptides Powder 1 lb,Health & Care,Nutrition,15.5,36.9900016784668
FC-West,SKU-HLTH-003,2025-01-13,13,44.34,Holt_Winters,20.65,3.87,84.81,Grass-Fed Hydrolyzed Collagen Peptides Powder 1 lb,Health & Care,Nutrition,15.5,36.9900016784668
FC-West,SKU-HLTH-003,2025-01-14,14,45.88,Holt_Winters,20.88,4.96,86.8,Grass-Fed Hydrolyzed Collagen Peptides Powder 1 lb,Health & Care,Nutrition,15.5,36.9900016784668
FC-West,SKU-HLTH-003,2025-01-15,15,46.44,Holt_Winters,21.1,5.08,87.8,Grass-Fed Hydrolyzed Collagen Peptides Powder 1 lb,Health & Care,Nutrition,15.5,36.9900016784668
FC-West,SKU-HLTH-003,2025-01-16,16,45.28,Holt_Winters,21.33,3.47,87.09,Grass-Fed Hydrolyzed Collagen Peptides Powder 1 lb,Health & Care,Nutrition,15.5,36.9900016784668
FC-West,SKU-HLTH-003,2025-01-17,17,53.99,Holt_Winters,21.55,11.75,96.23,Grass-Fed Hydrolyzed Collagen Peptides Powder 1 lb,Health & Care,Nutrition,15.5,36.9900016784668
FC-West,SKU-HLTH-003,2025-01-18,18,60.18,Holt_Winters,21.76,17.53,102.83,Grass-Fed Hydrolyzed Collagen Peptides Powder 1 lb,Health & Care,Nutrition,15.5,36.9900016784668
FC-West,SKU-HLTH-003,2025-01-19,19,53.88,Holt_Winters,21.98,10.8,96.96,Grass-Fed Hydrolyzed Collagen Peptides Powder 1 lb,Health & Care,Nutrition,15.5,36.9900016784668
FC-West,SKU-HLTH-003,2025-01-20,20,44.48,Holt_Winters,22.19,0.99,87.97,Grass-Fed Hydrolyzed Collagen Peptides Powder 1 lb,Health & Care,Nutrition,15.5,36.9900016784668
FC-West,SKU-HLTH-003,2025-01-21,21,46.03,Holt_Winters,22.4,2.13,89.93,Grass-Fed Hydrolyzed Collagen Peptides Powder 1 lb,Health & Care,Nutrition,15.5,36.9900016784668
FC-West,SKU-HLTH-003,2025-01-22,22,46.59,Holt_Winters,22.61,2.27,90.91,Grass-Fed Hydrolyzed Collagen Peptides Powder 1 lb,Health & Care,Nutrition,15.5,36.9900016784668
FC-West,SKU-HLTH-003,2025-01-23,23,45.42,Holt_Winters,22.82,0.69,90.15,Grass-Fed Hydrolyzed Collagen Peptides Powder 1 lb,Health & Care,Nutrition,15.5,36.9900016784668
FC-West,SKU-HLTH-003,2025-01-24,24,54.13,Holt_Winters,23.02,9.01,99.25,Grass-Fed Hydrolyzed Collagen Peptides Powder 1 lb,Health & Care,Nutrition,15.5,36.9900016784668
FC-West,SKU-HLTH-003,2025-01-25,25,60.32,Holt_Winters,23.23,14.79,105.85,Grass-Fed Hydrolyzed Collagen Peptides Powder 1 lb,Health & Care,Nutrition,15.5,36.9900016784668
FC-West,SKU-HLTH-003,2025-01-26,26,54.02,Holt_Winters,23.43,8.1,99.94,Grass-Fed Hydrolyzed Collagen Peptides Powder 1 lb,Health & Care,Nutrition,15.5,36.9900016784668
FC-West,SKU-HLTH-003,2025-01-27,27,44.63,Holt_Winters,23.63,0.0,90.94,Grass-Fed Hydrolyzed Collagen Peptides Powder 1 lb,Health & Care,Nutrition,15.5,36.9900016784668
FC-West,SKU-HLTH-003,2025-01-28,28,46.17,Holt_Winters,23.83,0.0,92.88,Grass-Fed Hydrolyzed Collagen Peptides Powder 1 lb,Health & Care,Nutrition,15.5,36.9900016784668
FC-West,SKU-HLTH-004,2025-01-01,1,36.71,Holt_Winters,17.71,2.0,71.42,Sonic Electric Toothbrush Replacement Heads (4-Pack),Health & Care,Oral Care,10.5,29.989999771118164
FC-West,SKU-HLTH-004,2025-01-02,2,37.19,Holt_Winters,17.97,1.97,72.41,Sonic Electric Toothbrush Replacement Heads (4-Pack),Health & Care,Oral Care,10.5,29.989999771118164
FC-West,SKU-HLTH-004,2025-01-03,3,43.62,Holt_Winters,18.23,7.89,79.35,Sonic Electric Toothbrush Replacement Heads (4-Pack),Health & Care,Oral Care,10.5,29.989999771118164
FC-West,SKU-HLTH-004,2025-01-04,4,49.73,Holt_Winters,18.49,13.49,85.97,Sonic Electric Toothbrush Replacement Heads (4-Pack),Health & Care,Oral Care,10.5,29.989999771118164
FC-West,SKU-HLTH-004,2025-01-05,5,46.56,Holt_Winters,18.74,9.83,83.29,Sonic Electric Toothbrush Replacement Heads (4-Pack),Health & Care,Oral Care,10.5,29.989999771118164
FC-West,SKU-HLTH-004,2025-01-06,6,34.95,Holt_Winters,18.99,0.0,72.17,Sonic Electric Toothbrush Replacement Heads (4-Pack),Health & Care,Oral Care,10.5,29.989999771118164
FC-West,SKU-HLTH-004,2025-01-07,7,34.92,Holt_Winters,19.24,0.0,72.63,Sonic Electric Toothbrush Replacement Heads (4-Pack),Health & Care,Oral Care,10.5,29.989999771118164
FC-West,SKU-HLTH-004,2025-01-08,8,36.73,Holt_Winters,19.48,0.0,74.91,Sonic Electric Toothbrush Replacement Heads (4-Pack),Health & Care,Oral Care,10.5,29.989999771118164
FC-West,SKU-HLTH-004,2025-01-09,9,37.21,Holt_Winters,19.72,0.0,75.86,Sonic Electric Toothbrush Replacement Heads (4-Pack),Health & Care,Oral Care,10.5,29.989999771118164
FC-West,SKU-HLTH-004,2025-01-10,10,43.64,Holt_Winters,19.96,4.52,82.76,Sonic Electric Toothbrush Replacement Heads (4-Pack),Health & Care,Oral Care,10.5,29.989999771118164
FC-West,SKU-HLTH-004,2025-01-11,11,49.75,Holt_Winters,20.19,10.18,89.32,Sonic Electric Toothbrush Replacement Heads (4-Pack),Health & Care,Oral Care,10.5,29.989999771118164
FC-West,SKU-HLTH-004,2025-01-12,12,46.58,Holt_Winters,20.42,6.56,86.6,Sonic Electric Toothbrush Replacement Heads (4-Pack),Health & Care,Oral Care,10.5,29.989999771118164
FC-West,SKU-HLTH-004,2025-01-13,13,34.97,Holt_Winters,20.65,0.0,75.44,Sonic Electric Toothbrush Replacement Heads (4-Pack),Health & Care,Oral Care,10.5,29.989999771118164
FC-West,SKU-HLTH-004,2025-01-14,14,34.94,Holt_Winters,20.88,0.0,75.86,Sonic Electric Toothbrush Replacement Heads (4-Pack),Health & Care,Oral Care,10.5,29.989999771118164
FC-West,SKU-HLTH-004,2025-01-15,15,36.75,Holt_Winters,21.1,0.0,78.11,Sonic Electric Toothbrush Replacement Heads (4-Pack),Health & Care,Oral Care,10.5,29.989999771118164
FC-West,SKU-HLTH-004,2025-01-16,16,37.23,Holt_Winters,21.33,0.0,79.04,Sonic Electric Toothbrush Replacement Heads (4-Pack),Health & Care,Oral Care,10.5,29.989999771118164
FC-West,SKU-HLTH-004,2025-01-17,17,43.66,Holt_Winters,21.55,1.42,85.9,Sonic Electric Toothbrush Replacement Heads (4-Pack),Health & Care,Oral Care,10.5,29.989999771118164
FC-West,SKU-HLTH-004,2025-01-18,18,49.77,Holt_Winters,21.76,7.12,92.42,Sonic Electric Toothbrush Replacement Heads (4-Pack),Health & Care,Oral Care,10.5,29.989999771118164
FC-West,SKU-HLTH-004,2025-01-19,19,46.6,Holt_Winters,21.98,3.52,89.68,Sonic Electric Toothbrush Replacement Heads (4-Pack),Health & Care,Oral Care,10.5,29.989999771118164
FC-West,SKU-HLTH-004,2025-01-20,20,34.99,Holt_Winters,22.19,0.0,78.48,Sonic Electric Toothbrush Replacement Heads (4-Pack),Health & Care,Oral Care,10.5,29.989999771118164
FC-West,SKU-HLTH-004,2025-01-21,21,34.96,Holt_Winters,22.4,0.0,78.86,Sonic Electric Toothbrush Replacement Heads (4-Pack),Health & Care,Oral Care,10.5,29.989999771118164
FC-West,SKU-HLTH-004,2025-01-22,22,36.77,Holt_Winters,22.61,0.0,81.09,Sonic Electric Toothbrush Replacement Heads (4-Pack),Health & Care,Oral Care,10.5,29.989999771118164
FC-West,SKU-HLTH-004,2025-01-23,23,37.25,Holt_Winters,22.82,0.0,81.98,Sonic Electric Toothbrush Replacement Heads (4-Pack),Health & Care,Oral Care,10.5,29.989999771118164
FC-West,SKU-HLTH-004,2025-01-24,24,43.68,Holt_Winters,23.02,0.0,88.8,Sonic Electric Toothbrush Replacement Heads (4-Pack),Health & Care,Oral Care,10.5,29.989999771118164
FC-West,SKU-HLTH-004,2025-01-25,25,49.79,Holt_Winters,23.23,4.26,95.32,Sonic Electric Toothbrush Replacement Heads (4-Pack),Health & Care,Oral Care,10.5,29.989999771118164
FC-West,SKU-HLTH-004,2025-01-26,26,46.62,Holt_Winters,23.43,0.7,92.54,Sonic Electric Toothbrush Replacement Heads (4-Pack),Health & Care,Oral Care,10.5,29.989999771118164
FC-West,SKU-HLTH-004,2025-01-27,27,35.02,Holt_Winters,23.63,0.0,81.33,Sonic Electric Toothbrush Replacement Heads (4-Pack),Health & Care,Oral Care,10.5,29.989999771118164
FC-West,SKU-HLTH-004,2025-01-28,28,34.98,Holt_Winters,23.83,0.0,81.69,Sonic Electric Toothbrush Replacement Heads (4-Pack),Health & Care,Oral Care,10.5,29.989999771118164
FC-West,SKU-HLTH-005,2025-01-01,1,80.41,Holt_Winters,17.71,45.7,115.12,Elderberry Immune Support Syrup with Vitamin C 8oz,Health & Care,Wellness,7.4,19.989999771118164
FC-West,SKU-HLTH-005,2025-01-02,2,80.43,Holt_Winters,17.97,45.21,115.65,Elderberry Immune Support Syrup with Vitamin C 8oz,Health & Care,Wellness,7.4,19.989999771118164
FC-West,SKU-HLTH-005,2025-01-03,3,87.6,Holt_Winters,18.23,51.87,123.33,Elderberry Immune Support Syrup with Vitamin C 8oz,Health & Care,Wellness,7.4,19.989999771118164
FC-West,SKU-HLTH-005,2025-01-04,4,87.89,Holt_Winters,18.49,51.65,124.13,Elderberry Immune Support Syrup with Vitamin C 8oz,Health & Care,Wellness,7.4,19.989999771118164
FC-West,SKU-HLTH-005,2025-01-05,5,86.5,Holt_Winters,18.74,49.77,123.23,Elderberry Immune Support Syrup with Vitamin C 8oz,Health & Care,Wellness,7.4,19.989999771118164
FC-West,SKU-HLTH-005,2025-01-06,6,80.15,Holt_Winters,18.99,42.93,117.37,Elderberry Immune Support Syrup with Vitamin C 8oz,Health & Care,Wellness,7.4,19.989999771118164
FC-West,SKU-HLTH-005,2025-01-07,7,80.34,Holt_Winters,19.24,42.63,118.05,Elderberry Immune Support Syrup with Vitamin C 8oz,Health & Care,Wellness,7.4,19.989999771118164
FC-West,SKU-HLTH-005,2025-01-08,8,84.54,Holt_Winters,19.48,46.36,122.72,Elderberry Immune Support Syrup with Vitamin C 8oz,Health & Care,Wellness,7.4,19.989999771118164
FC-West,SKU-HLTH-005,2025-01-09,9,84.56,Holt_Winters,19.72,45.91,123.21,Elderberry Immune Support Syrup with Vitamin C 8oz,Health & Care,Wellness,7.4,19.989999771118164
FC-West,SKU-HLTH-005,2025-01-10,10,91.73,Holt_Winters,19.96,52.61,130.85,Elderberry Immune Support Syrup with Vitamin C 8oz,Health & Care,Wellness,7.4,19.989999771118164
FC-West,SKU-HLTH-005,2025-01-11,11,92.01,Holt_Winters,20.19,52.44,131.58,Elderberry Immune Support Syrup with Vitamin C 8oz,Health & Care,Wellness,7.4,19.989999771118164
FC-West,SKU-HLTH-005,2025-01-12,12,90.63,Holt_Winters,20.42,50.61,130.65,Elderberry Immune Support Syrup with Vitamin C 8oz,Health & Care,Wellness,7.4,19.989999771118164
FC-West,SKU-HLTH-005,2025-01-13,13,84.28,Holt_Winters,20.65,43.81,124.75,Elderberry Immune Support Syrup with Vitamin C 8oz,Health & Care,Wellness,7.4,19.989999771118164
FC-West,SKU-HLTH-005,2025-01-14,14,84.47,Holt_Winters,20.88,43.55,125.39,Elderberry Immune Support Syrup with Vitamin C 8oz,Health & Care,Wellness,7.4,19.989999771118164
FC-West,SKU-HLTH-005,2025-01-15,15,88.67,Holt_Winters,21.1,47.31,130.03,Elderberry Immune Support Syrup with Vitamin C 8oz,Health & Care,Wellness,7.4,19.989999771118164
FC-West,SKU-HLTH-005,2025-01-16,16,88.68,Holt_Winters,21.33,46.87,130.49,Elderberry Immune Support Syrup with Vitamin C 8oz,Health & Care,Wellness,7.4,19.989999771118164
FC-West,SKU-HLTH-005,2025-01-17,17,95.86,Holt_Winters,21.55,53.62,138.1,Elderberry Immune Support Syrup with Vitamin C 8oz,Health & Care,Wellness,7.4,19.989999771118164
FC-West,SKU-HLTH-005,2025-01-18,18,96.14,Holt_Winters,21.76,53.49,138.79,Elderberry Immune Support Syrup with Vitamin C 8oz,Health & Care,Wellness,7.4,19.989999771118164
FC-West,SKU-HLTH-005,2025-01-19,19,94.75,Holt_Winters,21.98,51.67,137.83,Elderberry Immune Support Syrup with Vitamin C 8oz,Health & Care,Wellness,7.4,19.989999771118164
FC-West,SKU-HLTH-005,2025-01-20,20,88.41,Holt_Winters,22.19,44.92,131.9,Elderberry Immune Support Syrup with Vitamin C 8oz,Health & Care,Wellness,7.4,19.989999771118164
FC-West,SKU-HLTH-005,2025-01-21,21,88.59,Holt_Winters,22.4,44.69,132.49,Elderberry Immune Support Syrup with Vitamin C 8oz,Health & Care,Wellness,7.4,19.989999771118164
FC-West,SKU-HLTH-005,2025-01-22,22,92.79,Holt_Winters,22.61,48.47,137.11,Elderberry Immune Support Syrup with Vitamin C 8oz,Health & Care,Wellness,7.4,19.989999771118164
FC-West,SKU-HLTH-005,2025-01-23,23,92.81,Holt_Winters,22.82,48.08,137.54,Elderberry Immune Support Syrup with Vitamin C 8oz,Health & Care,Wellness,7.4,19.989999771118164
FC-West,SKU-HLTH-005,2025-01-24,24,99.98,Holt_Winters,23.02,54.86,145.1,Elderberry Immune Support Syrup with Vitamin C 8oz,Health & Care,Wellness,7.4,19.989999771118164
FC-West,SKU-HLTH-005,2025-01-25,25,100.26,Holt_Winters,23.23,54.73,145.79,Elderberry Immune Support Syrup with Vitamin C 8oz,Health & Care,Wellness,7.4,19.989999771118164
FC-West,SKU-HLTH-005,2025-01-26,26,98.88,Holt_Winters,23.43,52.96,144.8,Elderberry Immune Support Syrup with Vitamin C 8oz,Health & Care,Wellness,7.4,19.989999771118164
FC-West,SKU-HLTH-005,2025-01-27,27,92.53,Holt_Winters,23.63,46.22,138.84,Elderberry Immune Support Syrup with Vitamin C 8oz,Health & Care,Wellness,7.4,19.989999771118164
FC-West,SKU-HLTH-005,2025-01-28,28,92.72,Holt_Winters,23.83,46.01,139.43,Elderberry Immune Support Syrup with Vitamin C 8oz,Health & Care,Wellness,7.4,19.989999771118164
FC-West,SKU-HLTH-006,2025-01-01,1,31.9,Holt_Winters,17.71,0.0,66.61,Natural Sulfate-Free Restorative Hair Mask 250ml,Health & Care,Haircare,9.2,24.989999771118164
FC-West,SKU-HLTH-006,2025-01-02,2,33.0,Holt_Winters,17.97,0.0,68.22,Natural Sulfate-Free Restorative Hair Mask 250ml,Health & Care,Haircare,9.2,24.989999771118164
FC-West,SKU-HLTH-006,2025-01-03,3,38.07,Holt_Winters,18.23,2.34,73.8,Natural Sulfate-Free Restorative Hair Mask 250ml,Health & Care,Haircare,9.2,24.989999771118164
FC-West,SKU-HLTH-006,2025-01-04,4,40.17,Holt_Winters,18.49,3.93,76.41,Natural Sulfate-Free Restorative Hair Mask 250ml,Health & Care,Haircare,9.2,24.989999771118164
FC-West,SKU-HLTH-006,2025-01-05,5,38.65,Holt_Winters,18.74,1.92,75.38,Natural Sulfate-Free Restorative Hair Mask 250ml,Health & Care,Haircare,9.2,24.989999771118164
FC-West,SKU-HLTH-006,2025-01-06,6,30.69,Holt_Winters,18.99,0.0,67.91,Natural Sulfate-Free Restorative Hair Mask 250ml,Health & Care,Haircare,9.2,24.989999771118164
FC-West,SKU-HLTH-006,2025-01-07,7,31.27,Holt_Winters,19.24,0.0,68.98,Natural Sulfate-Free Restorative Hair Mask 250ml,Health & Care,Haircare,9.2,24.989999771118164
FC-West,SKU-HLTH-006,2025-01-08,8,32.0,Holt_Winters,19.48,0.0,70.18,Natural Sulfate-Free Restorative Hair Mask 250ml,Health & Care,Haircare,9.2,24.989999771118164
FC-West,SKU-HLTH-006,2025-01-09,9,33.1,Holt_Winters,19.72,0.0,71.75,Natural Sulfate-Free Restorative Hair Mask 250ml,Health & Care,Haircare,9.2,24.989999771118164
FC-West,SKU-HLTH-006,2025-01-10,10,38.16,Holt_Winters,19.96,0.0,77.28,Natural Sulfate-Free Restorative Hair Mask 250ml,Health & Care,Haircare,9.2,24.989999771118164
FC-West,SKU-HLTH-006,2025-01-11,11,40.27,Holt_Winters,20.19,0.7,79.84,Natural Sulfate-Free Restorative Hair Mask 250ml,Health & Care,Haircare,9.2,24.989999771118164
FC-West,SKU-HLTH-006,2025-01-12,12,38.74,Holt_Winters,20.42,0.0,78.76,Natural Sulfate-Free Restorative Hair Mask 250ml,Health & Care,Haircare,9.2,24.989999771118164
FC-West,SKU-HLTH-006,2025-01-13,13,30.79,Holt_Winters,20.65,0.0,71.26,Natural Sulfate-Free Restorative Hair Mask 250ml,Health & Care,Haircare,9.2,24.989999771118164
FC-West,SKU-HLTH-006,2025-01-14,14,31.37,Holt_Winters,20.88,0.0,72.29,Natural Sulfate-Free Restorative Hair Mask 250ml,Health & Care,Haircare,9.2,24.989999771118164
FC-West,SKU-HLTH-006,2025-01-15,15,32.1,Holt_Winters,21.1,0.0,73.46,Natural Sulfate-Free Restorative Hair Mask 250ml,Health & Care,Haircare,9.2,24.989999771118164
FC-West,SKU-HLTH-006,2025-01-16,16,33.19,Holt_Winters,21.33,0.0,75.0,Natural Sulfate-Free Restorative Hair Mask 250ml,Health & Care,Haircare,9.2,24.989999771118164
FC-West,SKU-HLTH-006,2025-01-17,17,38.26,Holt_Winters,21.55,0.0,80.5,Natural Sulfate-Free Restorative Hair Mask 250ml,Health & Care,Haircare,9.2,24.989999771118164
FC-West,SKU-HLTH-006,2025-01-18,18,40.36,Holt_Winters,21.76,0.0,83.01,Natural Sulfate-Free Restorative Hair Mask 250ml,Health & Care,Haircare,9.2,24.989999771118164
FC-West,SKU-HLTH-006,2025-01-19,19,38.84,Holt_Winters,21.98,0.0,81.92,Natural Sulfate-Free Restorative Hair Mask 250ml,Health & Care,Haircare,9.2,24.989999771118164
FC-West,SKU-HLTH-006,2025-01-20,20,30.89,Holt_Winters,22.19,0.0,74.38,Natural Sulfate-Free Restorative Hair Mask 250ml,Health & Care,Haircare,9.2,24.989999771118164
FC-West,SKU-HLTH-006,2025-01-21,21,31.46,Holt_Winters,22.4,0.0,75.36,Natural Sulfate-Free Restorative Hair Mask 250ml,Health & Care,Haircare,9.2,24.989999771118164
FC-West,SKU-HLTH-006,2025-01-22,22,32.19,Holt_Winters,22.61,0.0,76.51,Natural Sulfate-Free Restorative Hair Mask 250ml,Health & Care,Haircare,9.2,24.989999771118164
FC-West,SKU-HLTH-006,2025-01-23,23,33.29,Holt_Winters,22.82,0.0,78.02,Natural Sulfate-Free Restorative Hair Mask 250ml,Health & Care,Haircare,9.2,24.989999771118164
FC-West,SKU-HLTH-006,2025-01-24,24,38.36,Holt_Winters,23.02,0.0,83.48,Natural Sulfate-Free Restorative Hair Mask 250ml,Health & Care,Haircare,9.2,24.989999771118164
FC-West,SKU-HLTH-006,2025-01-25,25,40.46,Holt_Winters,23.23,0.0,85.99,Natural Sulfate-Free Restorative Hair Mask 250ml,Health & Care,Haircare,9.2,24.989999771118164
FC-West,SKU-HLTH-006,2025-01-26,26,38.94,Holt_Winters,23.43,0.0,84.86,Natural Sulfate-Free Restorative Hair Mask 250ml,Health & Care,Haircare,9.2,24.989999771118164
FC-West,SKU-HLTH-006,2025-01-27,27,30.99,Holt_Winters,23.63,0.0,77.3,Natural Sulfate-Free Restorative Hair Mask 250ml,Health & Care,Haircare,9.2,24.989999771118164
FC-West,SKU-HLTH-006,2025-01-28,28,31.56,Holt_Winters,23.83,0.0,78.27,Natural Sulfate-Free Restorative Hair Mask 250ml,Health & Care,Haircare,9.2,24.989999771118164
FC-West,SKU-HLTH-007,2025-01-01,1,10.31,Holt_Winters,17.71,0.0,45.02,Alcohol Hand Sanitizer Gel Discontinued Formula 500ml,Health & Care,Sanitation,2.5,6.989999771118164
FC-West,SKU-HLTH-007,2025-01-02,2,9.1,Holt_Winters,17.97,0.0,44.32,Alcohol Hand Sanitizer Gel Discontinued Formula 500ml,Health & Care,Sanitation,2.5,6.989999771118164
FC-West,SKU-HLTH-007,2025-01-03,3,11.13,Holt_Winters,18.23,0.0,46.86,Alcohol Hand Sanitizer Gel Discontinued Formula 500ml,Health & Care,Sanitation,2.5,6.989999771118164
FC-West,SKU-HLTH-007,2025-01-04,4,13.88,Holt_Winters,18.49,0.0,50.12,Alcohol Hand Sanitizer Gel Discontinued Formula 500ml,Health & Care,Sanitation,2.5,6.989999771118164
FC-West,SKU-HLTH-007,2025-01-05,5,11.63,Holt_Winters,18.74,0.0,48.36,Alcohol Hand Sanitizer Gel Discontinued Formula 500ml,Health & Care,Sanitation,2.5,6.989999771118164
FC-West,SKU-HLTH-007,2025-01-06,6,7.96,Holt_Winters,18.99,0.0,45.18,Alcohol Hand Sanitizer Gel Discontinued Formula 500ml,Health & Care,Sanitation,2.5,6.989999771118164
FC-West,SKU-HLTH-007,2025-01-07,7,8.52,Holt_Winters,19.24,0.0,46.23,Alcohol Hand Sanitizer Gel Discontinued Formula 500ml,Health & Care,Sanitation,2.5,6.989999771118164
FC-West,SKU-HLTH-007,2025-01-08,8,10.25,Holt_Winters,19.48,0.0,48.43,Alcohol Hand Sanitizer Gel Discontinued Formula 500ml,Health & Care,Sanitation,2.5,6.989999771118164
FC-West,SKU-HLTH-007,2025-01-09,9,9.04,Holt_Winters,19.72,0.0,47.69,Alcohol Hand Sanitizer Gel Discontinued Formula 500ml,Health & Care,Sanitation,2.5,6.989999771118164
FC-West,SKU-HLTH-007,2025-01-10,10,11.07,Holt_Winters,19.96,0.0,50.19,Alcohol Hand Sanitizer Gel Discontinued Formula 500ml,Health & Care,Sanitation,2.5,6.989999771118164
FC-West,SKU-HLTH-007,2025-01-11,11,13.83,Holt_Winters,20.19,0.0,53.4,Alcohol Hand Sanitizer Gel Discontinued Formula 500ml,Health & Care,Sanitation,2.5,6.989999771118164
FC-West,SKU-HLTH-007,2025-01-12,12,11.57,Holt_Winters,20.42,0.0,51.59,Alcohol Hand Sanitizer Gel Discontinued Formula 500ml,Health & Care,Sanitation,2.5,6.989999771118164
FC-West,SKU-HLTH-007,2025-01-13,13,7.91,Holt_Winters,20.65,0.0,48.38,Alcohol Hand Sanitizer Gel Discontinued Formula 500ml,Health & Care,Sanitation,2.5,6.989999771118164
FC-West,SKU-HLTH-007,2025-01-14,14,8.46,Holt_Winters,20.88,0.0,49.38,Alcohol Hand Sanitizer Gel Discontinued Formula 500ml,Health & Care,Sanitation,2.5,6.989999771118164
FC-West,SKU-HLTH-007,2025-01-15,15,10.2,Holt_Winters,21.1,0.0,51.56,Alcohol Hand Sanitizer Gel Discontinued Formula 500ml,Health & Care,Sanitation,2.5,6.989999771118164
FC-West,SKU-HLTH-007,2025-01-16,16,8.98,Holt_Winters,21.33,0.0,50.79,Alcohol Hand Sanitizer Gel Discontinued Formula 500ml,Health & Care,Sanitation,2.5,6.989999771118164
FC-West,SKU-HLTH-007,2025-01-17,17,11.01,Holt_Winters,21.55,0.0,53.25,Alcohol Hand Sanitizer Gel Discontinued Formula 500ml,Health & Care,Sanitation,2.5,6.989999771118164
FC-West,SKU-HLTH-007,2025-01-18,18,13.77,Holt_Winters,21.76,0.0,56.42,Alcohol Hand Sanitizer Gel Discontinued Formula 500ml,Health & Care,Sanitation,2.5,6.989999771118164
FC-West,SKU-HLTH-007,2025-01-19,19,11.52,Holt_Winters,21.98,0.0,54.6,Alcohol Hand Sanitizer Gel Discontinued Formula 500ml,Health & Care,Sanitation,2.5,6.989999771118164
FC-West,SKU-HLTH-007,2025-01-20,20,7.85,Holt_Winters,22.19,0.0,51.34,Alcohol Hand Sanitizer Gel Discontinued Formula 500ml,Health & Care,Sanitation,2.5,6.989999771118164
FC-West,SKU-HLTH-007,2025-01-21,21,8.4,Holt_Winters,22.4,0.0,52.3,Alcohol Hand Sanitizer Gel Discontinued Formula 500ml,Health & Care,Sanitation,2.5,6.989999771118164
FC-West,SKU-HLTH-007,2025-01-22,22,10.14,Holt_Winters,22.61,0.0,54.46,Alcohol Hand Sanitizer Gel Discontinued Formula 500ml,Health & Care,Sanitation,2.5,6.989999771118164
FC-West,SKU-HLTH-007,2025-01-23,23,8.93,Holt_Winters,22.82,0.0,53.66,Alcohol Hand Sanitizer Gel Discontinued Formula 500ml,Health & Care,Sanitation,2.5,6.989999771118164
FC-West,SKU-HLTH-007,2025-01-24,24,10.96,Holt_Winters,23.02,0.0,56.08,Alcohol Hand Sanitizer Gel Discontinued Formula 500ml,Health & Care,Sanitation,2.5,6.989999771118164
FC-West,SKU-HLTH-007,2025-01-25,25,13.72,Holt_Winters,23.23,0.0,59.25,Alcohol Hand Sanitizer Gel Discontinued Formula 500ml,Health & Care,Sanitation,2.5,6.989999771118164
FC-West,SKU-HLTH-007,2025-01-26,26,11.46,Holt_Winters,23.43,0.0,57.38,Alcohol Hand Sanitizer Gel Discontinued Formula 500ml,Health & Care,Sanitation,2.5,6.989999771118164
FC-West,SKU-HLTH-007,2025-01-27,27,7.8,Holt_Winters,23.63,0.0,54.11,Alcohol Hand Sanitizer Gel Discontinued Formula 500ml,Health & Care,Sanitation,2.5,6.989999771118164
FC-West,SKU-HLTH-007,2025-01-28,28,8.35,Holt_Winters,23.83,0.0,55.06,Alcohol Hand Sanitizer Gel Discontinued Formula 500ml,Health & Care,Sanitation,2.5,6.989999771118164
FC-West,SKU-HLTH-008,2025-01-01,1,49.59,Holt_Winters,17.71,14.88,84.3,Aromatherapy Ultrasonic Essential Oil Diffuser,Health & Care,Home Wellness,16.0,39.9900016784668
FC-West,SKU-HLTH-008,2025-01-02,2,47.36,Holt_Winters,17.97,12.14,82.58,Aromatherapy Ultrasonic Essential Oil Diffuser,Health & Care,Home Wellness,16.0,39.9900016784668
FC-West,SKU-HLTH-008,2025-01-03,3,52.18,Holt_Winters,18.23,16.45,87.91,Aromatherapy Ultrasonic Essential Oil Diffuser,Health & Care,Home Wellness,16.0,39.9900016784668
FC-West,SKU-HLTH-008,2025-01-04,4,55.83,Holt_Winters,18.49,19.59,92.07,Aromatherapy Ultrasonic Essential Oil Diffuser,Health & Care,Home Wellness,16.0,39.9900016784668
FC-West,SKU-HLTH-008,2025-01-05,5,52.2,Holt_Winters,18.74,15.47,88.93,Aromatherapy Ultrasonic Essential Oil Diffuser,Health & Care,Home Wellness,16.0,39.9900016784668
FC-West,SKU-HLTH-008,2025-01-06,6,46.79,Holt_Winters,18.99,9.57,84.01,Aromatherapy Ultrasonic Essential Oil Diffuser,Health & Care,Home Wellness,16.0,39.9900016784668
FC-West,SKU-HLTH-008,2025-01-07,7,46.72,Holt_Winters,19.24,9.01,84.43,Aromatherapy Ultrasonic Essential Oil Diffuser,Health & Care,Home Wellness,16.0,39.9900016784668
FC-West,SKU-HLTH-008,2025-01-08,8,49.85,Holt_Winters,19.48,11.67,88.03,Aromatherapy Ultrasonic Essential Oil Diffuser,Health & Care,Home Wellness,16.0,39.9900016784668
FC-West,SKU-HLTH-008,2025-01-09,9,47.62,Holt_Winters,19.72,8.97,86.27,Aromatherapy Ultrasonic Essential Oil Diffuser,Health & Care,Home Wellness,16.0,39.9900016784668
FC-West,SKU-HLTH-008,2025-01-10,10,52.45,Holt_Winters,19.96,13.33,91.57,Aromatherapy Ultrasonic Essential Oil Diffuser,Health & Care,Home Wellness,16.0,39.9900016784668
FC-West,SKU-HLTH-008,2025-01-11,11,56.1,Holt_Winters,20.19,16.53,95.67,Aromatherapy Ultrasonic Essential Oil Diffuser,Health & Care,Home Wellness,16.0,39.9900016784668
FC-West,SKU-HLTH-008,2025-01-12,12,52.47,Holt_Winters,20.42,12.45,92.49,Aromatherapy Ultrasonic Essential Oil Diffuser,Health & Care,Home Wellness,16.0,39.9900016784668
FC-West,SKU-HLTH-008,2025-01-13,13,47.06,Holt_Winters,20.65,6.59,87.53,Aromatherapy Ultrasonic Essential Oil Diffuser,Health & Care,Home Wellness,16.0,39.9900016784668
FC-West,SKU-HLTH-008,2025-01-14,14,46.98,Holt_Winters,20.88,6.06,87.9,Aromatherapy Ultrasonic Essential Oil Diffuser,Health & Care,Home Wellness,16.0,39.9900016784668
FC-West,SKU-HLTH-008,2025-01-15,15,50.11,Holt_Winters,21.1,8.75,91.47,Aromatherapy Ultrasonic Essential Oil Diffuser,Health & Care,Home Wellness,16.0,39.9900016784668
FC-West,SKU-HLTH-008,2025-01-16,16,47.88,Holt_Winters,21.33,6.07,89.69,Aromatherapy Ultrasonic Essential Oil Diffuser,Health & Care,Home Wellness,16.0,39.9900016784668
FC-West,SKU-HLTH-008,2025-01-17,17,52.71,Holt_Winters,21.55,10.47,94.95,Aromatherapy Ultrasonic Essential Oil Diffuser,Health & Care,Home Wellness,16.0,39.9900016784668
FC-West,SKU-HLTH-008,2025-01-18,18,56.36,Holt_Winters,21.76,13.71,99.01,Aromatherapy Ultrasonic Essential Oil Diffuser,Health & Care,Home Wellness,16.0,39.9900016784668
FC-West,SKU-HLTH-008,2025-01-19,19,52.73,Holt_Winters,21.98,9.65,95.81,Aromatherapy Ultrasonic Essential Oil Diffuser,Health & Care,Home Wellness,16.0,39.9900016784668
FC-West,SKU-HLTH-008,2025-01-20,20,47.32,Holt_Winters,22.19,3.83,90.81,Aromatherapy Ultrasonic Essential Oil Diffuser,Health & Care,Home Wellness,16.0,39.9900016784668
FC-West,SKU-HLTH-008,2025-01-21,21,47.25,Holt_Winters,22.4,3.35,91.15,Aromatherapy Ultrasonic Essential Oil Diffuser,Health & Care,Home Wellness,16.0,39.9900016784668
FC-West,SKU-HLTH-008,2025-01-22,22,50.38,Holt_Winters,22.61,6.06,94.7,Aromatherapy Ultrasonic Essential Oil Diffuser,Health & Care,Home Wellness,16.0,39.9900016784668
FC-West,SKU-HLTH-008,2025-01-23,23,48.15,Holt_Winters,22.82,3.42,92.88,Aromatherapy Ultrasonic Essential Oil Diffuser,Health & Care,Home Wellness,16.0,39.9900016784668
FC-West,SKU-HLTH-008,2025-01-24,24,52.97,Holt_Winters,23.02,7.85,98.09,Aromatherapy Ultrasonic Essential Oil Diffuser,Health & Care,Home Wellness,16.0,39.9900016784668
FC-West,SKU-HLTH-008,2025-01-25,25,56.62,Holt_Winters,23.23,11.09,102.15,Aromatherapy Ultrasonic Essential Oil Diffuser,Health & Care,Home Wellness,16.0,39.9900016784668
FC-West,SKU-HLTH-008,2025-01-26,26,52.99,Holt_Winters,23.43,7.07,98.91,Aromatherapy Ultrasonic Essential Oil Diffuser,Health & Care,Home Wellness,16.0,39.9900016784668
FC-West,SKU-HLTH-008,2025-01-27,27,47.58,Holt_Winters,23.63,1.27,93.89,Aromatherapy Ultrasonic Essential Oil Diffuser,Health & Care,Home Wellness,16.0,39.9900016784668
FC-West,SKU-HLTH-008,2025-01-28,28,47.51,Holt_Winters,23.83,0.8,94.22,Aromatherapy Ultrasonic Essential Oil Diffuser,Health & Care,Home Wellness,16.0,39.9900016784668
FC-West,SKU-HLTH-009,2025-01-01,1,2.78,Holt_Winters,17.71,0.0,37.49,Medical Grade Continuous Glucose Sensor Transmitter,Health & Care,Medical Devices,82.0,185.0
FC-West,SKU-HLTH-009,2025-01-02,2,3.12,Holt_Winters,17.97,0.0,38.34,Medical Grade Continuous Glucose Sensor Transmitter,Health & Care,Medical Devices,82.0,185.0
FC-West,SKU-HLTH-009,2025-01-03,3,2.96,Holt_Winters,18.23,0.0,38.69,Medical Grade Continuous Glucose Sensor Transmitter,Health & Care,Medical Devices,82.0,185.0
FC-West,SKU-HLTH-009,2025-01-04,4,2.67,Holt_Winters,18.49,0.0,38.91,Medical Grade Continuous Glucose Sensor Transmitter,Health & Care,Medical Devices,82.0,185.0
FC-West,SKU-HLTH-009,2025-01-05,5,2.31,Holt_Winters,18.74,0.0,39.04,Medical Grade Continuous Glucose Sensor Transmitter,Health & Care,Medical Devices,82.0,185.0
FC-West,SKU-HLTH-009,2025-01-06,6,2.09,Holt_Winters,18.99,0.0,39.31,Medical Grade Continuous Glucose Sensor Transmitter,Health & Care,Medical Devices,82.0,185.0
FC-West,SKU-HLTH-009,2025-01-07,7,2.57,Holt_Winters,19.24,0.0,40.28,Medical Grade Continuous Glucose Sensor Transmitter,Health & Care,Medical Devices,82.0,185.0
FC-West,SKU-HLTH-009,2025-01-08,8,2.79,Holt_Winters,19.48,0.0,40.97,Medical Grade Continuous Glucose Sensor Transmitter,Health & Care,Medical Devices,82.0,185.0
FC-West,SKU-HLTH-009,2025-01-09,9,3.12,Holt_Winters,19.72,0.0,41.77,Medical Grade Continuous Glucose Sensor Transmitter,Health & Care,Medical Devices,82.0,185.0
FC-West,SKU-HLTH-009,2025-01-10,10,2.97,Holt_Winters,19.96,0.0,42.09,Medical Grade Continuous Glucose Sensor Transmitter,Health & Care,Medical Devices,82.0,185.0
FC-West,SKU-HLTH-009,2025-01-11,11,2.67,Holt_Winters,20.19,0.0,42.24,Medical Grade Continuous Glucose Sensor Transmitter,Health & Care,Medical Devices,82.0,185.0
FC-West,SKU-HLTH-009,2025-01-12,12,2.32,Holt_Winters,20.42,0.0,42.34,Medical Grade Continuous Glucose Sensor Transmitter,Health & Care,Medical Devices,82.0,185.0
FC-West,SKU-HLTH-009,2025-01-13,13,2.1,Holt_Winters,20.65,0.0,42.57,Medical Grade Continuous Glucose Sensor Transmitter,Health & Care,Medical Devices,82.0,185.0
FC-West,SKU-HLTH-009,2025-01-14,14,2.58,Holt_Winters,20.88,0.0,43.5,Medical Grade Continuous Glucose Sensor Transmitter,Health & Care,Medical Devices,82.0,185.0
FC-West,SKU-HLTH-009,2025-01-15,15,2.79,Holt_Winters,21.1,0.0,44.15,Medical Grade Continuous Glucose Sensor Transmitter,Health & Care,Medical Devices,82.0,185.0
FC-West,SKU-HLTH-009,2025-01-16,16,3.13,Holt_Winters,21.33,0.0,44.94,Medical Grade Continuous Glucose Sensor Transmitter,Health & Care,Medical Devices,82.0,185.0
FC-West,SKU-HLTH-009,2025-01-17,17,2.98,Holt_Winters,21.55,0.0,45.22,Medical Grade Continuous Glucose Sensor Transmitter,Health & Care,Medical Devices,82.0,185.0
FC-West,SKU-HLTH-009,2025-01-18,18,2.68,Holt_Winters,21.76,0.0,45.33,Medical Grade Continuous Glucose Sensor Transmitter,Health & Care,Medical Devices,82.0,185.0
FC-West,SKU-HLTH-009,2025-01-19,19,2.32,Holt_Winters,21.98,0.0,45.4,Medical Grade Continuous Glucose Sensor Transmitter,Health & Care,Medical Devices,82.0,185.0
FC-West,SKU-HLTH-009,2025-01-20,20,2.11,Holt_Winters,22.19,0.0,45.6,Medical Grade Continuous Glucose Sensor Transmitter,Health & Care,Medical Devices,82.0,185.0
FC-West,SKU-HLTH-009,2025-01-21,21,2.58,Holt_Winters,22.4,0.0,46.48,Medical Grade Continuous Glucose Sensor Transmitter,Health & Care,Medical Devices,82.0,185.0
FC-West,SKU-HLTH-009,2025-01-22,22,2.8,Holt_Winters,22.61,0.0,47.12,Medical Grade Continuous Glucose Sensor Transmitter,Health & Care,Medical Devices,82.0,185.0
FC-West,SKU-HLTH-009,2025-01-23,23,3.13,Holt_Winters,22.82,0.0,47.86,Medical Grade Continuous Glucose Sensor Transmitter,Health & Care,Medical Devices,82.0,185.0
FC-West,SKU-HLTH-009,2025-01-24,24,2.98,Holt_Winters,23.02,0.0,48.1,Medical Grade Continuous Glucose Sensor Transmitter,Health & Care,Medical Devices,82.0,185.0
FC-West,SKU-HLTH-009,2025-01-25,25,2.68,Holt_Winters,23.23,0.0,48.21,Medical Grade Continuous Glucose Sensor Transmitter,Health & Care,Medical Devices,82.0,185.0
FC-West,SKU-HLTH-009,2025-01-26,26,2.33,Holt_Winters,23.43,0.0,48.25,Medical Grade Continuous Glucose Sensor Transmitter,Health & Care,Medical Devices,82.0,185.0
FC-West,SKU-HLTH-009,2025-01-27,27,2.11,Holt_Winters,23.63,0.0,48.42,Medical Grade Continuous Glucose Sensor Transmitter,Health & Care,Medical Devices,82.0,185.0
FC-West,SKU-HLTH-009,2025-01-28,28,2.59,Holt_Winters,23.83,0.0,49.3,Medical Grade Continuous Glucose Sensor Transmitter,Health & Care,Medical Devices,82.0,185.0
FC-West,SKU-HLTH-010,2025-01-01,1,6.94,Holt_Winters,17.71,0.0,41.65,Clinical LED Infrared Facial Rejuvenation Mask,Health & Care,Skincare Tech,98.0,229.99000549316406
FC-West,SKU-HLTH-010,2025-01-02,2,7.71,Holt_Winters,17.97,0.0,42.93,Clinical LED Infrared Facial Rejuvenation Mask,Health & Care,Skincare Tech,98.0,229.99000549316406
FC-West,SKU-HLTH-010,2025-01-03,3,9.43,Holt_Winters,18.23,0.0,45.16,Clinical LED Infrared Facial Rejuvenation Mask,Health & Care,Skincare Tech,98.0,229.99000549316406
FC-West,SKU-HLTH-010,2025-01-04,4,9.66,Holt_Winters,18.49,0.0,45.9,Clinical LED Infrared Facial Rejuvenation Mask,Health & Care,Skincare Tech,98.0,229.99000549316406
FC-West,SKU-HLTH-010,2025-01-05,5,9.37,Holt_Winters,18.74,0.0,46.1,Clinical LED Infrared Facial Rejuvenation Mask,Health & Care,Skincare Tech,98.0,229.99000549316406
FC-West,SKU-HLTH-010,2025-01-06,6,5.95,Holt_Winters,18.99,0.0,43.17,Clinical LED Infrared Facial Rejuvenation Mask,Health & Care,Skincare Tech,98.0,229.99000549316406
FC-West,SKU-HLTH-010,2025-01-07,7,6.97,Holt_Winters,19.24,0.0,44.68,Clinical LED Infrared Facial Rejuvenation Mask,Health & Care,Skincare Tech,98.0,229.99000549316406
FC-West,SKU-HLTH-010,2025-01-08,8,6.96,Holt_Winters,19.48,0.0,45.14,Clinical LED Infrared Facial Rejuvenation Mask,Health & Care,Skincare Tech,98.0,229.99000549316406
FC-West,SKU-HLTH-010,2025-01-09,9,7.73,Holt_Winters,19.72,0.0,46.38,Clinical LED Infrared Facial Rejuvenation Mask,Health & Care,Skincare Tech,98.0,229.99000549316406
FC-West,SKU-HLTH-010,2025-01-10,10,9.44,Holt_Winters,19.96,0.0,48.56,Clinical LED Infrared Facial Rejuvenation Mask,Health & Care,Skincare Tech,98.0,229.99000549316406
FC-West,SKU-HLTH-010,2025-01-11,11,9.68,Holt_Winters,20.19,0.0,49.25,Clinical LED Infrared Facial Rejuvenation Mask,Health & Care,Skincare Tech,98.0,229.99000549316406
FC-West,SKU-HLTH-010,2025-01-12,12,9.38,Holt_Winters,20.42,0.0,49.4,Clinical LED Infrared Facial Rejuvenation Mask,Health & Care,Skincare Tech,98.0,229.99000549316406
FC-West,SKU-HLTH-010,2025-01-13,13,5.96,Holt_Winters,20.65,0.0,46.43,Clinical LED Infrared Facial Rejuvenation Mask,Health & Care,Skincare Tech,98.0,229.99000549316406
FC-West,SKU-HLTH-010,2025-01-14,14,6.98,Holt_Winters,20.88,0.0,47.9,Clinical LED Infrared Facial Rejuvenation Mask,Health & Care,Skincare Tech,98.0,229.99000549316406
FC-West,SKU-HLTH-010,2025-01-15,15,6.97,Holt_Winters,21.1,0.0,48.33,Clinical LED Infrared Facial Rejuvenation Mask,Health & Care,Skincare Tech,98.0,229.99000549316406
FC-West,SKU-HLTH-010,2025-01-16,16,7.74,Holt_Winters,21.33,0.0,49.55,Clinical LED Infrared Facial Rejuvenation Mask,Health & Care,Skincare Tech,98.0,229.99000549316406
FC-West,SKU-HLTH-010,2025-01-17,17,9.45,Holt_Winters,21.55,0.0,51.69,Clinical LED Infrared Facial Rejuvenation Mask,Health & Care,Skincare Tech,98.0,229.99000549316406
FC-West,SKU-HLTH-010,2025-01-18,18,9.69,Holt_Winters,21.76,0.0,52.34,Clinical LED Infrared Facial Rejuvenation Mask,Health & Care,Skincare Tech,98.0,229.99000549316406
FC-West,SKU-HLTH-010,2025-01-19,19,9.39,Holt_Winters,21.98,0.0,52.47,Clinical LED Infrared Facial Rejuvenation Mask,Health & Care,Skincare Tech,98.0,229.99000549316406
FC-West,SKU-HLTH-010,2025-01-20,20,5.97,Holt_Winters,22.19,0.0,49.46,Clinical LED Infrared Facial Rejuvenation Mask,Health & Care,Skincare Tech,98.0,229.99000549316406
FC-West,SKU-HLTH-010,2025-01-21,21,6.99,Holt_Winters,22.4,0.0,50.89,Clinical LED Infrared Facial Rejuvenation Mask,Health & Care,Skincare Tech,98.0,229.99000549316406
FC-West,SKU-HLTH-010,2025-01-22,22,6.98,Holt_Winters,22.61,0.0,51.3,Clinical LED Infrared Facial Rejuvenation Mask,Health & Care,Skincare Tech,98.0,229.99000549316406
FC-West,SKU-HLTH-010,2025-01-23,23,7.75,Holt_Winters,22.82,0.0,52.48,Clinical LED Infrared Facial Rejuvenation Mask,Health & Care,Skincare Tech,98.0,229.99000549316406
FC-West,SKU-HLTH-010,2025-01-24,24,9.46,Holt_Winters,23.02,0.0,54.58,Clinical LED Infrared Facial Rejuvenation Mask,Health & Care,Skincare Tech,98.0,229.99000549316406
FC-West,SKU-HLTH-010,2025-01-25,25,9.7,Holt_Winters,23.23,0.0,55.23,Clinical LED Infrared Facial Rejuvenation Mask,Health & Care,Skincare Tech,98.0,229.99000549316406
FC-West,SKU-HLTH-010,2025-01-26,26,9.41,Holt_Winters,23.43,0.0,55.33,Clinical LED Infrared Facial Rejuvenation Mask,Health & Care,Skincare Tech,98.0,229.99000549316406
FC-West,SKU-HLTH-010,2025-01-27,27,5.99,Holt_Winters,23.63,0.0,52.3,Clinical LED Infrared Facial Rejuvenation Mask,Health & Care,Skincare Tech,98.0,229.99000549316406
FC-West,SKU-HLTH-010,2025-01-28,28,7.01,Holt_Winters,23.83,0.0,53.72,Clinical LED Infrared Facial Rejuvenation Mask,Health & Care,Skincare Tech,98.0,229.99000549316406
FC-West,SKU-HOME-001,2025-01-01,1,28.65,Holt_Winters,17.71,0.0,63.36,Cast Iron Pre-Seasoned Skillet 12-Inch,Home & Kitchen,Cookware,16.8,39.9900016784668
FC-West,SKU-HOME-001,2025-01-02,2,29.06,Holt_Winters,17.97,0.0,64.28,Cast Iron Pre-Seasoned Skillet 12-Inch,Home & Kitchen,Cookware,16.8,39.9900016784668
FC-West,SKU-HOME-001,2025-01-03,3,31.38,Holt_Winters,18.23,0.0,67.11,Cast Iron Pre-Seasoned Skillet 12-Inch,Home & Kitchen,Cookware,16.8,39.9900016784668
FC-West,SKU-HOME-001,2025-01-04,4,36.18,Holt_Winters,18.49,0.0,72.42,Cast Iron Pre-Seasoned Skillet 12-Inch,Home & Kitchen,Cookware,16.8,39.9900016784668
FC-West,SKU-HOME-001,2025-01-05,5,33.45,Holt_Winters,18.74,0.0,70.18,Cast Iron Pre-Seasoned Skillet 12-Inch,Home & Kitchen,Cookware,16.8,39.9900016784668
FC-West,SKU-HOME-001,2025-01-06,6,26.03,Holt_Winters,18.99,0.0,63.25,Cast Iron Pre-Seasoned Skillet 12-Inch,Home & Kitchen,Cookware,16.8,39.9900016784668
FC-West,SKU-HOME-001,2025-01-07,7,27.62,Holt_Winters,19.24,0.0,65.33,Cast Iron Pre-Seasoned Skillet 12-Inch,Home & Kitchen,Cookware,16.8,39.9900016784668
FC-West,SKU-HOME-001,2025-01-08,8,28.67,Holt_Winters,19.48,0.0,66.85,Cast Iron Pre-Seasoned Skillet 12-Inch,Home & Kitchen,Cookware,16.8,39.9900016784668
FC-West,SKU-HOME-001,2025-01-09,9,29.08,Holt_Winters,19.72,0.0,67.73,Cast Iron Pre-Seasoned Skillet 12-Inch,Home & Kitchen,Cookware,16.8,39.9900016784668
FC-West,SKU-HOME-001,2025-01-10,10,31.4,Holt_Winters,19.96,0.0,70.52,Cast Iron Pre-Seasoned Skillet 12-Inch,Home & Kitchen,Cookware,16.8,39.9900016784668
FC-West,SKU-HOME-001,2025-01-11,11,36.19,Holt_Winters,20.19,0.0,75.76,Cast Iron Pre-Seasoned Skillet 12-Inch,Home & Kitchen,Cookware,16.8,39.9900016784668
FC-West,SKU-HOME-001,2025-01-12,12,33.47,Holt_Winters,20.42,0.0,73.49,Cast Iron Pre-Seasoned Skillet 12-Inch,Home & Kitchen,Cookware,16.8,39.9900016784668
FC-West,SKU-HOME-001,2025-01-13,13,26.05,Holt_Winters,20.65,0.0,66.52,Cast Iron Pre-Seasoned Skillet 12-Inch,Home & Kitchen,Cookware,16.8,39.9900016784668
FC-West,SKU-HOME-001,2025-01-14,14,27.63,Holt_Winters,20.88,0.0,68.55,Cast Iron Pre-Seasoned Skillet 12-Inch,Home & Kitchen,Cookware,16.8,39.9900016784668
FC-West,SKU-HOME-001,2025-01-15,15,28.68,Holt_Winters,21.1,0.0,70.04,Cast Iron Pre-Seasoned Skillet 12-Inch,Home & Kitchen,Cookware,16.8,39.9900016784668
FC-West,SKU-HOME-001,2025-01-16,16,29.09,Holt_Winters,21.33,0.0,70.9,Cast Iron Pre-Seasoned Skillet 12-Inch,Home & Kitchen,Cookware,16.8,39.9900016784668
FC-West,SKU-HOME-001,2025-01-17,17,31.41,Holt_Winters,21.55,0.0,73.65,Cast Iron Pre-Seasoned Skillet 12-Inch,Home & Kitchen,Cookware,16.8,39.9900016784668
FC-West,SKU-HOME-001,2025-01-18,18,36.21,Holt_Winters,21.76,0.0,78.86,Cast Iron Pre-Seasoned Skillet 12-Inch,Home & Kitchen,Cookware,16.8,39.9900016784668
FC-West,SKU-HOME-001,2025-01-19,19,33.48,Holt_Winters,21.98,0.0,76.56,Cast Iron Pre-Seasoned Skillet 12-Inch,Home & Kitchen,Cookware,16.8,39.9900016784668
FC-West,SKU-HOME-001,2025-01-20,20,26.06,Holt_Winters,22.19,0.0,69.55,Cast Iron Pre-Seasoned Skillet 12-Inch,Home & Kitchen,Cookware,16.8,39.9900016784668
FC-West,SKU-HOME-001,2025-01-21,21,27.65,Holt_Winters,22.4,0.0,71.55,Cast Iron Pre-Seasoned Skillet 12-Inch,Home & Kitchen,Cookware,16.8,39.9900016784668
FC-West,SKU-HOME-001,2025-01-22,22,28.7,Holt_Winters,22.61,0.0,73.02,Cast Iron Pre-Seasoned Skillet 12-Inch,Home & Kitchen,Cookware,16.8,39.9900016784668
FC-West,SKU-HOME-001,2025-01-23,23,29.11,Holt_Winters,22.82,0.0,73.84,Cast Iron Pre-Seasoned Skillet 12-Inch,Home & Kitchen,Cookware,16.8,39.9900016784668
FC-West,SKU-HOME-001,2025-01-24,24,31.43,Holt_Winters,23.02,0.0,76.55,Cast Iron Pre-Seasoned Skillet 12-Inch,Home & Kitchen,Cookware,16.8,39.9900016784668
FC-West,SKU-HOME-001,2025-01-25,25,36.22,Holt_Winters,23.23,0.0,81.75,Cast Iron Pre-Seasoned Skillet 12-Inch,Home & Kitchen,Cookware,16.8,39.9900016784668
FC-West,SKU-HOME-001,2025-01-26,26,33.5,Holt_Winters,23.43,0.0,79.42,Cast Iron Pre-Seasoned Skillet 12-Inch,Home & Kitchen,Cookware,16.8,39.9900016784668
FC-West,SKU-HOME-001,2025-01-27,27,26.08,Holt_Winters,23.63,0.0,72.39,Cast Iron Pre-Seasoned Skillet 12-Inch,Home & Kitchen,Cookware,16.8,39.9900016784668
FC-West,SKU-HOME-001,2025-01-28,28,27.67,Holt_Winters,23.83,0.0,74.38,Cast Iron Pre-Seasoned Skillet 12-Inch,Home & Kitchen,Cookware,16.8,39.9900016784668
FC-West,SKU-HOME-002,2025-01-01,1,78.53,Holt_Winters,17.71,43.82,113.24,Stainless Steel Thermal Travel Mug 16oz,Home & Kitchen,Drinkware,9.8,24.989999771118164
FC-West,SKU-HOME-002,2025-01-02,2,77.56,Holt_Winters,17.97,42.34,112.78,Stainless Steel Thermal Travel Mug 16oz,Home & Kitchen,Drinkware,9.8,24.989999771118164
FC-West,SKU-HOME-002,2025-01-03,3,87.6,Holt_Winters,18.23,51.87,123.33,Stainless Steel Thermal Travel Mug 16oz,Home & Kitchen,Drinkware,9.8,24.989999771118164
FC-West,SKU-HOME-002,2025-01-04,4,91.13,Holt_Winters,18.49,54.89,127.37,Stainless Steel Thermal Travel Mug 16oz,Home & Kitchen,Drinkware,9.8,24.989999771118164
FC-West,SKU-HOME-002,2025-01-05,5,89.17,Holt_Winters,18.74,52.44,125.9,Stainless Steel Thermal Travel Mug 16oz,Home & Kitchen,Drinkware,9.8,24.989999771118164
FC-West,SKU-HOME-002,2025-01-06,6,74.37,Holt_Winters,18.99,37.15,111.59,Stainless Steel Thermal Travel Mug 16oz,Home & Kitchen,Drinkware,9.8,24.989999771118164
FC-West,SKU-HOME-002,2025-01-07,7,75.7,Holt_Winters,19.24,37.99,113.41,Stainless Steel Thermal Travel Mug 16oz,Home & Kitchen,Drinkware,9.8,24.989999771118164
FC-West,SKU-HOME-002,2025-01-08,8,77.3,Holt_Winters,19.48,39.12,115.48,Stainless Steel Thermal Travel Mug 16oz,Home & Kitchen,Drinkware,9.8,24.989999771118164
FC-West,SKU-HOME-002,2025-01-09,9,76.33,Holt_Winters,19.72,37.68,114.98,Stainless Steel Thermal Travel Mug 16oz,Home & Kitchen,Drinkware,9.8,24.989999771118164
FC-West,SKU-HOME-002,2025-01-10,10,86.37,Holt_Winters,19.96,47.25,125.49,Stainless Steel Thermal Travel Mug 16oz,Home & Kitchen,Drinkware,9.8,24.989999771118164
FC-West,SKU-HOME-002,2025-01-11,11,89.9,Holt_Winters,20.19,50.33,129.47,Stainless Steel Thermal Travel Mug 16oz,Home & Kitchen,Drinkware,9.8,24.989999771118164
FC-West,SKU-HOME-002,2025-01-12,12,87.94,Holt_Winters,20.42,47.92,127.96,Stainless Steel Thermal Travel Mug 16oz,Home & Kitchen,Drinkware,9.8,24.989999771118164
FC-West,SKU-HOME-002,2025-01-13,13,73.14,Holt_Winters,20.65,32.67,113.61,Stainless Steel Thermal Travel Mug 16oz,Home & Kitchen,Drinkware,9.8,24.989999771118164
FC-West,SKU-HOME-002,2025-01-14,14,74.47,Holt_Winters,20.88,33.55,115.39,Stainless Steel Thermal Travel Mug 16oz,Home & Kitchen,Drinkware,9.8,24.989999771118164
FC-West,SKU-HOME-002,2025-01-15,15,76.07,Holt_Winters,21.1,34.71,117.43,Stainless Steel Thermal Travel Mug 16oz,Home & Kitchen,Drinkware,9.8,24.989999771118164
FC-West,SKU-HOME-002,2025-01-16,16,75.1,Holt_Winters,21.33,33.29,116.91,Stainless Steel Thermal Travel Mug 16oz,Home & Kitchen,Drinkware,9.8,24.989999771118164
FC-West,SKU-HOME-002,2025-01-17,17,85.14,Holt_Winters,21.55,42.9,127.38,Stainless Steel Thermal Travel Mug 16oz,Home & Kitchen,Drinkware,9.8,24.989999771118164
FC-West,SKU-HOME-002,2025-01-18,18,88.67,Holt_Winters,21.76,46.02,131.32,Stainless Steel Thermal Travel Mug 16oz,Home & Kitchen,Drinkware,9.8,24.989999771118164
FC-West,SKU-HOME-002,2025-01-19,19,86.71,Holt_Winters,21.98,43.63,129.79,Stainless Steel Thermal Travel Mug 16oz,Home & Kitchen,Drinkware,9.8,24.989999771118164
FC-West,SKU-HOME-002,2025-01-20,20,71.91,Holt_Winters,22.19,28.42,115.4,Stainless Steel Thermal Travel Mug 16oz,Home & Kitchen,Drinkware,9.8,24.989999771118164
FC-West,SKU-HOME-002,2025-01-21,21,73.24,Holt_Winters,22.4,29.34,117.14,Stainless Steel Thermal Travel Mug 16oz,Home & Kitchen,Drinkware,9.8,24.989999771118164
FC-West,SKU-HOME-002,2025-01-22,22,74.84,Holt_Winters,22.61,30.52,119.16,Stainless Steel Thermal Travel Mug 16oz,Home & Kitchen,Drinkware,9.8,24.989999771118164
FC-West,SKU-HOME-002,2025-01-23,23,73.87,Holt_Winters,22.82,29.14,118.6,Stainless Steel Thermal Travel Mug 16oz,Home & Kitchen,Drinkware,9.8,24.989999771118164
FC-West,SKU-HOME-002,2025-01-24,24,83.9,Holt_Winters,23.02,38.78,129.02,Stainless Steel Thermal Travel Mug 16oz,Home & Kitchen,Drinkware,9.8,24.989999771118164
FC-West,SKU-HOME-002,2025-01-25,25,87.44,Holt_Winters,23.23,41.91,132.97,Stainless Steel Thermal Travel Mug 16oz,Home & Kitchen,Drinkware,9.8,24.989999771118164
FC-West,SKU-HOME-002,2025-01-26,26,85.48,Holt_Winters,23.43,39.56,131.4,Stainless Steel Thermal Travel Mug 16oz,Home & Kitchen,Drinkware,9.8,24.989999771118164
FC-West,SKU-HOME-002,2025-01-27,27,70.68,Holt_Winters,23.63,24.37,116.99,Stainless Steel Thermal Travel Mug 16oz,Home & Kitchen,Drinkware,9.8,24.989999771118164
FC-West,SKU-HOME-002,2025-01-28,28,72.0,Holt_Winters,23.83,25.29,118.71,Stainless Steel Thermal Travel Mug 16oz,Home & Kitchen,Drinkware,9.8,24.989999771118164
FC-West,SKU-HOME-003,2025-01-01,1,29.12,Holt_Winters,17.71,0.0,63.83,Airtight Glass Food Storage Containers (Set of 8),Home & Kitchen,Storage,19.5,44.9900016784668
FC-West,SKU-HOME-003,2025-01-02,2,29.72,Holt_Winters,17.97,0.0,64.94,Airtight Glass Food Storage Containers (Set of 8),Home & Kitchen,Storage,19.5,44.9900016784668
FC-West,SKU-HOME-003,2025-01-03,3,34.11,Holt_Winters,18.23,0.0,69.84,Airtight Glass Food Storage Containers (Set of 8),Home & Kitchen,Storage,19.5,44.9900016784668
FC-West,SKU-HOME-003,2025-01-04,4,38.91,Holt_Winters,18.49,2.67,75.15,Airtight Glass Food Storage Containers (Set of 8),Home & Kitchen,Storage,19.5,44.9900016784668
FC-West,SKU-HOME-003,2025-01-05,5,34.83,Holt_Winters,18.74,0.0,71.56,Airtight Glass Food Storage Containers (Set of 8),Home & Kitchen,Storage,19.5,44.9900016784668
FC-West,SKU-HOME-003,2025-01-06,6,27.83,Holt_Winters,18.99,0.0,65.05,Airtight Glass Food Storage Containers (Set of 8),Home & Kitchen,Storage,19.5,44.9900016784668
FC-West,SKU-HOME-003,2025-01-07,7,28.24,Holt_Winters,19.24,0.0,65.95,Airtight Glass Food Storage Containers (Set of 8),Home & Kitchen,Storage,19.5,44.9900016784668
FC-West,SKU-HOME-003,2025-01-08,8,29.22,Holt_Winters,19.48,0.0,67.4,Airtight Glass Food Storage Containers (Set of 8),Home & Kitchen,Storage,19.5,44.9900016784668
FC-West,SKU-HOME-003,2025-01-09,9,29.82,Holt_Winters,19.72,0.0,68.47,Airtight Glass Food Storage Containers (Set of 8),Home & Kitchen,Storage,19.5,44.9900016784668
FC-West,SKU-HOME-003,2025-01-10,10,34.21,Holt_Winters,19.96,0.0,73.33,Airtight Glass Food Storage Containers (Set of 8),Home & Kitchen,Storage,19.5,44.9900016784668
FC-West,SKU-HOME-003,2025-01-11,11,39.01,Holt_Winters,20.19,0.0,78.58,Airtight Glass Food Storage Containers (Set of 8),Home & Kitchen,Storage,19.5,44.9900016784668
FC-West,SKU-HOME-003,2025-01-12,12,34.93,Holt_Winters,20.42,0.0,74.95,Airtight Glass Food Storage Containers (Set of 8),Home & Kitchen,Storage,19.5,44.9900016784668
FC-West,SKU-HOME-003,2025-01-13,13,27.93,Holt_Winters,20.65,0.0,68.4,Airtight Glass Food Storage Containers (Set of 8),Home & Kitchen,Storage,19.5,44.9900016784668
FC-West,SKU-HOME-003,2025-01-14,14,28.34,Holt_Winters,20.88,0.0,69.26,Airtight Glass Food Storage Containers (Set of 8),Home & Kitchen,Storage,19.5,44.9900016784668
FC-West,SKU-HOME-003,2025-01-15,15,29.32,Holt_Winters,21.1,0.0,70.68,Airtight Glass Food Storage Containers (Set of 8),Home & Kitchen,Storage,19.5,44.9900016784668
FC-West,SKU-HOME-003,2025-01-16,16,29.91,Holt_Winters,21.33,0.0,71.72,Airtight Glass Food Storage Containers (Set of 8),Home & Kitchen,Storage,19.5,44.9900016784668
FC-West,SKU-HOME-003,2025-01-17,17,34.31,Holt_Winters,21.55,0.0,76.55,Airtight Glass Food Storage Containers (Set of 8),Home & Kitchen,Storage,19.5,44.9900016784668
FC-West,SKU-HOME-003,2025-01-18,18,39.11,Holt_Winters,21.76,0.0,81.76,Airtight Glass Food Storage Containers (Set of 8),Home & Kitchen,Storage,19.5,44.9900016784668
FC-West,SKU-HOME-003,2025-01-19,19,35.03,Holt_Winters,21.98,0.0,78.11,Airtight Glass Food Storage Containers (Set of 8),Home & Kitchen,Storage,19.5,44.9900016784668
FC-West,SKU-HOME-003,2025-01-20,20,28.02,Holt_Winters,22.19,0.0,71.51,Airtight Glass Food Storage Containers (Set of 8),Home & Kitchen,Storage,19.5,44.9900016784668
FC-West,SKU-HOME-003,2025-01-21,21,28.44,Holt_Winters,22.4,0.0,72.34,Airtight Glass Food Storage Containers (Set of 8),Home & Kitchen,Storage,19.5,44.9900016784668
FC-West,SKU-HOME-003,2025-01-22,22,29.41,Holt_Winters,22.61,0.0,73.73,Airtight Glass Food Storage Containers (Set of 8),Home & Kitchen,Storage,19.5,44.9900016784668
FC-West,SKU-HOME-003,2025-01-23,23,30.01,Holt_Winters,22.82,0.0,74.74,Airtight Glass Food Storage Containers (Set of 8),Home & Kitchen,Storage,19.5,44.9900016784668
FC-West,SKU-HOME-003,2025-01-24,24,34.41,Holt_Winters,23.02,0.0,79.53,Airtight Glass Food Storage Containers (Set of 8),Home & Kitchen,Storage,19.5,44.9900016784668
FC-West,SKU-HOME-003,2025-01-25,25,39.21,Holt_Winters,23.23,0.0,84.74,Airtight Glass Food Storage Containers (Set of 8),Home & Kitchen,Storage,19.5,44.9900016784668
FC-West,SKU-HOME-003,2025-01-26,26,35.13,Holt_Winters,23.43,0.0,81.05,Airtight Glass Food Storage Containers (Set of 8),Home & Kitchen,Storage,19.5,44.9900016784668
FC-West,SKU-HOME-003,2025-01-27,27,28.12,Holt_Winters,23.63,0.0,74.43,Airtight Glass Food Storage Containers (Set of 8),Home & Kitchen,Storage,19.5,44.9900016784668
FC-West,SKU-HOME-003,2025-01-28,28,28.54,Holt_Winters,23.83,0.0,75.25,Airtight Glass Food Storage Containers (Set of 8),Home & Kitchen,Storage,19.5,44.9900016784668
FC-West,SKU-HOME-004,2025-01-01,1,20.52,Holt_Winters,17.71,0.0,55.23,Digital Instant-Read Meat Thermometer,Home & Kitchen,Kitchen Tools,7.2,18.989999771118164
FC-West,SKU-HOME-004,2025-01-02,2,20.35,Holt_Winters,17.97,0.0,55.57,Digital Instant-Read Meat Thermometer,Home & Kitchen,Kitchen Tools,7.2,18.989999771118164
FC-West,SKU-HOME-004,2025-01-03,3,26.37,Holt_Winters,18.23,0.0,62.1,Digital Instant-Read Meat Thermometer,Home & Kitchen,Kitchen Tools,7.2,18.989999771118164
FC-West,SKU-HOME-004,2025-01-04,4,28.71,Holt_Winters,18.49,0.0,64.95,Digital Instant-Read Meat Thermometer,Home & Kitchen,Kitchen Tools,7.2,18.989999771118164
FC-West,SKU-HOME-004,2025-01-05,5,23.83,Holt_Winters,18.74,0.0,60.56,Digital Instant-Read Meat Thermometer,Home & Kitchen,Kitchen Tools,7.2,18.989999771118164
FC-West,SKU-HOME-004,2025-01-06,6,17.34,Holt_Winters,18.99,0.0,54.56,Digital Instant-Read Meat Thermometer,Home & Kitchen,Kitchen Tools,7.2,18.989999771118164
FC-West,SKU-HOME-004,2025-01-07,7,18.23,Holt_Winters,19.24,0.0,55.94,Digital Instant-Read Meat Thermometer,Home & Kitchen,Kitchen Tools,7.2,18.989999771118164
FC-West,SKU-HOME-004,2025-01-08,8,20.22,Holt_Winters,19.48,0.0,58.4,Digital Instant-Read Meat Thermometer,Home & Kitchen,Kitchen Tools,7.2,18.989999771118164
FC-West,SKU-HOME-004,2025-01-09,9,20.05,Holt_Winters,19.72,0.0,58.7,Digital Instant-Read Meat Thermometer,Home & Kitchen,Kitchen Tools,7.2,18.989999771118164
FC-West,SKU-HOME-004,2025-01-10,10,26.07,Holt_Winters,19.96,0.0,65.19,Digital Instant-Read Meat Thermometer,Home & Kitchen,Kitchen Tools,7.2,18.989999771118164
FC-West,SKU-HOME-004,2025-01-11,11,28.41,Holt_Winters,20.19,0.0,67.98,Digital Instant-Read Meat Thermometer,Home & Kitchen,Kitchen Tools,7.2,18.989999771118164
FC-West,SKU-HOME-004,2025-01-12,12,23.52,Holt_Winters,20.42,0.0,63.54,Digital Instant-Read Meat Thermometer,Home & Kitchen,Kitchen Tools,7.2,18.989999771118164
FC-West,SKU-HOME-004,2025-01-13,13,17.04,Holt_Winters,20.65,0.0,57.51,Digital Instant-Read Meat Thermometer,Home & Kitchen,Kitchen Tools,7.2,18.989999771118164
FC-West,SKU-HOME-004,2025-01-14,14,17.93,Holt_Winters,20.88,0.0,58.85,Digital Instant-Read Meat Thermometer,Home & Kitchen,Kitchen Tools,7.2,18.989999771118164
FC-West,SKU-HOME-004,2025-01-15,15,19.92,Holt_Winters,21.1,0.0,61.28,Digital Instant-Read Meat Thermometer,Home & Kitchen,Kitchen Tools,7.2,18.989999771118164
FC-West,SKU-HOME-004,2025-01-16,16,19.75,Holt_Winters,21.33,0.0,61.56,Digital Instant-Read Meat Thermometer,Home & Kitchen,Kitchen Tools,7.2,18.989999771118164
FC-West,SKU-HOME-004,2025-01-17,17,25.77,Holt_Winters,21.55,0.0,68.01,Digital Instant-Read Meat Thermometer,Home & Kitchen,Kitchen Tools,7.2,18.989999771118164
FC-West,SKU-HOME-004,2025-01-18,18,28.1,Holt_Winters,21.76,0.0,70.75,Digital Instant-Read Meat Thermometer,Home & Kitchen,Kitchen Tools,7.2,18.989999771118164
FC-West,SKU-HOME-004,2025-01-19,19,23.22,Holt_Winters,21.98,0.0,66.3,Digital Instant-Read Meat Thermometer,Home & Kitchen,Kitchen Tools,7.2,18.989999771118164
FC-West,SKU-HOME-004,2025-01-20,20,16.73,Holt_Winters,22.19,0.0,60.22,Digital Instant-Read Meat Thermometer,Home & Kitchen,Kitchen Tools,7.2,18.989999771118164
FC-West,SKU-HOME-004,2025-01-21,21,17.63,Holt_Winters,22.4,0.0,61.53,Digital Instant-Read Meat Thermometer,Home & Kitchen,Kitchen Tools,7.2,18.989999771118164
FC-West,SKU-HOME-004,2025-01-22,22,19.62,Holt_Winters,22.61,0.0,63.94,Digital Instant-Read Meat Thermometer,Home & Kitchen,Kitchen Tools,7.2,18.989999771118164
FC-West,SKU-HOME-004,2025-01-23,23,19.44,Holt_Winters,22.82,0.0,64.17,Digital Instant-Read Meat Thermometer,Home & Kitchen,Kitchen Tools,7.2,18.989999771118164
FC-West,SKU-HOME-004,2025-01-24,24,25.46,Holt_Winters,23.02,0.0,70.58,Digital Instant-Read Meat Thermometer,Home & Kitchen,Kitchen Tools,7.2,18.989999771118164
FC-West,SKU-HOME-004,2025-01-25,25,27.8,Holt_Winters,23.23,0.0,73.33,Digital Instant-Read Meat Thermometer,Home & Kitchen,Kitchen Tools,7.2,18.989999771118164
FC-West,SKU-HOME-004,2025-01-26,26,22.92,Holt_Winters,23.43,0.0,68.84,Digital Instant-Read Meat Thermometer,Home & Kitchen,Kitchen Tools,7.2,18.989999771118164
FC-West,SKU-HOME-004,2025-01-27,27,16.43,Holt_Winters,23.63,0.0,62.74,Digital Instant-Read Meat Thermometer,Home & Kitchen,Kitchen Tools,7.2,18.989999771118164
FC-West,SKU-HOME-004,2025-01-28,28,17.32,Holt_Winters,23.83,0.0,64.03,Digital Instant-Read Meat Thermometer,Home & Kitchen,Kitchen Tools,7.2,18.989999771118164
FC-West,SKU-HOME-005,2025-01-01,1,29.18,Holt_Winters,17.71,0.0,63.89,Organic Bamboo Cutting Board 3-Piece Set,Home & Kitchen,Kitchen Tools,12.0,29.989999771118164
FC-West,SKU-HOME-005,2025-01-02,2,29.4,Holt_Winters,17.97,0.0,64.62,Organic Bamboo Cutting Board 3-Piece Set,Home & Kitchen,Kitchen Tools,12.0,29.989999771118164
FC-West,SKU-HOME-005,2025-01-03,3,34.78,Holt_Winters,18.23,0.0,70.51,Organic Bamboo Cutting Board 3-Piece Set,Home & Kitchen,Kitchen Tools,12.0,29.989999771118164
FC-West,SKU-HOME-005,2025-01-04,4,40.01,Holt_Winters,18.49,3.77,76.25,Organic Bamboo Cutting Board 3-Piece Set,Home & Kitchen,Kitchen Tools,12.0,29.989999771118164
FC-West,SKU-HOME-005,2025-01-05,5,35.94,Holt_Winters,18.74,0.0,72.67,Organic Bamboo Cutting Board 3-Piece Set,Home & Kitchen,Kitchen Tools,12.0,29.989999771118164
FC-West,SKU-HOME-005,2025-01-06,6,26.85,Holt_Winters,18.99,0.0,64.07,Organic Bamboo Cutting Board 3-Piece Set,Home & Kitchen,Kitchen Tools,12.0,29.989999771118164
FC-West,SKU-HOME-005,2025-01-07,7,28.23,Holt_Winters,19.24,0.0,65.94,Organic Bamboo Cutting Board 3-Piece Set,Home & Kitchen,Kitchen Tools,12.0,29.989999771118164
FC-West,SKU-HOME-005,2025-01-08,8,29.2,Holt_Winters,19.48,0.0,67.38,Organic Bamboo Cutting Board 3-Piece Set,Home & Kitchen,Kitchen Tools,12.0,29.989999771118164
FC-West,SKU-HOME-005,2025-01-09,9,29.42,Holt_Winters,19.72,0.0,68.07,Organic Bamboo Cutting Board 3-Piece Set,Home & Kitchen,Kitchen Tools,12.0,29.989999771118164
FC-West,SKU-HOME-005,2025-01-10,10,34.79,Holt_Winters,19.96,0.0,73.91,Organic Bamboo Cutting Board 3-Piece Set,Home & Kitchen,Kitchen Tools,12.0,29.989999771118164
FC-West,SKU-HOME-005,2025-01-11,11,40.02,Holt_Winters,20.19,0.45,79.59,Organic Bamboo Cutting Board 3-Piece Set,Home & Kitchen,Kitchen Tools,12.0,29.989999771118164
FC-West,SKU-HOME-005,2025-01-12,12,35.95,Holt_Winters,20.42,0.0,75.97,Organic Bamboo Cutting Board 3-Piece Set,Home & Kitchen,Kitchen Tools,12.0,29.989999771118164
FC-West,SKU-HOME-005,2025-01-13,13,26.86,Holt_Winters,20.65,0.0,67.33,Organic Bamboo Cutting Board 3-Piece Set,Home & Kitchen,Kitchen Tools,12.0,29.989999771118164
FC-West,SKU-HOME-005,2025-01-14,14,28.25,Holt_Winters,20.88,0.0,69.17,Organic Bamboo Cutting Board 3-Piece Set,Home & Kitchen,Kitchen Tools,12.0,29.989999771118164
FC-West,SKU-HOME-005,2025-01-15,15,29.21,Holt_Winters,21.1,0.0,70.57,Organic Bamboo Cutting Board 3-Piece Set,Home & Kitchen,Kitchen Tools,12.0,29.989999771118164
FC-West,SKU-HOME-005,2025-01-16,16,29.43,Holt_Winters,21.33,0.0,71.24,Organic Bamboo Cutting Board 3-Piece Set,Home & Kitchen,Kitchen Tools,12.0,29.989999771118164
FC-West,SKU-HOME-005,2025-01-17,17,34.81,Holt_Winters,21.55,0.0,77.05,Organic Bamboo Cutting Board 3-Piece Set,Home & Kitchen,Kitchen Tools,12.0,29.989999771118164
FC-West,SKU-HOME-005,2025-01-18,18,40.03,Holt_Winters,21.76,0.0,82.68,Organic Bamboo Cutting Board 3-Piece Set,Home & Kitchen,Kitchen Tools,12.0,29.989999771118164
FC-West,SKU-HOME-005,2025-01-19,19,35.97,Holt_Winters,21.98,0.0,79.05,Organic Bamboo Cutting Board 3-Piece Set,Home & Kitchen,Kitchen Tools,12.0,29.989999771118164
FC-West,SKU-HOME-005,2025-01-20,20,26.88,Holt_Winters,22.19,0.0,70.37,Organic Bamboo Cutting Board 3-Piece Set,Home & Kitchen,Kitchen Tools,12.0,29.989999771118164
FC-West,SKU-HOME-005,2025-01-21,21,28.26,Holt_Winters,22.4,0.0,72.16,Organic Bamboo Cutting Board 3-Piece Set,Home & Kitchen,Kitchen Tools,12.0,29.989999771118164
FC-West,SKU-HOME-005,2025-01-22,22,29.22,Holt_Winters,22.61,0.0,73.54,Organic Bamboo Cutting Board 3-Piece Set,Home & Kitchen,Kitchen Tools,12.0,29.989999771118164
FC-West,SKU-HOME-005,2025-01-23,23,29.44,Holt_Winters,22.82,0.0,74.17,Organic Bamboo Cutting Board 3-Piece Set,Home & Kitchen,Kitchen Tools,12.0,29.989999771118164
FC-West,SKU-HOME-005,2025-01-24,24,34.82,Holt_Winters,23.02,0.0,79.94,Organic Bamboo Cutting Board 3-Piece Set,Home & Kitchen,Kitchen Tools,12.0,29.989999771118164
FC-West,SKU-HOME-005,2025-01-25,25,40.05,Holt_Winters,23.23,0.0,85.58,Organic Bamboo Cutting Board 3-Piece Set,Home & Kitchen,Kitchen Tools,12.0,29.989999771118164
FC-West,SKU-HOME-005,2025-01-26,26,35.98,Holt_Winters,23.43,0.0,81.9,Organic Bamboo Cutting Board 3-Piece Set,Home & Kitchen,Kitchen Tools,12.0,29.989999771118164
FC-West,SKU-HOME-005,2025-01-27,27,26.89,Holt_Winters,23.63,0.0,73.2,Organic Bamboo Cutting Board 3-Piece Set,Home & Kitchen,Kitchen Tools,12.0,29.989999771118164
FC-West,SKU-HOME-005,2025-01-28,28,28.27,Holt_Winters,23.83,0.0,74.98,Organic Bamboo Cutting Board 3-Piece Set,Home & Kitchen,Kitchen Tools,12.0,29.989999771118164
FC-West,SKU-HOME-006,2025-01-01,1,44.18,Holt_Winters,17.71,9.47,78.89,HEPA Air Purifier Compact Room Model,Home & Kitchen,Appliances,42.0,89.98999786376953
FC-West,SKU-HOME-006,2025-01-02,2,43.88,Holt_Winters,17.97,8.66,79.1,HEPA Air Purifier Compact Room Model,Home & Kitchen,Appliances,42.0,89.98999786376953
FC-West,SKU-HOME-006,2025-01-03,3,48.98,Holt_Winters,18.23,13.25,84.71,HEPA Air Purifier Compact Room Model,Home & Kitchen,Appliances,42.0,89.98999786376953
FC-West,SKU-HOME-006,2025-01-04,4,51.29,Holt_Winters,18.49,15.05,87.53,HEPA Air Purifier Compact Room Model,Home & Kitchen,Appliances,42.0,89.98999786376953
FC-West,SKU-HOME-006,2025-01-05,5,49.6,Holt_Winters,18.74,12.87,86.33,HEPA Air Purifier Compact Room Model,Home & Kitchen,Appliances,42.0,89.98999786376953
FC-West,SKU-HOME-006,2025-01-06,6,42.96,Holt_Winters,18.99,5.74,80.18,HEPA Air Purifier Compact Room Model,Home & Kitchen,Appliances,42.0,89.98999786376953
FC-West,SKU-HOME-006,2025-01-07,7,46.32,Holt_Winters,19.24,8.61,84.03,HEPA Air Purifier Compact Room Model,Home & Kitchen,Appliances,42.0,89.98999786376953
FC-West,SKU-HOME-006,2025-01-08,8,47.4,Holt_Winters,19.48,9.22,85.58,HEPA Air Purifier Compact Room Model,Home & Kitchen,Appliances,42.0,89.98999786376953
FC-West,SKU-HOME-006,2025-01-09,9,47.11,Holt_Winters,19.72,8.46,85.76,HEPA Air Purifier Compact Room Model,Home & Kitchen,Appliances,42.0,89.98999786376953
FC-West,SKU-HOME-006,2025-01-10,10,52.2,Holt_Winters,19.96,13.08,91.32,HEPA Air Purifier Compact Room Model,Home & Kitchen,Appliances,42.0,89.98999786376953
FC-West,SKU-HOME-006,2025-01-11,11,54.51,Holt_Winters,20.19,14.94,94.08,HEPA Air Purifier Compact Room Model,Home & Kitchen,Appliances,42.0,89.98999786376953
FC-West,SKU-HOME-006,2025-01-12,12,52.82,Holt_Winters,20.42,12.8,92.84,HEPA Air Purifier Compact Room Model,Home & Kitchen,Appliances,42.0,89.98999786376953
FC-West,SKU-HOME-006,2025-01-13,13,46.18,Holt_Winters,20.65,5.71,86.65,HEPA Air Purifier Compact Room Model,Home & Kitchen,Appliances,42.0,89.98999786376953
FC-West,SKU-HOME-006,2025-01-14,14,49.55,Holt_Winters,20.88,8.63,90.47,HEPA Air Purifier Compact Room Model,Home & Kitchen,Appliances,42.0,89.98999786376953
FC-West,SKU-HOME-006,2025-01-15,15,50.62,Holt_Winters,21.1,9.26,91.98,HEPA Air Purifier Compact Room Model,Home & Kitchen,Appliances,42.0,89.98999786376953
FC-West,SKU-HOME-006,2025-01-16,16,50.33,Holt_Winters,21.33,8.52,92.14,HEPA Air Purifier Compact Room Model,Home & Kitchen,Appliances,42.0,89.98999786376953
FC-West,SKU-HOME-006,2025-01-17,17,55.42,Holt_Winters,21.55,13.18,97.66,HEPA Air Purifier Compact Room Model,Home & Kitchen,Appliances,42.0,89.98999786376953
FC-West,SKU-HOME-006,2025-01-18,18,57.73,Holt_Winters,21.76,15.08,100.38,HEPA Air Purifier Compact Room Model,Home & Kitchen,Appliances,42.0,89.98999786376953
FC-West,SKU-HOME-006,2025-01-19,19,56.05,Holt_Winters,21.98,12.97,99.13,HEPA Air Purifier Compact Room Model,Home & Kitchen,Appliances,42.0,89.98999786376953
FC-West,SKU-HOME-006,2025-01-20,20,49.41,Holt_Winters,22.19,5.92,92.9,HEPA Air Purifier Compact Room Model,Home & Kitchen,Appliances,42.0,89.98999786376953
FC-West,SKU-HOME-006,2025-01-21,21,52.77,Holt_Winters,22.4,8.87,96.67,HEPA Air Purifier Compact Room Model,Home & Kitchen,Appliances,42.0,89.98999786376953
FC-West,SKU-HOME-006,2025-01-22,22,53.85,Holt_Winters,22.61,9.53,98.17,HEPA Air Purifier Compact Room Model,Home & Kitchen,Appliances,42.0,89.98999786376953
FC-West,SKU-HOME-006,2025-01-23,23,53.55,Holt_Winters,22.82,8.82,98.28,HEPA Air Purifier Compact Room Model,Home & Kitchen,Appliances,42.0,89.98999786376953
FC-West,SKU-HOME-006,2025-01-24,24,58.65,Holt_Winters,23.02,13.53,103.77,HEPA Air Purifier Compact Room Model,Home & Kitchen,Appliances,42.0,89.98999786376953
FC-West,SKU-HOME-006,2025-01-25,25,60.96,Holt_Winters,23.23,15.43,106.49,HEPA Air Purifier Compact Room Model,Home & Kitchen,Appliances,42.0,89.98999786376953
FC-West,SKU-HOME-006,2025-01-26,26,59.27,Holt_Winters,23.43,13.35,105.19,HEPA Air Purifier Compact Room Model,Home & Kitchen,Appliances,42.0,89.98999786376953
FC-West,SKU-HOME-006,2025-01-27,27,52.63,Holt_Winters,23.63,6.32,98.94,HEPA Air Purifier Compact Room Model,Home & Kitchen,Appliances,42.0,89.98999786376953
FC-West,SKU-HOME-006,2025-01-28,28,55.99,Holt_Winters,23.83,9.28,102.7,HEPA Air Purifier Compact Room Model,Home & Kitchen,Appliances,42.0,89.98999786376953
FC-West,SKU-HOME-007,2025-01-01,1,6.54,Holt_Winters,17.71,0.0,41.25,Countertop Citrus Juicer Manual Press,Home & Kitchen,Kitchen Tools,9.5,22.989999771118164
FC-West,SKU-HOME-007,2025-01-02,2,7.48,Holt_Winters,17.97,0.0,42.7,Countertop Citrus Juicer Manual Press,Home & Kitchen,Kitchen Tools,9.5,22.989999771118164
FC-West,SKU-HOME-007,2025-01-03,3,9.39,Holt_Winters,18.23,0.0,45.12,Countertop Citrus Juicer Manual Press,Home & Kitchen,Kitchen Tools,9.5,22.989999771118164
FC-West,SKU-HOME-007,2025-01-04,4,9.01,Holt_Winters,18.49,0.0,45.25,Countertop Citrus Juicer Manual Press,Home & Kitchen,Kitchen Tools,9.5,22.989999771118164
FC-West,SKU-HOME-007,2025-01-05,5,8.04,Holt_Winters,18.74,0.0,44.77,Countertop Citrus Juicer Manual Press,Home & Kitchen,Kitchen Tools,9.5,22.989999771118164
FC-West,SKU-HOME-007,2025-01-06,6,6.07,Holt_Winters,18.99,0.0,43.29,Countertop Citrus Juicer Manual Press,Home & Kitchen,Kitchen Tools,9.5,22.989999771118164
FC-West,SKU-HOME-007,2025-01-07,7,7.05,Holt_Winters,19.24,0.0,44.76,Countertop Citrus Juicer Manual Press,Home & Kitchen,Kitchen Tools,9.5,22.989999771118164
FC-West,SKU-HOME-007,2025-01-08,8,6.51,Holt_Winters,19.48,0.0,44.69,Countertop Citrus Juicer Manual Press,Home & Kitchen,Kitchen Tools,9.5,22.989999771118164
FC-West,SKU-HOME-007,2025-01-09,9,7.45,Holt_Winters,19.72,0.0,46.1,Countertop Citrus Juicer Manual Press,Home & Kitchen,Kitchen Tools,9.5,22.989999771118164
FC-West,SKU-HOME-007,2025-01-10,10,9.35,Holt_Winters,19.96,0.0,48.47,Countertop Citrus Juicer Manual Press,Home & Kitchen,Kitchen Tools,9.5,22.989999771118164
FC-West,SKU-HOME-007,2025-01-11,11,8.98,Holt_Winters,20.19,0.0,48.55,Countertop Citrus Juicer Manual Press,Home & Kitchen,Kitchen Tools,9.5,22.989999771118164
FC-West,SKU-HOME-007,2025-01-12,12,8.01,Holt_Winters,20.42,0.0,48.03,Countertop Citrus Juicer Manual Press,Home & Kitchen,Kitchen Tools,9.5,22.989999771118164
FC-West,SKU-HOME-007,2025-01-13,13,6.04,Holt_Winters,20.65,0.0,46.51,Countertop Citrus Juicer Manual Press,Home & Kitchen,Kitchen Tools,9.5,22.989999771118164
FC-West,SKU-HOME-007,2025-01-14,14,7.02,Holt_Winters,20.88,0.0,47.94,Countertop Citrus Juicer Manual Press,Home & Kitchen,Kitchen Tools,9.5,22.989999771118164
FC-West,SKU-HOME-007,2025-01-15,15,6.47,Holt_Winters,21.1,0.0,47.83,Countertop Citrus Juicer Manual Press,Home & Kitchen,Kitchen Tools,9.5,22.989999771118164
FC-West,SKU-HOME-007,2025-01-16,16,7.41,Holt_Winters,21.33,0.0,49.22,Countertop Citrus Juicer Manual Press,Home & Kitchen,Kitchen Tools,9.5,22.989999771118164
FC-West,SKU-HOME-007,2025-01-17,17,9.32,Holt_Winters,21.55,0.0,51.56,Countertop Citrus Juicer Manual Press,Home & Kitchen,Kitchen Tools,9.5,22.989999771118164
FC-West,SKU-HOME-007,2025-01-18,18,8.94,Holt_Winters,21.76,0.0,51.59,Countertop Citrus Juicer Manual Press,Home & Kitchen,Kitchen Tools,9.5,22.989999771118164
FC-West,SKU-HOME-007,2025-01-19,19,7.97,Holt_Winters,21.98,0.0,51.05,Countertop Citrus Juicer Manual Press,Home & Kitchen,Kitchen Tools,9.5,22.989999771118164
FC-West,SKU-HOME-007,2025-01-20,20,6.0,Holt_Winters,22.19,0.0,49.49,Countertop Citrus Juicer Manual Press,Home & Kitchen,Kitchen Tools,9.5,22.989999771118164
FC-West,SKU-HOME-007,2025-01-21,21,6.98,Holt_Winters,22.4,0.0,50.88,Countertop Citrus Juicer Manual Press,Home & Kitchen,Kitchen Tools,9.5,22.989999771118164
FC-West,SKU-HOME-007,2025-01-22,22,6.43,Holt_Winters,22.61,0.0,50.75,Countertop Citrus Juicer Manual Press,Home & Kitchen,Kitchen Tools,9.5,22.989999771118164
FC-West,SKU-HOME-007,2025-01-23,23,7.37,Holt_Winters,22.82,0.0,52.1,Countertop Citrus Juicer Manual Press,Home & Kitchen,Kitchen Tools,9.5,22.989999771118164
FC-West,SKU-HOME-007,2025-01-24,24,9.28,Holt_Winters,23.02,0.0,54.4,Countertop Citrus Juicer Manual Press,Home & Kitchen,Kitchen Tools,9.5,22.989999771118164
FC-West,SKU-HOME-007,2025-01-25,25,8.91,Holt_Winters,23.23,0.0,54.44,Countertop Citrus Juicer Manual Press,Home & Kitchen,Kitchen Tools,9.5,22.989999771118164
FC-West,SKU-HOME-007,2025-01-26,26,7.94,Holt_Winters,23.43,0.0,53.86,Countertop Citrus Juicer Manual Press,Home & Kitchen,Kitchen Tools,9.5,22.989999771118164
FC-West,SKU-HOME-007,2025-01-27,27,5.97,Holt_Winters,23.63,0.0,52.28,Countertop Citrus Juicer Manual Press,Home & Kitchen,Kitchen Tools,9.5,22.989999771118164
FC-West,SKU-HOME-007,2025-01-28,28,6.94,Holt_Winters,23.83,0.0,53.65,Countertop Citrus Juicer Manual Press,Home & Kitchen,Kitchen Tools,9.5,22.989999771118164
FC-West,SKU-HOME-008,2025-01-01,1,68.4,Holt_Winters,17.71,33.69,103.11,Non-Stick 10-Piece Baking Sheet Set,Home & Kitchen,Bakeware,21.0,49.9900016784668
FC-West,SKU-HOME-008,2025-01-02,2,65.36,Holt_Winters,17.97,30.14,100.58,Non-Stick 10-Piece Baking Sheet Set,Home & Kitchen,Bakeware,21.0,49.9900016784668
FC-West,SKU-HOME-008,2025-01-03,3,70.21,Holt_Winters,18.23,34.48,105.94,Non-Stick 10-Piece Baking Sheet Set,Home & Kitchen,Bakeware,21.0,49.9900016784668
FC-West,SKU-HOME-008,2025-01-04,4,74.25,Holt_Winters,18.49,38.01,110.49,Non-Stick 10-Piece Baking Sheet Set,Home & Kitchen,Bakeware,21.0,49.9900016784668
FC-West,SKU-HOME-008,2025-01-05,5,71.69,Holt_Winters,18.74,34.96,108.42,Non-Stick 10-Piece Baking Sheet Set,Home & Kitchen,Bakeware,21.0,49.9900016784668
FC-West,SKU-HOME-008,2025-01-06,6,65.09,Holt_Winters,18.99,27.87,102.31,Non-Stick 10-Piece Baking Sheet Set,Home & Kitchen,Bakeware,21.0,49.9900016784668
FC-West,SKU-HOME-008,2025-01-07,7,63.25,Holt_Winters,19.24,25.54,100.96,Non-Stick 10-Piece Baking Sheet Set,Home & Kitchen,Bakeware,21.0,49.9900016784668
FC-West,SKU-HOME-008,2025-01-08,8,68.85,Holt_Winters,19.48,30.67,107.03,Non-Stick 10-Piece Baking Sheet Set,Home & Kitchen,Bakeware,21.0,49.9900016784668
FC-West,SKU-HOME-008,2025-01-09,9,65.81,Holt_Winters,19.72,27.16,104.46,Non-Stick 10-Piece Baking Sheet Set,Home & Kitchen,Bakeware,21.0,49.9900016784668
FC-West,SKU-HOME-008,2025-01-10,10,70.66,Holt_Winters,19.96,31.54,109.78,Non-Stick 10-Piece Baking Sheet Set,Home & Kitchen,Bakeware,21.0,49.9900016784668
FC-West,SKU-HOME-008,2025-01-11,11,74.7,Holt_Winters,20.19,35.13,114.27,Non-Stick 10-Piece Baking Sheet Set,Home & Kitchen,Bakeware,21.0,49.9900016784668
FC-West,SKU-HOME-008,2025-01-12,12,72.14,Holt_Winters,20.42,32.12,112.16,Non-Stick 10-Piece Baking Sheet Set,Home & Kitchen,Bakeware,21.0,49.9900016784668
FC-West,SKU-HOME-008,2025-01-13,13,65.54,Holt_Winters,20.65,25.07,106.01,Non-Stick 10-Piece Baking Sheet Set,Home & Kitchen,Bakeware,21.0,49.9900016784668
FC-West,SKU-HOME-008,2025-01-14,14,63.7,Holt_Winters,20.88,22.78,104.62,Non-Stick 10-Piece Baking Sheet Set,Home & Kitchen,Bakeware,21.0,49.9900016784668
FC-West,SKU-HOME-008,2025-01-15,15,69.29,Holt_Winters,21.1,27.93,110.65,Non-Stick 10-Piece Baking Sheet Set,Home & Kitchen,Bakeware,21.0,49.9900016784668
FC-West,SKU-HOME-008,2025-01-16,16,66.26,Holt_Winters,21.33,24.45,108.07,Non-Stick 10-Piece Baking Sheet Set,Home & Kitchen,Bakeware,21.0,49.9900016784668
FC-West,SKU-HOME-008,2025-01-17,17,71.11,Holt_Winters,21.55,28.87,113.35,Non-Stick 10-Piece Baking Sheet Set,Home & Kitchen,Bakeware,21.0,49.9900016784668
FC-West,SKU-HOME-008,2025-01-18,18,75.15,Holt_Winters,21.76,32.5,117.8,Non-Stick 10-Piece Baking Sheet Set,Home & Kitchen,Bakeware,21.0,49.9900016784668
FC-West,SKU-HOME-008,2025-01-19,19,72.59,Holt_Winters,21.98,29.51,115.67,Non-Stick 10-Piece Baking Sheet Set,Home & Kitchen,Bakeware,21.0,49.9900016784668
FC-West,SKU-HOME-008,2025-01-20,20,65.98,Holt_Winters,22.19,22.49,109.47,Non-Stick 10-Piece Baking Sheet Set,Home & Kitchen,Bakeware,21.0,49.9900016784668
FC-West,SKU-HOME-008,2025-01-21,21,64.15,Holt_Winters,22.4,20.25,108.05,Non-Stick 10-Piece Baking Sheet Set,Home & Kitchen,Bakeware,21.0,49.9900016784668
FC-West,SKU-HOME-008,2025-01-22,22,69.74,Holt_Winters,22.61,25.42,114.06,Non-Stick 10-Piece Baking Sheet Set,Home & Kitchen,Bakeware,21.0,49.9900016784668
FC-West,SKU-HOME-008,2025-01-23,23,66.7,Holt_Winters,22.82,21.97,111.43,Non-Stick 10-Piece Baking Sheet Set,Home & Kitchen,Bakeware,21.0,49.9900016784668
FC-West,SKU-HOME-008,2025-01-24,24,71.56,Holt_Winters,23.02,26.44,116.68,Non-Stick 10-Piece Baking Sheet Set,Home & Kitchen,Bakeware,21.0,49.9900016784668
FC-West,SKU-HOME-008,2025-01-25,25,75.6,Holt_Winters,23.23,30.07,121.13,Non-Stick 10-Piece Baking Sheet Set,Home & Kitchen,Bakeware,21.0,49.9900016784668
FC-West,SKU-HOME-008,2025-01-26,26,73.03,Holt_Winters,23.43,27.11,118.95,Non-Stick 10-Piece Baking Sheet Set,Home & Kitchen,Bakeware,21.0,49.9900016784668
FC-West,SKU-HOME-008,2025-01-27,27,66.43,Holt_Winters,23.63,20.12,112.74,Non-Stick 10-Piece Baking Sheet Set,Home & Kitchen,Bakeware,21.0,49.9900016784668
FC-West,SKU-HOME-008,2025-01-28,28,64.6,Holt_Winters,23.83,17.89,111.31,Non-Stick 10-Piece Baking Sheet Set,Home & Kitchen,Bakeware,21.0,49.9900016784668
FC-West,SKU-HOME-009,2025-01-01,1,2.47,Holt_Winters,17.71,0.0,37.18,Commercial Heavy Duty Stand Mixer Motor Assembly,Home & Kitchen,Spare Parts,68.0,159.0
FC-West,SKU-HOME-009,2025-01-02,2,2.36,Holt_Winters,17.97,0.0,37.58,Commercial Heavy Duty Stand Mixer Motor Assembly,Home & Kitchen,Spare Parts,68.0,159.0
FC-West,SKU-HOME-009,2025-01-03,3,1.72,Holt_Winters,18.23,0.0,37.45,Commercial Heavy Duty Stand Mixer Motor Assembly,Home & Kitchen,Spare Parts,68.0,159.0
FC-West,SKU-HOME-009,2025-01-04,4,2.49,Holt_Winters,18.49,0.0,38.73,Commercial Heavy Duty Stand Mixer Motor Assembly,Home & Kitchen,Spare Parts,68.0,159.0
FC-West,SKU-HOME-009,2025-01-05,5,2.19,Holt_Winters,18.74,0.0,38.92,Commercial Heavy Duty Stand Mixer Motor Assembly,Home & Kitchen,Spare Parts,68.0,159.0
FC-West,SKU-HOME-009,2025-01-06,6,2.34,Holt_Winters,18.99,0.0,39.56,Commercial Heavy Duty Stand Mixer Motor Assembly,Home & Kitchen,Spare Parts,68.0,159.0
FC-West,SKU-HOME-009,2025-01-07,7,2.16,Holt_Winters,19.24,0.0,39.87,Commercial Heavy Duty Stand Mixer Motor Assembly,Home & Kitchen,Spare Parts,68.0,159.0
FC-West,SKU-HOME-009,2025-01-08,8,2.47,Holt_Winters,19.48,0.0,40.65,Commercial Heavy Duty Stand Mixer Motor Assembly,Home & Kitchen,Spare Parts,68.0,159.0
FC-West,SKU-HOME-009,2025-01-09,9,2.36,Holt_Winters,19.72,0.0,41.01,Commercial Heavy Duty Stand Mixer Motor Assembly,Home & Kitchen,Spare Parts,68.0,159.0
FC-West,SKU-HOME-009,2025-01-10,10,1.71,Holt_Winters,19.96,0.0,40.83,Commercial Heavy Duty Stand Mixer Motor Assembly,Home & Kitchen,Spare Parts,68.0,159.0
FC-West,SKU-HOME-009,2025-01-11,11,2.49,Holt_Winters,20.19,0.0,42.06,Commercial Heavy Duty Stand Mixer Motor Assembly,Home & Kitchen,Spare Parts,68.0,159.0
FC-West,SKU-HOME-009,2025-01-12,12,2.18,Holt_Winters,20.42,0.0,42.2,Commercial Heavy Duty Stand Mixer Motor Assembly,Home & Kitchen,Spare Parts,68.0,159.0
FC-West,SKU-HOME-009,2025-01-13,13,2.34,Holt_Winters,20.65,0.0,42.81,Commercial Heavy Duty Stand Mixer Motor Assembly,Home & Kitchen,Spare Parts,68.0,159.0
FC-West,SKU-HOME-009,2025-01-14,14,2.16,Holt_Winters,20.88,0.0,43.08,Commercial Heavy Duty Stand Mixer Motor Assembly,Home & Kitchen,Spare Parts,68.0,159.0
FC-West,SKU-HOME-009,2025-01-15,15,2.47,Holt_Winters,21.1,0.0,43.83,Commercial Heavy Duty Stand Mixer Motor Assembly,Home & Kitchen,Spare Parts,68.0,159.0
FC-West,SKU-HOME-009,2025-01-16,16,2.35,Holt_Winters,21.33,0.0,44.16,Commercial Heavy Duty Stand Mixer Motor Assembly,Home & Kitchen,Spare Parts,68.0,159.0
FC-West,SKU-HOME-009,2025-01-17,17,1.71,Holt_Winters,21.55,0.0,43.95,Commercial Heavy Duty Stand Mixer Motor Assembly,Home & Kitchen,Spare Parts,68.0,159.0
FC-West,SKU-HOME-009,2025-01-18,18,2.49,Holt_Winters,21.76,0.0,45.14,Commercial Heavy Duty Stand Mixer Motor Assembly,Home & Kitchen,Spare Parts,68.0,159.0
FC-West,SKU-HOME-009,2025-01-19,19,2.18,Holt_Winters,21.98,0.0,45.26,Commercial Heavy Duty Stand Mixer Motor Assembly,Home & Kitchen,Spare Parts,68.0,159.0
FC-West,SKU-HOME-009,2025-01-20,20,2.33,Holt_Winters,22.19,0.0,45.82,Commercial Heavy Duty Stand Mixer Motor Assembly,Home & Kitchen,Spare Parts,68.0,159.0
FC-West,SKU-HOME-009,2025-01-21,21,2.16,Holt_Winters,22.4,0.0,46.06,Commercial Heavy Duty Stand Mixer Motor Assembly,Home & Kitchen,Spare Parts,68.0,159.0
FC-West,SKU-HOME-009,2025-01-22,22,2.46,Holt_Winters,22.61,0.0,46.78,Commercial Heavy Duty Stand Mixer Motor Assembly,Home & Kitchen,Spare Parts,68.0,159.0
FC-West,SKU-HOME-009,2025-01-23,23,2.35,Holt_Winters,22.82,0.0,47.08,Commercial Heavy Duty Stand Mixer Motor Assembly,Home & Kitchen,Spare Parts,68.0,159.0
FC-West,SKU-HOME-009,2025-01-24,24,1.71,Holt_Winters,23.02,0.0,46.83,Commercial Heavy Duty Stand Mixer Motor Assembly,Home & Kitchen,Spare Parts,68.0,159.0
FC-West,SKU-HOME-009,2025-01-25,25,2.49,Holt_Winters,23.23,0.0,48.02,Commercial Heavy Duty Stand Mixer Motor Assembly,Home & Kitchen,Spare Parts,68.0,159.0
FC-West,SKU-HOME-009,2025-01-26,26,2.18,Holt_Winters,23.43,0.0,48.1,Commercial Heavy Duty Stand Mixer Motor Assembly,Home & Kitchen,Spare Parts,68.0,159.0
FC-West,SKU-HOME-009,2025-01-27,27,2.33,Holt_Winters,23.63,0.0,48.64,Commercial Heavy Duty Stand Mixer Motor Assembly,Home & Kitchen,Spare Parts,68.0,159.0
FC-West,SKU-HOME-009,2025-01-28,28,2.16,Holt_Winters,23.83,0.0,48.87,Commercial Heavy Duty Stand Mixer Motor Assembly,Home & Kitchen,Spare Parts,68.0,159.0
FC-West,SKU-HOME-010,2025-01-01,1,11.11,Holt_Winters,17.71,0.0,45.82,Automatic Touchless Stainless Trash Can 13 Gal,Home & Kitchen,Waste & Storage,33.0,74.98999786376953
FC-West,SKU-HOME-010,2025-01-02,2,12.29,Holt_Winters,17.97,0.0,47.51,Automatic Touchless Stainless Trash Can 13 Gal,Home & Kitchen,Waste & Storage,33.0,74.98999786376953
FC-West,SKU-HOME-010,2025-01-03,3,13.14,Holt_Winters,18.23,0.0,48.87,Automatic Touchless Stainless Trash Can 13 Gal,Home & Kitchen,Waste & Storage,33.0,74.98999786376953
FC-West,SKU-HOME-010,2025-01-04,4,15.13,Holt_Winters,18.49,0.0,51.37,Automatic Touchless Stainless Trash Can 13 Gal,Home & Kitchen,Waste & Storage,33.0,74.98999786376953
FC-West,SKU-HOME-010,2025-01-05,5,13.08,Holt_Winters,18.74,0.0,49.81,Automatic Touchless Stainless Trash Can 13 Gal,Home & Kitchen,Waste & Storage,33.0,74.98999786376953
FC-West,SKU-HOME-010,2025-01-06,6,10.99,Holt_Winters,18.99,0.0,48.21,Automatic Touchless Stainless Trash Can 13 Gal,Home & Kitchen,Waste & Storage,33.0,74.98999786376953
FC-West,SKU-HOME-010,2025-01-07,7,10.67,Holt_Winters,19.24,0.0,48.38,Automatic Touchless Stainless Trash Can 13 Gal,Home & Kitchen,Waste & Storage,33.0,74.98999786376953
FC-West,SKU-HOME-010,2025-01-08,8,11.1,Holt_Winters,19.48,0.0,49.28,Automatic Touchless Stainless Trash Can 13 Gal,Home & Kitchen,Waste & Storage,33.0,74.98999786376953
FC-West,SKU-HOME-010,2025-01-09,9,12.28,Holt_Winters,19.72,0.0,50.93,Automatic Touchless Stainless Trash Can 13 Gal,Home & Kitchen,Waste & Storage,33.0,74.98999786376953
FC-West,SKU-HOME-010,2025-01-10,10,13.13,Holt_Winters,19.96,0.0,52.25,Automatic Touchless Stainless Trash Can 13 Gal,Home & Kitchen,Waste & Storage,33.0,74.98999786376953
FC-West,SKU-HOME-010,2025-01-11,11,15.12,Holt_Winters,20.19,0.0,54.69,Automatic Touchless Stainless Trash Can 13 Gal,Home & Kitchen,Waste & Storage,33.0,74.98999786376953
FC-West,SKU-HOME-010,2025-01-12,12,13.08,Holt_Winters,20.42,0.0,53.1,Automatic Touchless Stainless Trash Can 13 Gal,Home & Kitchen,Waste & Storage,33.0,74.98999786376953
FC-West,SKU-HOME-010,2025-01-13,13,10.98,Holt_Winters,20.65,0.0,51.45,Automatic Touchless Stainless Trash Can 13 Gal,Home & Kitchen,Waste & Storage,33.0,74.98999786376953
FC-West,SKU-HOME-010,2025-01-14,14,10.66,Holt_Winters,20.88,0.0,51.58,Automatic Touchless Stainless Trash Can 13 Gal,Home & Kitchen,Waste & Storage,33.0,74.98999786376953
FC-West,SKU-HOME-010,2025-01-15,15,11.1,Holt_Winters,21.1,0.0,52.46,Automatic Touchless Stainless Trash Can 13 Gal,Home & Kitchen,Waste & Storage,33.0,74.98999786376953
FC-West,SKU-HOME-010,2025-01-16,16,12.28,Holt_Winters,21.33,0.0,54.09,Automatic Touchless Stainless Trash Can 13 Gal,Home & Kitchen,Waste & Storage,33.0,74.98999786376953
FC-West,SKU-HOME-010,2025-01-17,17,13.13,Holt_Winters,21.55,0.0,55.37,Automatic Touchless Stainless Trash Can 13 Gal,Home & Kitchen,Waste & Storage,33.0,74.98999786376953
FC-West,SKU-HOME-010,2025-01-18,18,15.11,Holt_Winters,21.76,0.0,57.76,Automatic Touchless Stainless Trash Can 13 Gal,Home & Kitchen,Waste & Storage,33.0,74.98999786376953
FC-West,SKU-HOME-010,2025-01-19,19,13.07,Holt_Winters,21.98,0.0,56.15,Automatic Touchless Stainless Trash Can 13 Gal,Home & Kitchen,Waste & Storage,33.0,74.98999786376953
FC-West,SKU-HOME-010,2025-01-20,20,10.98,Holt_Winters,22.19,0.0,54.47,Automatic Touchless Stainless Trash Can 13 Gal,Home & Kitchen,Waste & Storage,33.0,74.98999786376953
FC-West,SKU-HOME-010,2025-01-21,21,10.66,Holt_Winters,22.4,0.0,54.56,Automatic Touchless Stainless Trash Can 13 Gal,Home & Kitchen,Waste & Storage,33.0,74.98999786376953
FC-West,SKU-HOME-010,2025-01-22,22,11.09,Holt_Winters,22.61,0.0,55.41,Automatic Touchless Stainless Trash Can 13 Gal,Home & Kitchen,Waste & Storage,33.0,74.98999786376953
FC-West,SKU-HOME-010,2025-01-23,23,12.27,Holt_Winters,22.82,0.0,57.0,Automatic Touchless Stainless Trash Can 13 Gal,Home & Kitchen,Waste & Storage,33.0,74.98999786376953
FC-West,SKU-HOME-010,2025-01-24,24,13.12,Holt_Winters,23.02,0.0,58.24,Automatic Touchless Stainless Trash Can 13 Gal,Home & Kitchen,Waste & Storage,33.0,74.98999786376953
FC-West,SKU-HOME-010,2025-01-25,25,15.11,Holt_Winters,23.23,0.0,60.64,Automatic Touchless Stainless Trash Can 13 Gal,Home & Kitchen,Waste & Storage,33.0,74.98999786376953
FC-West,SKU-HOME-010,2025-01-26,26,13.06,Holt_Winters,23.43,0.0,58.98,Automatic Touchless Stainless Trash Can 13 Gal,Home & Kitchen,Waste & Storage,33.0,74.98999786376953
FC-West,SKU-HOME-010,2025-01-27,27,10.97,Holt_Winters,23.63,0.0,57.28,Automatic Touchless Stainless Trash Can 13 Gal,Home & Kitchen,Waste & Storage,33.0,74.98999786376953
FC-West,SKU-HOME-010,2025-01-28,28,10.65,Holt_Winters,23.83,0.0,57.36,Automatic Touchless Stainless Trash Can 13 Gal,Home & Kitchen,Waste & Storage,33.0,74.98999786376953
FC-Central,SKU-APPR-001,2025-01-01,1,42.0,Holt_Winters,17.71,7.29,76.71,Men's Classic Cotton Crewneck T-Shirt 3-Pack,Apparel,Basics,10.5,27.989999771118164
FC-Central,SKU-APPR-001,2025-01-02,2,41.94,Holt_Winters,17.97,6.72,77.16,Men's Classic Cotton Crewneck T-Shirt 3-Pack,Apparel,Basics,10.5,27.989999771118164
FC-Central,SKU-APPR-001,2025-01-03,3,49.99,Holt_Winters,18.23,14.26,85.72,Men's Classic Cotton Crewneck T-Shirt 3-Pack,Apparel,Basics,10.5,27.989999771118164
FC-Central,SKU-APPR-001,2025-01-04,4,56.24,Holt_Winters,18.49,20.0,92.48,Men's Classic Cotton Crewneck T-Shirt 3-Pack,Apparel,Basics,10.5,27.989999771118164
FC-Central,SKU-APPR-001,2025-01-05,5,51.4,Holt_Winters,18.74,14.67,88.13,Men's Classic Cotton Crewneck T-Shirt 3-Pack,Apparel,Basics,10.5,27.989999771118164
FC-Central,SKU-APPR-001,2025-01-06,6,40.02,Holt_Winters,18.99,2.8,77.24,Men's Classic Cotton Crewneck T-Shirt 3-Pack,Apparel,Basics,10.5,27.989999771118164
FC-Central,SKU-APPR-001,2025-01-07,7,39.74,Holt_Winters,19.24,2.03,77.45,Men's Classic Cotton Crewneck T-Shirt 3-Pack,Apparel,Basics,10.5,27.989999771118164
FC-Central,SKU-APPR-001,2025-01-08,8,42.01,Holt_Winters,19.48,3.83,80.19,Men's Classic Cotton Crewneck T-Shirt 3-Pack,Apparel,Basics,10.5,27.989999771118164
FC-Central,SKU-APPR-001,2025-01-09,9,41.96,Holt_Winters,19.72,3.31,80.61,Men's Classic Cotton Crewneck T-Shirt 3-Pack,Apparel,Basics,10.5,27.989999771118164
FC-Central,SKU-APPR-001,2025-01-10,10,50.01,Holt_Winters,19.96,10.89,89.13,Men's Classic Cotton Crewneck T-Shirt 3-Pack,Apparel,Basics,10.5,27.989999771118164
FC-Central,SKU-APPR-001,2025-01-11,11,56.26,Holt_Winters,20.19,16.69,95.83,Men's Classic Cotton Crewneck T-Shirt 3-Pack,Apparel,Basics,10.5,27.989999771118164
FC-Central,SKU-APPR-001,2025-01-12,12,51.41,Holt_Winters,20.42,11.39,91.43,Men's Classic Cotton Crewneck T-Shirt 3-Pack,Apparel,Basics,10.5,27.989999771118164
FC-Central,SKU-APPR-001,2025-01-13,13,40.03,Holt_Winters,20.65,0.0,80.5,Men's Classic Cotton Crewneck T-Shirt 3-Pack,Apparel,Basics,10.5,27.989999771118164
FC-Central,SKU-APPR-001,2025-01-14,14,39.75,Holt_Winters,20.88,0.0,80.67,Men's Classic Cotton Crewneck T-Shirt 3-Pack,Apparel,Basics,10.5,27.989999771118164
FC-Central,SKU-APPR-001,2025-01-15,15,42.03,Holt_Winters,21.1,0.67,83.39,Men's Classic Cotton Crewneck T-Shirt 3-Pack,Apparel,Basics,10.5,27.989999771118164
FC-Central,SKU-APPR-001,2025-01-16,16,41.97,Holt_Winters,21.33,0.16,83.78,Men's Classic Cotton Crewneck T-Shirt 3-Pack,Apparel,Basics,10.5,27.989999771118164
FC-Central,SKU-APPR-001,2025-01-17,17,50.02,Holt_Winters,21.55,7.78,92.26,Men's Classic Cotton Crewneck T-Shirt 3-Pack,Apparel,Basics,10.5,27.989999771118164
FC-Central,SKU-APPR-001,2025-01-18,18,56.27,Holt_Winters,21.76,13.62,98.92,Men's Classic Cotton Crewneck T-Shirt 3-Pack,Apparel,Basics,10.5,27.989999771118164
FC-Central,SKU-APPR-001,2025-01-19,19,51.42,Holt_Winters,21.98,8.34,94.5,Men's Classic Cotton Crewneck T-Shirt 3-Pack,Apparel,Basics,10.5,27.989999771118164
FC-Central,SKU-APPR-001,2025-01-20,20,40.04,Holt_Winters,22.19,0.0,83.53,Men's Classic Cotton Crewneck T-Shirt 3-Pack,Apparel,Basics,10.5,27.989999771118164
FC-Central,SKU-APPR-001,2025-01-21,21,39.77,Holt_Winters,22.4,0.0,83.67,Men's Classic Cotton Crewneck T-Shirt 3-Pack,Apparel,Basics,10.5,27.989999771118164
FC-Central,SKU-APPR-001,2025-01-22,22,42.04,Holt_Winters,22.61,0.0,86.36,Men's Classic Cotton Crewneck T-Shirt 3-Pack,Apparel,Basics,10.5,27.989999771118164
FC-Central,SKU-APPR-001,2025-01-23,23,41.98,Holt_Winters,22.82,0.0,86.71,Men's Classic Cotton Crewneck T-Shirt 3-Pack,Apparel,Basics,10.5,27.989999771118164
FC-Central,SKU-APPR-001,2025-01-24,24,50.03,Holt_Winters,23.02,4.91,95.15,Men's Classic Cotton Crewneck T-Shirt 3-Pack,Apparel,Basics,10.5,27.989999771118164
FC-Central,SKU-APPR-001,2025-01-25,25,56.28,Holt_Winters,23.23,10.75,101.81,Men's Classic Cotton Crewneck T-Shirt 3-Pack,Apparel,Basics,10.5,27.989999771118164
FC-Central,SKU-APPR-001,2025-01-26,26,51.44,Holt_Winters,23.43,5.52,97.36,Men's Classic Cotton Crewneck T-Shirt 3-Pack,Apparel,Basics,10.5,27.989999771118164
FC-Central,SKU-APPR-001,2025-01-27,27,40.06,Holt_Winters,23.63,0.0,86.37,Men's Classic Cotton Crewneck T-Shirt 3-Pack,Apparel,Basics,10.5,27.989999771118164
FC-Central,SKU-APPR-001,2025-01-28,28,39.78,Holt_Winters,23.83,0.0,86.49,Men's Classic Cotton Crewneck T-Shirt 3-Pack,Apparel,Basics,10.5,27.989999771118164
FC-Central,SKU-APPR-002,2025-01-01,1,48.25,Holt_Winters,17.71,13.54,82.96,Down-Alternative Insulated Winter Puffer Jacket,Apparel,Outerwear,62.0,149.99000549316406
FC-Central,SKU-APPR-002,2025-01-02,2,52.42,Holt_Winters,17.97,17.2,87.64,Down-Alternative Insulated Winter Puffer Jacket,Apparel,Outerwear,62.0,149.99000549316406
FC-Central,SKU-APPR-002,2025-01-03,3,56.56,Holt_Winters,18.23,20.83,92.29,Down-Alternative Insulated Winter Puffer Jacket,Apparel,Outerwear,62.0,149.99000549316406
FC-Central,SKU-APPR-002,2025-01-04,4,60.64,Holt_Winters,18.49,24.4,96.88,Down-Alternative Insulated Winter Puffer Jacket,Apparel,Outerwear,62.0,149.99000549316406
FC-Central,SKU-APPR-002,2025-01-05,5,59.03,Holt_Winters,18.74,22.3,95.76,Down-Alternative Insulated Winter Puffer Jacket,Apparel,Outerwear,62.0,149.99000549316406
FC-Central,SKU-APPR-002,2025-01-06,6,50.03,Holt_Winters,18.99,12.81,87.25,Down-Alternative Insulated Winter Puffer Jacket,Apparel,Outerwear,62.0,149.99000549316406
FC-Central,SKU-APPR-002,2025-01-07,7,51.85,Holt_Winters,19.24,14.14,89.56,Down-Alternative Insulated Winter Puffer Jacket,Apparel,Outerwear,62.0,149.99000549316406
FC-Central,SKU-APPR-002,2025-01-08,8,48.39,Holt_Winters,19.48,10.21,86.57,Down-Alternative Insulated Winter Puffer Jacket,Apparel,Outerwear,62.0,149.99000549316406
FC-Central,SKU-APPR-002,2025-01-09,9,52.56,Holt_Winters,19.72,13.91,91.21,Down-Alternative Insulated Winter Puffer Jacket,Apparel,Outerwear,62.0,149.99000549316406
FC-Central,SKU-APPR-002,2025-01-10,10,56.7,Holt_Winters,19.96,17.58,95.82,Down-Alternative Insulated Winter Puffer Jacket,Apparel,Outerwear,62.0,149.99000549316406
FC-Central,SKU-APPR-002,2025-01-11,11,60.77,Holt_Winters,20.19,21.2,100.34,Down-Alternative Insulated Winter Puffer Jacket,Apparel,Outerwear,62.0,149.99000549316406
FC-Central,SKU-APPR-002,2025-01-12,12,59.16,Holt_Winters,20.42,19.14,99.18,Down-Alternative Insulated Winter Puffer Jacket,Apparel,Outerwear,62.0,149.99000549316406
FC-Central,SKU-APPR-002,2025-01-13,13,50.17,Holt_Winters,20.65,9.7,90.64,Down-Alternative Insulated Winter Puffer Jacket,Apparel,Outerwear,62.0,149.99000549316406
FC-Central,SKU-APPR-002,2025-01-14,14,51.98,Holt_Winters,20.88,11.06,92.9,Down-Alternative Insulated Winter Puffer Jacket,Apparel,Outerwear,62.0,149.99000549316406
FC-Central,SKU-APPR-002,2025-01-15,15,48.52,Holt_Winters,21.1,7.16,89.88,Down-Alternative Insulated Winter Puffer Jacket,Apparel,Outerwear,62.0,149.99000549316406
FC-Central,SKU-APPR-002,2025-01-16,16,52.69,Holt_Winters,21.33,10.88,94.5,Down-Alternative Insulated Winter Puffer Jacket,Apparel,Outerwear,62.0,149.99000549316406
FC-Central,SKU-APPR-002,2025-01-17,17,56.83,Holt_Winters,21.55,14.59,99.07,Down-Alternative Insulated Winter Puffer Jacket,Apparel,Outerwear,62.0,149.99000549316406
FC-Central,SKU-APPR-002,2025-01-18,18,60.91,Holt_Winters,21.76,18.26,103.56,Down-Alternative Insulated Winter Puffer Jacket,Apparel,Outerwear,62.0,149.99000549316406
FC-Central,SKU-APPR-002,2025-01-19,19,59.29,Holt_Winters,21.98,16.21,102.37,Down-Alternative Insulated Winter Puffer Jacket,Apparel,Outerwear,62.0,149.99000549316406
FC-Central,SKU-APPR-002,2025-01-20,20,50.3,Holt_Winters,22.19,6.81,93.79,Down-Alternative Insulated Winter Puffer Jacket,Apparel,Outerwear,62.0,149.99000549316406
FC-Central,SKU-APPR-002,2025-01-21,21,52.12,Holt_Winters,22.4,8.22,96.02,Down-Alternative Insulated Winter Puffer Jacket,Apparel,Outerwear,62.0,149.99000549316406
FC-Central,SKU-APPR-002,2025-01-22,22,48.66,Holt_Winters,22.61,4.34,92.98,Down-Alternative Insulated Winter Puffer Jacket,Apparel,Outerwear,62.0,149.99000549316406
FC-Central,SKU-APPR-002,2025-01-23,23,52.83,Holt_Winters,22.82,8.1,97.56,Down-Alternative Insulated Winter Puffer Jacket,Apparel,Outerwear,62.0,149.99000549316406
FC-Central,SKU-APPR-002,2025-01-24,24,56.97,Holt_Winters,23.02,11.85,102.09,Down-Alternative Insulated Winter Puffer Jacket,Apparel,Outerwear,62.0,149.99000549316406
FC-Central,SKU-APPR-002,2025-01-25,25,61.04,Holt_Winters,23.23,15.51,106.57,Down-Alternative Insulated Winter Puffer Jacket,Apparel,Outerwear,62.0,149.99000549316406
FC-Central,SKU-APPR-002,2025-01-26,26,59.43,Holt_Winters,23.43,13.51,105.35,Down-Alternative Insulated Winter Puffer Jacket,Apparel,Outerwear,62.0,149.99000549316406
FC-Central,SKU-APPR-002,2025-01-27,27,50.44,Holt_Winters,23.63,4.13,96.75,Down-Alternative Insulated Winter Puffer Jacket,Apparel,Outerwear,62.0,149.99000549316406
FC-Central,SKU-APPR-002,2025-01-28,28,52.25,Holt_Winters,23.83,5.54,98.96,Down-Alternative Insulated Winter Puffer Jacket,Apparel,Outerwear,62.0,149.99000549316406
FC-Central,SKU-APPR-003,2025-01-01,1,26.44,Holt_Winters,17.71,0.0,61.15,Breathable Quick-Dry Athletic Shorts,Apparel,Sportswear,11.2,29.989999771118164
FC-Central,SKU-APPR-003,2025-01-02,2,32.12,Holt_Winters,17.97,0.0,67.34,Breathable Quick-Dry Athletic Shorts,Apparel,Sportswear,11.2,29.989999771118164
FC-Central,SKU-APPR-003,2025-01-03,3,35.32,Holt_Winters,18.23,0.0,71.05,Breathable Quick-Dry Athletic Shorts,Apparel,Sportswear,11.2,29.989999771118164
FC-Central,SKU-APPR-003,2025-01-04,4,41.62,Holt_Winters,18.49,5.38,77.86,Breathable Quick-Dry Athletic Shorts,Apparel,Sportswear,11.2,29.989999771118164
FC-Central,SKU-APPR-003,2025-01-05,5,38.75,Holt_Winters,18.74,2.02,75.48,Breathable Quick-Dry Athletic Shorts,Apparel,Sportswear,11.2,29.989999771118164
FC-Central,SKU-APPR-003,2025-01-06,6,25.64,Holt_Winters,18.99,0.0,62.86,Breathable Quick-Dry Athletic Shorts,Apparel,Sportswear,11.2,29.989999771118164
FC-Central,SKU-APPR-003,2025-01-07,7,29.27,Holt_Winters,19.24,0.0,66.98,Breathable Quick-Dry Athletic Shorts,Apparel,Sportswear,11.2,29.989999771118164
FC-Central,SKU-APPR-003,2025-01-08,8,27.38,Holt_Winters,19.48,0.0,65.56,Breathable Quick-Dry Athletic Shorts,Apparel,Sportswear,11.2,29.989999771118164
FC-Central,SKU-APPR-003,2025-01-09,9,33.06,Holt_Winters,19.72,0.0,71.71,Breathable Quick-Dry Athletic Shorts,Apparel,Sportswear,11.2,29.989999771118164
FC-Central,SKU-APPR-003,2025-01-10,10,36.26,Holt_Winters,19.96,0.0,75.38,Breathable Quick-Dry Athletic Shorts,Apparel,Sportswear,11.2,29.989999771118164
FC-Central,SKU-APPR-003,2025-01-11,11,42.56,Holt_Winters,20.19,2.99,82.13,Breathable Quick-Dry Athletic Shorts,Apparel,Sportswear,11.2,29.989999771118164
FC-Central,SKU-APPR-003,2025-01-12,12,39.69,Holt_Winters,20.42,0.0,79.71,Breathable Quick-Dry Athletic Shorts,Apparel,Sportswear,11.2,29.989999771118164
FC-Central,SKU-APPR-003,2025-01-13,13,26.58,Holt_Winters,20.65,0.0,67.05,Breathable Quick-Dry Athletic Shorts,Apparel,Sportswear,11.2,29.989999771118164
FC-Central,SKU-APPR-003,2025-01-14,14,30.21,Holt_Winters,20.88,0.0,71.13,Breathable Quick-Dry Athletic Shorts,Apparel,Sportswear,11.2,29.989999771118164
FC-Central,SKU-APPR-003,2025-01-15,15,28.32,Holt_Winters,21.1,0.0,69.68,Breathable Quick-Dry Athletic Shorts,Apparel,Sportswear,11.2,29.989999771118164
FC-Central,SKU-APPR-003,2025-01-16,16,34.0,Holt_Winters,21.33,0.0,75.81,Breathable Quick-Dry Athletic Shorts,Apparel,Sportswear,11.2,29.989999771118164
FC-Central,SKU-APPR-003,2025-01-17,17,37.2,Holt_Winters,21.55,0.0,79.44,Breathable Quick-Dry Athletic Shorts,Apparel,Sportswear,11.2,29.989999771118164
FC-Central,SKU-APPR-003,2025-01-18,18,43.5,Holt_Winters,21.76,0.85,86.15,Breathable Quick-Dry Athletic Shorts,Apparel,Sportswear,11.2,29.989999771118164
FC-Central,SKU-APPR-003,2025-01-19,19,40.63,Holt_Winters,21.98,0.0,83.71,Breathable Quick-Dry Athletic Shorts,Apparel,Sportswear,11.2,29.989999771118164
FC-Central,SKU-APPR-003,2025-01-20,20,27.52,Holt_Winters,22.19,0.0,71.01,Breathable Quick-Dry Athletic Shorts,Apparel,Sportswear,11.2,29.989999771118164
FC-Central,SKU-APPR-003,2025-01-21,21,31.15,Holt_Winters,22.4,0.0,75.05,Breathable Quick-Dry Athletic Shorts,Apparel,Sportswear,11.2,29.989999771118164
FC-Central,SKU-APPR-003,2025-01-22,22,29.27,Holt_Winters,22.61,0.0,73.59,Breathable Quick-Dry Athletic Shorts,Apparel,Sportswear,11.2,29.989999771118164
FC-Central,SKU-APPR-003,2025-01-23,23,34.94,Holt_Winters,22.82,0.0,79.67,Breathable Quick-Dry Athletic Shorts,Apparel,Sportswear,11.2,29.989999771118164
FC-Central,SKU-APPR-003,2025-01-24,24,38.14,Holt_Winters,23.02,0.0,83.26,Breathable Quick-Dry Athletic Shorts,Apparel,Sportswear,11.2,29.989999771118164
FC-Central,SKU-APPR-003,2025-01-25,25,44.44,Holt_Winters,23.23,0.0,89.97,Breathable Quick-Dry Athletic Shorts,Apparel,Sportswear,11.2,29.989999771118164
FC-Central,SKU-APPR-003,2025-01-26,26,41.57,Holt_Winters,23.43,0.0,87.49,Breathable Quick-Dry Athletic Shorts,Apparel,Sportswear,11.2,29.989999771118164
FC-Central,SKU-APPR-003,2025-01-27,27,28.46,Holt_Winters,23.63,0.0,74.77,Breathable Quick-Dry Athletic Shorts,Apparel,Sportswear,11.2,29.989999771118164
FC-Central,SKU-APPR-003,2025-01-28,28,32.1,Holt_Winters,23.83,0.0,78.81,Breathable Quick-Dry Athletic Shorts,Apparel,Sportswear,11.2,29.989999771118164
FC-Central,SKU-APPR-004,2025-01-01,1,51.07,Holt_Winters,17.71,16.36,85.78,Seamless Moisture-Wicking Merino Wool Running Socks,Apparel,Accessories,6.1,16.989999771118164
FC-Central,SKU-APPR-004,2025-01-02,2,51.55,Holt_Winters,17.97,16.33,86.77,Seamless Moisture-Wicking Merino Wool Running Socks,Apparel,Accessories,6.1,16.989999771118164
FC-Central,SKU-APPR-004,2025-01-03,3,59.29,Holt_Winters,18.23,23.56,95.02,Seamless Moisture-Wicking Merino Wool Running Socks,Apparel,Accessories,6.1,16.989999771118164
FC-Central,SKU-APPR-004,2025-01-04,4,66.63,Holt_Winters,18.49,30.39,102.87,Seamless Moisture-Wicking Merino Wool Running Socks,Apparel,Accessories,6.1,16.989999771118164
FC-Central,SKU-APPR-004,2025-01-05,5,60.09,Holt_Winters,18.74,23.36,96.82,Seamless Moisture-Wicking Merino Wool Running Socks,Apparel,Accessories,6.1,16.989999771118164
FC-Central,SKU-APPR-004,2025-01-06,6,48.53,Holt_Winters,18.99,11.31,85.75,Seamless Moisture-Wicking Merino Wool Running Socks,Apparel,Accessories,6.1,16.989999771118164
FC-Central,SKU-APPR-004,2025-01-07,7,48.5,Holt_Winters,19.24,10.79,86.21,Seamless Moisture-Wicking Merino Wool Running Socks,Apparel,Accessories,6.1,16.989999771118164
FC-Central,SKU-APPR-004,2025-01-08,8,51.24,Holt_Winters,19.48,13.06,89.42,Seamless Moisture-Wicking Merino Wool Running Socks,Apparel,Accessories,6.1,16.989999771118164
FC-Central,SKU-APPR-004,2025-01-09,9,51.72,Holt_Winters,19.72,13.07,90.37,Seamless Moisture-Wicking Merino Wool Running Socks,Apparel,Accessories,6.1,16.989999771118164
FC-Central,SKU-APPR-004,2025-01-10,10,59.46,Holt_Winters,19.96,20.34,98.58,Seamless Moisture-Wicking Merino Wool Running Socks,Apparel,Accessories,6.1,16.989999771118164
FC-Central,SKU-APPR-004,2025-01-11,11,66.8,Holt_Winters,20.19,27.23,106.37,Seamless Moisture-Wicking Merino Wool Running Socks,Apparel,Accessories,6.1,16.989999771118164
FC-Central,SKU-APPR-004,2025-01-12,12,60.26,Holt_Winters,20.42,20.24,100.28,Seamless Moisture-Wicking Merino Wool Running Socks,Apparel,Accessories,6.1,16.989999771118164
FC-Central,SKU-APPR-004,2025-01-13,13,48.7,Holt_Winters,20.65,8.23,89.17,Seamless Moisture-Wicking Merino Wool Running Socks,Apparel,Accessories,6.1,16.989999771118164
FC-Central,SKU-APPR-004,2025-01-14,14,48.67,Holt_Winters,20.88,7.75,89.59,Seamless Moisture-Wicking Merino Wool Running Socks,Apparel,Accessories,6.1,16.989999771118164
FC-Central,SKU-APPR-004,2025-01-15,15,51.4,Holt_Winters,21.1,10.04,92.76,Seamless Moisture-Wicking Merino Wool Running Socks,Apparel,Accessories,6.1,16.989999771118164
FC-Central,SKU-APPR-004,2025-01-16,16,51.89,Holt_Winters,21.33,10.08,93.7,Seamless Moisture-Wicking Merino Wool Running Socks,Apparel,Accessories,6.1,16.989999771118164
FC-Central,SKU-APPR-004,2025-01-17,17,59.63,Holt_Winters,21.55,17.39,101.87,Seamless Moisture-Wicking Merino Wool Running Socks,Apparel,Accessories,6.1,16.989999771118164
FC-Central,SKU-APPR-004,2025-01-18,18,66.97,Holt_Winters,21.76,24.32,109.62,Seamless Moisture-Wicking Merino Wool Running Socks,Apparel,Accessories,6.1,16.989999771118164
FC-Central,SKU-APPR-004,2025-01-19,19,60.43,Holt_Winters,21.98,17.35,103.51,Seamless Moisture-Wicking Merino Wool Running Socks,Apparel,Accessories,6.1,16.989999771118164
FC-Central,SKU-APPR-004,2025-01-20,20,48.87,Holt_Winters,22.19,5.38,92.36,Seamless Moisture-Wicking Merino Wool Running Socks,Apparel,Accessories,6.1,16.989999771118164
FC-Central,SKU-APPR-004,2025-01-21,21,48.84,Holt_Winters,22.4,4.94,92.74,Seamless Moisture-Wicking Merino Wool Running Socks,Apparel,Accessories,6.1,16.989999771118164
FC-Central,SKU-APPR-004,2025-01-22,22,51.57,Holt_Winters,22.61,7.25,95.89,Seamless Moisture-Wicking Merino Wool Running Socks,Apparel,Accessories,6.1,16.989999771118164
FC-Central,SKU-APPR-004,2025-01-23,23,52.05,Holt_Winters,22.82,7.32,96.78,Seamless Moisture-Wicking Merino Wool Running Socks,Apparel,Accessories,6.1,16.989999771118164
FC-Central,SKU-APPR-004,2025-01-24,24,59.8,Holt_Winters,23.02,14.68,104.92,Seamless Moisture-Wicking Merino Wool Running Socks,Apparel,Accessories,6.1,16.989999771118164
FC-Central,SKU-APPR-004,2025-01-25,25,67.14,Holt_Winters,23.23,21.61,112.67,Seamless Moisture-Wicking Merino Wool Running Socks,Apparel,Accessories,6.1,16.989999771118164
FC-Central,SKU-APPR-004,2025-01-26,26,60.6,Holt_Winters,23.43,14.68,106.52,Seamless Moisture-Wicking Merino Wool Running Socks,Apparel,Accessories,6.1,16.989999771118164
FC-Central,SKU-APPR-004,2025-01-27,27,49.04,Holt_Winters,23.63,2.73,95.35,Seamless Moisture-Wicking Merino Wool Running Socks,Apparel,Accessories,6.1,16.989999771118164
FC-Central,SKU-APPR-004,2025-01-28,28,49.01,Holt_Winters,23.83,2.3,95.72,Seamless Moisture-Wicking Merino Wool Running Socks,Apparel,Accessories,6.1,16.989999771118164
FC-Central,SKU-APPR-005,2025-01-01,1,20.63,Holt_Winters,17.71,0.0,55.34,Water-Resistant Commuter Backpack with Laptop Sleeve,Apparel,Bags,28.5,69.98999786376953
FC-Central,SKU-APPR-005,2025-01-02,2,19.69,Holt_Winters,17.97,0.0,54.91,Water-Resistant Commuter Backpack with Laptop Sleeve,Apparel,Bags,28.5,69.98999786376953
FC-Central,SKU-APPR-005,2025-01-03,3,25.04,Holt_Winters,18.23,0.0,60.77,Water-Resistant Commuter Backpack with Laptop Sleeve,Apparel,Bags,28.5,69.98999786376953
FC-Central,SKU-APPR-005,2025-01-04,4,28.89,Holt_Winters,18.49,0.0,65.13,Water-Resistant Commuter Backpack with Laptop Sleeve,Apparel,Bags,28.5,69.98999786376953
FC-Central,SKU-APPR-005,2025-01-05,5,25.71,Holt_Winters,18.74,0.0,62.44,Water-Resistant Commuter Backpack with Laptop Sleeve,Apparel,Bags,28.5,69.98999786376953
FC-Central,SKU-APPR-005,2025-01-06,6,18.43,Holt_Winters,18.99,0.0,55.65,Water-Resistant Commuter Backpack with Laptop Sleeve,Apparel,Bags,28.5,69.98999786376953
FC-Central,SKU-APPR-005,2025-01-07,7,20.98,Holt_Winters,19.24,0.0,58.69,Water-Resistant Commuter Backpack with Laptop Sleeve,Apparel,Bags,28.5,69.98999786376953
FC-Central,SKU-APPR-005,2025-01-08,8,20.59,Holt_Winters,19.48,0.0,58.77,Water-Resistant Commuter Backpack with Laptop Sleeve,Apparel,Bags,28.5,69.98999786376953
FC-Central,SKU-APPR-005,2025-01-09,9,19.66,Holt_Winters,19.72,0.0,58.31,Water-Resistant Commuter Backpack with Laptop Sleeve,Apparel,Bags,28.5,69.98999786376953
FC-Central,SKU-APPR-005,2025-01-10,10,25.0,Holt_Winters,19.96,0.0,64.12,Water-Resistant Commuter Backpack with Laptop Sleeve,Apparel,Bags,28.5,69.98999786376953
FC-Central,SKU-APPR-005,2025-01-11,11,28.86,Holt_Winters,20.19,0.0,68.43,Water-Resistant Commuter Backpack with Laptop Sleeve,Apparel,Bags,28.5,69.98999786376953
FC-Central,SKU-APPR-005,2025-01-12,12,25.67,Holt_Winters,20.42,0.0,65.69,Water-Resistant Commuter Backpack with Laptop Sleeve,Apparel,Bags,28.5,69.98999786376953
FC-Central,SKU-APPR-005,2025-01-13,13,18.4,Holt_Winters,20.65,0.0,58.87,Water-Resistant Commuter Backpack with Laptop Sleeve,Apparel,Bags,28.5,69.98999786376953
FC-Central,SKU-APPR-005,2025-01-14,14,20.94,Holt_Winters,20.88,0.0,61.86,Water-Resistant Commuter Backpack with Laptop Sleeve,Apparel,Bags,28.5,69.98999786376953
FC-Central,SKU-APPR-005,2025-01-15,15,20.55,Holt_Winters,21.1,0.0,61.91,Water-Resistant Commuter Backpack with Laptop Sleeve,Apparel,Bags,28.5,69.98999786376953
FC-Central,SKU-APPR-005,2025-01-16,16,19.62,Holt_Winters,21.33,0.0,61.43,Water-Resistant Commuter Backpack with Laptop Sleeve,Apparel,Bags,28.5,69.98999786376953
FC-Central,SKU-APPR-005,2025-01-17,17,24.97,Holt_Winters,21.55,0.0,67.21,Water-Resistant Commuter Backpack with Laptop Sleeve,Apparel,Bags,28.5,69.98999786376953
FC-Central,SKU-APPR-005,2025-01-18,18,28.82,Holt_Winters,21.76,0.0,71.47,Water-Resistant Commuter Backpack with Laptop Sleeve,Apparel,Bags,28.5,69.98999786376953
FC-Central,SKU-APPR-005,2025-01-19,19,25.64,Holt_Winters,21.98,0.0,68.72,Water-Resistant Commuter Backpack with Laptop Sleeve,Apparel,Bags,28.5,69.98999786376953
FC-Central,SKU-APPR-005,2025-01-20,20,18.36,Holt_Winters,22.19,0.0,61.85,Water-Resistant Commuter Backpack with Laptop Sleeve,Apparel,Bags,28.5,69.98999786376953
FC-Central,SKU-APPR-005,2025-01-21,21,20.91,Holt_Winters,22.4,0.0,64.81,Water-Resistant Commuter Backpack with Laptop Sleeve,Apparel,Bags,28.5,69.98999786376953
FC-Central,SKU-APPR-005,2025-01-22,22,20.52,Holt_Winters,22.61,0.0,64.84,Water-Resistant Commuter Backpack with Laptop Sleeve,Apparel,Bags,28.5,69.98999786376953
FC-Central,SKU-APPR-005,2025-01-23,23,19.59,Holt_Winters,22.82,0.0,64.32,Water-Resistant Commuter Backpack with Laptop Sleeve,Apparel,Bags,28.5,69.98999786376953
FC-Central,SKU-APPR-005,2025-01-24,24,24.93,Holt_Winters,23.02,0.0,70.05,Water-Resistant Commuter Backpack with Laptop Sleeve,Apparel,Bags,28.5,69.98999786376953
FC-Central,SKU-APPR-005,2025-01-25,25,28.79,Holt_Winters,23.23,0.0,74.32,Water-Resistant Commuter Backpack with Laptop Sleeve,Apparel,Bags,28.5,69.98999786376953
FC-Central,SKU-APPR-005,2025-01-26,26,25.6,Holt_Winters,23.43,0.0,71.52,Water-Resistant Commuter Backpack with Laptop Sleeve,Apparel,Bags,28.5,69.98999786376953
FC-Central,SKU-APPR-005,2025-01-27,27,18.33,Holt_Winters,23.63,0.0,64.64,Water-Resistant Commuter Backpack with Laptop Sleeve,Apparel,Bags,28.5,69.98999786376953
FC-Central,SKU-APPR-005,2025-01-28,28,20.87,Holt_Winters,23.83,0.0,67.58,Water-Resistant Commuter Backpack with Laptop Sleeve,Apparel,Bags,28.5,69.98999786376953
FC-Central,SKU-APPR-006,2025-01-01,1,19.34,Holt_Winters,17.71,0.0,54.05,Lightweight UV Sun Protection Fishing Hoodie,Apparel,Outdoor,16.5,42.9900016784668
FC-Central,SKU-APPR-006,2025-01-02,2,18.15,Holt_Winters,17.97,0.0,53.37,Lightweight UV Sun Protection Fishing Hoodie,Apparel,Outdoor,16.5,42.9900016784668
FC-Central,SKU-APPR-006,2025-01-03,3,20.66,Holt_Winters,18.23,0.0,56.39,Lightweight UV Sun Protection Fishing Hoodie,Apparel,Outdoor,16.5,42.9900016784668
FC-Central,SKU-APPR-006,2025-01-04,4,26.06,Holt_Winters,18.49,0.0,62.3,Lightweight UV Sun Protection Fishing Hoodie,Apparel,Outdoor,16.5,42.9900016784668
FC-Central,SKU-APPR-006,2025-01-05,5,24.41,Holt_Winters,18.74,0.0,61.14,Lightweight UV Sun Protection Fishing Hoodie,Apparel,Outdoor,16.5,42.9900016784668
FC-Central,SKU-APPR-006,2025-01-06,6,16.16,Holt_Winters,18.99,0.0,53.38,Lightweight UV Sun Protection Fishing Hoodie,Apparel,Outdoor,16.5,42.9900016784668
FC-Central,SKU-APPR-006,2025-01-07,7,19.25,Holt_Winters,19.24,0.0,56.96,Lightweight UV Sun Protection Fishing Hoodie,Apparel,Outdoor,16.5,42.9900016784668
FC-Central,SKU-APPR-006,2025-01-08,8,19.35,Holt_Winters,19.48,0.0,57.53,Lightweight UV Sun Protection Fishing Hoodie,Apparel,Outdoor,16.5,42.9900016784668
FC-Central,SKU-APPR-006,2025-01-09,9,18.15,Holt_Winters,19.72,0.0,56.8,Lightweight UV Sun Protection Fishing Hoodie,Apparel,Outdoor,16.5,42.9900016784668
FC-Central,SKU-APPR-006,2025-01-10,10,20.66,Holt_Winters,19.96,0.0,59.78,Lightweight UV Sun Protection Fishing Hoodie,Apparel,Outdoor,16.5,42.9900016784668
FC-Central,SKU-APPR-006,2025-01-11,11,26.06,Holt_Winters,20.19,0.0,65.63,Lightweight UV Sun Protection Fishing Hoodie,Apparel,Outdoor,16.5,42.9900016784668
FC-Central,SKU-APPR-006,2025-01-12,12,24.41,Holt_Winters,20.42,0.0,64.43,Lightweight UV Sun Protection Fishing Hoodie,Apparel,Outdoor,16.5,42.9900016784668
FC-Central,SKU-APPR-006,2025-01-13,13,16.16,Holt_Winters,20.65,0.0,56.63,Lightweight UV Sun Protection Fishing Hoodie,Apparel,Outdoor,16.5,42.9900016784668
FC-Central,SKU-APPR-006,2025-01-14,14,19.25,Holt_Winters,20.88,0.0,60.17,Lightweight UV Sun Protection Fishing Hoodie,Apparel,Outdoor,16.5,42.9900016784668
FC-Central,SKU-APPR-006,2025-01-15,15,19.35,Holt_Winters,21.1,0.0,60.71,Lightweight UV Sun Protection Fishing Hoodie,Apparel,Outdoor,16.5,42.9900016784668
FC-Central,SKU-APPR-006,2025-01-16,16,18.16,Holt_Winters,21.33,0.0,59.97,Lightweight UV Sun Protection Fishing Hoodie,Apparel,Outdoor,16.5,42.9900016784668
FC-Central,SKU-APPR-006,2025-01-17,17,20.67,Holt_Winters,21.55,0.0,62.91,Lightweight UV Sun Protection Fishing Hoodie,Apparel,Outdoor,16.5,42.9900016784668
FC-Central,SKU-APPR-006,2025-01-18,18,26.06,Holt_Winters,21.76,0.0,68.71,Lightweight UV Sun Protection Fishing Hoodie,Apparel,Outdoor,16.5,42.9900016784668
FC-Central,SKU-APPR-006,2025-01-19,19,24.41,Holt_Winters,21.98,0.0,67.49,Lightweight UV Sun Protection Fishing Hoodie,Apparel,Outdoor,16.5,42.9900016784668
FC-Central,SKU-APPR-006,2025-01-20,20,16.17,Holt_Winters,22.19,0.0,59.66,Lightweight UV Sun Protection Fishing Hoodie,Apparel,Outdoor,16.5,42.9900016784668
FC-Central,SKU-APPR-006,2025-01-21,21,19.25,Holt_Winters,22.4,0.0,63.15,Lightweight UV Sun Protection Fishing Hoodie,Apparel,Outdoor,16.5,42.9900016784668
FC-Central,SKU-APPR-006,2025-01-22,22,19.35,Holt_Winters,22.61,0.0,63.67,Lightweight UV Sun Protection Fishing Hoodie,Apparel,Outdoor,16.5,42.9900016784668
FC-Central,SKU-APPR-006,2025-01-23,23,18.16,Holt_Winters,22.82,0.0,62.89,Lightweight UV Sun Protection Fishing Hoodie,Apparel,Outdoor,16.5,42.9900016784668
FC-Central,SKU-APPR-006,2025-01-24,24,20.67,Holt_Winters,23.02,0.0,65.79,Lightweight UV Sun Protection Fishing Hoodie,Apparel,Outdoor,16.5,42.9900016784668
FC-Central,SKU-APPR-006,2025-01-25,25,26.06,Holt_Winters,23.23,0.0,71.59,Lightweight UV Sun Protection Fishing Hoodie,Apparel,Outdoor,16.5,42.9900016784668
FC-Central,SKU-APPR-006,2025-01-26,26,24.42,Holt_Winters,23.43,0.0,70.34,Lightweight UV Sun Protection Fishing Hoodie,Apparel,Outdoor,16.5,42.9900016784668
FC-Central,SKU-APPR-006,2025-01-27,27,16.17,Holt_Winters,23.63,0.0,62.48,Lightweight UV Sun Protection Fishing Hoodie,Apparel,Outdoor,16.5,42.9900016784668
FC-Central,SKU-APPR-006,2025-01-28,28,19.25,Holt_Winters,23.83,0.0,65.96,Lightweight UV Sun Protection Fishing Hoodie,Apparel,Outdoor,16.5,42.9900016784668
FC-Central,SKU-APPR-007,2025-01-01,1,6.1,Holt_Winters,17.71,0.0,40.81,Vintage Low-Rise Bootcut Denim Jeans,Apparel,Denim,23.0,54.9900016784668
FC-Central,SKU-APPR-007,2025-01-02,2,6.39,Holt_Winters,17.97,0.0,41.61,Vintage Low-Rise Bootcut Denim Jeans,Apparel,Denim,23.0,54.9900016784668
FC-Central,SKU-APPR-007,2025-01-03,3,7.94,Holt_Winters,18.23,0.0,43.67,Vintage Low-Rise Bootcut Denim Jeans,Apparel,Denim,23.0,54.9900016784668
FC-Central,SKU-APPR-007,2025-01-04,4,8.67,Holt_Winters,18.49,0.0,44.91,Vintage Low-Rise Bootcut Denim Jeans,Apparel,Denim,23.0,54.9900016784668
FC-Central,SKU-APPR-007,2025-01-05,5,7.52,Holt_Winters,18.74,0.0,44.25,Vintage Low-Rise Bootcut Denim Jeans,Apparel,Denim,23.0,54.9900016784668
FC-Central,SKU-APPR-007,2025-01-06,6,5.67,Holt_Winters,18.99,0.0,42.89,Vintage Low-Rise Bootcut Denim Jeans,Apparel,Denim,23.0,54.9900016784668
FC-Central,SKU-APPR-007,2025-01-07,7,6.08,Holt_Winters,19.24,0.0,43.79,Vintage Low-Rise Bootcut Denim Jeans,Apparel,Denim,23.0,54.9900016784668
FC-Central,SKU-APPR-007,2025-01-08,8,6.07,Holt_Winters,19.48,0.0,44.25,Vintage Low-Rise Bootcut Denim Jeans,Apparel,Denim,23.0,54.9900016784668
FC-Central,SKU-APPR-007,2025-01-09,9,6.36,Holt_Winters,19.72,0.0,45.01,Vintage Low-Rise Bootcut Denim Jeans,Apparel,Denim,23.0,54.9900016784668
FC-Central,SKU-APPR-007,2025-01-10,10,7.9,Holt_Winters,19.96,0.0,47.02,Vintage Low-Rise Bootcut Denim Jeans,Apparel,Denim,23.0,54.9900016784668
FC-Central,SKU-APPR-007,2025-01-11,11,8.63,Holt_Winters,20.19,0.0,48.2,Vintage Low-Rise Bootcut Denim Jeans,Apparel,Denim,23.0,54.9900016784668
FC-Central,SKU-APPR-007,2025-01-12,12,7.49,Holt_Winters,20.42,0.0,47.51,Vintage Low-Rise Bootcut Denim Jeans,Apparel,Denim,23.0,54.9900016784668
FC-Central,SKU-APPR-007,2025-01-13,13,5.63,Holt_Winters,20.65,0.0,46.1,Vintage Low-Rise Bootcut Denim Jeans,Apparel,Denim,23.0,54.9900016784668
FC-Central,SKU-APPR-007,2025-01-14,14,6.04,Holt_Winters,20.88,0.0,46.96,Vintage Low-Rise Bootcut Denim Jeans,Apparel,Denim,23.0,54.9900016784668
FC-Central,SKU-APPR-007,2025-01-15,15,6.03,Holt_Winters,21.1,0.0,47.39,Vintage Low-Rise Bootcut Denim Jeans,Apparel,Denim,23.0,54.9900016784668
FC-Central,SKU-APPR-007,2025-01-16,16,6.32,Holt_Winters,21.33,0.0,48.13,Vintage Low-Rise Bootcut Denim Jeans,Apparel,Denim,23.0,54.9900016784668
FC-Central,SKU-APPR-007,2025-01-17,17,7.87,Holt_Winters,21.55,0.0,50.11,Vintage Low-Rise Bootcut Denim Jeans,Apparel,Denim,23.0,54.9900016784668
FC-Central,SKU-APPR-007,2025-01-18,18,8.6,Holt_Winters,21.76,0.0,51.25,Vintage Low-Rise Bootcut Denim Jeans,Apparel,Denim,23.0,54.9900016784668
FC-Central,SKU-APPR-007,2025-01-19,19,7.46,Holt_Winters,21.98,0.0,50.54,Vintage Low-Rise Bootcut Denim Jeans,Apparel,Denim,23.0,54.9900016784668
FC-Central,SKU-APPR-007,2025-01-20,20,5.6,Holt_Winters,22.19,0.0,49.09,Vintage Low-Rise Bootcut Denim Jeans,Apparel,Denim,23.0,54.9900016784668
FC-Central,SKU-APPR-007,2025-01-21,21,6.01,Holt_Winters,22.4,0.0,49.91,Vintage Low-Rise Bootcut Denim Jeans,Apparel,Denim,23.0,54.9900016784668
FC-Central,SKU-APPR-007,2025-01-22,22,6.0,Holt_Winters,22.61,0.0,50.32,Vintage Low-Rise Bootcut Denim Jeans,Apparel,Denim,23.0,54.9900016784668
FC-Central,SKU-APPR-007,2025-01-23,23,6.29,Holt_Winters,22.82,0.0,51.02,Vintage Low-Rise Bootcut Denim Jeans,Apparel,Denim,23.0,54.9900016784668
FC-Central,SKU-APPR-007,2025-01-24,24,7.84,Holt_Winters,23.02,0.0,52.96,Vintage Low-Rise Bootcut Denim Jeans,Apparel,Denim,23.0,54.9900016784668
FC-Central,SKU-APPR-007,2025-01-25,25,8.57,Holt_Winters,23.23,0.0,54.1,Vintage Low-Rise Bootcut Denim Jeans,Apparel,Denim,23.0,54.9900016784668
FC-Central,SKU-APPR-007,2025-01-26,26,7.42,Holt_Winters,23.43,0.0,53.34,Vintage Low-Rise Bootcut Denim Jeans,Apparel,Denim,23.0,54.9900016784668
FC-Central,SKU-APPR-007,2025-01-27,27,5.56,Holt_Winters,23.63,0.0,51.87,Vintage Low-Rise Bootcut Denim Jeans,Apparel,Denim,23.0,54.9900016784668
FC-Central,SKU-APPR-007,2025-01-28,28,5.97,Holt_Winters,23.83,0.0,52.68,Vintage Low-Rise Bootcut Denim Jeans,Apparel,Denim,23.0,54.9900016784668
FC-Central,SKU-APPR-008,2025-01-01,1,65.39,Holt_Winters,17.71,30.68,100.1,Fleece-Lined Thermal Baselayer Leggings,Apparel,Base Layer,13.8,34.9900016784668
FC-Central,SKU-APPR-008,2025-01-02,2,66.79,Holt_Winters,17.97,31.57,102.01,Fleece-Lined Thermal Baselayer Leggings,Apparel,Base Layer,13.8,34.9900016784668
FC-Central,SKU-APPR-008,2025-01-03,3,68.67,Holt_Winters,18.23,32.94,104.4,Fleece-Lined Thermal Baselayer Leggings,Apparel,Base Layer,13.8,34.9900016784668
FC-Central,SKU-APPR-008,2025-01-04,4,78.59,Holt_Winters,18.49,42.35,114.83,Fleece-Lined Thermal Baselayer Leggings,Apparel,Base Layer,13.8,34.9900016784668
FC-Central,SKU-APPR-008,2025-01-05,5,75.72,Holt_Winters,18.74,38.99,112.45,Fleece-Lined Thermal Baselayer Leggings,Apparel,Base Layer,13.8,34.9900016784668
FC-Central,SKU-APPR-008,2025-01-06,6,69.95,Holt_Winters,18.99,32.73,107.17,Fleece-Lined Thermal Baselayer Leggings,Apparel,Base Layer,13.8,34.9900016784668
FC-Central,SKU-APPR-008,2025-01-07,7,69.26,Holt_Winters,19.24,31.55,106.97,Fleece-Lined Thermal Baselayer Leggings,Apparel,Base Layer,13.8,34.9900016784668
FC-Central,SKU-APPR-008,2025-01-08,8,68.44,Holt_Winters,19.48,30.26,106.62,Fleece-Lined Thermal Baselayer Leggings,Apparel,Base Layer,13.8,34.9900016784668
FC-Central,SKU-APPR-008,2025-01-09,9,69.84,Holt_Winters,19.72,31.19,108.49,Fleece-Lined Thermal Baselayer Leggings,Apparel,Base Layer,13.8,34.9900016784668
FC-Central,SKU-APPR-008,2025-01-10,10,71.72,Holt_Winters,19.96,32.6,110.84,Fleece-Lined Thermal Baselayer Leggings,Apparel,Base Layer,13.8,34.9900016784668
FC-Central,SKU-APPR-008,2025-01-11,11,81.64,Holt_Winters,20.19,42.07,121.21,Fleece-Lined Thermal Baselayer Leggings,Apparel,Base Layer,13.8,34.9900016784668
FC-Central,SKU-APPR-008,2025-01-12,12,78.77,Holt_Winters,20.42,38.75,118.79,Fleece-Lined Thermal Baselayer Leggings,Apparel,Base Layer,13.8,34.9900016784668
FC-Central,SKU-APPR-008,2025-01-13,13,73.0,Holt_Winters,20.65,32.53,113.47,Fleece-Lined Thermal Baselayer Leggings,Apparel,Base Layer,13.8,34.9900016784668
FC-Central,SKU-APPR-008,2025-01-14,14,72.31,Holt_Winters,20.88,31.39,113.23,Fleece-Lined Thermal Baselayer Leggings,Apparel,Base Layer,13.8,34.9900016784668
FC-Central,SKU-APPR-008,2025-01-15,15,71.48,Holt_Winters,21.1,30.12,112.84,Fleece-Lined Thermal Baselayer Leggings,Apparel,Base Layer,13.8,34.9900016784668
FC-Central,SKU-APPR-008,2025-01-16,16,72.89,Holt_Winters,21.33,31.08,114.7,Fleece-Lined Thermal Baselayer Leggings,Apparel,Base Layer,13.8,34.9900016784668
FC-Central,SKU-APPR-008,2025-01-17,17,74.76,Holt_Winters,21.55,32.52,117.0,Fleece-Lined Thermal Baselayer Leggings,Apparel,Base Layer,13.8,34.9900016784668
FC-Central,SKU-APPR-008,2025-01-18,18,84.69,Holt_Winters,21.76,42.04,127.34,Fleece-Lined Thermal Baselayer Leggings,Apparel,Base Layer,13.8,34.9900016784668
FC-Central,SKU-APPR-008,2025-01-19,19,81.82,Holt_Winters,21.98,38.74,124.9,Fleece-Lined Thermal Baselayer Leggings,Apparel,Base Layer,13.8,34.9900016784668
FC-Central,SKU-APPR-008,2025-01-20,20,76.05,Holt_Winters,22.19,32.56,119.54,Fleece-Lined Thermal Baselayer Leggings,Apparel,Base Layer,13.8,34.9900016784668
FC-Central,SKU-APPR-008,2025-01-21,21,75.36,Holt_Winters,22.4,31.46,119.26,Fleece-Lined Thermal Baselayer Leggings,Apparel,Base Layer,13.8,34.9900016784668
FC-Central,SKU-APPR-008,2025-01-22,22,74.53,Holt_Winters,22.61,30.21,118.85,Fleece-Lined Thermal Baselayer Leggings,Apparel,Base Layer,13.8,34.9900016784668
FC-Central,SKU-APPR-008,2025-01-23,23,75.93,Holt_Winters,22.82,31.2,120.66,Fleece-Lined Thermal Baselayer Leggings,Apparel,Base Layer,13.8,34.9900016784668
FC-Central,SKU-APPR-008,2025-01-24,24,77.81,Holt_Winters,23.02,32.69,122.93,Fleece-Lined Thermal Baselayer Leggings,Apparel,Base Layer,13.8,34.9900016784668
FC-Central,SKU-APPR-008,2025-01-25,25,87.74,Holt_Winters,23.23,42.21,133.27,Fleece-Lined Thermal Baselayer Leggings,Apparel,Base Layer,13.8,34.9900016784668
FC-Central,SKU-APPR-008,2025-01-26,26,84.86,Holt_Winters,23.43,38.94,130.78,Fleece-Lined Thermal Baselayer Leggings,Apparel,Base Layer,13.8,34.9900016784668
FC-Central,SKU-APPR-008,2025-01-27,27,79.1,Holt_Winters,23.63,32.79,125.41,Fleece-Lined Thermal Baselayer Leggings,Apparel,Base Layer,13.8,34.9900016784668
FC-Central,SKU-APPR-008,2025-01-28,28,78.41,Holt_Winters,23.83,31.7,125.12,Fleece-Lined Thermal Baselayer Leggings,Apparel,Base Layer,13.8,34.9900016784668
FC-Central,SKU-APPR-009,2025-01-01,1,1.33,Holt_Winters,17.71,0.0,36.04,Custom Embroidered Alpine Ski Racing Bib,Apparel,Specialty Sport,48.0,120.0
FC-Central,SKU-APPR-009,2025-01-02,2,1.78,Holt_Winters,17.97,0.0,37.0,Custom Embroidered Alpine Ski Racing Bib,Apparel,Specialty Sport,48.0,120.0
FC-Central,SKU-APPR-009,2025-01-03,3,1.43,Holt_Winters,18.23,0.0,37.16,Custom Embroidered Alpine Ski Racing Bib,Apparel,Specialty Sport,48.0,120.0
FC-Central,SKU-APPR-009,2025-01-04,4,1.71,Holt_Winters,18.49,0.0,37.95,Custom Embroidered Alpine Ski Racing Bib,Apparel,Specialty Sport,48.0,120.0
FC-Central,SKU-APPR-009,2025-01-05,5,2.03,Holt_Winters,18.74,0.0,38.76,Custom Embroidered Alpine Ski Racing Bib,Apparel,Specialty Sport,48.0,120.0
FC-Central,SKU-APPR-009,2025-01-06,6,1.16,Holt_Winters,18.99,0.0,38.38,Custom Embroidered Alpine Ski Racing Bib,Apparel,Specialty Sport,48.0,120.0
FC-Central,SKU-APPR-009,2025-01-07,7,1.29,Holt_Winters,19.24,0.0,39.0,Custom Embroidered Alpine Ski Racing Bib,Apparel,Specialty Sport,48.0,120.0
FC-Central,SKU-APPR-009,2025-01-08,8,1.33,Holt_Winters,19.48,0.0,39.51,Custom Embroidered Alpine Ski Racing Bib,Apparel,Specialty Sport,48.0,120.0
FC-Central,SKU-APPR-009,2025-01-09,9,1.78,Holt_Winters,19.72,0.0,40.43,Custom Embroidered Alpine Ski Racing Bib,Apparel,Specialty Sport,48.0,120.0
FC-Central,SKU-APPR-009,2025-01-10,10,1.43,Holt_Winters,19.96,0.0,40.55,Custom Embroidered Alpine Ski Racing Bib,Apparel,Specialty Sport,48.0,120.0
FC-Central,SKU-APPR-009,2025-01-11,11,1.7,Holt_Winters,20.19,0.0,41.27,Custom Embroidered Alpine Ski Racing Bib,Apparel,Specialty Sport,48.0,120.0
FC-Central,SKU-APPR-009,2025-01-12,12,2.03,Holt_Winters,20.42,0.0,42.05,Custom Embroidered Alpine Ski Racing Bib,Apparel,Specialty Sport,48.0,120.0
FC-Central,SKU-APPR-009,2025-01-13,13,1.15,Holt_Winters,20.65,0.0,41.62,Custom Embroidered Alpine Ski Racing Bib,Apparel,Specialty Sport,48.0,120.0
FC-Central,SKU-APPR-009,2025-01-14,14,1.29,Holt_Winters,20.88,0.0,42.21,Custom Embroidered Alpine Ski Racing Bib,Apparel,Specialty Sport,48.0,120.0
FC-Central,SKU-APPR-009,2025-01-15,15,1.33,Holt_Winters,21.1,0.0,42.69,Custom Embroidered Alpine Ski Racing Bib,Apparel,Specialty Sport,48.0,120.0
FC-Central,SKU-APPR-009,2025-01-16,16,1.78,Holt_Winters,21.33,0.0,43.59,Custom Embroidered Alpine Ski Racing Bib,Apparel,Specialty Sport,48.0,120.0
FC-Central,SKU-APPR-009,2025-01-17,17,1.42,Holt_Winters,21.55,0.0,43.66,Custom Embroidered Alpine Ski Racing Bib,Apparel,Specialty Sport,48.0,120.0
FC-Central,SKU-APPR-009,2025-01-18,18,1.7,Holt_Winters,21.76,0.0,44.35,Custom Embroidered Alpine Ski Racing Bib,Apparel,Specialty Sport,48.0,120.0
FC-Central,SKU-APPR-009,2025-01-19,19,2.03,Holt_Winters,21.98,0.0,45.11,Custom Embroidered Alpine Ski Racing Bib,Apparel,Specialty Sport,48.0,120.0
FC-Central,SKU-APPR-009,2025-01-20,20,1.15,Holt_Winters,22.19,0.0,44.64,Custom Embroidered Alpine Ski Racing Bib,Apparel,Specialty Sport,48.0,120.0
FC-Central,SKU-APPR-009,2025-01-21,21,1.28,Holt_Winters,22.4,0.0,45.18,Custom Embroidered Alpine Ski Racing Bib,Apparel,Specialty Sport,48.0,120.0
FC-Central,SKU-APPR-009,2025-01-22,22,1.33,Holt_Winters,22.61,0.0,45.65,Custom Embroidered Alpine Ski Racing Bib,Apparel,Specialty Sport,48.0,120.0
FC-Central,SKU-APPR-009,2025-01-23,23,1.78,Holt_Winters,22.82,0.0,46.51,Custom Embroidered Alpine Ski Racing Bib,Apparel,Specialty Sport,48.0,120.0
FC-Central,SKU-APPR-009,2025-01-24,24,1.42,Holt_Winters,23.02,0.0,46.54,Custom Embroidered Alpine Ski Racing Bib,Apparel,Specialty Sport,48.0,120.0
FC-Central,SKU-APPR-009,2025-01-25,25,1.7,Holt_Winters,23.23,0.0,47.23,Custom Embroidered Alpine Ski Racing Bib,Apparel,Specialty Sport,48.0,120.0
FC-Central,SKU-APPR-009,2025-01-26,26,2.02,Holt_Winters,23.43,0.0,47.94,Custom Embroidered Alpine Ski Racing Bib,Apparel,Specialty Sport,48.0,120.0
FC-Central,SKU-APPR-009,2025-01-27,27,1.15,Holt_Winters,23.63,0.0,47.46,Custom Embroidered Alpine Ski Racing Bib,Apparel,Specialty Sport,48.0,120.0
FC-Central,SKU-APPR-009,2025-01-28,28,1.28,Holt_Winters,23.83,0.0,47.99,Custom Embroidered Alpine Ski Racing Bib,Apparel,Specialty Sport,48.0,120.0
FC-Central,SKU-APPR-010,2025-01-01,1,4.79,Holt_Winters,17.71,0.0,39.5,Full-Grain Italian Leather Travel Duffel,Apparel,Luxury Bags,135.0,289.989990234375
FC-Central,SKU-APPR-010,2025-01-02,2,4.48,Holt_Winters,17.97,0.0,39.7,Full-Grain Italian Leather Travel Duffel,Apparel,Luxury Bags,135.0,289.989990234375
FC-Central,SKU-APPR-010,2025-01-03,3,4.81,Holt_Winters,18.23,0.0,40.54,Full-Grain Italian Leather Travel Duffel,Apparel,Luxury Bags,135.0,289.989990234375
FC-Central,SKU-APPR-010,2025-01-04,4,5.98,Holt_Winters,18.49,0.0,42.22,Full-Grain Italian Leather Travel Duffel,Apparel,Luxury Bags,135.0,289.989990234375
FC-Central,SKU-APPR-010,2025-01-05,5,5.26,Holt_Winters,18.74,0.0,41.99,Full-Grain Italian Leather Travel Duffel,Apparel,Luxury Bags,135.0,289.989990234375
FC-Central,SKU-APPR-010,2025-01-06,6,4.42,Holt_Winters,18.99,0.0,41.64,Full-Grain Italian Leather Travel Duffel,Apparel,Luxury Bags,135.0,289.989990234375
FC-Central,SKU-APPR-010,2025-01-07,7,3.88,Holt_Winters,19.24,0.0,41.59,Full-Grain Italian Leather Travel Duffel,Apparel,Luxury Bags,135.0,289.989990234375
FC-Central,SKU-APPR-010,2025-01-08,8,4.8,Holt_Winters,19.48,0.0,42.98,Full-Grain Italian Leather Travel Duffel,Apparel,Luxury Bags,135.0,289.989990234375
FC-Central,SKU-APPR-010,2025-01-09,9,4.49,Holt_Winters,19.72,0.0,43.14,Full-Grain Italian Leather Travel Duffel,Apparel,Luxury Bags,135.0,289.989990234375
FC-Central,SKU-APPR-010,2025-01-10,10,4.82,Holt_Winters,19.96,0.0,43.94,Full-Grain Italian Leather Travel Duffel,Apparel,Luxury Bags,135.0,289.989990234375
FC-Central,SKU-APPR-010,2025-01-11,11,5.99,Holt_Winters,20.19,0.0,45.56,Full-Grain Italian Leather Travel Duffel,Apparel,Luxury Bags,135.0,289.989990234375
FC-Central,SKU-APPR-010,2025-01-12,12,5.27,Holt_Winters,20.42,0.0,45.29,Full-Grain Italian Leather Travel Duffel,Apparel,Luxury Bags,135.0,289.989990234375
FC-Central,SKU-APPR-010,2025-01-13,13,4.43,Holt_Winters,20.65,0.0,44.9,Full-Grain Italian Leather Travel Duffel,Apparel,Luxury Bags,135.0,289.989990234375
FC-Central,SKU-APPR-010,2025-01-14,14,3.88,Holt_Winters,20.88,0.0,44.8,Full-Grain Italian Leather Travel Duffel,Apparel,Luxury Bags,135.0,289.989990234375
FC-Central,SKU-APPR-010,2025-01-15,15,4.81,Holt_Winters,21.1,0.0,46.17,Full-Grain Italian Leather Travel Duffel,Apparel,Luxury Bags,135.0,289.989990234375
FC-Central,SKU-APPR-010,2025-01-16,16,4.5,Holt_Winters,21.33,0.0,46.31,Full-Grain Italian Leather Travel Duffel,Apparel,Luxury Bags,135.0,289.989990234375
FC-Central,SKU-APPR-010,2025-01-17,17,4.83,Holt_Winters,21.55,0.0,47.07,Full-Grain Italian Leather Travel Duffel,Apparel,Luxury Bags,135.0,289.989990234375
FC-Central,SKU-APPR-010,2025-01-18,18,6.0,Holt_Winters,21.76,0.0,48.65,Full-Grain Italian Leather Travel Duffel,Apparel,Luxury Bags,135.0,289.989990234375
FC-Central,SKU-APPR-010,2025-01-19,19,5.27,Holt_Winters,21.98,0.0,48.35,Full-Grain Italian Leather Travel Duffel,Apparel,Luxury Bags,135.0,289.989990234375
FC-Central,SKU-APPR-010,2025-01-20,20,4.43,Holt_Winters,22.19,0.0,47.92,Full-Grain Italian Leather Travel Duffel,Apparel,Luxury Bags,135.0,289.989990234375
FC-Central,SKU-APPR-010,2025-01-21,21,3.89,Holt_Winters,22.4,0.0,47.79,Full-Grain Italian Leather Travel Duffel,Apparel,Luxury Bags,135.0,289.989990234375
FC-Central,SKU-APPR-010,2025-01-22,22,4.81,Holt_Winters,22.61,0.0,49.13,Full-Grain Italian Leather Travel Duffel,Apparel,Luxury Bags,135.0,289.989990234375
FC-Central,SKU-APPR-010,2025-01-23,23,4.51,Holt_Winters,22.82,0.0,49.24,Full-Grain Italian Leather Travel Duffel,Apparel,Luxury Bags,135.0,289.989990234375
FC-Central,SKU-APPR-010,2025-01-24,24,4.83,Holt_Winters,23.02,0.0,49.95,Full-Grain Italian Leather Travel Duffel,Apparel,Luxury Bags,135.0,289.989990234375
FC-Central,SKU-APPR-010,2025-01-25,25,6.01,Holt_Winters,23.23,0.0,51.54,Full-Grain Italian Leather Travel Duffel,Apparel,Luxury Bags,135.0,289.989990234375
FC-Central,SKU-APPR-010,2025-01-26,26,5.28,Holt_Winters,23.43,0.0,51.2,Full-Grain Italian Leather Travel Duffel,Apparel,Luxury Bags,135.0,289.989990234375
FC-Central,SKU-APPR-010,2025-01-27,27,4.44,Holt_Winters,23.63,0.0,50.75,Full-Grain Italian Leather Travel Duffel,Apparel,Luxury Bags,135.0,289.989990234375
FC-Central,SKU-APPR-010,2025-01-28,28,3.9,Holt_Winters,23.83,0.0,50.61,Full-Grain Italian Leather Travel Duffel,Apparel,Luxury Bags,135.0,289.989990234375
FC-Central,SKU-ELEC-001,2025-01-01,1,26.7,Holt_Winters,17.71,0.0,61.41,Pro Wireless Noise-Canceling Earbuds,Electronics,Audio,58.5,129.99000549316406
FC-Central,SKU-ELEC-001,2025-01-02,2,25.75,Holt_Winters,17.97,0.0,60.97,Pro Wireless Noise-Canceling Earbuds,Electronics,Audio,58.5,129.99000549316406
FC-Central,SKU-ELEC-001,2025-01-03,3,29.13,Holt_Winters,18.23,0.0,64.86,Pro Wireless Noise-Canceling Earbuds,Electronics,Audio,58.5,129.99000549316406
FC-Central,SKU-ELEC-001,2025-01-04,4,33.55,Holt_Winters,18.49,0.0,69.79,Pro Wireless Noise-Canceling Earbuds,Electronics,Audio,58.5,129.99000549316406
FC-Central,SKU-ELEC-001,2025-01-05,5,29.41,Holt_Winters,18.74,0.0,66.14,Pro Wireless Noise-Canceling Earbuds,Electronics,Audio,58.5,129.99000549316406
FC-Central,SKU-ELEC-001,2025-01-06,6,25.12,Holt_Winters,18.99,0.0,62.34,Pro Wireless Noise-Canceling Earbuds,Electronics,Audio,58.5,129.99000549316406
FC-Central,SKU-ELEC-001,2025-01-07,7,25.88,Holt_Winters,19.24,0.0,63.59,Pro Wireless Noise-Canceling Earbuds,Electronics,Audio,58.5,129.99000549316406
FC-Central,SKU-ELEC-001,2025-01-08,8,26.78,Holt_Winters,19.48,0.0,64.96,Pro Wireless Noise-Canceling Earbuds,Electronics,Audio,58.5,129.99000549316406
FC-Central,SKU-ELEC-001,2025-01-09,9,25.83,Holt_Winters,19.72,0.0,64.48,Pro Wireless Noise-Canceling Earbuds,Electronics,Audio,58.5,129.99000549316406
FC-Central,SKU-ELEC-001,2025-01-10,10,29.21,Holt_Winters,19.96,0.0,68.33,Pro Wireless Noise-Canceling Earbuds,Electronics,Audio,58.5,129.99000549316406
FC-Central,SKU-ELEC-001,2025-01-11,11,33.63,Holt_Winters,20.19,0.0,73.2,Pro Wireless Noise-Canceling Earbuds,Electronics,Audio,58.5,129.99000549316406
FC-Central,SKU-ELEC-001,2025-01-12,12,29.49,Holt_Winters,20.42,0.0,69.51,Pro Wireless Noise-Canceling Earbuds,Electronics,Audio,58.5,129.99000549316406
FC-Central,SKU-ELEC-001,2025-01-13,13,25.2,Holt_Winters,20.65,0.0,65.67,Pro Wireless Noise-Canceling Earbuds,Electronics,Audio,58.5,129.99000549316406
FC-Central,SKU-ELEC-001,2025-01-14,14,25.96,Holt_Winters,20.88,0.0,66.88,Pro Wireless Noise-Canceling Earbuds,Electronics,Audio,58.5,129.99000549316406
FC-Central,SKU-ELEC-001,2025-01-15,15,26.86,Holt_Winters,21.1,0.0,68.22,Pro Wireless Noise-Canceling Earbuds,Electronics,Audio,58.5,129.99000549316406
FC-Central,SKU-ELEC-001,2025-01-16,16,25.91,Holt_Winters,21.33,0.0,67.72,Pro Wireless Noise-Canceling Earbuds,Electronics,Audio,58.5,129.99000549316406
FC-Central,SKU-ELEC-001,2025-01-17,17,29.28,Holt_Winters,21.55,0.0,71.52,Pro Wireless Noise-Canceling Earbuds,Electronics,Audio,58.5,129.99000549316406
FC-Central,SKU-ELEC-001,2025-01-18,18,33.71,Holt_Winters,21.76,0.0,76.36,Pro Wireless Noise-Canceling Earbuds,Electronics,Audio,58.5,129.99000549316406
FC-Central,SKU-ELEC-001,2025-01-19,19,29.57,Holt_Winters,21.98,0.0,72.65,Pro Wireless Noise-Canceling Earbuds,Electronics,Audio,58.5,129.99000549316406
FC-Central,SKU-ELEC-001,2025-01-20,20,25.28,Holt_Winters,22.19,0.0,68.77,Pro Wireless Noise-Canceling Earbuds,Electronics,Audio,58.5,129.99000549316406
FC-Central,SKU-ELEC-001,2025-01-21,21,26.04,Holt_Winters,22.4,0.0,69.94,Pro Wireless Noise-Canceling Earbuds,Electronics,Audio,58.5,129.99000549316406
FC-Central,SKU-ELEC-001,2025-01-22,22,26.94,Holt_Winters,22.61,0.0,71.26,Pro Wireless Noise-Canceling Earbuds,Electronics,Audio,58.5,129.99000549316406
FC-Central,SKU-ELEC-001,2025-01-23,23,25.99,Holt_Winters,22.82,0.0,70.72,Pro Wireless Noise-Canceling Earbuds,Electronics,Audio,58.5,129.99000549316406
FC-Central,SKU-ELEC-001,2025-01-24,24,29.36,Holt_Winters,23.02,0.0,74.48,Pro Wireless Noise-Canceling Earbuds,Electronics,Audio,58.5,129.99000549316406
FC-Central,SKU-ELEC-001,2025-01-25,25,33.79,Holt_Winters,23.23,0.0,79.32,Pro Wireless Noise-Canceling Earbuds,Electronics,Audio,58.5,129.99000549316406
FC-Central,SKU-ELEC-001,2025-01-26,26,29.65,Holt_Winters,23.43,0.0,75.57,Pro Wireless Noise-Canceling Earbuds,Electronics,Audio,58.5,129.99000549316406
FC-Central,SKU-ELEC-001,2025-01-27,27,25.36,Holt_Winters,23.63,0.0,71.67,Pro Wireless Noise-Canceling Earbuds,Electronics,Audio,58.5,129.99000549316406
FC-Central,SKU-ELEC-001,2025-01-28,28,26.12,Holt_Winters,23.83,0.0,72.83,Pro Wireless Noise-Canceling Earbuds,Electronics,Audio,58.5,129.99000549316406
FC-Central,SKU-ELEC-002,2025-01-01,1,32.96,Holt_Winters,17.71,0.0,67.67,Ultra-Fast USB-C GaN Charger 65W,Electronics,Accessories,14.2,34.9900016784668
FC-Central,SKU-ELEC-002,2025-01-02,2,32.42,Holt_Winters,17.97,0.0,67.64,Ultra-Fast USB-C GaN Charger 65W,Electronics,Accessories,14.2,34.9900016784668
FC-Central,SKU-ELEC-002,2025-01-03,3,37.47,Holt_Winters,18.23,1.74,73.2,Ultra-Fast USB-C GaN Charger 65W,Electronics,Accessories,14.2,34.9900016784668
FC-Central,SKU-ELEC-002,2025-01-04,4,41.88,Holt_Winters,18.49,5.64,78.12,Ultra-Fast USB-C GaN Charger 65W,Electronics,Accessories,14.2,34.9900016784668
FC-Central,SKU-ELEC-002,2025-01-05,5,38.38,Holt_Winters,18.74,1.65,75.11,Ultra-Fast USB-C GaN Charger 65W,Electronics,Accessories,14.2,34.9900016784668
FC-Central,SKU-ELEC-002,2025-01-06,6,29.38,Holt_Winters,18.99,0.0,66.6,Ultra-Fast USB-C GaN Charger 65W,Electronics,Accessories,14.2,34.9900016784668
FC-Central,SKU-ELEC-002,2025-01-07,7,30.31,Holt_Winters,19.24,0.0,68.02,Ultra-Fast USB-C GaN Charger 65W,Electronics,Accessories,14.2,34.9900016784668
FC-Central,SKU-ELEC-002,2025-01-08,8,32.97,Holt_Winters,19.48,0.0,71.15,Ultra-Fast USB-C GaN Charger 65W,Electronics,Accessories,14.2,34.9900016784668
FC-Central,SKU-ELEC-002,2025-01-09,9,32.43,Holt_Winters,19.72,0.0,71.08,Ultra-Fast USB-C GaN Charger 65W,Electronics,Accessories,14.2,34.9900016784668
FC-Central,SKU-ELEC-002,2025-01-10,10,37.48,Holt_Winters,19.96,0.0,76.6,Ultra-Fast USB-C GaN Charger 65W,Electronics,Accessories,14.2,34.9900016784668
FC-Central,SKU-ELEC-002,2025-01-11,11,41.89,Holt_Winters,20.19,2.32,81.46,Ultra-Fast USB-C GaN Charger 65W,Electronics,Accessories,14.2,34.9900016784668
FC-Central,SKU-ELEC-002,2025-01-12,12,38.38,Holt_Winters,20.42,0.0,78.4,Ultra-Fast USB-C GaN Charger 65W,Electronics,Accessories,14.2,34.9900016784668
FC-Central,SKU-ELEC-002,2025-01-13,13,29.38,Holt_Winters,20.65,0.0,69.85,Ultra-Fast USB-C GaN Charger 65W,Electronics,Accessories,14.2,34.9900016784668
FC-Central,SKU-ELEC-002,2025-01-14,14,30.32,Holt_Winters,20.88,0.0,71.24,Ultra-Fast USB-C GaN Charger 65W,Electronics,Accessories,14.2,34.9900016784668
FC-Central,SKU-ELEC-002,2025-01-15,15,32.97,Holt_Winters,21.1,0.0,74.33,Ultra-Fast USB-C GaN Charger 65W,Electronics,Accessories,14.2,34.9900016784668
FC-Central,SKU-ELEC-002,2025-01-16,16,32.43,Holt_Winters,21.33,0.0,74.24,Ultra-Fast USB-C GaN Charger 65W,Electronics,Accessories,14.2,34.9900016784668
FC-Central,SKU-ELEC-002,2025-01-17,17,37.48,Holt_Winters,21.55,0.0,79.72,Ultra-Fast USB-C GaN Charger 65W,Electronics,Accessories,14.2,34.9900016784668
FC-Central,SKU-ELEC-002,2025-01-18,18,41.9,Holt_Winters,21.76,0.0,84.55,Ultra-Fast USB-C GaN Charger 65W,Electronics,Accessories,14.2,34.9900016784668
FC-Central,SKU-ELEC-002,2025-01-19,19,38.39,Holt_Winters,21.98,0.0,81.47,Ultra-Fast USB-C GaN Charger 65W,Electronics,Accessories,14.2,34.9900016784668
FC-Central,SKU-ELEC-002,2025-01-20,20,29.39,Holt_Winters,22.19,0.0,72.88,Ultra-Fast USB-C GaN Charger 65W,Electronics,Accessories,14.2,34.9900016784668
FC-Central,SKU-ELEC-002,2025-01-21,21,30.32,Holt_Winters,22.4,0.0,74.22,Ultra-Fast USB-C GaN Charger 65W,Electronics,Accessories,14.2,34.9900016784668
FC-Central,SKU-ELEC-002,2025-01-22,22,32.98,Holt_Winters,22.61,0.0,77.3,Ultra-Fast USB-C GaN Charger 65W,Electronics,Accessories,14.2,34.9900016784668
FC-Central,SKU-ELEC-002,2025-01-23,23,32.44,Holt_Winters,22.82,0.0,77.17,Ultra-Fast USB-C GaN Charger 65W,Electronics,Accessories,14.2,34.9900016784668
FC-Central,SKU-ELEC-002,2025-01-24,24,37.49,Holt_Winters,23.02,0.0,82.61,Ultra-Fast USB-C GaN Charger 65W,Electronics,Accessories,14.2,34.9900016784668
FC-Central,SKU-ELEC-002,2025-01-25,25,41.9,Holt_Winters,23.23,0.0,87.43,Ultra-Fast USB-C GaN Charger 65W,Electronics,Accessories,14.2,34.9900016784668
FC-Central,SKU-ELEC-002,2025-01-26,26,38.4,Holt_Winters,23.43,0.0,84.32,Ultra-Fast USB-C GaN Charger 65W,Electronics,Accessories,14.2,34.9900016784668
FC-Central,SKU-ELEC-002,2025-01-27,27,29.39,Holt_Winters,23.63,0.0,75.7,Ultra-Fast USB-C GaN Charger 65W,Electronics,Accessories,14.2,34.9900016784668
FC-Central,SKU-ELEC-002,2025-01-28,28,30.33,Holt_Winters,23.83,0.0,77.04,Ultra-Fast USB-C GaN Charger 65W,Electronics,Accessories,14.2,34.9900016784668
FC-Central,SKU-ELEC-003,2025-01-01,1,17.78,Holt_Winters,17.71,0.0,52.49,Smart Home Environmental Sensor Hub,Electronics,Smart Home,36.0,79.98999786376953
FC-Central,SKU-ELEC-003,2025-01-02,2,18.04,Holt_Winters,17.97,0.0,53.26,Smart Home Environmental Sensor Hub,Electronics,Smart Home,36.0,79.98999786376953
FC-Central,SKU-ELEC-003,2025-01-03,3,19.61,Holt_Winters,18.23,0.0,55.34,Smart Home Environmental Sensor Hub,Electronics,Smart Home,36.0,79.98999786376953
FC-Central,SKU-ELEC-003,2025-01-04,4,22.33,Holt_Winters,18.49,0.0,58.57,Smart Home Environmental Sensor Hub,Electronics,Smart Home,36.0,79.98999786376953
FC-Central,SKU-ELEC-003,2025-01-05,5,20.09,Holt_Winters,18.74,0.0,56.82,Smart Home Environmental Sensor Hub,Electronics,Smart Home,36.0,79.98999786376953
FC-Central,SKU-ELEC-003,2025-01-06,6,16.4,Holt_Winters,18.99,0.0,53.62,Smart Home Environmental Sensor Hub,Electronics,Smart Home,36.0,79.98999786376953
FC-Central,SKU-ELEC-003,2025-01-07,7,17.09,Holt_Winters,19.24,0.0,54.8,Smart Home Environmental Sensor Hub,Electronics,Smart Home,36.0,79.98999786376953
FC-Central,SKU-ELEC-003,2025-01-08,8,17.84,Holt_Winters,19.48,0.0,56.02,Smart Home Environmental Sensor Hub,Electronics,Smart Home,36.0,79.98999786376953
FC-Central,SKU-ELEC-003,2025-01-09,9,18.1,Holt_Winters,19.72,0.0,56.75,Smart Home Environmental Sensor Hub,Electronics,Smart Home,36.0,79.98999786376953
FC-Central,SKU-ELEC-003,2025-01-10,10,19.68,Holt_Winters,19.96,0.0,58.8,Smart Home Environmental Sensor Hub,Electronics,Smart Home,36.0,79.98999786376953
FC-Central,SKU-ELEC-003,2025-01-11,11,22.39,Holt_Winters,20.19,0.0,61.96,Smart Home Environmental Sensor Hub,Electronics,Smart Home,36.0,79.98999786376953
FC-Central,SKU-ELEC-003,2025-01-12,12,20.15,Holt_Winters,20.42,0.0,60.17,Smart Home Environmental Sensor Hub,Electronics,Smart Home,36.0,79.98999786376953
FC-Central,SKU-ELEC-003,2025-01-13,13,16.47,Holt_Winters,20.65,0.0,56.94,Smart Home Environmental Sensor Hub,Electronics,Smart Home,36.0,79.98999786376953
FC-Central,SKU-ELEC-003,2025-01-14,14,17.16,Holt_Winters,20.88,0.0,58.08,Smart Home Environmental Sensor Hub,Electronics,Smart Home,36.0,79.98999786376953
FC-Central,SKU-ELEC-003,2025-01-15,15,17.9,Holt_Winters,21.1,0.0,59.26,Smart Home Environmental Sensor Hub,Electronics,Smart Home,36.0,79.98999786376953
FC-Central,SKU-ELEC-003,2025-01-16,16,18.16,Holt_Winters,21.33,0.0,59.97,Smart Home Environmental Sensor Hub,Electronics,Smart Home,36.0,79.98999786376953
FC-Central,SKU-ELEC-003,2025-01-17,17,19.74,Holt_Winters,21.55,0.0,61.98,Smart Home Environmental Sensor Hub,Electronics,Smart Home,36.0,79.98999786376953
FC-Central,SKU-ELEC-003,2025-01-18,18,22.45,Holt_Winters,21.76,0.0,65.1,Smart Home Environmental Sensor Hub,Electronics,Smart Home,36.0,79.98999786376953
FC-Central,SKU-ELEC-003,2025-01-19,19,20.22,Holt_Winters,21.98,0.0,63.3,Smart Home Environmental Sensor Hub,Electronics,Smart Home,36.0,79.98999786376953
FC-Central,SKU-ELEC-003,2025-01-20,20,16.53,Holt_Winters,22.19,0.0,60.02,Smart Home Environmental Sensor Hub,Electronics,Smart Home,36.0,79.98999786376953
FC-Central,SKU-ELEC-003,2025-01-21,21,17.22,Holt_Winters,22.4,0.0,61.12,Smart Home Environmental Sensor Hub,Electronics,Smart Home,36.0,79.98999786376953
FC-Central,SKU-ELEC-003,2025-01-22,22,17.97,Holt_Winters,22.61,0.0,62.29,Smart Home Environmental Sensor Hub,Electronics,Smart Home,36.0,79.98999786376953
FC-Central,SKU-ELEC-003,2025-01-23,23,18.23,Holt_Winters,22.82,0.0,62.96,Smart Home Environmental Sensor Hub,Electronics,Smart Home,36.0,79.98999786376953
FC-Central,SKU-ELEC-003,2025-01-24,24,19.8,Holt_Winters,23.02,0.0,64.92,Smart Home Environmental Sensor Hub,Electronics,Smart Home,36.0,79.98999786376953
FC-Central,SKU-ELEC-003,2025-01-25,25,22.52,Holt_Winters,23.23,0.0,68.05,Smart Home Environmental Sensor Hub,Electronics,Smart Home,36.0,79.98999786376953
FC-Central,SKU-ELEC-003,2025-01-26,26,20.28,Holt_Winters,23.43,0.0,66.2,Smart Home Environmental Sensor Hub,Electronics,Smart Home,36.0,79.98999786376953
FC-Central,SKU-ELEC-003,2025-01-27,27,16.59,Holt_Winters,23.63,0.0,62.9,Smart Home Environmental Sensor Hub,Electronics,Smart Home,36.0,79.98999786376953
FC-Central,SKU-ELEC-003,2025-01-28,28,17.28,Holt_Winters,23.83,0.0,63.99,Smart Home Environmental Sensor Hub,Electronics,Smart Home,36.0,79.98999786376953
FC-Central,SKU-ELEC-004,2025-01-01,1,37.14,Holt_Winters,17.71,2.43,71.85,Braided HDMI 2.1 Ultra High Speed Cable,Electronics,Cables,7.5,19.989999771118164
FC-Central,SKU-ELEC-004,2025-01-02,2,40.29,Holt_Winters,17.97,5.07,75.51,Braided HDMI 2.1 Ultra High Speed Cable,Electronics,Cables,7.5,19.989999771118164
FC-Central,SKU-ELEC-004,2025-01-03,3,45.33,Holt_Winters,18.23,9.6,81.06,Braided HDMI 2.1 Ultra High Speed Cable,Electronics,Cables,7.5,19.989999771118164
FC-Central,SKU-ELEC-004,2025-01-04,4,49.66,Holt_Winters,18.49,13.42,85.9,Braided HDMI 2.1 Ultra High Speed Cable,Electronics,Cables,7.5,19.989999771118164
FC-Central,SKU-ELEC-004,2025-01-05,5,47.18,Holt_Winters,18.74,10.45,83.91,Braided HDMI 2.1 Ultra High Speed Cable,Electronics,Cables,7.5,19.989999771118164
FC-Central,SKU-ELEC-004,2025-01-06,6,37.89,Holt_Winters,18.99,0.67,75.11,Braided HDMI 2.1 Ultra High Speed Cable,Electronics,Cables,7.5,19.989999771118164
FC-Central,SKU-ELEC-004,2025-01-07,7,36.12,Holt_Winters,19.24,0.0,73.83,Braided HDMI 2.1 Ultra High Speed Cable,Electronics,Cables,7.5,19.989999771118164
FC-Central,SKU-ELEC-004,2025-01-08,8,37.16,Holt_Winters,19.48,0.0,75.34,Braided HDMI 2.1 Ultra High Speed Cable,Electronics,Cables,7.5,19.989999771118164
FC-Central,SKU-ELEC-004,2025-01-09,9,40.31,Holt_Winters,19.72,1.66,78.96,Braided HDMI 2.1 Ultra High Speed Cable,Electronics,Cables,7.5,19.989999771118164
FC-Central,SKU-ELEC-004,2025-01-10,10,45.35,Holt_Winters,19.96,6.23,84.47,Braided HDMI 2.1 Ultra High Speed Cable,Electronics,Cables,7.5,19.989999771118164
FC-Central,SKU-ELEC-004,2025-01-11,11,49.68,Holt_Winters,20.19,10.11,89.25,Braided HDMI 2.1 Ultra High Speed Cable,Electronics,Cables,7.5,19.989999771118164
FC-Central,SKU-ELEC-004,2025-01-12,12,47.2,Holt_Winters,20.42,7.18,87.22,Braided HDMI 2.1 Ultra High Speed Cable,Electronics,Cables,7.5,19.989999771118164
FC-Central,SKU-ELEC-004,2025-01-13,13,37.91,Holt_Winters,20.65,0.0,78.38,Braided HDMI 2.1 Ultra High Speed Cable,Electronics,Cables,7.5,19.989999771118164
FC-Central,SKU-ELEC-004,2025-01-14,14,36.14,Holt_Winters,20.88,0.0,77.06,Braided HDMI 2.1 Ultra High Speed Cable,Electronics,Cables,7.5,19.989999771118164
FC-Central,SKU-ELEC-004,2025-01-15,15,37.18,Holt_Winters,21.1,0.0,78.54,Braided HDMI 2.1 Ultra High Speed Cable,Electronics,Cables,7.5,19.989999771118164
FC-Central,SKU-ELEC-004,2025-01-16,16,40.33,Holt_Winters,21.33,0.0,82.14,Braided HDMI 2.1 Ultra High Speed Cable,Electronics,Cables,7.5,19.989999771118164
FC-Central,SKU-ELEC-004,2025-01-17,17,45.37,Holt_Winters,21.55,3.13,87.61,Braided HDMI 2.1 Ultra High Speed Cable,Electronics,Cables,7.5,19.989999771118164
FC-Central,SKU-ELEC-004,2025-01-18,18,49.7,Holt_Winters,21.76,7.05,92.35,Braided HDMI 2.1 Ultra High Speed Cable,Electronics,Cables,7.5,19.989999771118164
FC-Central,SKU-ELEC-004,2025-01-19,19,47.22,Holt_Winters,21.98,4.14,90.3,Braided HDMI 2.1 Ultra High Speed Cable,Electronics,Cables,7.5,19.989999771118164
FC-Central,SKU-ELEC-004,2025-01-20,20,37.93,Holt_Winters,22.19,0.0,81.42,Braided HDMI 2.1 Ultra High Speed Cable,Electronics,Cables,7.5,19.989999771118164
FC-Central,SKU-ELEC-004,2025-01-21,21,36.16,Holt_Winters,22.4,0.0,80.06,Braided HDMI 2.1 Ultra High Speed Cable,Electronics,Cables,7.5,19.989999771118164
FC-Central,SKU-ELEC-004,2025-01-22,22,37.2,Holt_Winters,22.61,0.0,81.52,Braided HDMI 2.1 Ultra High Speed Cable,Electronics,Cables,7.5,19.989999771118164
FC-Central,SKU-ELEC-004,2025-01-23,23,40.35,Holt_Winters,22.82,0.0,85.08,Braided HDMI 2.1 Ultra High Speed Cable,Electronics,Cables,7.5,19.989999771118164
FC-Central,SKU-ELEC-004,2025-01-24,24,45.39,Holt_Winters,23.02,0.27,90.51,Braided HDMI 2.1 Ultra High Speed Cable,Electronics,Cables,7.5,19.989999771118164
FC-Central,SKU-ELEC-004,2025-01-25,25,49.72,Holt_Winters,23.23,4.19,95.25,Braided HDMI 2.1 Ultra High Speed Cable,Electronics,Cables,7.5,19.989999771118164
FC-Central,SKU-ELEC-004,2025-01-26,26,47.24,Holt_Winters,23.43,1.32,93.16,Braided HDMI 2.1 Ultra High Speed Cable,Electronics,Cables,7.5,19.989999771118164
FC-Central,SKU-ELEC-004,2025-01-27,27,37.95,Holt_Winters,23.63,0.0,84.26,Braided HDMI 2.1 Ultra High Speed Cable,Electronics,Cables,7.5,19.989999771118164
FC-Central,SKU-ELEC-004,2025-01-28,28,36.18,Holt_Winters,23.83,0.0,82.89,Braided HDMI 2.1 Ultra High Speed Cable,Electronics,Cables,7.5,19.989999771118164
FC-Central,SKU-ELEC-005,2025-01-01,1,35.57,Holt_Winters,17.71,0.86,70.28,Mechanical Gaming Keyboard RGB,Electronics,Gaming,52.0,109.98999786376953
FC-Central,SKU-ELEC-005,2025-01-02,2,35.86,Holt_Winters,17.97,0.64,71.08,Mechanical Gaming Keyboard RGB,Electronics,Gaming,52.0,109.98999786376953
FC-Central,SKU-ELEC-005,2025-01-03,3,39.67,Holt_Winters,18.23,3.94,75.4,Mechanical Gaming Keyboard RGB,Electronics,Gaming,52.0,109.98999786376953
FC-Central,SKU-ELEC-005,2025-01-04,4,40.51,Holt_Winters,18.49,4.27,76.75,Mechanical Gaming Keyboard RGB,Electronics,Gaming,52.0,109.98999786376953
FC-Central,SKU-ELEC-005,2025-01-05,5,41.09,Holt_Winters,18.74,4.36,77.82,Mechanical Gaming Keyboard RGB,Electronics,Gaming,52.0,109.98999786376953
FC-Central,SKU-ELEC-005,2025-01-06,6,34.25,Holt_Winters,18.99,0.0,71.47,Mechanical Gaming Keyboard RGB,Electronics,Gaming,52.0,109.98999786376953
FC-Central,SKU-ELEC-005,2025-01-07,7,35.36,Holt_Winters,19.24,0.0,73.07,Mechanical Gaming Keyboard RGB,Electronics,Gaming,52.0,109.98999786376953
FC-Central,SKU-ELEC-005,2025-01-08,8,35.75,Holt_Winters,19.48,0.0,73.93,Mechanical Gaming Keyboard RGB,Electronics,Gaming,52.0,109.98999786376953
FC-Central,SKU-ELEC-005,2025-01-09,9,36.04,Holt_Winters,19.72,0.0,74.69,Mechanical Gaming Keyboard RGB,Electronics,Gaming,52.0,109.98999786376953
FC-Central,SKU-ELEC-005,2025-01-10,10,39.84,Holt_Winters,19.96,0.72,78.96,Mechanical Gaming Keyboard RGB,Electronics,Gaming,52.0,109.98999786376953
FC-Central,SKU-ELEC-005,2025-01-11,11,40.68,Holt_Winters,20.19,1.11,80.25,Mechanical Gaming Keyboard RGB,Electronics,Gaming,52.0,109.98999786376953
FC-Central,SKU-ELEC-005,2025-01-12,12,41.27,Holt_Winters,20.42,1.25,81.29,Mechanical Gaming Keyboard RGB,Electronics,Gaming,52.0,109.98999786376953
FC-Central,SKU-ELEC-005,2025-01-13,13,34.42,Holt_Winters,20.65,0.0,74.89,Mechanical Gaming Keyboard RGB,Electronics,Gaming,52.0,109.98999786376953
FC-Central,SKU-ELEC-005,2025-01-14,14,35.54,Holt_Winters,20.88,0.0,76.46,Mechanical Gaming Keyboard RGB,Electronics,Gaming,52.0,109.98999786376953
FC-Central,SKU-ELEC-005,2025-01-15,15,35.93,Holt_Winters,21.1,0.0,77.29,Mechanical Gaming Keyboard RGB,Electronics,Gaming,52.0,109.98999786376953
FC-Central,SKU-ELEC-005,2025-01-16,16,36.22,Holt_Winters,21.33,0.0,78.03,Mechanical Gaming Keyboard RGB,Electronics,Gaming,52.0,109.98999786376953
FC-Central,SKU-ELEC-005,2025-01-17,17,40.02,Holt_Winters,21.55,0.0,82.26,Mechanical Gaming Keyboard RGB,Electronics,Gaming,52.0,109.98999786376953
FC-Central,SKU-ELEC-005,2025-01-18,18,40.86,Holt_Winters,21.76,0.0,83.51,Mechanical Gaming Keyboard RGB,Electronics,Gaming,52.0,109.98999786376953
FC-Central,SKU-ELEC-005,2025-01-19,19,41.45,Holt_Winters,21.98,0.0,84.53,Mechanical Gaming Keyboard RGB,Electronics,Gaming,52.0,109.98999786376953
FC-Central,SKU-ELEC-005,2025-01-20,20,34.6,Holt_Winters,22.19,0.0,78.09,Mechanical Gaming Keyboard RGB,Electronics,Gaming,52.0,109.98999786376953
FC-Central,SKU-ELEC-005,2025-01-21,21,35.72,Holt_Winters,22.4,0.0,79.62,Mechanical Gaming Keyboard RGB,Electronics,Gaming,52.0,109.98999786376953
FC-Central,SKU-ELEC-005,2025-01-22,22,36.1,Holt_Winters,22.61,0.0,80.42,Mechanical Gaming Keyboard RGB,Electronics,Gaming,52.0,109.98999786376953
FC-Central,SKU-ELEC-005,2025-01-23,23,36.39,Holt_Winters,22.82,0.0,81.12,Mechanical Gaming Keyboard RGB,Electronics,Gaming,52.0,109.98999786376953
FC-Central,SKU-ELEC-005,2025-01-24,24,40.2,Holt_Winters,23.02,0.0,85.32,Mechanical Gaming Keyboard RGB,Electronics,Gaming,52.0,109.98999786376953
FC-Central,SKU-ELEC-005,2025-01-25,25,41.04,Holt_Winters,23.23,0.0,86.57,Mechanical Gaming Keyboard RGB,Electronics,Gaming,52.0,109.98999786376953
FC-Central,SKU-ELEC-005,2025-01-26,26,41.63,Holt_Winters,23.43,0.0,87.55,Mechanical Gaming Keyboard RGB,Electronics,Gaming,52.0,109.98999786376953
FC-Central,SKU-ELEC-005,2025-01-27,27,34.78,Holt_Winters,23.63,0.0,81.09,Mechanical Gaming Keyboard RGB,Electronics,Gaming,52.0,109.98999786376953
FC-Central,SKU-ELEC-005,2025-01-28,28,35.89,Holt_Winters,23.83,0.0,82.6,Mechanical Gaming Keyboard RGB,Electronics,Gaming,52.0,109.98999786376953
FC-Central,SKU-ELEC-006,2025-01-01,1,15.68,Holt_Winters,17.71,0.0,50.39,Portable Bluetooth Rugged Speaker,Electronics,Audio,26.5,59.9900016784668
FC-Central,SKU-ELEC-006,2025-01-02,2,17.66,Holt_Winters,17.97,0.0,52.88,Portable Bluetooth Rugged Speaker,Electronics,Audio,26.5,59.9900016784668
FC-Central,SKU-ELEC-006,2025-01-03,3,21.33,Holt_Winters,18.23,0.0,57.06,Portable Bluetooth Rugged Speaker,Electronics,Audio,26.5,59.9900016784668
FC-Central,SKU-ELEC-006,2025-01-04,4,23.97,Holt_Winters,18.49,0.0,60.21,Portable Bluetooth Rugged Speaker,Electronics,Audio,26.5,59.9900016784668
FC-Central,SKU-ELEC-006,2025-01-05,5,21.41,Holt_Winters,18.74,0.0,58.14,Portable Bluetooth Rugged Speaker,Electronics,Audio,26.5,59.9900016784668
FC-Central,SKU-ELEC-006,2025-01-06,6,15.53,Holt_Winters,18.99,0.0,52.75,Portable Bluetooth Rugged Speaker,Electronics,Audio,26.5,59.9900016784668
FC-Central,SKU-ELEC-006,2025-01-07,7,15.12,Holt_Winters,19.24,0.0,52.83,Portable Bluetooth Rugged Speaker,Electronics,Audio,26.5,59.9900016784668
FC-Central,SKU-ELEC-006,2025-01-08,8,15.64,Holt_Winters,19.48,0.0,53.82,Portable Bluetooth Rugged Speaker,Electronics,Audio,26.5,59.9900016784668
FC-Central,SKU-ELEC-006,2025-01-09,9,17.62,Holt_Winters,19.72,0.0,56.27,Portable Bluetooth Rugged Speaker,Electronics,Audio,26.5,59.9900016784668
FC-Central,SKU-ELEC-006,2025-01-10,10,21.28,Holt_Winters,19.96,0.0,60.4,Portable Bluetooth Rugged Speaker,Electronics,Audio,26.5,59.9900016784668
FC-Central,SKU-ELEC-006,2025-01-11,11,23.93,Holt_Winters,20.19,0.0,63.5,Portable Bluetooth Rugged Speaker,Electronics,Audio,26.5,59.9900016784668
FC-Central,SKU-ELEC-006,2025-01-12,12,21.37,Holt_Winters,20.42,0.0,61.39,Portable Bluetooth Rugged Speaker,Electronics,Audio,26.5,59.9900016784668
FC-Central,SKU-ELEC-006,2025-01-13,13,15.48,Holt_Winters,20.65,0.0,55.95,Portable Bluetooth Rugged Speaker,Electronics,Audio,26.5,59.9900016784668
FC-Central,SKU-ELEC-006,2025-01-14,14,15.07,Holt_Winters,20.88,0.0,55.99,Portable Bluetooth Rugged Speaker,Electronics,Audio,26.5,59.9900016784668
FC-Central,SKU-ELEC-006,2025-01-15,15,15.59,Holt_Winters,21.1,0.0,56.95,Portable Bluetooth Rugged Speaker,Electronics,Audio,26.5,59.9900016784668
FC-Central,SKU-ELEC-006,2025-01-16,16,17.57,Holt_Winters,21.33,0.0,59.38,Portable Bluetooth Rugged Speaker,Electronics,Audio,26.5,59.9900016784668
FC-Central,SKU-ELEC-006,2025-01-17,17,21.24,Holt_Winters,21.55,0.0,63.48,Portable Bluetooth Rugged Speaker,Electronics,Audio,26.5,59.9900016784668
FC-Central,SKU-ELEC-006,2025-01-18,18,23.88,Holt_Winters,21.76,0.0,66.53,Portable Bluetooth Rugged Speaker,Electronics,Audio,26.5,59.9900016784668
FC-Central,SKU-ELEC-006,2025-01-19,19,21.32,Holt_Winters,21.98,0.0,64.4,Portable Bluetooth Rugged Speaker,Electronics,Audio,26.5,59.9900016784668
FC-Central,SKU-ELEC-006,2025-01-20,20,15.44,Holt_Winters,22.19,0.0,58.93,Portable Bluetooth Rugged Speaker,Electronics,Audio,26.5,59.9900016784668
FC-Central,SKU-ELEC-006,2025-01-21,21,15.03,Holt_Winters,22.4,0.0,58.93,Portable Bluetooth Rugged Speaker,Electronics,Audio,26.5,59.9900016784668
FC-Central,SKU-ELEC-006,2025-01-22,22,15.55,Holt_Winters,22.61,0.0,59.87,Portable Bluetooth Rugged Speaker,Electronics,Audio,26.5,59.9900016784668
FC-Central,SKU-ELEC-006,2025-01-23,23,17.53,Holt_Winters,22.82,0.0,62.26,Portable Bluetooth Rugged Speaker,Electronics,Audio,26.5,59.9900016784668
FC-Central,SKU-ELEC-006,2025-01-24,24,21.19,Holt_Winters,23.02,0.0,66.31,Portable Bluetooth Rugged Speaker,Electronics,Audio,26.5,59.9900016784668
FC-Central,SKU-ELEC-006,2025-01-25,25,23.84,Holt_Winters,23.23,0.0,69.37,Portable Bluetooth Rugged Speaker,Electronics,Audio,26.5,59.9900016784668
FC-Central,SKU-ELEC-006,2025-01-26,26,21.28,Holt_Winters,23.43,0.0,67.2,Portable Bluetooth Rugged Speaker,Electronics,Audio,26.5,59.9900016784668
FC-Central,SKU-ELEC-006,2025-01-27,27,15.39,Holt_Winters,23.63,0.0,61.7,Portable Bluetooth Rugged Speaker,Electronics,Audio,26.5,59.9900016784668
FC-Central,SKU-ELEC-006,2025-01-28,28,14.98,Holt_Winters,23.83,0.0,61.69,Portable Bluetooth Rugged Speaker,Electronics,Audio,26.5,59.9900016784668
FC-Central,SKU-ELEC-007,2025-01-01,1,8.7,Holt_Winters,17.71,0.0,43.41,Micro-USB Legacy Charging Cable 2m,Electronics,Cables,3.1,8.989999771118164
FC-Central,SKU-ELEC-007,2025-01-02,2,8.96,Holt_Winters,17.97,0.0,44.18,Micro-USB Legacy Charging Cable 2m,Electronics,Cables,3.1,8.989999771118164
FC-Central,SKU-ELEC-007,2025-01-03,3,11.14,Holt_Winters,18.23,0.0,46.87,Micro-USB Legacy Charging Cable 2m,Electronics,Cables,3.1,8.989999771118164
FC-Central,SKU-ELEC-007,2025-01-04,4,11.06,Holt_Winters,18.49,0.0,47.3,Micro-USB Legacy Charging Cable 2m,Electronics,Cables,3.1,8.989999771118164
FC-Central,SKU-ELEC-007,2025-01-05,5,10.57,Holt_Winters,18.74,0.0,47.3,Micro-USB Legacy Charging Cable 2m,Electronics,Cables,3.1,8.989999771118164
FC-Central,SKU-ELEC-007,2025-01-06,6,7.76,Holt_Winters,18.99,0.0,44.98,Micro-USB Legacy Charging Cable 2m,Electronics,Cables,3.1,8.989999771118164
FC-Central,SKU-ELEC-007,2025-01-07,7,8.24,Holt_Winters,19.24,0.0,45.95,Micro-USB Legacy Charging Cable 2m,Electronics,Cables,3.1,8.989999771118164
FC-Central,SKU-ELEC-007,2025-01-08,8,8.66,Holt_Winters,19.48,0.0,46.84,Micro-USB Legacy Charging Cable 2m,Electronics,Cables,3.1,8.989999771118164
FC-Central,SKU-ELEC-007,2025-01-09,9,8.92,Holt_Winters,19.72,0.0,47.57,Micro-USB Legacy Charging Cable 2m,Electronics,Cables,3.1,8.989999771118164
FC-Central,SKU-ELEC-007,2025-01-10,10,11.1,Holt_Winters,19.96,0.0,50.22,Micro-USB Legacy Charging Cable 2m,Electronics,Cables,3.1,8.989999771118164
FC-Central,SKU-ELEC-007,2025-01-11,11,11.02,Holt_Winters,20.19,0.0,50.59,Micro-USB Legacy Charging Cable 2m,Electronics,Cables,3.1,8.989999771118164
FC-Central,SKU-ELEC-007,2025-01-12,12,10.53,Holt_Winters,20.42,0.0,50.55,Micro-USB Legacy Charging Cable 2m,Electronics,Cables,3.1,8.989999771118164
FC-Central,SKU-ELEC-007,2025-01-13,13,7.72,Holt_Winters,20.65,0.0,48.19,Micro-USB Legacy Charging Cable 2m,Electronics,Cables,3.1,8.989999771118164
FC-Central,SKU-ELEC-007,2025-01-14,14,8.2,Holt_Winters,20.88,0.0,49.12,Micro-USB Legacy Charging Cable 2m,Electronics,Cables,3.1,8.989999771118164
FC-Central,SKU-ELEC-007,2025-01-15,15,8.62,Holt_Winters,21.1,0.0,49.98,Micro-USB Legacy Charging Cable 2m,Electronics,Cables,3.1,8.989999771118164
FC-Central,SKU-ELEC-007,2025-01-16,16,8.88,Holt_Winters,21.33,0.0,50.69,Micro-USB Legacy Charging Cable 2m,Electronics,Cables,3.1,8.989999771118164
FC-Central,SKU-ELEC-007,2025-01-17,17,11.06,Holt_Winters,21.55,0.0,53.3,Micro-USB Legacy Charging Cable 2m,Electronics,Cables,3.1,8.989999771118164
FC-Central,SKU-ELEC-007,2025-01-18,18,10.98,Holt_Winters,21.76,0.0,53.63,Micro-USB Legacy Charging Cable 2m,Electronics,Cables,3.1,8.989999771118164
FC-Central,SKU-ELEC-007,2025-01-19,19,10.49,Holt_Winters,21.98,0.0,53.57,Micro-USB Legacy Charging Cable 2m,Electronics,Cables,3.1,8.989999771118164
FC-Central,SKU-ELEC-007,2025-01-20,20,7.68,Holt_Winters,22.19,0.0,51.17,Micro-USB Legacy Charging Cable 2m,Electronics,Cables,3.1,8.989999771118164
FC-Central,SKU-ELEC-007,2025-01-21,21,8.16,Holt_Winters,22.4,0.0,52.06,Micro-USB Legacy Charging Cable 2m,Electronics,Cables,3.1,8.989999771118164
FC-Central,SKU-ELEC-007,2025-01-22,22,8.58,Holt_Winters,22.61,0.0,52.9,Micro-USB Legacy Charging Cable 2m,Electronics,Cables,3.1,8.989999771118164
FC-Central,SKU-ELEC-007,2025-01-23,23,8.84,Holt_Winters,22.82,0.0,53.57,Micro-USB Legacy Charging Cable 2m,Electronics,Cables,3.1,8.989999771118164
FC-Central,SKU-ELEC-007,2025-01-24,24,11.02,Holt_Winters,23.02,0.0,56.14,Micro-USB Legacy Charging Cable 2m,Electronics,Cables,3.1,8.989999771118164
FC-Central,SKU-ELEC-007,2025-01-25,25,10.93,Holt_Winters,23.23,0.0,56.46,Micro-USB Legacy Charging Cable 2m,Electronics,Cables,3.1,8.989999771118164
FC-Central,SKU-ELEC-007,2025-01-26,26,10.44,Holt_Winters,23.43,0.0,56.36,Micro-USB Legacy Charging Cable 2m,Electronics,Cables,3.1,8.989999771118164
FC-Central,SKU-ELEC-007,2025-01-27,27,7.64,Holt_Winters,23.63,0.0,53.95,Micro-USB Legacy Charging Cable 2m,Electronics,Cables,3.1,8.989999771118164
FC-Central,SKU-ELEC-007,2025-01-28,28,8.12,Holt_Winters,23.83,0.0,54.83,Micro-USB Legacy Charging Cable 2m,Electronics,Cables,3.1,8.989999771118164
FC-Central,SKU-ELEC-008,2025-01-01,1,55.17,Holt_Winters,17.71,20.46,89.88,4K Ultra-HD Streaming Media Player,Electronics,Home Video,22.0,49.9900016784668
FC-Central,SKU-ELEC-008,2025-01-02,2,53.25,Holt_Winters,17.97,18.03,88.47,4K Ultra-HD Streaming Media Player,Electronics,Home Video,22.0,49.9900016784668
FC-Central,SKU-ELEC-008,2025-01-03,3,59.42,Holt_Winters,18.23,23.69,95.15,4K Ultra-HD Streaming Media Player,Electronics,Home Video,22.0,49.9900016784668
FC-Central,SKU-ELEC-008,2025-01-04,4,64.57,Holt_Winters,18.49,28.33,100.81,4K Ultra-HD Streaming Media Player,Electronics,Home Video,22.0,49.9900016784668
FC-Central,SKU-ELEC-008,2025-01-05,5,65.0,Holt_Winters,18.74,28.27,101.73,4K Ultra-HD Streaming Media Player,Electronics,Home Video,22.0,49.9900016784668
FC-Central,SKU-ELEC-008,2025-01-06,6,53.16,Holt_Winters,18.99,15.94,90.38,4K Ultra-HD Streaming Media Player,Electronics,Home Video,22.0,49.9900016784668
FC-Central,SKU-ELEC-008,2025-01-07,7,53.51,Holt_Winters,19.24,15.8,91.22,4K Ultra-HD Streaming Media Player,Electronics,Home Video,22.0,49.9900016784668
FC-Central,SKU-ELEC-008,2025-01-08,8,55.48,Holt_Winters,19.48,17.3,93.66,4K Ultra-HD Streaming Media Player,Electronics,Home Video,22.0,49.9900016784668
FC-Central,SKU-ELEC-008,2025-01-09,9,53.56,Holt_Winters,19.72,14.91,92.21,4K Ultra-HD Streaming Media Player,Electronics,Home Video,22.0,49.9900016784668
FC-Central,SKU-ELEC-008,2025-01-10,10,59.73,Holt_Winters,19.96,20.61,98.85,4K Ultra-HD Streaming Media Player,Electronics,Home Video,22.0,49.9900016784668
FC-Central,SKU-ELEC-008,2025-01-11,11,64.88,Holt_Winters,20.19,25.31,104.45,4K Ultra-HD Streaming Media Player,Electronics,Home Video,22.0,49.9900016784668
FC-Central,SKU-ELEC-008,2025-01-12,12,65.31,Holt_Winters,20.42,25.29,105.33,4K Ultra-HD Streaming Media Player,Electronics,Home Video,22.0,49.9900016784668
FC-Central,SKU-ELEC-008,2025-01-13,13,53.47,Holt_Winters,20.65,13.0,93.94,4K Ultra-HD Streaming Media Player,Electronics,Home Video,22.0,49.9900016784668
FC-Central,SKU-ELEC-008,2025-01-14,14,53.82,Holt_Winters,20.88,12.9,94.74,4K Ultra-HD Streaming Media Player,Electronics,Home Video,22.0,49.9900016784668
FC-Central,SKU-ELEC-008,2025-01-15,15,55.79,Holt_Winters,21.1,14.43,97.15,4K Ultra-HD Streaming Media Player,Electronics,Home Video,22.0,49.9900016784668
FC-Central,SKU-ELEC-008,2025-01-16,16,53.87,Holt_Winters,21.33,12.06,95.68,4K Ultra-HD Streaming Media Player,Electronics,Home Video,22.0,49.9900016784668
FC-Central,SKU-ELEC-008,2025-01-17,17,60.04,Holt_Winters,21.55,17.8,102.28,4K Ultra-HD Streaming Media Player,Electronics,Home Video,22.0,49.9900016784668
FC-Central,SKU-ELEC-008,2025-01-18,18,65.19,Holt_Winters,21.76,22.54,107.84,4K Ultra-HD Streaming Media Player,Electronics,Home Video,22.0,49.9900016784668
FC-Central,SKU-ELEC-008,2025-01-19,19,65.62,Holt_Winters,21.98,22.54,108.7,4K Ultra-HD Streaming Media Player,Electronics,Home Video,22.0,49.9900016784668
FC-Central,SKU-ELEC-008,2025-01-20,20,53.78,Holt_Winters,22.19,10.29,97.27,4K Ultra-HD Streaming Media Player,Electronics,Home Video,22.0,49.9900016784668
FC-Central,SKU-ELEC-008,2025-01-21,21,54.13,Holt_Winters,22.4,10.23,98.03,4K Ultra-HD Streaming Media Player,Electronics,Home Video,22.0,49.9900016784668
FC-Central,SKU-ELEC-008,2025-01-22,22,56.1,Holt_Winters,22.61,11.78,100.42,4K Ultra-HD Streaming Media Player,Electronics,Home Video,22.0,49.9900016784668
FC-Central,SKU-ELEC-008,2025-01-23,23,54.18,Holt_Winters,22.82,9.45,98.91,4K Ultra-HD Streaming Media Player,Electronics,Home Video,22.0,49.9900016784668
FC-Central,SKU-ELEC-008,2025-01-24,24,60.35,Holt_Winters,23.02,15.23,105.47,4K Ultra-HD Streaming Media Player,Electronics,Home Video,22.0,49.9900016784668
FC-Central,SKU-ELEC-008,2025-01-25,25,65.5,Holt_Winters,23.23,19.97,111.03,4K Ultra-HD Streaming Media Player,Electronics,Home Video,22.0,49.9900016784668
FC-Central,SKU-ELEC-008,2025-01-26,26,65.93,Holt_Winters,23.43,20.01,111.85,4K Ultra-HD Streaming Media Player,Electronics,Home Video,22.0,49.9900016784668
FC-Central,SKU-ELEC-008,2025-01-27,27,54.09,Holt_Winters,23.63,7.78,100.4,4K Ultra-HD Streaming Media Player,Electronics,Home Video,22.0,49.9900016784668
FC-Central,SKU-ELEC-008,2025-01-28,28,54.44,Holt_Winters,23.83,7.73,101.15,4K Ultra-HD Streaming Media Player,Electronics,Home Video,22.0,49.9900016784668
FC-Central,SKU-ELEC-009,2025-01-01,1,2.87,Holt_Winters,17.71,0.0,37.58,Specialty Motherboard Replacement Capacitor Pack,Electronics,Components,15.0,45.0
FC-Central,SKU-ELEC-009,2025-01-02,2,2.91,Holt_Winters,17.97,0.0,38.13,Specialty Motherboard Replacement Capacitor Pack,Electronics,Components,15.0,45.0
FC-Central,SKU-ELEC-009,2025-01-03,3,2.66,Holt_Winters,18.23,0.0,38.39,Specialty Motherboard Replacement Capacitor Pack,Electronics,Components,15.0,45.0
FC-Central,SKU-ELEC-009,2025-01-04,4,3.06,Holt_Winters,18.49,0.0,39.3,Specialty Motherboard Replacement Capacitor Pack,Electronics,Components,15.0,45.0
FC-Central,SKU-ELEC-009,2025-01-05,5,2.48,Holt_Winters,18.74,0.0,39.21,Specialty Motherboard Replacement Capacitor Pack,Electronics,Components,15.0,45.0
FC-Central,SKU-ELEC-009,2025-01-06,6,2.7,Holt_Winters,18.99,0.0,39.92,Specialty Motherboard Replacement Capacitor Pack,Electronics,Components,15.0,45.0
FC-Central,SKU-ELEC-009,2025-01-07,7,1.82,Holt_Winters,19.24,0.0,39.53,Specialty Motherboard Replacement Capacitor Pack,Electronics,Components,15.0,45.0
FC-Central,SKU-ELEC-009,2025-01-08,8,2.88,Holt_Winters,19.48,0.0,41.06,Specialty Motherboard Replacement Capacitor Pack,Electronics,Components,15.0,45.0
FC-Central,SKU-ELEC-009,2025-01-09,9,2.92,Holt_Winters,19.72,0.0,41.57,Specialty Motherboard Replacement Capacitor Pack,Electronics,Components,15.0,45.0
FC-Central,SKU-ELEC-009,2025-01-10,10,2.67,Holt_Winters,19.96,0.0,41.79,Specialty Motherboard Replacement Capacitor Pack,Electronics,Components,15.0,45.0
FC-Central,SKU-ELEC-009,2025-01-11,11,3.06,Holt_Winters,20.19,0.0,42.63,Specialty Motherboard Replacement Capacitor Pack,Electronics,Components,15.0,45.0
FC-Central,SKU-ELEC-009,2025-01-12,12,2.48,Holt_Winters,20.42,0.0,42.5,Specialty Motherboard Replacement Capacitor Pack,Electronics,Components,15.0,45.0
FC-Central,SKU-ELEC-009,2025-01-13,13,2.7,Holt_Winters,20.65,0.0,43.17,Specialty Motherboard Replacement Capacitor Pack,Electronics,Components,15.0,45.0
FC-Central,SKU-ELEC-009,2025-01-14,14,1.83,Holt_Winters,20.88,0.0,42.75,Specialty Motherboard Replacement Capacitor Pack,Electronics,Components,15.0,45.0
FC-Central,SKU-ELEC-009,2025-01-15,15,2.88,Holt_Winters,21.1,0.0,44.24,Specialty Motherboard Replacement Capacitor Pack,Electronics,Components,15.0,45.0
FC-Central,SKU-ELEC-009,2025-01-16,16,2.92,Holt_Winters,21.33,0.0,44.73,Specialty Motherboard Replacement Capacitor Pack,Electronics,Components,15.0,45.0
FC-Central,SKU-ELEC-009,2025-01-17,17,2.67,Holt_Winters,21.55,0.0,44.91,Specialty Motherboard Replacement Capacitor Pack,Electronics,Components,15.0,45.0
FC-Central,SKU-ELEC-009,2025-01-18,18,3.07,Holt_Winters,21.76,0.0,45.72,Specialty Motherboard Replacement Capacitor Pack,Electronics,Components,15.0,45.0
FC-Central,SKU-ELEC-009,2025-01-19,19,2.49,Holt_Winters,21.98,0.0,45.57,Specialty Motherboard Replacement Capacitor Pack,Electronics,Components,15.0,45.0
FC-Central,SKU-ELEC-009,2025-01-20,20,2.71,Holt_Winters,22.19,0.0,46.2,Specialty Motherboard Replacement Capacitor Pack,Electronics,Components,15.0,45.0
FC-Central,SKU-ELEC-009,2025-01-21,21,1.83,Holt_Winters,22.4,0.0,45.73,Specialty Motherboard Replacement Capacitor Pack,Electronics,Components,15.0,45.0
FC-Central,SKU-ELEC-009,2025-01-22,22,2.89,Holt_Winters,22.61,0.0,47.21,Specialty Motherboard Replacement Capacitor Pack,Electronics,Components,15.0,45.0
FC-Central,SKU-ELEC-009,2025-01-23,23,2.93,Holt_Winters,22.82,0.0,47.66,Specialty Motherboard Replacement Capacitor Pack,Electronics,Components,15.0,45.0
FC-Central,SKU-ELEC-009,2025-01-24,24,2.68,Holt_Winters,23.02,0.0,47.8,Specialty Motherboard Replacement Capacitor Pack,Electronics,Components,15.0,45.0
FC-Central,SKU-ELEC-009,2025-01-25,25,3.07,Holt_Winters,23.23,0.0,48.6,Specialty Motherboard Replacement Capacitor Pack,Electronics,Components,15.0,45.0
FC-Central,SKU-ELEC-009,2025-01-26,26,2.49,Holt_Winters,23.43,0.0,48.41,Specialty Motherboard Replacement Capacitor Pack,Electronics,Components,15.0,45.0
FC-Central,SKU-ELEC-009,2025-01-27,27,2.71,Holt_Winters,23.63,0.0,49.02,Specialty Motherboard Replacement Capacitor Pack,Electronics,Components,15.0,45.0
FC-Central,SKU-ELEC-009,2025-01-28,28,1.84,Holt_Winters,23.83,0.0,48.55,Specialty Motherboard Replacement Capacitor Pack,Electronics,Components,15.0,45.0
FC-Central,SKU-ELEC-010,2025-01-01,1,5.69,Holt_Winters,17.71,0.0,40.4,Enterprise High-Resolution Studio Microphone,Electronics,Professional Audio,115.0,249.99000549316406
FC-Central,SKU-ELEC-010,2025-01-02,2,5.5,Holt_Winters,17.97,0.0,40.72,Enterprise High-Resolution Studio Microphone,Electronics,Professional Audio,115.0,249.99000549316406
FC-Central,SKU-ELEC-010,2025-01-03,3,6.46,Holt_Winters,18.23,0.0,42.19,Enterprise High-Resolution Studio Microphone,Electronics,Professional Audio,115.0,249.99000549316406
FC-Central,SKU-ELEC-010,2025-01-04,4,7.99,Holt_Winters,18.49,0.0,44.23,Enterprise High-Resolution Studio Microphone,Electronics,Professional Audio,115.0,249.99000549316406
FC-Central,SKU-ELEC-010,2025-01-05,5,7.14,Holt_Winters,18.74,0.0,43.87,Enterprise High-Resolution Studio Microphone,Electronics,Professional Audio,115.0,249.99000549316406
FC-Central,SKU-ELEC-010,2025-01-06,6,5.14,Holt_Winters,18.99,0.0,42.36,Enterprise High-Resolution Studio Microphone,Electronics,Professional Audio,115.0,249.99000549316406
FC-Central,SKU-ELEC-010,2025-01-07,7,5.34,Holt_Winters,19.24,0.0,43.05,Enterprise High-Resolution Studio Microphone,Electronics,Professional Audio,115.0,249.99000549316406
FC-Central,SKU-ELEC-010,2025-01-08,8,5.68,Holt_Winters,19.48,0.0,43.86,Enterprise High-Resolution Studio Microphone,Electronics,Professional Audio,115.0,249.99000549316406
FC-Central,SKU-ELEC-010,2025-01-09,9,5.49,Holt_Winters,19.72,0.0,44.14,Enterprise High-Resolution Studio Microphone,Electronics,Professional Audio,115.0,249.99000549316406
FC-Central,SKU-ELEC-010,2025-01-10,10,6.46,Holt_Winters,19.96,0.0,45.58,Enterprise High-Resolution Studio Microphone,Electronics,Professional Audio,115.0,249.99000549316406
FC-Central,SKU-ELEC-010,2025-01-11,11,7.99,Holt_Winters,20.19,0.0,47.56,Enterprise High-Resolution Studio Microphone,Electronics,Professional Audio,115.0,249.99000549316406
FC-Central,SKU-ELEC-010,2025-01-12,12,7.13,Holt_Winters,20.42,0.0,47.15,Enterprise High-Resolution Studio Microphone,Electronics,Professional Audio,115.0,249.99000549316406
FC-Central,SKU-ELEC-010,2025-01-13,13,5.14,Holt_Winters,20.65,0.0,45.61,Enterprise High-Resolution Studio Microphone,Electronics,Professional Audio,115.0,249.99000549316406
FC-Central,SKU-ELEC-010,2025-01-14,14,5.34,Holt_Winters,20.88,0.0,46.26,Enterprise High-Resolution Studio Microphone,Electronics,Professional Audio,115.0,249.99000549316406
FC-Central,SKU-ELEC-010,2025-01-15,15,5.68,Holt_Winters,21.1,0.0,47.04,Enterprise High-Resolution Studio Microphone,Electronics,Professional Audio,115.0,249.99000549316406
FC-Central,SKU-ELEC-010,2025-01-16,16,5.49,Holt_Winters,21.33,0.0,47.3,Enterprise High-Resolution Studio Microphone,Electronics,Professional Audio,115.0,249.99000549316406
FC-Central,SKU-ELEC-010,2025-01-17,17,6.45,Holt_Winters,21.55,0.0,48.69,Enterprise High-Resolution Studio Microphone,Electronics,Professional Audio,115.0,249.99000549316406
FC-Central,SKU-ELEC-010,2025-01-18,18,7.99,Holt_Winters,21.76,0.0,50.64,Enterprise High-Resolution Studio Microphone,Electronics,Professional Audio,115.0,249.99000549316406
FC-Central,SKU-ELEC-010,2025-01-19,19,7.13,Holt_Winters,21.98,0.0,50.21,Enterprise High-Resolution Studio Microphone,Electronics,Professional Audio,115.0,249.99000549316406
FC-Central,SKU-ELEC-010,2025-01-20,20,5.13,Holt_Winters,22.19,0.0,48.62,Enterprise High-Resolution Studio Microphone,Electronics,Professional Audio,115.0,249.99000549316406
FC-Central,SKU-ELEC-010,2025-01-21,21,5.34,Holt_Winters,22.4,0.0,49.24,Enterprise High-Resolution Studio Microphone,Electronics,Professional Audio,115.0,249.99000549316406
FC-Central,SKU-ELEC-010,2025-01-22,22,5.68,Holt_Winters,22.61,0.0,50.0,Enterprise High-Resolution Studio Microphone,Electronics,Professional Audio,115.0,249.99000549316406
FC-Central,SKU-ELEC-010,2025-01-23,23,5.49,Holt_Winters,22.82,0.0,50.22,Enterprise High-Resolution Studio Microphone,Electronics,Professional Audio,115.0,249.99000549316406
FC-Central,SKU-ELEC-010,2025-01-24,24,6.45,Holt_Winters,23.02,0.0,51.57,Enterprise High-Resolution Studio Microphone,Electronics,Professional Audio,115.0,249.99000549316406
FC-Central,SKU-ELEC-010,2025-01-25,25,7.98,Holt_Winters,23.23,0.0,53.51,Enterprise High-Resolution Studio Microphone,Electronics,Professional Audio,115.0,249.99000549316406
FC-Central,SKU-ELEC-010,2025-01-26,26,7.13,Holt_Winters,23.43,0.0,53.05,Enterprise High-Resolution Studio Microphone,Electronics,Professional Audio,115.0,249.99000549316406
FC-Central,SKU-ELEC-010,2025-01-27,27,5.13,Holt_Winters,23.63,0.0,51.44,Enterprise High-Resolution Studio Microphone,Electronics,Professional Audio,115.0,249.99000549316406
FC-Central,SKU-ELEC-010,2025-01-28,28,5.33,Holt_Winters,23.83,0.0,52.04,Enterprise High-Resolution Studio Microphone,Electronics,Professional Audio,115.0,249.99000549316406
FC-Central,SKU-GROC-001,2025-01-01,1,53.24,Holt_Winters,17.71,18.53,87.95,Organic Whole Bean Espresso Roast 2 lb,Grocery & Pantry,Coffee & Tea,9.2,21.989999771118164
FC-Central,SKU-GROC-001,2025-01-02,2,58.62,Holt_Winters,17.97,23.4,93.84,Organic Whole Bean Espresso Roast 2 lb,Grocery & Pantry,Coffee & Tea,9.2,21.989999771118164
FC-Central,SKU-GROC-001,2025-01-03,3,66.62,Holt_Winters,18.23,30.89,102.35,Organic Whole Bean Espresso Roast 2 lb,Grocery & Pantry,Coffee & Tea,9.2,21.989999771118164
FC-Central,SKU-GROC-001,2025-01-04,4,73.48,Holt_Winters,18.49,37.24,109.72,Organic Whole Bean Espresso Roast 2 lb,Grocery & Pantry,Coffee & Tea,9.2,21.989999771118164
FC-Central,SKU-GROC-001,2025-01-05,5,65.64,Holt_Winters,18.74,28.91,102.37,Organic Whole Bean Espresso Roast 2 lb,Grocery & Pantry,Coffee & Tea,9.2,21.989999771118164
FC-Central,SKU-GROC-001,2025-01-06,6,50.64,Holt_Winters,18.99,13.42,87.86,Organic Whole Bean Espresso Roast 2 lb,Grocery & Pantry,Coffee & Tea,9.2,21.989999771118164
FC-Central,SKU-GROC-001,2025-01-07,7,53.51,Holt_Winters,19.24,15.8,91.22,Organic Whole Bean Espresso Roast 2 lb,Grocery & Pantry,Coffee & Tea,9.2,21.989999771118164
FC-Central,SKU-GROC-001,2025-01-08,8,53.27,Holt_Winters,19.48,15.09,91.45,Organic Whole Bean Espresso Roast 2 lb,Grocery & Pantry,Coffee & Tea,9.2,21.989999771118164
FC-Central,SKU-GROC-001,2025-01-09,9,58.65,Holt_Winters,19.72,20.0,97.3,Organic Whole Bean Espresso Roast 2 lb,Grocery & Pantry,Coffee & Tea,9.2,21.989999771118164
FC-Central,SKU-GROC-001,2025-01-10,10,66.65,Holt_Winters,19.96,27.53,105.77,Organic Whole Bean Espresso Roast 2 lb,Grocery & Pantry,Coffee & Tea,9.2,21.989999771118164
FC-Central,SKU-GROC-001,2025-01-11,11,73.51,Holt_Winters,20.19,33.94,113.08,Organic Whole Bean Espresso Roast 2 lb,Grocery & Pantry,Coffee & Tea,9.2,21.989999771118164
FC-Central,SKU-GROC-001,2025-01-12,12,65.67,Holt_Winters,20.42,25.65,105.69,Organic Whole Bean Espresso Roast 2 lb,Grocery & Pantry,Coffee & Tea,9.2,21.989999771118164
FC-Central,SKU-GROC-001,2025-01-13,13,50.67,Holt_Winters,20.65,10.2,91.14,Organic Whole Bean Espresso Roast 2 lb,Grocery & Pantry,Coffee & Tea,9.2,21.989999771118164
FC-Central,SKU-GROC-001,2025-01-14,14,53.54,Holt_Winters,20.88,12.62,94.46,Organic Whole Bean Espresso Roast 2 lb,Grocery & Pantry,Coffee & Tea,9.2,21.989999771118164
FC-Central,SKU-GROC-001,2025-01-15,15,53.3,Holt_Winters,21.1,11.94,94.66,Organic Whole Bean Espresso Roast 2 lb,Grocery & Pantry,Coffee & Tea,9.2,21.989999771118164
FC-Central,SKU-GROC-001,2025-01-16,16,58.67,Holt_Winters,21.33,16.86,100.48,Organic Whole Bean Espresso Roast 2 lb,Grocery & Pantry,Coffee & Tea,9.2,21.989999771118164
FC-Central,SKU-GROC-001,2025-01-17,17,66.68,Holt_Winters,21.55,24.44,108.92,Organic Whole Bean Espresso Roast 2 lb,Grocery & Pantry,Coffee & Tea,9.2,21.989999771118164
FC-Central,SKU-GROC-001,2025-01-18,18,73.54,Holt_Winters,21.76,30.89,116.19,Organic Whole Bean Espresso Roast 2 lb,Grocery & Pantry,Coffee & Tea,9.2,21.989999771118164
FC-Central,SKU-GROC-001,2025-01-19,19,65.7,Holt_Winters,21.98,22.62,108.78,Organic Whole Bean Espresso Roast 2 lb,Grocery & Pantry,Coffee & Tea,9.2,21.989999771118164
FC-Central,SKU-GROC-001,2025-01-20,20,50.7,Holt_Winters,22.19,7.21,94.19,Organic Whole Bean Espresso Roast 2 lb,Grocery & Pantry,Coffee & Tea,9.2,21.989999771118164
FC-Central,SKU-GROC-001,2025-01-21,21,53.56,Holt_Winters,22.4,9.66,97.46,Organic Whole Bean Espresso Roast 2 lb,Grocery & Pantry,Coffee & Tea,9.2,21.989999771118164
FC-Central,SKU-GROC-001,2025-01-22,22,53.33,Holt_Winters,22.61,9.01,97.65,Organic Whole Bean Espresso Roast 2 lb,Grocery & Pantry,Coffee & Tea,9.2,21.989999771118164
FC-Central,SKU-GROC-001,2025-01-23,23,58.7,Holt_Winters,22.82,13.97,103.43,Organic Whole Bean Espresso Roast 2 lb,Grocery & Pantry,Coffee & Tea,9.2,21.989999771118164
FC-Central,SKU-GROC-001,2025-01-24,24,66.7,Holt_Winters,23.02,21.58,111.82,Organic Whole Bean Espresso Roast 2 lb,Grocery & Pantry,Coffee & Tea,9.2,21.989999771118164
FC-Central,SKU-GROC-001,2025-01-25,25,73.57,Holt_Winters,23.23,28.04,119.1,Organic Whole Bean Espresso Roast 2 lb,Grocery & Pantry,Coffee & Tea,9.2,21.989999771118164
FC-Central,SKU-GROC-001,2025-01-26,26,65.73,Holt_Winters,23.43,19.81,111.65,Organic Whole Bean Espresso Roast 2 lb,Grocery & Pantry,Coffee & Tea,9.2,21.989999771118164
FC-Central,SKU-GROC-001,2025-01-27,27,50.72,Holt_Winters,23.63,4.41,97.03,Organic Whole Bean Espresso Roast 2 lb,Grocery & Pantry,Coffee & Tea,9.2,21.989999771118164
FC-Central,SKU-GROC-001,2025-01-28,28,53.59,Holt_Winters,23.83,6.88,100.3,Organic Whole Bean Espresso Roast 2 lb,Grocery & Pantry,Coffee & Tea,9.2,21.989999771118164
FC-Central,SKU-GROC-002,2025-01-01,1,41.68,Holt_Winters,17.71,6.97,76.39,Raw California Organic Almonds Unsalted 3 lb,Grocery & Pantry,Nuts & Snacks,8.0,18.489999771118164
FC-Central,SKU-GROC-002,2025-01-02,2,42.27,Holt_Winters,17.97,7.05,77.49,Raw California Organic Almonds Unsalted 3 lb,Grocery & Pantry,Nuts & Snacks,8.0,18.489999771118164
FC-Central,SKU-GROC-002,2025-01-03,3,49.07,Holt_Winters,18.23,13.34,84.8,Raw California Organic Almonds Unsalted 3 lb,Grocery & Pantry,Nuts & Snacks,8.0,18.489999771118164
FC-Central,SKU-GROC-002,2025-01-04,4,55.66,Holt_Winters,18.49,19.42,91.9,Raw California Organic Almonds Unsalted 3 lb,Grocery & Pantry,Nuts & Snacks,8.0,18.489999771118164
FC-Central,SKU-GROC-002,2025-01-05,5,50.69,Holt_Winters,18.74,13.96,87.42,Raw California Organic Almonds Unsalted 3 lb,Grocery & Pantry,Nuts & Snacks,8.0,18.489999771118164
FC-Central,SKU-GROC-002,2025-01-06,6,39.09,Holt_Winters,18.99,1.87,76.31,Raw California Organic Almonds Unsalted 3 lb,Grocery & Pantry,Nuts & Snacks,8.0,18.489999771118164
FC-Central,SKU-GROC-002,2025-01-07,7,39.17,Holt_Winters,19.24,1.46,76.88,Raw California Organic Almonds Unsalted 3 lb,Grocery & Pantry,Nuts & Snacks,8.0,18.489999771118164
FC-Central,SKU-GROC-002,2025-01-08,8,41.7,Holt_Winters,19.48,3.52,79.88,Raw California Organic Almonds Unsalted 3 lb,Grocery & Pantry,Nuts & Snacks,8.0,18.489999771118164
FC-Central,SKU-GROC-002,2025-01-09,9,42.3,Holt_Winters,19.72,3.65,80.95,Raw California Organic Almonds Unsalted 3 lb,Grocery & Pantry,Nuts & Snacks,8.0,18.489999771118164
FC-Central,SKU-GROC-002,2025-01-10,10,49.1,Holt_Winters,19.96,9.98,88.22,Raw California Organic Almonds Unsalted 3 lb,Grocery & Pantry,Nuts & Snacks,8.0,18.489999771118164
FC-Central,SKU-GROC-002,2025-01-11,11,55.69,Holt_Winters,20.19,16.12,95.26,Raw California Organic Almonds Unsalted 3 lb,Grocery & Pantry,Nuts & Snacks,8.0,18.489999771118164
FC-Central,SKU-GROC-002,2025-01-12,12,50.72,Holt_Winters,20.42,10.7,90.74,Raw California Organic Almonds Unsalted 3 lb,Grocery & Pantry,Nuts & Snacks,8.0,18.489999771118164
FC-Central,SKU-GROC-002,2025-01-13,13,39.11,Holt_Winters,20.65,0.0,79.58,Raw California Organic Almonds Unsalted 3 lb,Grocery & Pantry,Nuts & Snacks,8.0,18.489999771118164
FC-Central,SKU-GROC-002,2025-01-14,14,39.2,Holt_Winters,20.88,0.0,80.12,Raw California Organic Almonds Unsalted 3 lb,Grocery & Pantry,Nuts & Snacks,8.0,18.489999771118164
FC-Central,SKU-GROC-002,2025-01-15,15,41.73,Holt_Winters,21.1,0.37,83.09,Raw California Organic Almonds Unsalted 3 lb,Grocery & Pantry,Nuts & Snacks,8.0,18.489999771118164
FC-Central,SKU-GROC-002,2025-01-16,16,42.33,Holt_Winters,21.33,0.52,84.14,Raw California Organic Almonds Unsalted 3 lb,Grocery & Pantry,Nuts & Snacks,8.0,18.489999771118164
FC-Central,SKU-GROC-002,2025-01-17,17,49.13,Holt_Winters,21.55,6.89,91.37,Raw California Organic Almonds Unsalted 3 lb,Grocery & Pantry,Nuts & Snacks,8.0,18.489999771118164
FC-Central,SKU-GROC-002,2025-01-18,18,55.72,Holt_Winters,21.76,13.07,98.37,Raw California Organic Almonds Unsalted 3 lb,Grocery & Pantry,Nuts & Snacks,8.0,18.489999771118164
FC-Central,SKU-GROC-002,2025-01-19,19,50.74,Holt_Winters,21.98,7.66,93.82,Raw California Organic Almonds Unsalted 3 lb,Grocery & Pantry,Nuts & Snacks,8.0,18.489999771118164
FC-Central,SKU-GROC-002,2025-01-20,20,39.14,Holt_Winters,22.19,0.0,82.63,Raw California Organic Almonds Unsalted 3 lb,Grocery & Pantry,Nuts & Snacks,8.0,18.489999771118164
FC-Central,SKU-GROC-002,2025-01-21,21,39.23,Holt_Winters,22.4,0.0,83.13,Raw California Organic Almonds Unsalted 3 lb,Grocery & Pantry,Nuts & Snacks,8.0,18.489999771118164
FC-Central,SKU-GROC-002,2025-01-22,22,41.76,Holt_Winters,22.61,0.0,86.08,Raw California Organic Almonds Unsalted 3 lb,Grocery & Pantry,Nuts & Snacks,8.0,18.489999771118164
FC-Central,SKU-GROC-002,2025-01-23,23,42.36,Holt_Winters,22.82,0.0,87.09,Raw California Organic Almonds Unsalted 3 lb,Grocery & Pantry,Nuts & Snacks,8.0,18.489999771118164
FC-Central,SKU-GROC-002,2025-01-24,24,49.16,Holt_Winters,23.02,4.04,94.28,Raw California Organic Almonds Unsalted 3 lb,Grocery & Pantry,Nuts & Snacks,8.0,18.489999771118164
FC-Central,SKU-GROC-002,2025-01-25,25,55.75,Holt_Winters,23.23,10.22,101.28,Raw California Organic Almonds Unsalted 3 lb,Grocery & Pantry,Nuts & Snacks,8.0,18.489999771118164
FC-Central,SKU-GROC-002,2025-01-26,26,50.77,Holt_Winters,23.43,4.85,96.69,Raw California Organic Almonds Unsalted 3 lb,Grocery & Pantry,Nuts & Snacks,8.0,18.489999771118164
FC-Central,SKU-GROC-002,2025-01-27,27,39.17,Holt_Winters,23.63,0.0,85.48,Raw California Organic Almonds Unsalted 3 lb,Grocery & Pantry,Nuts & Snacks,8.0,18.489999771118164
FC-Central,SKU-GROC-002,2025-01-28,28,39.26,Holt_Winters,23.83,0.0,85.97,Raw California Organic Almonds Unsalted 3 lb,Grocery & Pantry,Nuts & Snacks,8.0,18.489999771118164
FC-Central,SKU-GROC-003,2025-01-01,1,44.46,Holt_Winters,17.71,9.75,79.17,Extra Virgin Cold-Pressed Olive Oil 1 Liter,Grocery & Pantry,Oils & Vinegars,8.5,19.989999771118164
FC-Central,SKU-GROC-003,2025-01-02,2,45.9,Holt_Winters,17.97,10.68,81.12,Extra Virgin Cold-Pressed Olive Oil 1 Liter,Grocery & Pantry,Oils & Vinegars,8.5,19.989999771118164
FC-Central,SKU-GROC-003,2025-01-03,3,48.73,Holt_Winters,18.23,13.0,84.46,Extra Virgin Cold-Pressed Olive Oil 1 Liter,Grocery & Pantry,Oils & Vinegars,8.5,19.989999771118164
FC-Central,SKU-GROC-003,2025-01-04,4,56.38,Holt_Winters,18.49,20.14,92.62,Extra Virgin Cold-Pressed Olive Oil 1 Liter,Grocery & Pantry,Oils & Vinegars,8.5,19.989999771118164
FC-Central,SKU-GROC-003,2025-01-05,5,51.31,Holt_Winters,18.74,14.58,88.04,Extra Virgin Cold-Pressed Olive Oil 1 Liter,Grocery & Pantry,Oils & Vinegars,8.5,19.989999771118164
FC-Central,SKU-GROC-003,2025-01-06,6,40.58,Holt_Winters,18.99,3.36,77.8,Extra Virgin Cold-Pressed Olive Oil 1 Liter,Grocery & Pantry,Oils & Vinegars,8.5,19.989999771118164
FC-Central,SKU-GROC-003,2025-01-07,7,42.54,Holt_Winters,19.24,4.83,80.25,Extra Virgin Cold-Pressed Olive Oil 1 Liter,Grocery & Pantry,Oils & Vinegars,8.5,19.989999771118164
FC-Central,SKU-GROC-003,2025-01-08,8,44.6,Holt_Winters,19.48,6.42,82.78,Extra Virgin Cold-Pressed Olive Oil 1 Liter,Grocery & Pantry,Oils & Vinegars,8.5,19.989999771118164
FC-Central,SKU-GROC-003,2025-01-09,9,46.04,Holt_Winters,19.72,7.39,84.69,Extra Virgin Cold-Pressed Olive Oil 1 Liter,Grocery & Pantry,Oils & Vinegars,8.5,19.989999771118164
FC-Central,SKU-GROC-003,2025-01-10,10,48.87,Holt_Winters,19.96,9.75,87.99,Extra Virgin Cold-Pressed Olive Oil 1 Liter,Grocery & Pantry,Oils & Vinegars,8.5,19.989999771118164
FC-Central,SKU-GROC-003,2025-01-11,11,56.52,Holt_Winters,20.19,16.95,96.09,Extra Virgin Cold-Pressed Olive Oil 1 Liter,Grocery & Pantry,Oils & Vinegars,8.5,19.989999771118164
FC-Central,SKU-GROC-003,2025-01-12,12,51.45,Holt_Winters,20.42,11.43,91.47,Extra Virgin Cold-Pressed Olive Oil 1 Liter,Grocery & Pantry,Oils & Vinegars,8.5,19.989999771118164
FC-Central,SKU-GROC-003,2025-01-13,13,40.72,Holt_Winters,20.65,0.25,81.19,Extra Virgin Cold-Pressed Olive Oil 1 Liter,Grocery & Pantry,Oils & Vinegars,8.5,19.989999771118164
FC-Central,SKU-GROC-003,2025-01-14,14,42.69,Holt_Winters,20.88,1.77,83.61,Extra Virgin Cold-Pressed Olive Oil 1 Liter,Grocery & Pantry,Oils & Vinegars,8.5,19.989999771118164
FC-Central,SKU-GROC-003,2025-01-15,15,44.74,Holt_Winters,21.1,3.38,86.1,Extra Virgin Cold-Pressed Olive Oil 1 Liter,Grocery & Pantry,Oils & Vinegars,8.5,19.989999771118164
FC-Central,SKU-GROC-003,2025-01-16,16,46.19,Holt_Winters,21.33,4.38,88.0,Extra Virgin Cold-Pressed Olive Oil 1 Liter,Grocery & Pantry,Oils & Vinegars,8.5,19.989999771118164
FC-Central,SKU-GROC-003,2025-01-17,17,49.01,Holt_Winters,21.55,6.77,91.25,Extra Virgin Cold-Pressed Olive Oil 1 Liter,Grocery & Pantry,Oils & Vinegars,8.5,19.989999771118164
FC-Central,SKU-GROC-003,2025-01-18,18,56.67,Holt_Winters,21.76,14.02,99.32,Extra Virgin Cold-Pressed Olive Oil 1 Liter,Grocery & Pantry,Oils & Vinegars,8.5,19.989999771118164
FC-Central,SKU-GROC-003,2025-01-19,19,51.6,Holt_Winters,21.98,8.52,94.68,Extra Virgin Cold-Pressed Olive Oil 1 Liter,Grocery & Pantry,Oils & Vinegars,8.5,19.989999771118164
FC-Central,SKU-GROC-003,2025-01-20,20,40.86,Holt_Winters,22.19,0.0,84.35,Extra Virgin Cold-Pressed Olive Oil 1 Liter,Grocery & Pantry,Oils & Vinegars,8.5,19.989999771118164
FC-Central,SKU-GROC-003,2025-01-21,21,42.83,Holt_Winters,22.4,0.0,86.73,Extra Virgin Cold-Pressed Olive Oil 1 Liter,Grocery & Pantry,Oils & Vinegars,8.5,19.989999771118164
FC-Central,SKU-GROC-003,2025-01-22,22,44.89,Holt_Winters,22.61,0.57,89.21,Extra Virgin Cold-Pressed Olive Oil 1 Liter,Grocery & Pantry,Oils & Vinegars,8.5,19.989999771118164
FC-Central,SKU-GROC-003,2025-01-23,23,46.33,Holt_Winters,22.82,1.6,91.06,Extra Virgin Cold-Pressed Olive Oil 1 Liter,Grocery & Pantry,Oils & Vinegars,8.5,19.989999771118164
FC-Central,SKU-GROC-003,2025-01-24,24,49.16,Holt_Winters,23.02,4.04,94.28,Extra Virgin Cold-Pressed Olive Oil 1 Liter,Grocery & Pantry,Oils & Vinegars,8.5,19.989999771118164
FC-Central,SKU-GROC-003,2025-01-25,25,56.81,Holt_Winters,23.23,11.28,102.34,Extra Virgin Cold-Pressed Olive Oil 1 Liter,Grocery & Pantry,Oils & Vinegars,8.5,19.989999771118164
FC-Central,SKU-GROC-003,2025-01-26,26,51.74,Holt_Winters,23.43,5.82,97.66,Extra Virgin Cold-Pressed Olive Oil 1 Liter,Grocery & Pantry,Oils & Vinegars,8.5,19.989999771118164
FC-Central,SKU-GROC-003,2025-01-27,27,41.01,Holt_Winters,23.63,0.0,87.32,Extra Virgin Cold-Pressed Olive Oil 1 Liter,Grocery & Pantry,Oils & Vinegars,8.5,19.989999771118164
FC-Central,SKU-GROC-003,2025-01-28,28,42.97,Holt_Winters,23.83,0.0,89.68,Extra Virgin Cold-Pressed Olive Oil 1 Liter,Grocery & Pantry,Oils & Vinegars,8.5,19.989999771118164
FC-Central,SKU-GROC-004,2025-01-01,1,29.3,Holt_Winters,17.71,0.0,64.01,Organic Ceremonial Grade Matcha Green Tea 100g,Grocery & Pantry,Coffee & Tea,12.2,29.989999771118164
FC-Central,SKU-GROC-004,2025-01-02,2,28.33,Holt_Winters,17.97,0.0,63.55,Organic Ceremonial Grade Matcha Green Tea 100g,Grocery & Pantry,Coffee & Tea,12.2,29.989999771118164
FC-Central,SKU-GROC-004,2025-01-03,3,35.07,Holt_Winters,18.23,0.0,70.8,Organic Ceremonial Grade Matcha Green Tea 100g,Grocery & Pantry,Coffee & Tea,12.2,29.989999771118164
FC-Central,SKU-GROC-004,2025-01-04,4,37.08,Holt_Winters,18.49,0.84,73.32,Organic Ceremonial Grade Matcha Green Tea 100g,Grocery & Pantry,Coffee & Tea,12.2,29.989999771118164
FC-Central,SKU-GROC-004,2025-01-05,5,34.51,Holt_Winters,18.74,0.0,71.24,Organic Ceremonial Grade Matcha Green Tea 100g,Grocery & Pantry,Coffee & Tea,12.2,29.989999771118164
FC-Central,SKU-GROC-004,2025-01-06,6,27.45,Holt_Winters,18.99,0.0,64.67,Organic Ceremonial Grade Matcha Green Tea 100g,Grocery & Pantry,Coffee & Tea,12.2,29.989999771118164
FC-Central,SKU-GROC-004,2025-01-07,7,28.47,Holt_Winters,19.24,0.0,66.18,Organic Ceremonial Grade Matcha Green Tea 100g,Grocery & Pantry,Coffee & Tea,12.2,29.989999771118164
FC-Central,SKU-GROC-004,2025-01-08,8,29.41,Holt_Winters,19.48,0.0,67.59,Organic Ceremonial Grade Matcha Green Tea 100g,Grocery & Pantry,Coffee & Tea,12.2,29.989999771118164
FC-Central,SKU-GROC-004,2025-01-09,9,28.43,Holt_Winters,19.72,0.0,67.08,Organic Ceremonial Grade Matcha Green Tea 100g,Grocery & Pantry,Coffee & Tea,12.2,29.989999771118164
FC-Central,SKU-GROC-004,2025-01-10,10,35.17,Holt_Winters,19.96,0.0,74.29,Organic Ceremonial Grade Matcha Green Tea 100g,Grocery & Pantry,Coffee & Tea,12.2,29.989999771118164
FC-Central,SKU-GROC-004,2025-01-11,11,37.18,Holt_Winters,20.19,0.0,76.75,Organic Ceremonial Grade Matcha Green Tea 100g,Grocery & Pantry,Coffee & Tea,12.2,29.989999771118164
FC-Central,SKU-GROC-004,2025-01-12,12,34.61,Holt_Winters,20.42,0.0,74.63,Organic Ceremonial Grade Matcha Green Tea 100g,Grocery & Pantry,Coffee & Tea,12.2,29.989999771118164
FC-Central,SKU-GROC-004,2025-01-13,13,27.55,Holt_Winters,20.65,0.0,68.02,Organic Ceremonial Grade Matcha Green Tea 100g,Grocery & Pantry,Coffee & Tea,12.2,29.989999771118164
FC-Central,SKU-GROC-004,2025-01-14,14,28.58,Holt_Winters,20.88,0.0,69.5,Organic Ceremonial Grade Matcha Green Tea 100g,Grocery & Pantry,Coffee & Tea,12.2,29.989999771118164
FC-Central,SKU-GROC-004,2025-01-15,15,29.51,Holt_Winters,21.1,0.0,70.87,Organic Ceremonial Grade Matcha Green Tea 100g,Grocery & Pantry,Coffee & Tea,12.2,29.989999771118164
FC-Central,SKU-GROC-004,2025-01-16,16,28.53,Holt_Winters,21.33,0.0,70.34,Organic Ceremonial Grade Matcha Green Tea 100g,Grocery & Pantry,Coffee & Tea,12.2,29.989999771118164
FC-Central,SKU-GROC-004,2025-01-17,17,35.27,Holt_Winters,21.55,0.0,77.51,Organic Ceremonial Grade Matcha Green Tea 100g,Grocery & Pantry,Coffee & Tea,12.2,29.989999771118164
FC-Central,SKU-GROC-004,2025-01-18,18,37.28,Holt_Winters,21.76,0.0,79.93,Organic Ceremonial Grade Matcha Green Tea 100g,Grocery & Pantry,Coffee & Tea,12.2,29.989999771118164
FC-Central,SKU-GROC-004,2025-01-19,19,34.72,Holt_Winters,21.98,0.0,77.8,Organic Ceremonial Grade Matcha Green Tea 100g,Grocery & Pantry,Coffee & Tea,12.2,29.989999771118164
FC-Central,SKU-GROC-004,2025-01-20,20,27.65,Holt_Winters,22.19,0.0,71.14,Organic Ceremonial Grade Matcha Green Tea 100g,Grocery & Pantry,Coffee & Tea,12.2,29.989999771118164
FC-Central,SKU-GROC-004,2025-01-21,21,28.68,Holt_Winters,22.4,0.0,72.58,Organic Ceremonial Grade Matcha Green Tea 100g,Grocery & Pantry,Coffee & Tea,12.2,29.989999771118164
FC-Central,SKU-GROC-004,2025-01-22,22,29.61,Holt_Winters,22.61,0.0,73.93,Organic Ceremonial Grade Matcha Green Tea 100g,Grocery & Pantry,Coffee & Tea,12.2,29.989999771118164
FC-Central,SKU-GROC-004,2025-01-23,23,28.63,Holt_Winters,22.82,0.0,73.36,Organic Ceremonial Grade Matcha Green Tea 100g,Grocery & Pantry,Coffee & Tea,12.2,29.989999771118164
FC-Central,SKU-GROC-004,2025-01-24,24,35.38,Holt_Winters,23.02,0.0,80.5,Organic Ceremonial Grade Matcha Green Tea 100g,Grocery & Pantry,Coffee & Tea,12.2,29.989999771118164
FC-Central,SKU-GROC-004,2025-01-25,25,37.38,Holt_Winters,23.23,0.0,82.91,Organic Ceremonial Grade Matcha Green Tea 100g,Grocery & Pantry,Coffee & Tea,12.2,29.989999771118164
FC-Central,SKU-GROC-004,2025-01-26,26,34.82,Holt_Winters,23.43,0.0,80.74,Organic Ceremonial Grade Matcha Green Tea 100g,Grocery & Pantry,Coffee & Tea,12.2,29.989999771118164
FC-Central,SKU-GROC-004,2025-01-27,27,27.75,Holt_Winters,23.63,0.0,74.06,Organic Ceremonial Grade Matcha Green Tea 100g,Grocery & Pantry,Coffee & Tea,12.2,29.989999771118164
FC-Central,SKU-GROC-004,2025-01-28,28,28.78,Holt_Winters,23.83,0.0,75.49,Organic Ceremonial Grade Matcha Green Tea 100g,Grocery & Pantry,Coffee & Tea,12.2,29.989999771118164
FC-Central,SKU-GROC-005,2025-01-01,1,85.57,Holt_Winters,17.71,50.86,120.28,Artisanal Holiday Spiced Hot Cocoa Mix 500g,Grocery & Pantry,Seasonal Beverages,5.6,14.989999771118164
FC-Central,SKU-GROC-005,2025-01-02,2,84.09,Holt_Winters,17.97,48.87,119.31,Artisanal Holiday Spiced Hot Cocoa Mix 500g,Grocery & Pantry,Seasonal Beverages,5.6,14.989999771118164
FC-Central,SKU-GROC-005,2025-01-03,3,93.46,Holt_Winters,18.23,57.73,129.19,Artisanal Holiday Spiced Hot Cocoa Mix 500g,Grocery & Pantry,Seasonal Beverages,5.6,14.989999771118164
FC-Central,SKU-GROC-005,2025-01-04,4,93.81,Holt_Winters,18.49,57.57,130.05,Artisanal Holiday Spiced Hot Cocoa Mix 500g,Grocery & Pantry,Seasonal Beverages,5.6,14.989999771118164
FC-Central,SKU-GROC-005,2025-01-05,5,89.71,Holt_Winters,18.74,52.98,126.44,Artisanal Holiday Spiced Hot Cocoa Mix 500g,Grocery & Pantry,Seasonal Beverages,5.6,14.989999771118164
FC-Central,SKU-GROC-005,2025-01-06,6,80.23,Holt_Winters,18.99,43.01,117.45,Artisanal Holiday Spiced Hot Cocoa Mix 500g,Grocery & Pantry,Seasonal Beverages,5.6,14.989999771118164
FC-Central,SKU-GROC-005,2025-01-07,7,82.53,Holt_Winters,19.24,44.82,120.24,Artisanal Holiday Spiced Hot Cocoa Mix 500g,Grocery & Pantry,Seasonal Beverages,5.6,14.989999771118164
FC-Central,SKU-GROC-005,2025-01-08,8,86.08,Holt_Winters,19.48,47.9,124.26,Artisanal Holiday Spiced Hot Cocoa Mix 500g,Grocery & Pantry,Seasonal Beverages,5.6,14.989999771118164
FC-Central,SKU-GROC-005,2025-01-09,9,84.59,Holt_Winters,19.72,45.94,123.24,Artisanal Holiday Spiced Hot Cocoa Mix 500g,Grocery & Pantry,Seasonal Beverages,5.6,14.989999771118164
FC-Central,SKU-GROC-005,2025-01-10,10,93.97,Holt_Winters,19.96,54.85,133.09,Artisanal Holiday Spiced Hot Cocoa Mix 500g,Grocery & Pantry,Seasonal Beverages,5.6,14.989999771118164
FC-Central,SKU-GROC-005,2025-01-11,11,94.32,Holt_Winters,20.19,54.75,133.89,Artisanal Holiday Spiced Hot Cocoa Mix 500g,Grocery & Pantry,Seasonal Beverages,5.6,14.989999771118164
FC-Central,SKU-GROC-005,2025-01-12,12,90.22,Holt_Winters,20.42,50.2,130.24,Artisanal Holiday Spiced Hot Cocoa Mix 500g,Grocery & Pantry,Seasonal Beverages,5.6,14.989999771118164
FC-Central,SKU-GROC-005,2025-01-13,13,80.74,Holt_Winters,20.65,40.27,121.21,Artisanal Holiday Spiced Hot Cocoa Mix 500g,Grocery & Pantry,Seasonal Beverages,5.6,14.989999771118164
FC-Central,SKU-GROC-005,2025-01-14,14,83.04,Holt_Winters,20.88,42.12,123.96,Artisanal Holiday Spiced Hot Cocoa Mix 500g,Grocery & Pantry,Seasonal Beverages,5.6,14.989999771118164
FC-Central,SKU-GROC-005,2025-01-15,15,86.59,Holt_Winters,21.1,45.23,127.95,Artisanal Holiday Spiced Hot Cocoa Mix 500g,Grocery & Pantry,Seasonal Beverages,5.6,14.989999771118164
FC-Central,SKU-GROC-005,2025-01-16,16,85.1,Holt_Winters,21.33,43.29,126.91,Artisanal Holiday Spiced Hot Cocoa Mix 500g,Grocery & Pantry,Seasonal Beverages,5.6,14.989999771118164
FC-Central,SKU-GROC-005,2025-01-17,17,94.48,Holt_Winters,21.55,52.24,136.72,Artisanal Holiday Spiced Hot Cocoa Mix 500g,Grocery & Pantry,Seasonal Beverages,5.6,14.989999771118164
FC-Central,SKU-GROC-005,2025-01-18,18,94.83,Holt_Winters,21.76,52.18,137.48,Artisanal Holiday Spiced Hot Cocoa Mix 500g,Grocery & Pantry,Seasonal Beverages,5.6,14.989999771118164
FC-Central,SKU-GROC-005,2025-01-19,19,90.73,Holt_Winters,21.98,47.65,133.81,Artisanal Holiday Spiced Hot Cocoa Mix 500g,Grocery & Pantry,Seasonal Beverages,5.6,14.989999771118164
FC-Central,SKU-GROC-005,2025-01-20,20,81.25,Holt_Winters,22.19,37.76,124.74,Artisanal Holiday Spiced Hot Cocoa Mix 500g,Grocery & Pantry,Seasonal Beverages,5.6,14.989999771118164
FC-Central,SKU-GROC-005,2025-01-21,21,83.55,Holt_Winters,22.4,39.65,127.45,Artisanal Holiday Spiced Hot Cocoa Mix 500g,Grocery & Pantry,Seasonal Beverages,5.6,14.989999771118164
FC-Central,SKU-GROC-005,2025-01-22,22,87.1,Holt_Winters,22.61,42.78,131.42,Artisanal Holiday Spiced Hot Cocoa Mix 500g,Grocery & Pantry,Seasonal Beverages,5.6,14.989999771118164
FC-Central,SKU-GROC-005,2025-01-23,23,85.61,Holt_Winters,22.82,40.88,130.34,Artisanal Holiday Spiced Hot Cocoa Mix 500g,Grocery & Pantry,Seasonal Beverages,5.6,14.989999771118164
FC-Central,SKU-GROC-005,2025-01-24,24,94.99,Holt_Winters,23.02,49.87,140.11,Artisanal Holiday Spiced Hot Cocoa Mix 500g,Grocery & Pantry,Seasonal Beverages,5.6,14.989999771118164
FC-Central,SKU-GROC-005,2025-01-25,25,95.34,Holt_Winters,23.23,49.81,140.87,Artisanal Holiday Spiced Hot Cocoa Mix 500g,Grocery & Pantry,Seasonal Beverages,5.6,14.989999771118164
FC-Central,SKU-GROC-005,2025-01-26,26,91.24,Holt_Winters,23.43,45.32,137.16,Artisanal Holiday Spiced Hot Cocoa Mix 500g,Grocery & Pantry,Seasonal Beverages,5.6,14.989999771118164
FC-Central,SKU-GROC-005,2025-01-27,27,81.75,Holt_Winters,23.63,35.44,128.06,Artisanal Holiday Spiced Hot Cocoa Mix 500g,Grocery & Pantry,Seasonal Beverages,5.6,14.989999771118164
FC-Central,SKU-GROC-005,2025-01-28,28,84.05,Holt_Winters,23.83,37.34,130.76,Artisanal Holiday Spiced Hot Cocoa Mix 500g,Grocery & Pantry,Seasonal Beverages,5.6,14.989999771118164
FC-Central,SKU-GROC-006,2025-01-01,1,34.87,Holt_Winters,17.71,0.16,69.58,Electrolyte Enhanced Sparkling Mineral Water (24-Pack),Grocery & Pantry,Beverages,11.8,26.989999771118164
FC-Central,SKU-GROC-006,2025-01-02,2,35.47,Holt_Winters,17.97,0.25,70.69,Electrolyte Enhanced Sparkling Mineral Water (24-Pack),Grocery & Pantry,Beverages,11.8,26.989999771118164
FC-Central,SKU-GROC-006,2025-01-03,3,42.04,Holt_Winters,18.23,6.31,77.77,Electrolyte Enhanced Sparkling Mineral Water (24-Pack),Grocery & Pantry,Beverages,11.8,26.989999771118164
FC-Central,SKU-GROC-006,2025-01-04,4,47.12,Holt_Winters,18.49,10.88,83.36,Electrolyte Enhanced Sparkling Mineral Water (24-Pack),Grocery & Pantry,Beverages,11.8,26.989999771118164
FC-Central,SKU-GROC-006,2025-01-05,5,40.77,Holt_Winters,18.74,4.04,77.5,Electrolyte Enhanced Sparkling Mineral Water (24-Pack),Grocery & Pantry,Beverages,11.8,26.989999771118164
FC-Central,SKU-GROC-006,2025-01-06,6,29.89,Holt_Winters,18.99,0.0,67.11,Electrolyte Enhanced Sparkling Mineral Water (24-Pack),Grocery & Pantry,Beverages,11.8,26.989999771118164
FC-Central,SKU-GROC-006,2025-01-07,7,32.85,Holt_Winters,19.24,0.0,70.56,Electrolyte Enhanced Sparkling Mineral Water (24-Pack),Grocery & Pantry,Beverages,11.8,26.989999771118164
FC-Central,SKU-GROC-006,2025-01-08,8,34.89,Holt_Winters,19.48,0.0,73.07,Electrolyte Enhanced Sparkling Mineral Water (24-Pack),Grocery & Pantry,Beverages,11.8,26.989999771118164
FC-Central,SKU-GROC-006,2025-01-09,9,35.5,Holt_Winters,19.72,0.0,74.15,Electrolyte Enhanced Sparkling Mineral Water (24-Pack),Grocery & Pantry,Beverages,11.8,26.989999771118164
FC-Central,SKU-GROC-006,2025-01-10,10,42.07,Holt_Winters,19.96,2.95,81.19,Electrolyte Enhanced Sparkling Mineral Water (24-Pack),Grocery & Pantry,Beverages,11.8,26.989999771118164
FC-Central,SKU-GROC-006,2025-01-11,11,47.15,Holt_Winters,20.19,7.58,86.72,Electrolyte Enhanced Sparkling Mineral Water (24-Pack),Grocery & Pantry,Beverages,11.8,26.989999771118164
FC-Central,SKU-GROC-006,2025-01-12,12,40.8,Holt_Winters,20.42,0.78,80.82,Electrolyte Enhanced Sparkling Mineral Water (24-Pack),Grocery & Pantry,Beverages,11.8,26.989999771118164
FC-Central,SKU-GROC-006,2025-01-13,13,29.92,Holt_Winters,20.65,0.0,70.39,Electrolyte Enhanced Sparkling Mineral Water (24-Pack),Grocery & Pantry,Beverages,11.8,26.989999771118164
FC-Central,SKU-GROC-006,2025-01-14,14,32.88,Holt_Winters,20.88,0.0,73.8,Electrolyte Enhanced Sparkling Mineral Water (24-Pack),Grocery & Pantry,Beverages,11.8,26.989999771118164
FC-Central,SKU-GROC-006,2025-01-15,15,34.92,Holt_Winters,21.1,0.0,76.28,Electrolyte Enhanced Sparkling Mineral Water (24-Pack),Grocery & Pantry,Beverages,11.8,26.989999771118164
FC-Central,SKU-GROC-006,2025-01-16,16,35.53,Holt_Winters,21.33,0.0,77.34,Electrolyte Enhanced Sparkling Mineral Water (24-Pack),Grocery & Pantry,Beverages,11.8,26.989999771118164
FC-Central,SKU-GROC-006,2025-01-17,17,42.1,Holt_Winters,21.55,0.0,84.34,Electrolyte Enhanced Sparkling Mineral Water (24-Pack),Grocery & Pantry,Beverages,11.8,26.989999771118164
FC-Central,SKU-GROC-006,2025-01-18,18,47.18,Holt_Winters,21.76,4.53,89.83,Electrolyte Enhanced Sparkling Mineral Water (24-Pack),Grocery & Pantry,Beverages,11.8,26.989999771118164
FC-Central,SKU-GROC-006,2025-01-19,19,40.82,Holt_Winters,21.98,0.0,83.9,Electrolyte Enhanced Sparkling Mineral Water (24-Pack),Grocery & Pantry,Beverages,11.8,26.989999771118164
FC-Central,SKU-GROC-006,2025-01-20,20,29.94,Holt_Winters,22.19,0.0,73.43,Electrolyte Enhanced Sparkling Mineral Water (24-Pack),Grocery & Pantry,Beverages,11.8,26.989999771118164
FC-Central,SKU-GROC-006,2025-01-21,21,32.91,Holt_Winters,22.4,0.0,76.81,Electrolyte Enhanced Sparkling Mineral Water (24-Pack),Grocery & Pantry,Beverages,11.8,26.989999771118164
FC-Central,SKU-GROC-006,2025-01-22,22,34.95,Holt_Winters,22.61,0.0,79.27,Electrolyte Enhanced Sparkling Mineral Water (24-Pack),Grocery & Pantry,Beverages,11.8,26.989999771118164
FC-Central,SKU-GROC-006,2025-01-23,23,35.56,Holt_Winters,22.82,0.0,80.29,Electrolyte Enhanced Sparkling Mineral Water (24-Pack),Grocery & Pantry,Beverages,11.8,26.989999771118164
FC-Central,SKU-GROC-006,2025-01-24,24,42.13,Holt_Winters,23.02,0.0,87.25,Electrolyte Enhanced Sparkling Mineral Water (24-Pack),Grocery & Pantry,Beverages,11.8,26.989999771118164
FC-Central,SKU-GROC-006,2025-01-25,25,47.21,Holt_Winters,23.23,1.68,92.74,Electrolyte Enhanced Sparkling Mineral Water (24-Pack),Grocery & Pantry,Beverages,11.8,26.989999771118164
FC-Central,SKU-GROC-006,2025-01-26,26,40.85,Holt_Winters,23.43,0.0,86.77,Electrolyte Enhanced Sparkling Mineral Water (24-Pack),Grocery & Pantry,Beverages,11.8,26.989999771118164
FC-Central,SKU-GROC-006,2025-01-27,27,29.97,Holt_Winters,23.63,0.0,76.28,Electrolyte Enhanced Sparkling Mineral Water (24-Pack),Grocery & Pantry,Beverages,11.8,26.989999771118164
FC-Central,SKU-GROC-006,2025-01-28,28,32.93,Holt_Winters,23.83,0.0,79.64,Electrolyte Enhanced Sparkling Mineral Water (24-Pack),Grocery & Pantry,Beverages,11.8,26.989999771118164
FC-Central,SKU-GROC-007,2025-01-01,1,9.83,Holt_Winters,17.71,0.0,44.54,Artificially Flavored Breakfast Cereal Marshmallow 18oz,Grocery & Pantry,Cereals,2.2,5.489999771118164
FC-Central,SKU-GROC-007,2025-01-02,2,11.28,Holt_Winters,17.97,0.0,46.5,Artificially Flavored Breakfast Cereal Marshmallow 18oz,Grocery & Pantry,Cereals,2.2,5.489999771118164
FC-Central,SKU-GROC-007,2025-01-03,3,14.44,Holt_Winters,18.23,0.0,50.17,Artificially Flavored Breakfast Cereal Marshmallow 18oz,Grocery & Pantry,Cereals,2.2,5.489999771118164
FC-Central,SKU-GROC-007,2025-01-04,4,16.22,Holt_Winters,18.49,0.0,52.46,Artificially Flavored Breakfast Cereal Marshmallow 18oz,Grocery & Pantry,Cereals,2.2,5.489999771118164
FC-Central,SKU-GROC-007,2025-01-05,5,12.77,Holt_Winters,18.74,0.0,49.5,Artificially Flavored Breakfast Cereal Marshmallow 18oz,Grocery & Pantry,Cereals,2.2,5.489999771118164
FC-Central,SKU-GROC-007,2025-01-06,6,10.4,Holt_Winters,18.99,0.0,47.62,Artificially Flavored Breakfast Cereal Marshmallow 18oz,Grocery & Pantry,Cereals,2.2,5.489999771118164
FC-Central,SKU-GROC-007,2025-01-07,7,10.18,Holt_Winters,19.24,0.0,47.89,Artificially Flavored Breakfast Cereal Marshmallow 18oz,Grocery & Pantry,Cereals,2.2,5.489999771118164
FC-Central,SKU-GROC-007,2025-01-08,8,9.75,Holt_Winters,19.48,0.0,47.93,Artificially Flavored Breakfast Cereal Marshmallow 18oz,Grocery & Pantry,Cereals,2.2,5.489999771118164
FC-Central,SKU-GROC-007,2025-01-09,9,11.2,Holt_Winters,19.72,0.0,49.85,Artificially Flavored Breakfast Cereal Marshmallow 18oz,Grocery & Pantry,Cereals,2.2,5.489999771118164
FC-Central,SKU-GROC-007,2025-01-10,10,14.37,Holt_Winters,19.96,0.0,53.49,Artificially Flavored Breakfast Cereal Marshmallow 18oz,Grocery & Pantry,Cereals,2.2,5.489999771118164
FC-Central,SKU-GROC-007,2025-01-11,11,16.15,Holt_Winters,20.19,0.0,55.72,Artificially Flavored Breakfast Cereal Marshmallow 18oz,Grocery & Pantry,Cereals,2.2,5.489999771118164
FC-Central,SKU-GROC-007,2025-01-12,12,12.69,Holt_Winters,20.42,0.0,52.71,Artificially Flavored Breakfast Cereal Marshmallow 18oz,Grocery & Pantry,Cereals,2.2,5.489999771118164
FC-Central,SKU-GROC-007,2025-01-13,13,10.33,Holt_Winters,20.65,0.0,50.8,Artificially Flavored Breakfast Cereal Marshmallow 18oz,Grocery & Pantry,Cereals,2.2,5.489999771118164
FC-Central,SKU-GROC-007,2025-01-14,14,10.11,Holt_Winters,20.88,0.0,51.03,Artificially Flavored Breakfast Cereal Marshmallow 18oz,Grocery & Pantry,Cereals,2.2,5.489999771118164
FC-Central,SKU-GROC-007,2025-01-15,15,9.68,Holt_Winters,21.1,0.0,51.04,Artificially Flavored Breakfast Cereal Marshmallow 18oz,Grocery & Pantry,Cereals,2.2,5.489999771118164
FC-Central,SKU-GROC-007,2025-01-16,16,11.13,Holt_Winters,21.33,0.0,52.94,Artificially Flavored Breakfast Cereal Marshmallow 18oz,Grocery & Pantry,Cereals,2.2,5.489999771118164
FC-Central,SKU-GROC-007,2025-01-17,17,14.29,Holt_Winters,21.55,0.0,56.53,Artificially Flavored Breakfast Cereal Marshmallow 18oz,Grocery & Pantry,Cereals,2.2,5.489999771118164
FC-Central,SKU-GROC-007,2025-01-18,18,16.07,Holt_Winters,21.76,0.0,58.72,Artificially Flavored Breakfast Cereal Marshmallow 18oz,Grocery & Pantry,Cereals,2.2,5.489999771118164
FC-Central,SKU-GROC-007,2025-01-19,19,12.61,Holt_Winters,21.98,0.0,55.69,Artificially Flavored Breakfast Cereal Marshmallow 18oz,Grocery & Pantry,Cereals,2.2,5.489999771118164
FC-Central,SKU-GROC-007,2025-01-20,20,10.25,Holt_Winters,22.19,0.0,53.74,Artificially Flavored Breakfast Cereal Marshmallow 18oz,Grocery & Pantry,Cereals,2.2,5.489999771118164
FC-Central,SKU-GROC-007,2025-01-21,21,10.03,Holt_Winters,22.4,0.0,53.93,Artificially Flavored Breakfast Cereal Marshmallow 18oz,Grocery & Pantry,Cereals,2.2,5.489999771118164
FC-Central,SKU-GROC-007,2025-01-22,22,9.6,Holt_Winters,22.61,0.0,53.92,Artificially Flavored Breakfast Cereal Marshmallow 18oz,Grocery & Pantry,Cereals,2.2,5.489999771118164
FC-Central,SKU-GROC-007,2025-01-23,23,11.05,Holt_Winters,22.82,0.0,55.78,Artificially Flavored Breakfast Cereal Marshmallow 18oz,Grocery & Pantry,Cereals,2.2,5.489999771118164
FC-Central,SKU-GROC-007,2025-01-24,24,14.22,Holt_Winters,23.02,0.0,59.34,Artificially Flavored Breakfast Cereal Marshmallow 18oz,Grocery & Pantry,Cereals,2.2,5.489999771118164
FC-Central,SKU-GROC-007,2025-01-25,25,16.0,Holt_Winters,23.23,0.0,61.53,Artificially Flavored Breakfast Cereal Marshmallow 18oz,Grocery & Pantry,Cereals,2.2,5.489999771118164
FC-Central,SKU-GROC-007,2025-01-26,26,12.54,Holt_Winters,23.43,0.0,58.46,Artificially Flavored Breakfast Cereal Marshmallow 18oz,Grocery & Pantry,Cereals,2.2,5.489999771118164
FC-Central,SKU-GROC-007,2025-01-27,27,10.18,Holt_Winters,23.63,0.0,56.49,Artificially Flavored Breakfast Cereal Marshmallow 18oz,Grocery & Pantry,Cereals,2.2,5.489999771118164
FC-Central,SKU-GROC-007,2025-01-28,28,9.96,Holt_Winters,23.83,0.0,56.67,Artificially Flavored Breakfast Cereal Marshmallow 18oz,Grocery & Pantry,Cereals,2.2,5.489999771118164
FC-Central,SKU-GROC-008,2025-01-01,1,63.9,Holt_Winters,17.71,29.19,98.61,Gourmet Dark Chocolate Sea Salt Truffles Gift Box,Grocery & Pantry,Confections,9.9,24.989999771118164
FC-Central,SKU-GROC-008,2025-01-02,2,62.45,Holt_Winters,17.97,27.23,97.67,Gourmet Dark Chocolate Sea Salt Truffles Gift Box,Grocery & Pantry,Confections,9.9,24.989999771118164
FC-Central,SKU-GROC-008,2025-01-03,3,67.55,Holt_Winters,18.23,31.82,103.28,Gourmet Dark Chocolate Sea Salt Truffles Gift Box,Grocery & Pantry,Confections,9.9,24.989999771118164
FC-Central,SKU-GROC-008,2025-01-04,4,71.16,Holt_Winters,18.49,34.92,107.4,Gourmet Dark Chocolate Sea Salt Truffles Gift Box,Grocery & Pantry,Confections,9.9,24.989999771118164
FC-Central,SKU-GROC-008,2025-01-05,5,68.83,Holt_Winters,18.74,32.1,105.56,Gourmet Dark Chocolate Sea Salt Truffles Gift Box,Grocery & Pantry,Confections,9.9,24.989999771118164
FC-Central,SKU-GROC-008,2025-01-06,6,58.87,Holt_Winters,18.99,21.65,96.09,Gourmet Dark Chocolate Sea Salt Truffles Gift Box,Grocery & Pantry,Confections,9.9,24.989999771118164
FC-Central,SKU-GROC-008,2025-01-07,7,63.51,Holt_Winters,19.24,25.8,101.22,Gourmet Dark Chocolate Sea Salt Truffles Gift Box,Grocery & Pantry,Confections,9.9,24.989999771118164
FC-Central,SKU-GROC-008,2025-01-08,8,64.33,Holt_Winters,19.48,26.15,102.51,Gourmet Dark Chocolate Sea Salt Truffles Gift Box,Grocery & Pantry,Confections,9.9,24.989999771118164
FC-Central,SKU-GROC-008,2025-01-09,9,62.87,Holt_Winters,19.72,24.22,101.52,Gourmet Dark Chocolate Sea Salt Truffles Gift Box,Grocery & Pantry,Confections,9.9,24.989999771118164
FC-Central,SKU-GROC-008,2025-01-10,10,67.98,Holt_Winters,19.96,28.86,107.1,Gourmet Dark Chocolate Sea Salt Truffles Gift Box,Grocery & Pantry,Confections,9.9,24.989999771118164
FC-Central,SKU-GROC-008,2025-01-11,11,71.59,Holt_Winters,20.19,32.02,111.16,Gourmet Dark Chocolate Sea Salt Truffles Gift Box,Grocery & Pantry,Confections,9.9,24.989999771118164
FC-Central,SKU-GROC-008,2025-01-12,12,69.26,Holt_Winters,20.42,29.24,109.28,Gourmet Dark Chocolate Sea Salt Truffles Gift Box,Grocery & Pantry,Confections,9.9,24.989999771118164
FC-Central,SKU-GROC-008,2025-01-13,13,59.3,Holt_Winters,20.65,18.83,99.77,Gourmet Dark Chocolate Sea Salt Truffles Gift Box,Grocery & Pantry,Confections,9.9,24.989999771118164
FC-Central,SKU-GROC-008,2025-01-14,14,63.93,Holt_Winters,20.88,23.01,104.85,Gourmet Dark Chocolate Sea Salt Truffles Gift Box,Grocery & Pantry,Confections,9.9,24.989999771118164
FC-Central,SKU-GROC-008,2025-01-15,15,64.75,Holt_Winters,21.1,23.39,106.11,Gourmet Dark Chocolate Sea Salt Truffles Gift Box,Grocery & Pantry,Confections,9.9,24.989999771118164
FC-Central,SKU-GROC-008,2025-01-16,16,63.3,Holt_Winters,21.33,21.49,105.11,Gourmet Dark Chocolate Sea Salt Truffles Gift Box,Grocery & Pantry,Confections,9.9,24.989999771118164
FC-Central,SKU-GROC-008,2025-01-17,17,68.41,Holt_Winters,21.55,26.17,110.65,Gourmet Dark Chocolate Sea Salt Truffles Gift Box,Grocery & Pantry,Confections,9.9,24.989999771118164
FC-Central,SKU-GROC-008,2025-01-18,18,72.01,Holt_Winters,21.76,29.36,114.66,Gourmet Dark Chocolate Sea Salt Truffles Gift Box,Grocery & Pantry,Confections,9.9,24.989999771118164
FC-Central,SKU-GROC-008,2025-01-19,19,69.68,Holt_Winters,21.98,26.6,112.76,Gourmet Dark Chocolate Sea Salt Truffles Gift Box,Grocery & Pantry,Confections,9.9,24.989999771118164
FC-Central,SKU-GROC-008,2025-01-20,20,59.72,Holt_Winters,22.19,16.23,103.21,Gourmet Dark Chocolate Sea Salt Truffles Gift Box,Grocery & Pantry,Confections,9.9,24.989999771118164
FC-Central,SKU-GROC-008,2025-01-21,21,64.36,Holt_Winters,22.4,20.46,108.26,Gourmet Dark Chocolate Sea Salt Truffles Gift Box,Grocery & Pantry,Confections,9.9,24.989999771118164
FC-Central,SKU-GROC-008,2025-01-22,22,65.18,Holt_Winters,22.61,20.86,109.5,Gourmet Dark Chocolate Sea Salt Truffles Gift Box,Grocery & Pantry,Confections,9.9,24.989999771118164
FC-Central,SKU-GROC-008,2025-01-23,23,63.73,Holt_Winters,22.82,19.0,108.46,Gourmet Dark Chocolate Sea Salt Truffles Gift Box,Grocery & Pantry,Confections,9.9,24.989999771118164
FC-Central,SKU-GROC-008,2025-01-24,24,68.83,Holt_Winters,23.02,23.71,113.95,Gourmet Dark Chocolate Sea Salt Truffles Gift Box,Grocery & Pantry,Confections,9.9,24.989999771118164
FC-Central,SKU-GROC-008,2025-01-25,25,72.44,Holt_Winters,23.23,26.91,117.97,Gourmet Dark Chocolate Sea Salt Truffles Gift Box,Grocery & Pantry,Confections,9.9,24.989999771118164
FC-Central,SKU-GROC-008,2025-01-26,26,70.11,Holt_Winters,23.43,24.19,116.03,Gourmet Dark Chocolate Sea Salt Truffles Gift Box,Grocery & Pantry,Confections,9.9,24.989999771118164
FC-Central,SKU-GROC-008,2025-01-27,27,60.15,Holt_Winters,23.63,13.84,106.46,Gourmet Dark Chocolate Sea Salt Truffles Gift Box,Grocery & Pantry,Confections,9.9,24.989999771118164
FC-Central,SKU-GROC-008,2025-01-28,28,64.79,Holt_Winters,23.83,18.08,111.5,Gourmet Dark Chocolate Sea Salt Truffles Gift Box,Grocery & Pantry,Confections,9.9,24.989999771118164
FC-Central,SKU-GROC-009,2025-01-01,1,1.89,Holt_Winters,17.71,0.0,36.6,Bulk Food Grade Citric Acid Crystals 50 lb Sack,Grocery & Pantry,Bulk Ingredients,38.0,89.0
FC-Central,SKU-GROC-009,2025-01-02,2,2.3,Holt_Winters,17.97,0.0,37.52,Bulk Food Grade Citric Acid Crystals 50 lb Sack,Grocery & Pantry,Bulk Ingredients,38.0,89.0
FC-Central,SKU-GROC-009,2025-01-03,3,2.85,Holt_Winters,18.23,0.0,38.58,Bulk Food Grade Citric Acid Crystals 50 lb Sack,Grocery & Pantry,Bulk Ingredients,38.0,89.0
FC-Central,SKU-GROC-009,2025-01-04,4,1.79,Holt_Winters,18.49,0.0,38.03,Bulk Food Grade Citric Acid Crystals 50 lb Sack,Grocery & Pantry,Bulk Ingredients,38.0,89.0
FC-Central,SKU-GROC-009,2025-01-05,5,2.15,Holt_Winters,18.74,0.0,38.88,Bulk Food Grade Citric Acid Crystals 50 lb Sack,Grocery & Pantry,Bulk Ingredients,38.0,89.0
FC-Central,SKU-GROC-009,2025-01-06,6,2.19,Holt_Winters,18.99,0.0,39.41,Bulk Food Grade Citric Acid Crystals 50 lb Sack,Grocery & Pantry,Bulk Ingredients,38.0,89.0
FC-Central,SKU-GROC-009,2025-01-07,7,2.43,Holt_Winters,19.24,0.0,40.14,Bulk Food Grade Citric Acid Crystals 50 lb Sack,Grocery & Pantry,Bulk Ingredients,38.0,89.0
FC-Central,SKU-GROC-009,2025-01-08,8,1.89,Holt_Winters,19.48,0.0,40.07,Bulk Food Grade Citric Acid Crystals 50 lb Sack,Grocery & Pantry,Bulk Ingredients,38.0,89.0
FC-Central,SKU-GROC-009,2025-01-09,9,2.29,Holt_Winters,19.72,0.0,40.94,Bulk Food Grade Citric Acid Crystals 50 lb Sack,Grocery & Pantry,Bulk Ingredients,38.0,89.0
FC-Central,SKU-GROC-009,2025-01-10,10,2.84,Holt_Winters,19.96,0.0,41.96,Bulk Food Grade Citric Acid Crystals 50 lb Sack,Grocery & Pantry,Bulk Ingredients,38.0,89.0
FC-Central,SKU-GROC-009,2025-01-11,11,1.79,Holt_Winters,20.19,0.0,41.36,Bulk Food Grade Citric Acid Crystals 50 lb Sack,Grocery & Pantry,Bulk Ingredients,38.0,89.0
FC-Central,SKU-GROC-009,2025-01-12,12,2.15,Holt_Winters,20.42,0.0,42.17,Bulk Food Grade Citric Acid Crystals 50 lb Sack,Grocery & Pantry,Bulk Ingredients,38.0,89.0
FC-Central,SKU-GROC-009,2025-01-13,13,2.18,Holt_Winters,20.65,0.0,42.65,Bulk Food Grade Citric Acid Crystals 50 lb Sack,Grocery & Pantry,Bulk Ingredients,38.0,89.0
FC-Central,SKU-GROC-009,2025-01-14,14,2.42,Holt_Winters,20.88,0.0,43.34,Bulk Food Grade Citric Acid Crystals 50 lb Sack,Grocery & Pantry,Bulk Ingredients,38.0,89.0
FC-Central,SKU-GROC-009,2025-01-15,15,1.89,Holt_Winters,21.1,0.0,43.25,Bulk Food Grade Citric Acid Crystals 50 lb Sack,Grocery & Pantry,Bulk Ingredients,38.0,89.0
FC-Central,SKU-GROC-009,2025-01-16,16,2.29,Holt_Winters,21.33,0.0,44.1,Bulk Food Grade Citric Acid Crystals 50 lb Sack,Grocery & Pantry,Bulk Ingredients,38.0,89.0
FC-Central,SKU-GROC-009,2025-01-17,17,2.84,Holt_Winters,21.55,0.0,45.08,Bulk Food Grade Citric Acid Crystals 50 lb Sack,Grocery & Pantry,Bulk Ingredients,38.0,89.0
FC-Central,SKU-GROC-009,2025-01-18,18,1.78,Holt_Winters,21.76,0.0,44.43,Bulk Food Grade Citric Acid Crystals 50 lb Sack,Grocery & Pantry,Bulk Ingredients,38.0,89.0
FC-Central,SKU-GROC-009,2025-01-19,19,2.14,Holt_Winters,21.98,0.0,45.22,Bulk Food Grade Citric Acid Crystals 50 lb Sack,Grocery & Pantry,Bulk Ingredients,38.0,89.0
FC-Central,SKU-GROC-009,2025-01-20,20,2.18,Holt_Winters,22.19,0.0,45.67,Bulk Food Grade Citric Acid Crystals 50 lb Sack,Grocery & Pantry,Bulk Ingredients,38.0,89.0
FC-Central,SKU-GROC-009,2025-01-21,21,2.42,Holt_Winters,22.4,0.0,46.32,Bulk Food Grade Citric Acid Crystals 50 lb Sack,Grocery & Pantry,Bulk Ingredients,38.0,89.0
FC-Central,SKU-GROC-009,2025-01-22,22,1.88,Holt_Winters,22.61,0.0,46.2,Bulk Food Grade Citric Acid Crystals 50 lb Sack,Grocery & Pantry,Bulk Ingredients,38.0,89.0
FC-Central,SKU-GROC-009,2025-01-23,23,2.29,Holt_Winters,22.82,0.0,47.02,Bulk Food Grade Citric Acid Crystals 50 lb Sack,Grocery & Pantry,Bulk Ingredients,38.0,89.0
FC-Central,SKU-GROC-009,2025-01-24,24,2.84,Holt_Winters,23.02,0.0,47.96,Bulk Food Grade Citric Acid Crystals 50 lb Sack,Grocery & Pantry,Bulk Ingredients,38.0,89.0
FC-Central,SKU-GROC-009,2025-01-25,25,1.78,Holt_Winters,23.23,0.0,47.31,Bulk Food Grade Citric Acid Crystals 50 lb Sack,Grocery & Pantry,Bulk Ingredients,38.0,89.0
FC-Central,SKU-GROC-009,2025-01-26,26,2.14,Holt_Winters,23.43,0.0,48.06,Bulk Food Grade Citric Acid Crystals 50 lb Sack,Grocery & Pantry,Bulk Ingredients,38.0,89.0
FC-Central,SKU-GROC-009,2025-01-27,27,2.18,Holt_Winters,23.63,0.0,48.49,Bulk Food Grade Citric Acid Crystals 50 lb Sack,Grocery & Pantry,Bulk Ingredients,38.0,89.0
FC-Central,SKU-GROC-009,2025-01-28,28,2.41,Holt_Winters,23.83,0.0,49.12,Bulk Food Grade Citric Acid Crystals 50 lb Sack,Grocery & Pantry,Bulk Ingredients,38.0,89.0
FC-Central,SKU-GROC-010,2025-01-01,1,5.66,Holt_Winters,17.71,0.0,40.37,Imported White Truffle Infused Olive Oil Reserve 250ml,Grocery & Pantry,Gourmet Specialty,29.0,64.98999786376953
FC-Central,SKU-GROC-010,2025-01-02,2,5.7,Holt_Winters,17.97,0.0,40.92,Imported White Truffle Infused Olive Oil Reserve 250ml,Grocery & Pantry,Gourmet Specialty,29.0,64.98999786376953
FC-Central,SKU-GROC-010,2025-01-03,3,6.54,Holt_Winters,18.23,0.0,42.27,Imported White Truffle Infused Olive Oil Reserve 250ml,Grocery & Pantry,Gourmet Specialty,29.0,64.98999786376953
FC-Central,SKU-GROC-010,2025-01-04,4,8.0,Holt_Winters,18.49,0.0,44.24,Imported White Truffle Infused Olive Oil Reserve 250ml,Grocery & Pantry,Gourmet Specialty,29.0,64.98999786376953
FC-Central,SKU-GROC-010,2025-01-05,5,5.9,Holt_Winters,18.74,0.0,42.63,Imported White Truffle Infused Olive Oil Reserve 250ml,Grocery & Pantry,Gourmet Specialty,29.0,64.98999786376953
FC-Central,SKU-GROC-010,2025-01-06,6,5.49,Holt_Winters,18.99,0.0,42.71,Imported White Truffle Infused Olive Oil Reserve 250ml,Grocery & Pantry,Gourmet Specialty,29.0,64.98999786376953
FC-Central,SKU-GROC-010,2025-01-07,7,5.16,Holt_Winters,19.24,0.0,42.87,Imported White Truffle Infused Olive Oil Reserve 250ml,Grocery & Pantry,Gourmet Specialty,29.0,64.98999786376953
FC-Central,SKU-GROC-010,2025-01-08,8,5.67,Holt_Winters,19.48,0.0,43.85,Imported White Truffle Infused Olive Oil Reserve 250ml,Grocery & Pantry,Gourmet Specialty,29.0,64.98999786376953
FC-Central,SKU-GROC-010,2025-01-09,9,5.71,Holt_Winters,19.72,0.0,44.36,Imported White Truffle Infused Olive Oil Reserve 250ml,Grocery & Pantry,Gourmet Specialty,29.0,64.98999786376953
FC-Central,SKU-GROC-010,2025-01-10,10,6.55,Holt_Winters,19.96,0.0,45.67,Imported White Truffle Infused Olive Oil Reserve 250ml,Grocery & Pantry,Gourmet Specialty,29.0,64.98999786376953
FC-Central,SKU-GROC-010,2025-01-11,11,8.01,Holt_Winters,20.19,0.0,47.58,Imported White Truffle Infused Olive Oil Reserve 250ml,Grocery & Pantry,Gourmet Specialty,29.0,64.98999786376953
FC-Central,SKU-GROC-010,2025-01-12,12,5.91,Holt_Winters,20.42,0.0,45.93,Imported White Truffle Infused Olive Oil Reserve 250ml,Grocery & Pantry,Gourmet Specialty,29.0,64.98999786376953
FC-Central,SKU-GROC-010,2025-01-13,13,5.5,Holt_Winters,20.65,0.0,45.97,Imported White Truffle Infused Olive Oil Reserve 250ml,Grocery & Pantry,Gourmet Specialty,29.0,64.98999786376953
FC-Central,SKU-GROC-010,2025-01-14,14,5.18,Holt_Winters,20.88,0.0,46.1,Imported White Truffle Infused Olive Oil Reserve 250ml,Grocery & Pantry,Gourmet Specialty,29.0,64.98999786376953
FC-Central,SKU-GROC-010,2025-01-15,15,5.68,Holt_Winters,21.1,0.0,47.04,Imported White Truffle Infused Olive Oil Reserve 250ml,Grocery & Pantry,Gourmet Specialty,29.0,64.98999786376953
FC-Central,SKU-GROC-010,2025-01-16,16,5.73,Holt_Winters,21.33,0.0,47.54,Imported White Truffle Infused Olive Oil Reserve 250ml,Grocery & Pantry,Gourmet Specialty,29.0,64.98999786376953
FC-Central,SKU-GROC-010,2025-01-17,17,6.56,Holt_Winters,21.55,0.0,48.8,Imported White Truffle Infused Olive Oil Reserve 250ml,Grocery & Pantry,Gourmet Specialty,29.0,64.98999786376953
FC-Central,SKU-GROC-010,2025-01-18,18,8.02,Holt_Winters,21.76,0.0,50.67,Imported White Truffle Infused Olive Oil Reserve 250ml,Grocery & Pantry,Gourmet Specialty,29.0,64.98999786376953
FC-Central,SKU-GROC-010,2025-01-19,19,5.92,Holt_Winters,21.98,0.0,49.0,Imported White Truffle Infused Olive Oil Reserve 250ml,Grocery & Pantry,Gourmet Specialty,29.0,64.98999786376953
FC-Central,SKU-GROC-010,2025-01-20,20,5.51,Holt_Winters,22.19,0.0,49.0,Imported White Truffle Infused Olive Oil Reserve 250ml,Grocery & Pantry,Gourmet Specialty,29.0,64.98999786376953
FC-Central,SKU-GROC-010,2025-01-21,21,5.19,Holt_Winters,22.4,0.0,49.09,Imported White Truffle Infused Olive Oil Reserve 250ml,Grocery & Pantry,Gourmet Specialty,29.0,64.98999786376953
FC-Central,SKU-GROC-010,2025-01-22,22,5.69,Holt_Winters,22.61,0.0,50.01,Imported White Truffle Infused Olive Oil Reserve 250ml,Grocery & Pantry,Gourmet Specialty,29.0,64.98999786376953
FC-Central,SKU-GROC-010,2025-01-23,23,5.74,Holt_Winters,22.82,0.0,50.47,Imported White Truffle Infused Olive Oil Reserve 250ml,Grocery & Pantry,Gourmet Specialty,29.0,64.98999786376953
FC-Central,SKU-GROC-010,2025-01-24,24,6.57,Holt_Winters,23.02,0.0,51.69,Imported White Truffle Infused Olive Oil Reserve 250ml,Grocery & Pantry,Gourmet Specialty,29.0,64.98999786376953
FC-Central,SKU-GROC-010,2025-01-25,25,8.03,Holt_Winters,23.23,0.0,53.56,Imported White Truffle Infused Olive Oil Reserve 250ml,Grocery & Pantry,Gourmet Specialty,29.0,64.98999786376953
FC-Central,SKU-GROC-010,2025-01-26,26,5.93,Holt_Winters,23.43,0.0,51.85,Imported White Truffle Infused Olive Oil Reserve 250ml,Grocery & Pantry,Gourmet Specialty,29.0,64.98999786376953
FC-Central,SKU-GROC-010,2025-01-27,27,5.52,Holt_Winters,23.63,0.0,51.83,Imported White Truffle Infused Olive Oil Reserve 250ml,Grocery & Pantry,Gourmet Specialty,29.0,64.98999786376953
FC-Central,SKU-GROC-010,2025-01-28,28,5.2,Holt_Winters,23.83,0.0,51.91,Imported White Truffle Infused Olive Oil Reserve 250ml,Grocery & Pantry,Gourmet Specialty,29.0,64.98999786376953
FC-Central,SKU-HLTH-001,2025-01-01,1,44.77,Holt_Winters,17.71,10.06,79.48,Daily Multivitamin Formula with Zinc & D3 (90 Count),Health & Care,Supplements,8.9,22.989999771118164
FC-Central,SKU-HLTH-001,2025-01-02,2,46.34,Holt_Winters,17.97,11.12,81.56,Daily Multivitamin Formula with Zinc & D3 (90 Count),Health & Care,Supplements,8.9,22.989999771118164
FC-Central,SKU-HLTH-001,2025-01-03,3,54.79,Holt_Winters,18.23,19.06,90.52,Daily Multivitamin Formula with Zinc & D3 (90 Count),Health & Care,Supplements,8.9,22.989999771118164
FC-Central,SKU-HLTH-001,2025-01-04,4,60.11,Holt_Winters,18.49,23.87,96.35,Daily Multivitamin Formula with Zinc & D3 (90 Count),Health & Care,Supplements,8.9,22.989999771118164
FC-Central,SKU-HLTH-001,2025-01-05,5,56.76,Holt_Winters,18.74,20.03,93.49,Daily Multivitamin Formula with Zinc & D3 (90 Count),Health & Care,Supplements,8.9,22.989999771118164
FC-Central,SKU-HLTH-001,2025-01-06,6,42.1,Holt_Winters,18.99,4.88,79.32,Daily Multivitamin Formula with Zinc & D3 (90 Count),Health & Care,Supplements,8.9,22.989999771118164
FC-Central,SKU-HLTH-001,2025-01-07,7,44.33,Holt_Winters,19.24,6.62,82.04,Daily Multivitamin Formula with Zinc & D3 (90 Count),Health & Care,Supplements,8.9,22.989999771118164
FC-Central,SKU-HLTH-001,2025-01-08,8,44.77,Holt_Winters,19.48,6.59,82.95,Daily Multivitamin Formula with Zinc & D3 (90 Count),Health & Care,Supplements,8.9,22.989999771118164
FC-Central,SKU-HLTH-001,2025-01-09,9,46.34,Holt_Winters,19.72,7.69,84.99,Daily Multivitamin Formula with Zinc & D3 (90 Count),Health & Care,Supplements,8.9,22.989999771118164
FC-Central,SKU-HLTH-001,2025-01-10,10,54.79,Holt_Winters,19.96,15.67,93.91,Daily Multivitamin Formula with Zinc & D3 (90 Count),Health & Care,Supplements,8.9,22.989999771118164
FC-Central,SKU-HLTH-001,2025-01-11,11,60.11,Holt_Winters,20.19,20.54,99.68,Daily Multivitamin Formula with Zinc & D3 (90 Count),Health & Care,Supplements,8.9,22.989999771118164
FC-Central,SKU-HLTH-001,2025-01-12,12,56.76,Holt_Winters,20.42,16.74,96.78,Daily Multivitamin Formula with Zinc & D3 (90 Count),Health & Care,Supplements,8.9,22.989999771118164
FC-Central,SKU-HLTH-001,2025-01-13,13,42.1,Holt_Winters,20.65,1.63,82.57,Daily Multivitamin Formula with Zinc & D3 (90 Count),Health & Care,Supplements,8.9,22.989999771118164
FC-Central,SKU-HLTH-001,2025-01-14,14,44.33,Holt_Winters,20.88,3.41,85.25,Daily Multivitamin Formula with Zinc & D3 (90 Count),Health & Care,Supplements,8.9,22.989999771118164
FC-Central,SKU-HLTH-001,2025-01-15,15,44.78,Holt_Winters,21.1,3.42,86.14,Daily Multivitamin Formula with Zinc & D3 (90 Count),Health & Care,Supplements,8.9,22.989999771118164
FC-Central,SKU-HLTH-001,2025-01-16,16,46.35,Holt_Winters,21.33,4.54,88.16,Daily Multivitamin Formula with Zinc & D3 (90 Count),Health & Care,Supplements,8.9,22.989999771118164
FC-Central,SKU-HLTH-001,2025-01-17,17,54.8,Holt_Winters,21.55,12.56,97.04,Daily Multivitamin Formula with Zinc & D3 (90 Count),Health & Care,Supplements,8.9,22.989999771118164
FC-Central,SKU-HLTH-001,2025-01-18,18,60.12,Holt_Winters,21.76,17.47,102.77,Daily Multivitamin Formula with Zinc & D3 (90 Count),Health & Care,Supplements,8.9,22.989999771118164
FC-Central,SKU-HLTH-001,2025-01-19,19,56.77,Holt_Winters,21.98,13.69,99.85,Daily Multivitamin Formula with Zinc & D3 (90 Count),Health & Care,Supplements,8.9,22.989999771118164
FC-Central,SKU-HLTH-001,2025-01-20,20,42.11,Holt_Winters,22.19,0.0,85.6,Daily Multivitamin Formula with Zinc & D3 (90 Count),Health & Care,Supplements,8.9,22.989999771118164
FC-Central,SKU-HLTH-001,2025-01-21,21,44.34,Holt_Winters,22.4,0.44,88.24,Daily Multivitamin Formula with Zinc & D3 (90 Count),Health & Care,Supplements,8.9,22.989999771118164
FC-Central,SKU-HLTH-001,2025-01-22,22,44.78,Holt_Winters,22.61,0.46,89.1,Daily Multivitamin Formula with Zinc & D3 (90 Count),Health & Care,Supplements,8.9,22.989999771118164
FC-Central,SKU-HLTH-001,2025-01-23,23,46.35,Holt_Winters,22.82,1.62,91.08,Daily Multivitamin Formula with Zinc & D3 (90 Count),Health & Care,Supplements,8.9,22.989999771118164
FC-Central,SKU-HLTH-001,2025-01-24,24,54.8,Holt_Winters,23.02,9.68,99.92,Daily Multivitamin Formula with Zinc & D3 (90 Count),Health & Care,Supplements,8.9,22.989999771118164
FC-Central,SKU-HLTH-001,2025-01-25,25,60.12,Holt_Winters,23.23,14.59,105.65,Daily Multivitamin Formula with Zinc & D3 (90 Count),Health & Care,Supplements,8.9,22.989999771118164
FC-Central,SKU-HLTH-001,2025-01-26,26,56.77,Holt_Winters,23.43,10.85,102.69,Daily Multivitamin Formula with Zinc & D3 (90 Count),Health & Care,Supplements,8.9,22.989999771118164
FC-Central,SKU-HLTH-001,2025-01-27,27,42.11,Holt_Winters,23.63,0.0,88.42,Daily Multivitamin Formula with Zinc & D3 (90 Count),Health & Care,Supplements,8.9,22.989999771118164
FC-Central,SKU-HLTH-001,2025-01-28,28,44.34,Holt_Winters,23.83,0.0,91.05,Daily Multivitamin Formula with Zinc & D3 (90 Count),Health & Care,Supplements,8.9,22.989999771118164
FC-Central,SKU-HLTH-002,2025-01-01,1,24.79,Holt_Winters,17.71,0.0,59.5,Mineral Broad-Spectrum Sunscreen Lotion SPF 50 6oz,Health & Care,Suncare,6.8,17.989999771118164
FC-Central,SKU-HLTH-002,2025-01-02,2,27.0,Holt_Winters,17.97,0.0,62.22,Mineral Broad-Spectrum Sunscreen Lotion SPF 50 6oz,Health & Care,Suncare,6.8,17.989999771118164
FC-Central,SKU-HLTH-002,2025-01-03,3,31.06,Holt_Winters,18.23,0.0,66.79,Mineral Broad-Spectrum Sunscreen Lotion SPF 50 6oz,Health & Care,Suncare,6.8,17.989999771118164
FC-Central,SKU-HLTH-002,2025-01-04,4,37.01,Holt_Winters,18.49,0.77,73.25,Mineral Broad-Spectrum Sunscreen Lotion SPF 50 6oz,Health & Care,Suncare,6.8,17.989999771118164
FC-Central,SKU-HLTH-002,2025-01-05,5,32.74,Holt_Winters,18.74,0.0,69.47,Mineral Broad-Spectrum Sunscreen Lotion SPF 50 6oz,Health & Care,Suncare,6.8,17.989999771118164
FC-Central,SKU-HLTH-002,2025-01-06,6,23.48,Holt_Winters,18.99,0.0,60.7,Mineral Broad-Spectrum Sunscreen Lotion SPF 50 6oz,Health & Care,Suncare,6.8,17.989999771118164
FC-Central,SKU-HLTH-002,2025-01-07,7,18.88,Holt_Winters,19.24,0.0,56.59,Mineral Broad-Spectrum Sunscreen Lotion SPF 50 6oz,Health & Care,Suncare,6.8,17.989999771118164
FC-Central,SKU-HLTH-002,2025-01-08,8,22.68,Holt_Winters,19.48,0.0,60.86,Mineral Broad-Spectrum Sunscreen Lotion SPF 50 6oz,Health & Care,Suncare,6.8,17.989999771118164
FC-Central,SKU-HLTH-002,2025-01-09,9,24.89,Holt_Winters,19.72,0.0,63.54,Mineral Broad-Spectrum Sunscreen Lotion SPF 50 6oz,Health & Care,Suncare,6.8,17.989999771118164
FC-Central,SKU-HLTH-002,2025-01-10,10,28.95,Holt_Winters,19.96,0.0,68.07,Mineral Broad-Spectrum Sunscreen Lotion SPF 50 6oz,Health & Care,Suncare,6.8,17.989999771118164
FC-Central,SKU-HLTH-002,2025-01-11,11,34.89,Holt_Winters,20.19,0.0,74.46,Mineral Broad-Spectrum Sunscreen Lotion SPF 50 6oz,Health & Care,Suncare,6.8,17.989999771118164
FC-Central,SKU-HLTH-002,2025-01-12,12,30.62,Holt_Winters,20.42,0.0,70.64,Mineral Broad-Spectrum Sunscreen Lotion SPF 50 6oz,Health & Care,Suncare,6.8,17.989999771118164
FC-Central,SKU-HLTH-002,2025-01-13,13,21.37,Holt_Winters,20.65,0.0,61.84,Mineral Broad-Spectrum Sunscreen Lotion SPF 50 6oz,Health & Care,Suncare,6.8,17.989999771118164
FC-Central,SKU-HLTH-002,2025-01-14,14,16.77,Holt_Winters,20.88,0.0,57.69,Mineral Broad-Spectrum Sunscreen Lotion SPF 50 6oz,Health & Care,Suncare,6.8,17.989999771118164
FC-Central,SKU-HLTH-002,2025-01-15,15,20.56,Holt_Winters,21.1,0.0,61.92,Mineral Broad-Spectrum Sunscreen Lotion SPF 50 6oz,Health & Care,Suncare,6.8,17.989999771118164
FC-Central,SKU-HLTH-002,2025-01-16,16,22.77,Holt_Winters,21.33,0.0,64.58,Mineral Broad-Spectrum Sunscreen Lotion SPF 50 6oz,Health & Care,Suncare,6.8,17.989999771118164
FC-Central,SKU-HLTH-002,2025-01-17,17,26.83,Holt_Winters,21.55,0.0,69.07,Mineral Broad-Spectrum Sunscreen Lotion SPF 50 6oz,Health & Care,Suncare,6.8,17.989999771118164
FC-Central,SKU-HLTH-002,2025-01-18,18,32.78,Holt_Winters,21.76,0.0,75.43,Mineral Broad-Spectrum Sunscreen Lotion SPF 50 6oz,Health & Care,Suncare,6.8,17.989999771118164
FC-Central,SKU-HLTH-002,2025-01-19,19,28.51,Holt_Winters,21.98,0.0,71.59,Mineral Broad-Spectrum Sunscreen Lotion SPF 50 6oz,Health & Care,Suncare,6.8,17.989999771118164
FC-Central,SKU-HLTH-002,2025-01-20,20,19.25,Holt_Winters,22.19,0.0,62.74,Mineral Broad-Spectrum Sunscreen Lotion SPF 50 6oz,Health & Care,Suncare,6.8,17.989999771118164
FC-Central,SKU-HLTH-002,2025-01-21,21,14.65,Holt_Winters,22.4,0.0,58.55,Mineral Broad-Spectrum Sunscreen Lotion SPF 50 6oz,Health & Care,Suncare,6.8,17.989999771118164
FC-Central,SKU-HLTH-002,2025-01-22,22,18.44,Holt_Winters,22.61,0.0,62.76,Mineral Broad-Spectrum Sunscreen Lotion SPF 50 6oz,Health & Care,Suncare,6.8,17.989999771118164
FC-Central,SKU-HLTH-002,2025-01-23,23,20.65,Holt_Winters,22.82,0.0,65.38,Mineral Broad-Spectrum Sunscreen Lotion SPF 50 6oz,Health & Care,Suncare,6.8,17.989999771118164
FC-Central,SKU-HLTH-002,2025-01-24,24,24.71,Holt_Winters,23.02,0.0,69.83,Mineral Broad-Spectrum Sunscreen Lotion SPF 50 6oz,Health & Care,Suncare,6.8,17.989999771118164
FC-Central,SKU-HLTH-002,2025-01-25,25,30.66,Holt_Winters,23.23,0.0,76.19,Mineral Broad-Spectrum Sunscreen Lotion SPF 50 6oz,Health & Care,Suncare,6.8,17.989999771118164
FC-Central,SKU-HLTH-002,2025-01-26,26,26.39,Holt_Winters,23.43,0.0,72.31,Mineral Broad-Spectrum Sunscreen Lotion SPF 50 6oz,Health & Care,Suncare,6.8,17.989999771118164
FC-Central,SKU-HLTH-002,2025-01-27,27,17.13,Holt_Winters,23.63,0.0,63.44,Mineral Broad-Spectrum Sunscreen Lotion SPF 50 6oz,Health & Care,Suncare,6.8,17.989999771118164
FC-Central,SKU-HLTH-002,2025-01-28,28,12.53,Holt_Winters,23.83,0.0,59.24,Mineral Broad-Spectrum Sunscreen Lotion SPF 50 6oz,Health & Care,Suncare,6.8,17.989999771118164
FC-Central,SKU-HLTH-003,2025-01-01,1,36.32,Holt_Winters,17.71,1.61,71.03,Grass-Fed Hydrolyzed Collagen Peptides Powder 1 lb,Health & Care,Nutrition,15.5,36.9900016784668
FC-Central,SKU-HLTH-003,2025-01-02,2,37.44,Holt_Winters,17.97,2.22,72.66,Grass-Fed Hydrolyzed Collagen Peptides Powder 1 lb,Health & Care,Nutrition,15.5,36.9900016784668
FC-Central,SKU-HLTH-003,2025-01-03,3,42.27,Holt_Winters,18.23,6.54,78.0,Grass-Fed Hydrolyzed Collagen Peptides Powder 1 lb,Health & Care,Nutrition,15.5,36.9900016784668
FC-Central,SKU-HLTH-003,2025-01-04,4,46.49,Holt_Winters,18.49,10.25,82.73,Grass-Fed Hydrolyzed Collagen Peptides Powder 1 lb,Health & Care,Nutrition,15.5,36.9900016784668
FC-Central,SKU-HLTH-003,2025-01-05,5,42.1,Holt_Winters,18.74,5.37,78.83,Grass-Fed Hydrolyzed Collagen Peptides Powder 1 lb,Health & Care,Nutrition,15.5,36.9900016784668
FC-Central,SKU-HLTH-003,2025-01-06,6,32.72,Holt_Winters,18.99,0.0,69.94,Grass-Fed Hydrolyzed Collagen Peptides Powder 1 lb,Health & Care,Nutrition,15.5,36.9900016784668
FC-Central,SKU-HLTH-003,2025-01-07,7,34.45,Holt_Winters,19.24,0.0,72.16,Grass-Fed Hydrolyzed Collagen Peptides Powder 1 lb,Health & Care,Nutrition,15.5,36.9900016784668
FC-Central,SKU-HLTH-003,2025-01-08,8,36.43,Holt_Winters,19.48,0.0,74.61,Grass-Fed Hydrolyzed Collagen Peptides Powder 1 lb,Health & Care,Nutrition,15.5,36.9900016784668
FC-Central,SKU-HLTH-003,2025-01-09,9,37.55,Holt_Winters,19.72,0.0,76.2,Grass-Fed Hydrolyzed Collagen Peptides Powder 1 lb,Health & Care,Nutrition,15.5,36.9900016784668
FC-Central,SKU-HLTH-003,2025-01-10,10,42.38,Holt_Winters,19.96,3.26,81.5,Grass-Fed Hydrolyzed Collagen Peptides Powder 1 lb,Health & Care,Nutrition,15.5,36.9900016784668
FC-Central,SKU-HLTH-003,2025-01-11,11,46.6,Holt_Winters,20.19,7.03,86.17,Grass-Fed Hydrolyzed Collagen Peptides Powder 1 lb,Health & Care,Nutrition,15.5,36.9900016784668
FC-Central,SKU-HLTH-003,2025-01-12,12,42.22,Holt_Winters,20.42,2.2,82.24,Grass-Fed Hydrolyzed Collagen Peptides Powder 1 lb,Health & Care,Nutrition,15.5,36.9900016784668
FC-Central,SKU-HLTH-003,2025-01-13,13,32.83,Holt_Winters,20.65,0.0,73.3,Grass-Fed Hydrolyzed Collagen Peptides Powder 1 lb,Health & Care,Nutrition,15.5,36.9900016784668
FC-Central,SKU-HLTH-003,2025-01-14,14,34.57,Holt_Winters,20.88,0.0,75.49,Grass-Fed Hydrolyzed Collagen Peptides Powder 1 lb,Health & Care,Nutrition,15.5,36.9900016784668
FC-Central,SKU-HLTH-003,2025-01-15,15,36.54,Holt_Winters,21.1,0.0,77.9,Grass-Fed Hydrolyzed Collagen Peptides Powder 1 lb,Health & Care,Nutrition,15.5,36.9900016784668
FC-Central,SKU-HLTH-003,2025-01-16,16,37.67,Holt_Winters,21.33,0.0,79.48,Grass-Fed Hydrolyzed Collagen Peptides Powder 1 lb,Health & Care,Nutrition,15.5,36.9900016784668
FC-Central,SKU-HLTH-003,2025-01-17,17,42.49,Holt_Winters,21.55,0.25,84.73,Grass-Fed Hydrolyzed Collagen Peptides Powder 1 lb,Health & Care,Nutrition,15.5,36.9900016784668
FC-Central,SKU-HLTH-003,2025-01-18,18,46.72,Holt_Winters,21.76,4.07,89.37,Grass-Fed Hydrolyzed Collagen Peptides Powder 1 lb,Health & Care,Nutrition,15.5,36.9900016784668
FC-Central,SKU-HLTH-003,2025-01-19,19,42.33,Holt_Winters,21.98,0.0,85.41,Grass-Fed Hydrolyzed Collagen Peptides Powder 1 lb,Health & Care,Nutrition,15.5,36.9900016784668
FC-Central,SKU-HLTH-003,2025-01-20,20,32.94,Holt_Winters,22.19,0.0,76.43,Grass-Fed Hydrolyzed Collagen Peptides Powder 1 lb,Health & Care,Nutrition,15.5,36.9900016784668
FC-Central,SKU-HLTH-003,2025-01-21,21,34.68,Holt_Winters,22.4,0.0,78.58,Grass-Fed Hydrolyzed Collagen Peptides Powder 1 lb,Health & Care,Nutrition,15.5,36.9900016784668
FC-Central,SKU-HLTH-003,2025-01-22,22,36.65,Holt_Winters,22.61,0.0,80.97,Grass-Fed Hydrolyzed Collagen Peptides Powder 1 lb,Health & Care,Nutrition,15.5,36.9900016784668
FC-Central,SKU-HLTH-003,2025-01-23,23,37.78,Holt_Winters,22.82,0.0,82.51,Grass-Fed Hydrolyzed Collagen Peptides Powder 1 lb,Health & Care,Nutrition,15.5,36.9900016784668
FC-Central,SKU-HLTH-003,2025-01-24,24,42.6,Holt_Winters,23.02,0.0,87.72,Grass-Fed Hydrolyzed Collagen Peptides Powder 1 lb,Health & Care,Nutrition,15.5,36.9900016784668
FC-Central,SKU-HLTH-003,2025-01-25,25,46.83,Holt_Winters,23.23,1.3,92.36,Grass-Fed Hydrolyzed Collagen Peptides Powder 1 lb,Health & Care,Nutrition,15.5,36.9900016784668
FC-Central,SKU-HLTH-003,2025-01-26,26,42.44,Holt_Winters,23.43,0.0,88.36,Grass-Fed Hydrolyzed Collagen Peptides Powder 1 lb,Health & Care,Nutrition,15.5,36.9900016784668
FC-Central,SKU-HLTH-003,2025-01-27,27,33.06,Holt_Winters,23.63,0.0,79.37,Grass-Fed Hydrolyzed Collagen Peptides Powder 1 lb,Health & Care,Nutrition,15.5,36.9900016784668
FC-Central,SKU-HLTH-003,2025-01-28,28,34.79,Holt_Winters,23.83,0.0,81.5,Grass-Fed Hydrolyzed Collagen Peptides Powder 1 lb,Health & Care,Nutrition,15.5,36.9900016784668
FC-Central,SKU-HLTH-004,2025-01-01,1,28.56,Holt_Winters,17.71,0.0,63.27,Sonic Electric Toothbrush Replacement Heads (4-Pack),Health & Care,Oral Care,10.5,29.989999771118164
FC-Central,SKU-HLTH-004,2025-01-02,2,29.52,Holt_Winters,17.97,0.0,64.74,Sonic Electric Toothbrush Replacement Heads (4-Pack),Health & Care,Oral Care,10.5,29.989999771118164
FC-Central,SKU-HLTH-004,2025-01-03,3,33.47,Holt_Winters,18.23,0.0,69.2,Sonic Electric Toothbrush Replacement Heads (4-Pack),Health & Care,Oral Care,10.5,29.989999771118164
FC-Central,SKU-HLTH-004,2025-01-04,4,39.2,Holt_Winters,18.49,2.96,75.44,Sonic Electric Toothbrush Replacement Heads (4-Pack),Health & Care,Oral Care,10.5,29.989999771118164
FC-Central,SKU-HLTH-004,2025-01-05,5,35.34,Holt_Winters,18.74,0.0,72.07,Sonic Electric Toothbrush Replacement Heads (4-Pack),Health & Care,Oral Care,10.5,29.989999771118164
FC-Central,SKU-HLTH-004,2025-01-06,6,26.26,Holt_Winters,18.99,0.0,63.48,Sonic Electric Toothbrush Replacement Heads (4-Pack),Health & Care,Oral Care,10.5,29.989999771118164
FC-Central,SKU-HLTH-004,2025-01-07,7,27.66,Holt_Winters,19.24,0.0,65.37,Sonic Electric Toothbrush Replacement Heads (4-Pack),Health & Care,Oral Care,10.5,29.989999771118164
FC-Central,SKU-HLTH-004,2025-01-08,8,28.56,Holt_Winters,19.48,0.0,66.74,Sonic Electric Toothbrush Replacement Heads (4-Pack),Health & Care,Oral Care,10.5,29.989999771118164
FC-Central,SKU-HLTH-004,2025-01-09,9,29.53,Holt_Winters,19.72,0.0,68.18,Sonic Electric Toothbrush Replacement Heads (4-Pack),Health & Care,Oral Care,10.5,29.989999771118164
FC-Central,SKU-HLTH-004,2025-01-10,10,33.48,Holt_Winters,19.96,0.0,72.6,Sonic Electric Toothbrush Replacement Heads (4-Pack),Health & Care,Oral Care,10.5,29.989999771118164
FC-Central,SKU-HLTH-004,2025-01-11,11,39.21,Holt_Winters,20.19,0.0,78.78,Sonic Electric Toothbrush Replacement Heads (4-Pack),Health & Care,Oral Care,10.5,29.989999771118164
FC-Central,SKU-HLTH-004,2025-01-12,12,35.35,Holt_Winters,20.42,0.0,75.37,Sonic Electric Toothbrush Replacement Heads (4-Pack),Health & Care,Oral Care,10.5,29.989999771118164
FC-Central,SKU-HLTH-004,2025-01-13,13,26.27,Holt_Winters,20.65,0.0,66.74,Sonic Electric Toothbrush Replacement Heads (4-Pack),Health & Care,Oral Care,10.5,29.989999771118164
FC-Central,SKU-HLTH-004,2025-01-14,14,27.67,Holt_Winters,20.88,0.0,68.59,Sonic Electric Toothbrush Replacement Heads (4-Pack),Health & Care,Oral Care,10.5,29.989999771118164
FC-Central,SKU-HLTH-004,2025-01-15,15,28.57,Holt_Winters,21.1,0.0,69.93,Sonic Electric Toothbrush Replacement Heads (4-Pack),Health & Care,Oral Care,10.5,29.989999771118164
FC-Central,SKU-HLTH-004,2025-01-16,16,29.53,Holt_Winters,21.33,0.0,71.34,Sonic Electric Toothbrush Replacement Heads (4-Pack),Health & Care,Oral Care,10.5,29.989999771118164
FC-Central,SKU-HLTH-004,2025-01-17,17,33.48,Holt_Winters,21.55,0.0,75.72,Sonic Electric Toothbrush Replacement Heads (4-Pack),Health & Care,Oral Care,10.5,29.989999771118164
FC-Central,SKU-HLTH-004,2025-01-18,18,39.21,Holt_Winters,21.76,0.0,81.86,Sonic Electric Toothbrush Replacement Heads (4-Pack),Health & Care,Oral Care,10.5,29.989999771118164
FC-Central,SKU-HLTH-004,2025-01-19,19,35.35,Holt_Winters,21.98,0.0,78.43,Sonic Electric Toothbrush Replacement Heads (4-Pack),Health & Care,Oral Care,10.5,29.989999771118164
FC-Central,SKU-HLTH-004,2025-01-20,20,26.28,Holt_Winters,22.19,0.0,69.77,Sonic Electric Toothbrush Replacement Heads (4-Pack),Health & Care,Oral Care,10.5,29.989999771118164
FC-Central,SKU-HLTH-004,2025-01-21,21,27.68,Holt_Winters,22.4,0.0,71.58,Sonic Electric Toothbrush Replacement Heads (4-Pack),Health & Care,Oral Care,10.5,29.989999771118164
FC-Central,SKU-HLTH-004,2025-01-22,22,28.58,Holt_Winters,22.61,0.0,72.9,Sonic Electric Toothbrush Replacement Heads (4-Pack),Health & Care,Oral Care,10.5,29.989999771118164
FC-Central,SKU-HLTH-004,2025-01-23,23,29.54,Holt_Winters,22.82,0.0,74.27,Sonic Electric Toothbrush Replacement Heads (4-Pack),Health & Care,Oral Care,10.5,29.989999771118164
FC-Central,SKU-HLTH-004,2025-01-24,24,33.49,Holt_Winters,23.02,0.0,78.61,Sonic Electric Toothbrush Replacement Heads (4-Pack),Health & Care,Oral Care,10.5,29.989999771118164
FC-Central,SKU-HLTH-004,2025-01-25,25,39.22,Holt_Winters,23.23,0.0,84.75,Sonic Electric Toothbrush Replacement Heads (4-Pack),Health & Care,Oral Care,10.5,29.989999771118164
FC-Central,SKU-HLTH-004,2025-01-26,26,35.36,Holt_Winters,23.43,0.0,81.28,Sonic Electric Toothbrush Replacement Heads (4-Pack),Health & Care,Oral Care,10.5,29.989999771118164
FC-Central,SKU-HLTH-004,2025-01-27,27,26.28,Holt_Winters,23.63,0.0,72.59,Sonic Electric Toothbrush Replacement Heads (4-Pack),Health & Care,Oral Care,10.5,29.989999771118164
FC-Central,SKU-HLTH-004,2025-01-28,28,27.68,Holt_Winters,23.83,0.0,74.39,Sonic Electric Toothbrush Replacement Heads (4-Pack),Health & Care,Oral Care,10.5,29.989999771118164
FC-Central,SKU-HLTH-005,2025-01-01,1,59.65,Holt_Winters,17.71,24.94,94.36,Elderberry Immune Support Syrup with Vitamin C 8oz,Health & Care,Wellness,7.4,19.989999771118164
FC-Central,SKU-HLTH-005,2025-01-02,2,59.29,Holt_Winters,17.97,24.07,94.51,Elderberry Immune Support Syrup with Vitamin C 8oz,Health & Care,Wellness,7.4,19.989999771118164
FC-Central,SKU-HLTH-005,2025-01-03,3,64.54,Holt_Winters,18.23,28.81,100.27,Elderberry Immune Support Syrup with Vitamin C 8oz,Health & Care,Wellness,7.4,19.989999771118164
FC-Central,SKU-HLTH-005,2025-01-04,4,70.78,Holt_Winters,18.49,34.54,107.02,Elderberry Immune Support Syrup with Vitamin C 8oz,Health & Care,Wellness,7.4,19.989999771118164
FC-Central,SKU-HLTH-005,2025-01-05,5,67.2,Holt_Winters,18.74,30.47,103.93,Elderberry Immune Support Syrup with Vitamin C 8oz,Health & Care,Wellness,7.4,19.989999771118164
FC-Central,SKU-HLTH-005,2025-01-06,6,57.75,Holt_Winters,18.99,20.53,94.97,Elderberry Immune Support Syrup with Vitamin C 8oz,Health & Care,Wellness,7.4,19.989999771118164
FC-Central,SKU-HLTH-005,2025-01-07,7,57.96,Holt_Winters,19.24,20.25,95.67,Elderberry Immune Support Syrup with Vitamin C 8oz,Health & Care,Wellness,7.4,19.989999771118164
FC-Central,SKU-HLTH-005,2025-01-08,8,62.45,Holt_Winters,19.48,24.27,100.63,Elderberry Immune Support Syrup with Vitamin C 8oz,Health & Care,Wellness,7.4,19.989999771118164
FC-Central,SKU-HLTH-005,2025-01-09,9,62.1,Holt_Winters,19.72,23.45,100.75,Elderberry Immune Support Syrup with Vitamin C 8oz,Health & Care,Wellness,7.4,19.989999771118164
FC-Central,SKU-HLTH-005,2025-01-10,10,67.35,Holt_Winters,19.96,28.23,106.47,Elderberry Immune Support Syrup with Vitamin C 8oz,Health & Care,Wellness,7.4,19.989999771118164
FC-Central,SKU-HLTH-005,2025-01-11,11,73.58,Holt_Winters,20.19,34.01,113.15,Elderberry Immune Support Syrup with Vitamin C 8oz,Health & Care,Wellness,7.4,19.989999771118164
FC-Central,SKU-HLTH-005,2025-01-12,12,70.0,Holt_Winters,20.42,29.98,110.02,Elderberry Immune Support Syrup with Vitamin C 8oz,Health & Care,Wellness,7.4,19.989999771118164
FC-Central,SKU-HLTH-005,2025-01-13,13,60.56,Holt_Winters,20.65,20.09,101.03,Elderberry Immune Support Syrup with Vitamin C 8oz,Health & Care,Wellness,7.4,19.989999771118164
FC-Central,SKU-HLTH-005,2025-01-14,14,60.76,Holt_Winters,20.88,19.84,101.68,Elderberry Immune Support Syrup with Vitamin C 8oz,Health & Care,Wellness,7.4,19.989999771118164
FC-Central,SKU-HLTH-005,2025-01-15,15,65.26,Holt_Winters,21.1,23.9,106.62,Elderberry Immune Support Syrup with Vitamin C 8oz,Health & Care,Wellness,7.4,19.989999771118164
FC-Central,SKU-HLTH-005,2025-01-16,16,64.9,Holt_Winters,21.33,23.09,106.71,Elderberry Immune Support Syrup with Vitamin C 8oz,Health & Care,Wellness,7.4,19.989999771118164
FC-Central,SKU-HLTH-005,2025-01-17,17,70.15,Holt_Winters,21.55,27.91,112.39,Elderberry Immune Support Syrup with Vitamin C 8oz,Health & Care,Wellness,7.4,19.989999771118164
FC-Central,SKU-HLTH-005,2025-01-18,18,76.39,Holt_Winters,21.76,33.74,119.04,Elderberry Immune Support Syrup with Vitamin C 8oz,Health & Care,Wellness,7.4,19.989999771118164
FC-Central,SKU-HLTH-005,2025-01-19,19,72.81,Holt_Winters,21.98,29.73,115.89,Elderberry Immune Support Syrup with Vitamin C 8oz,Health & Care,Wellness,7.4,19.989999771118164
FC-Central,SKU-HLTH-005,2025-01-20,20,63.36,Holt_Winters,22.19,19.87,106.85,Elderberry Immune Support Syrup with Vitamin C 8oz,Health & Care,Wellness,7.4,19.989999771118164
FC-Central,SKU-HLTH-005,2025-01-21,21,63.57,Holt_Winters,22.4,19.67,107.47,Elderberry Immune Support Syrup with Vitamin C 8oz,Health & Care,Wellness,7.4,19.989999771118164
FC-Central,SKU-HLTH-005,2025-01-22,22,68.06,Holt_Winters,22.61,23.74,112.38,Elderberry Immune Support Syrup with Vitamin C 8oz,Health & Care,Wellness,7.4,19.989999771118164
FC-Central,SKU-HLTH-005,2025-01-23,23,67.71,Holt_Winters,22.82,22.98,112.44,Elderberry Immune Support Syrup with Vitamin C 8oz,Health & Care,Wellness,7.4,19.989999771118164
FC-Central,SKU-HLTH-005,2025-01-24,24,72.95,Holt_Winters,23.02,27.83,118.07,Elderberry Immune Support Syrup with Vitamin C 8oz,Health & Care,Wellness,7.4,19.989999771118164
FC-Central,SKU-HLTH-005,2025-01-25,25,79.19,Holt_Winters,23.23,33.66,124.72,Elderberry Immune Support Syrup with Vitamin C 8oz,Health & Care,Wellness,7.4,19.989999771118164
FC-Central,SKU-HLTH-005,2025-01-26,26,75.61,Holt_Winters,23.43,29.69,121.53,Elderberry Immune Support Syrup with Vitamin C 8oz,Health & Care,Wellness,7.4,19.989999771118164
FC-Central,SKU-HLTH-005,2025-01-27,27,66.16,Holt_Winters,23.63,19.85,112.47,Elderberry Immune Support Syrup with Vitamin C 8oz,Health & Care,Wellness,7.4,19.989999771118164
FC-Central,SKU-HLTH-005,2025-01-28,28,66.37,Holt_Winters,23.83,19.66,113.08,Elderberry Immune Support Syrup with Vitamin C 8oz,Health & Care,Wellness,7.4,19.989999771118164
FC-Central,SKU-HLTH-006,2025-01-01,1,25.05,Holt_Winters,17.71,0.0,59.76,Natural Sulfate-Free Restorative Hair Mask 250ml,Health & Care,Haircare,9.2,24.989999771118164
FC-Central,SKU-HLTH-006,2025-01-02,2,24.48,Holt_Winters,17.97,0.0,59.7,Natural Sulfate-Free Restorative Hair Mask 250ml,Health & Care,Haircare,9.2,24.989999771118164
FC-Central,SKU-HLTH-006,2025-01-03,3,28.34,Holt_Winters,18.23,0.0,64.07,Natural Sulfate-Free Restorative Hair Mask 250ml,Health & Care,Haircare,9.2,24.989999771118164
FC-Central,SKU-HLTH-006,2025-01-04,4,31.9,Holt_Winters,18.49,0.0,68.14,Natural Sulfate-Free Restorative Hair Mask 250ml,Health & Care,Haircare,9.2,24.989999771118164
FC-Central,SKU-HLTH-006,2025-01-05,5,29.85,Holt_Winters,18.74,0.0,66.58,Natural Sulfate-Free Restorative Hair Mask 250ml,Health & Care,Haircare,9.2,24.989999771118164
FC-Central,SKU-HLTH-006,2025-01-06,6,24.39,Holt_Winters,18.99,0.0,61.61,Natural Sulfate-Free Restorative Hair Mask 250ml,Health & Care,Haircare,9.2,24.989999771118164
FC-Central,SKU-HLTH-006,2025-01-07,7,23.77,Holt_Winters,19.24,0.0,61.48,Natural Sulfate-Free Restorative Hair Mask 250ml,Health & Care,Haircare,9.2,24.989999771118164
FC-Central,SKU-HLTH-006,2025-01-08,8,25.13,Holt_Winters,19.48,0.0,63.31,Natural Sulfate-Free Restorative Hair Mask 250ml,Health & Care,Haircare,9.2,24.989999771118164
FC-Central,SKU-HLTH-006,2025-01-09,9,24.56,Holt_Winters,19.72,0.0,63.21,Natural Sulfate-Free Restorative Hair Mask 250ml,Health & Care,Haircare,9.2,24.989999771118164
FC-Central,SKU-HLTH-006,2025-01-10,10,28.42,Holt_Winters,19.96,0.0,67.54,Natural Sulfate-Free Restorative Hair Mask 250ml,Health & Care,Haircare,9.2,24.989999771118164
FC-Central,SKU-HLTH-006,2025-01-11,11,31.98,Holt_Winters,20.19,0.0,71.55,Natural Sulfate-Free Restorative Hair Mask 250ml,Health & Care,Haircare,9.2,24.989999771118164
FC-Central,SKU-HLTH-006,2025-01-12,12,29.93,Holt_Winters,20.42,0.0,69.95,Natural Sulfate-Free Restorative Hair Mask 250ml,Health & Care,Haircare,9.2,24.989999771118164
FC-Central,SKU-HLTH-006,2025-01-13,13,24.47,Holt_Winters,20.65,0.0,64.94,Natural Sulfate-Free Restorative Hair Mask 250ml,Health & Care,Haircare,9.2,24.989999771118164
FC-Central,SKU-HLTH-006,2025-01-14,14,23.85,Holt_Winters,20.88,0.0,64.77,Natural Sulfate-Free Restorative Hair Mask 250ml,Health & Care,Haircare,9.2,24.989999771118164
FC-Central,SKU-HLTH-006,2025-01-15,15,25.21,Holt_Winters,21.1,0.0,66.57,Natural Sulfate-Free Restorative Hair Mask 250ml,Health & Care,Haircare,9.2,24.989999771118164
FC-Central,SKU-HLTH-006,2025-01-16,16,24.64,Holt_Winters,21.33,0.0,66.45,Natural Sulfate-Free Restorative Hair Mask 250ml,Health & Care,Haircare,9.2,24.989999771118164
FC-Central,SKU-HLTH-006,2025-01-17,17,28.5,Holt_Winters,21.55,0.0,70.74,Natural Sulfate-Free Restorative Hair Mask 250ml,Health & Care,Haircare,9.2,24.989999771118164
FC-Central,SKU-HLTH-006,2025-01-18,18,32.06,Holt_Winters,21.76,0.0,74.71,Natural Sulfate-Free Restorative Hair Mask 250ml,Health & Care,Haircare,9.2,24.989999771118164
FC-Central,SKU-HLTH-006,2025-01-19,19,30.01,Holt_Winters,21.98,0.0,73.09,Natural Sulfate-Free Restorative Hair Mask 250ml,Health & Care,Haircare,9.2,24.989999771118164
FC-Central,SKU-HLTH-006,2025-01-20,20,24.55,Holt_Winters,22.19,0.0,68.04,Natural Sulfate-Free Restorative Hair Mask 250ml,Health & Care,Haircare,9.2,24.989999771118164
FC-Central,SKU-HLTH-006,2025-01-21,21,23.93,Holt_Winters,22.4,0.0,67.83,Natural Sulfate-Free Restorative Hair Mask 250ml,Health & Care,Haircare,9.2,24.989999771118164
FC-Central,SKU-HLTH-006,2025-01-22,22,25.29,Holt_Winters,22.61,0.0,69.61,Natural Sulfate-Free Restorative Hair Mask 250ml,Health & Care,Haircare,9.2,24.989999771118164
FC-Central,SKU-HLTH-006,2025-01-23,23,24.72,Holt_Winters,22.82,0.0,69.45,Natural Sulfate-Free Restorative Hair Mask 250ml,Health & Care,Haircare,9.2,24.989999771118164
FC-Central,SKU-HLTH-006,2025-01-24,24,28.58,Holt_Winters,23.02,0.0,73.7,Natural Sulfate-Free Restorative Hair Mask 250ml,Health & Care,Haircare,9.2,24.989999771118164
FC-Central,SKU-HLTH-006,2025-01-25,25,32.14,Holt_Winters,23.23,0.0,77.67,Natural Sulfate-Free Restorative Hair Mask 250ml,Health & Care,Haircare,9.2,24.989999771118164
FC-Central,SKU-HLTH-006,2025-01-26,26,30.09,Holt_Winters,23.43,0.0,76.01,Natural Sulfate-Free Restorative Hair Mask 250ml,Health & Care,Haircare,9.2,24.989999771118164
FC-Central,SKU-HLTH-006,2025-01-27,27,24.63,Holt_Winters,23.63,0.0,70.94,Natural Sulfate-Free Restorative Hair Mask 250ml,Health & Care,Haircare,9.2,24.989999771118164
FC-Central,SKU-HLTH-006,2025-01-28,28,24.01,Holt_Winters,23.83,0.0,70.72,Natural Sulfate-Free Restorative Hair Mask 250ml,Health & Care,Haircare,9.2,24.989999771118164
FC-Central,SKU-HLTH-007,2025-01-01,1,7.89,Holt_Winters,17.71,0.0,42.6,Alcohol Hand Sanitizer Gel Discontinued Formula 500ml,Health & Care,Sanitation,2.5,6.989999771118164
FC-Central,SKU-HLTH-007,2025-01-02,2,8.05,Holt_Winters,17.97,0.0,43.27,Alcohol Hand Sanitizer Gel Discontinued Formula 500ml,Health & Care,Sanitation,2.5,6.989999771118164
FC-Central,SKU-HLTH-007,2025-01-03,3,9.49,Holt_Winters,18.23,0.0,45.22,Alcohol Hand Sanitizer Gel Discontinued Formula 500ml,Health & Care,Sanitation,2.5,6.989999771118164
FC-Central,SKU-HLTH-007,2025-01-04,4,10.31,Holt_Winters,18.49,0.0,46.55,Alcohol Hand Sanitizer Gel Discontinued Formula 500ml,Health & Care,Sanitation,2.5,6.989999771118164
FC-Central,SKU-HLTH-007,2025-01-05,5,9.93,Holt_Winters,18.74,0.0,46.66,Alcohol Hand Sanitizer Gel Discontinued Formula 500ml,Health & Care,Sanitation,2.5,6.989999771118164
FC-Central,SKU-HLTH-007,2025-01-06,6,6.45,Holt_Winters,18.99,0.0,43.67,Alcohol Hand Sanitizer Gel Discontinued Formula 500ml,Health & Care,Sanitation,2.5,6.989999771118164
FC-Central,SKU-HLTH-007,2025-01-07,7,6.6,Holt_Winters,19.24,0.0,44.31,Alcohol Hand Sanitizer Gel Discontinued Formula 500ml,Health & Care,Sanitation,2.5,6.989999771118164
FC-Central,SKU-HLTH-007,2025-01-08,8,7.85,Holt_Winters,19.48,0.0,46.03,Alcohol Hand Sanitizer Gel Discontinued Formula 500ml,Health & Care,Sanitation,2.5,6.989999771118164
FC-Central,SKU-HLTH-007,2025-01-09,9,8.02,Holt_Winters,19.72,0.0,46.67,Alcohol Hand Sanitizer Gel Discontinued Formula 500ml,Health & Care,Sanitation,2.5,6.989999771118164
FC-Central,SKU-HLTH-007,2025-01-10,10,9.46,Holt_Winters,19.96,0.0,48.58,Alcohol Hand Sanitizer Gel Discontinued Formula 500ml,Health & Care,Sanitation,2.5,6.989999771118164
FC-Central,SKU-HLTH-007,2025-01-11,11,10.27,Holt_Winters,20.19,0.0,49.84,Alcohol Hand Sanitizer Gel Discontinued Formula 500ml,Health & Care,Sanitation,2.5,6.989999771118164
FC-Central,SKU-HLTH-007,2025-01-12,12,9.89,Holt_Winters,20.42,0.0,49.91,Alcohol Hand Sanitizer Gel Discontinued Formula 500ml,Health & Care,Sanitation,2.5,6.989999771118164
FC-Central,SKU-HLTH-007,2025-01-13,13,6.41,Holt_Winters,20.65,0.0,46.88,Alcohol Hand Sanitizer Gel Discontinued Formula 500ml,Health & Care,Sanitation,2.5,6.989999771118164
FC-Central,SKU-HLTH-007,2025-01-14,14,6.57,Holt_Winters,20.88,0.0,47.49,Alcohol Hand Sanitizer Gel Discontinued Formula 500ml,Health & Care,Sanitation,2.5,6.989999771118164
FC-Central,SKU-HLTH-007,2025-01-15,15,7.82,Holt_Winters,21.1,0.0,49.18,Alcohol Hand Sanitizer Gel Discontinued Formula 500ml,Health & Care,Sanitation,2.5,6.989999771118164
FC-Central,SKU-HLTH-007,2025-01-16,16,7.98,Holt_Winters,21.33,0.0,49.79,Alcohol Hand Sanitizer Gel Discontinued Formula 500ml,Health & Care,Sanitation,2.5,6.989999771118164
FC-Central,SKU-HLTH-007,2025-01-17,17,9.42,Holt_Winters,21.55,0.0,51.66,Alcohol Hand Sanitizer Gel Discontinued Formula 500ml,Health & Care,Sanitation,2.5,6.989999771118164
FC-Central,SKU-HLTH-007,2025-01-18,18,10.24,Holt_Winters,21.76,0.0,52.89,Alcohol Hand Sanitizer Gel Discontinued Formula 500ml,Health & Care,Sanitation,2.5,6.989999771118164
FC-Central,SKU-HLTH-007,2025-01-19,19,9.85,Holt_Winters,21.98,0.0,52.93,Alcohol Hand Sanitizer Gel Discontinued Formula 500ml,Health & Care,Sanitation,2.5,6.989999771118164
FC-Central,SKU-HLTH-007,2025-01-20,20,6.37,Holt_Winters,22.19,0.0,49.86,Alcohol Hand Sanitizer Gel Discontinued Formula 500ml,Health & Care,Sanitation,2.5,6.989999771118164
FC-Central,SKU-HLTH-007,2025-01-21,21,6.53,Holt_Winters,22.4,0.0,50.43,Alcohol Hand Sanitizer Gel Discontinued Formula 500ml,Health & Care,Sanitation,2.5,6.989999771118164
FC-Central,SKU-HLTH-007,2025-01-22,22,7.78,Holt_Winters,22.61,0.0,52.1,Alcohol Hand Sanitizer Gel Discontinued Formula 500ml,Health & Care,Sanitation,2.5,6.989999771118164
FC-Central,SKU-HLTH-007,2025-01-23,23,7.94,Holt_Winters,22.82,0.0,52.67,Alcohol Hand Sanitizer Gel Discontinued Formula 500ml,Health & Care,Sanitation,2.5,6.989999771118164
FC-Central,SKU-HLTH-007,2025-01-24,24,9.38,Holt_Winters,23.02,0.0,54.5,Alcohol Hand Sanitizer Gel Discontinued Formula 500ml,Health & Care,Sanitation,2.5,6.989999771118164
FC-Central,SKU-HLTH-007,2025-01-25,25,10.2,Holt_Winters,23.23,0.0,55.73,Alcohol Hand Sanitizer Gel Discontinued Formula 500ml,Health & Care,Sanitation,2.5,6.989999771118164
FC-Central,SKU-HLTH-007,2025-01-26,26,9.82,Holt_Winters,23.43,0.0,55.74,Alcohol Hand Sanitizer Gel Discontinued Formula 500ml,Health & Care,Sanitation,2.5,6.989999771118164
FC-Central,SKU-HLTH-007,2025-01-27,27,6.34,Holt_Winters,23.63,0.0,52.65,Alcohol Hand Sanitizer Gel Discontinued Formula 500ml,Health & Care,Sanitation,2.5,6.989999771118164
FC-Central,SKU-HLTH-007,2025-01-28,28,6.49,Holt_Winters,23.83,0.0,53.2,Alcohol Hand Sanitizer Gel Discontinued Formula 500ml,Health & Care,Sanitation,2.5,6.989999771118164
FC-Central,SKU-HLTH-008,2025-01-01,1,45.49,Holt_Winters,17.71,10.78,80.2,Aromatherapy Ultrasonic Essential Oil Diffuser,Health & Care,Home Wellness,16.0,39.9900016784668
FC-Central,SKU-HLTH-008,2025-01-02,2,45.92,Holt_Winters,17.97,10.7,81.14,Aromatherapy Ultrasonic Essential Oil Diffuser,Health & Care,Home Wellness,16.0,39.9900016784668
FC-Central,SKU-HLTH-008,2025-01-03,3,48.61,Holt_Winters,18.23,12.88,84.34,Aromatherapy Ultrasonic Essential Oil Diffuser,Health & Care,Home Wellness,16.0,39.9900016784668
FC-Central,SKU-HLTH-008,2025-01-04,4,55.72,Holt_Winters,18.49,19.48,91.96,Aromatherapy Ultrasonic Essential Oil Diffuser,Health & Care,Home Wellness,16.0,39.9900016784668
FC-Central,SKU-HLTH-008,2025-01-05,5,49.25,Holt_Winters,18.74,12.52,85.98,Aromatherapy Ultrasonic Essential Oil Diffuser,Health & Care,Home Wellness,16.0,39.9900016784668
FC-Central,SKU-HLTH-008,2025-01-06,6,41.07,Holt_Winters,18.99,3.85,78.29,Aromatherapy Ultrasonic Essential Oil Diffuser,Health & Care,Home Wellness,16.0,39.9900016784668
FC-Central,SKU-HLTH-008,2025-01-07,7,40.71,Holt_Winters,19.24,3.0,78.42,Aromatherapy Ultrasonic Essential Oil Diffuser,Health & Care,Home Wellness,16.0,39.9900016784668
FC-Central,SKU-HLTH-008,2025-01-08,8,45.79,Holt_Winters,19.48,7.61,83.97,Aromatherapy Ultrasonic Essential Oil Diffuser,Health & Care,Home Wellness,16.0,39.9900016784668
FC-Central,SKU-HLTH-008,2025-01-09,9,46.21,Holt_Winters,19.72,7.56,84.86,Aromatherapy Ultrasonic Essential Oil Diffuser,Health & Care,Home Wellness,16.0,39.9900016784668
FC-Central,SKU-HLTH-008,2025-01-10,10,48.91,Holt_Winters,19.96,9.79,88.03,Aromatherapy Ultrasonic Essential Oil Diffuser,Health & Care,Home Wellness,16.0,39.9900016784668
FC-Central,SKU-HLTH-008,2025-01-11,11,56.02,Holt_Winters,20.19,16.45,95.59,Aromatherapy Ultrasonic Essential Oil Diffuser,Health & Care,Home Wellness,16.0,39.9900016784668
FC-Central,SKU-HLTH-008,2025-01-12,12,49.55,Holt_Winters,20.42,9.53,89.57,Aromatherapy Ultrasonic Essential Oil Diffuser,Health & Care,Home Wellness,16.0,39.9900016784668
FC-Central,SKU-HLTH-008,2025-01-13,13,41.37,Holt_Winters,20.65,0.9,81.84,Aromatherapy Ultrasonic Essential Oil Diffuser,Health & Care,Home Wellness,16.0,39.9900016784668
FC-Central,SKU-HLTH-008,2025-01-14,14,41.01,Holt_Winters,20.88,0.09,81.93,Aromatherapy Ultrasonic Essential Oil Diffuser,Health & Care,Home Wellness,16.0,39.9900016784668
FC-Central,SKU-HLTH-008,2025-01-15,15,46.09,Holt_Winters,21.1,4.73,87.45,Aromatherapy Ultrasonic Essential Oil Diffuser,Health & Care,Home Wellness,16.0,39.9900016784668
FC-Central,SKU-HLTH-008,2025-01-16,16,46.51,Holt_Winters,21.33,4.7,88.32,Aromatherapy Ultrasonic Essential Oil Diffuser,Health & Care,Home Wellness,16.0,39.9900016784668
FC-Central,SKU-HLTH-008,2025-01-17,17,49.21,Holt_Winters,21.55,6.97,91.45,Aromatherapy Ultrasonic Essential Oil Diffuser,Health & Care,Home Wellness,16.0,39.9900016784668
FC-Central,SKU-HLTH-008,2025-01-18,18,56.32,Holt_Winters,21.76,13.67,98.97,Aromatherapy Ultrasonic Essential Oil Diffuser,Health & Care,Home Wellness,16.0,39.9900016784668
FC-Central,SKU-HLTH-008,2025-01-19,19,49.85,Holt_Winters,21.98,6.77,92.93,Aromatherapy Ultrasonic Essential Oil Diffuser,Health & Care,Home Wellness,16.0,39.9900016784668
FC-Central,SKU-HLTH-008,2025-01-20,20,41.67,Holt_Winters,22.19,0.0,85.16,Aromatherapy Ultrasonic Essential Oil Diffuser,Health & Care,Home Wellness,16.0,39.9900016784668
FC-Central,SKU-HLTH-008,2025-01-21,21,41.31,Holt_Winters,22.4,0.0,85.21,Aromatherapy Ultrasonic Essential Oil Diffuser,Health & Care,Home Wellness,16.0,39.9900016784668
FC-Central,SKU-HLTH-008,2025-01-22,22,46.39,Holt_Winters,22.61,2.07,90.71,Aromatherapy Ultrasonic Essential Oil Diffuser,Health & Care,Home Wellness,16.0,39.9900016784668
FC-Central,SKU-HLTH-008,2025-01-23,23,46.81,Holt_Winters,22.82,2.08,91.54,Aromatherapy Ultrasonic Essential Oil Diffuser,Health & Care,Home Wellness,16.0,39.9900016784668
FC-Central,SKU-HLTH-008,2025-01-24,24,49.51,Holt_Winters,23.02,4.39,94.63,Aromatherapy Ultrasonic Essential Oil Diffuser,Health & Care,Home Wellness,16.0,39.9900016784668
FC-Central,SKU-HLTH-008,2025-01-25,25,56.62,Holt_Winters,23.23,11.09,102.15,Aromatherapy Ultrasonic Essential Oil Diffuser,Health & Care,Home Wellness,16.0,39.9900016784668
FC-Central,SKU-HLTH-008,2025-01-26,26,50.14,Holt_Winters,23.43,4.22,96.06,Aromatherapy Ultrasonic Essential Oil Diffuser,Health & Care,Home Wellness,16.0,39.9900016784668
FC-Central,SKU-HLTH-008,2025-01-27,27,41.97,Holt_Winters,23.63,0.0,88.28,Aromatherapy Ultrasonic Essential Oil Diffuser,Health & Care,Home Wellness,16.0,39.9900016784668
FC-Central,SKU-HLTH-008,2025-01-28,28,41.6,Holt_Winters,23.83,0.0,88.31,Aromatherapy Ultrasonic Essential Oil Diffuser,Health & Care,Home Wellness,16.0,39.9900016784668
FC-Central,SKU-HLTH-009,2025-01-01,1,2.31,Holt_Winters,17.71,0.0,37.02,Medical Grade Continuous Glucose Sensor Transmitter,Health & Care,Medical Devices,82.0,185.0
FC-Central,SKU-HLTH-009,2025-01-02,2,2.21,Holt_Winters,17.97,0.0,37.43,Medical Grade Continuous Glucose Sensor Transmitter,Health & Care,Medical Devices,82.0,185.0
FC-Central,SKU-HLTH-009,2025-01-03,3,1.89,Holt_Winters,18.23,0.0,37.62,Medical Grade Continuous Glucose Sensor Transmitter,Health & Care,Medical Devices,82.0,185.0
FC-Central,SKU-HLTH-009,2025-01-04,4,2.35,Holt_Winters,18.49,0.0,38.59,Medical Grade Continuous Glucose Sensor Transmitter,Health & Care,Medical Devices,82.0,185.0
FC-Central,SKU-HLTH-009,2025-01-05,5,2.04,Holt_Winters,18.74,0.0,38.77,Medical Grade Continuous Glucose Sensor Transmitter,Health & Care,Medical Devices,82.0,185.0
FC-Central,SKU-HLTH-009,2025-01-06,6,1.69,Holt_Winters,18.99,0.0,38.91,Medical Grade Continuous Glucose Sensor Transmitter,Health & Care,Medical Devices,82.0,185.0
FC-Central,SKU-HLTH-009,2025-01-07,7,1.45,Holt_Winters,19.24,0.0,39.16,Medical Grade Continuous Glucose Sensor Transmitter,Health & Care,Medical Devices,82.0,185.0
FC-Central,SKU-HLTH-009,2025-01-08,8,2.31,Holt_Winters,19.48,0.0,40.49,Medical Grade Continuous Glucose Sensor Transmitter,Health & Care,Medical Devices,82.0,185.0
FC-Central,SKU-HLTH-009,2025-01-09,9,2.21,Holt_Winters,19.72,0.0,40.86,Medical Grade Continuous Glucose Sensor Transmitter,Health & Care,Medical Devices,82.0,185.0
FC-Central,SKU-HLTH-009,2025-01-10,10,1.9,Holt_Winters,19.96,0.0,41.02,Medical Grade Continuous Glucose Sensor Transmitter,Health & Care,Medical Devices,82.0,185.0
FC-Central,SKU-HLTH-009,2025-01-11,11,2.35,Holt_Winters,20.19,0.0,41.92,Medical Grade Continuous Glucose Sensor Transmitter,Health & Care,Medical Devices,82.0,185.0
FC-Central,SKU-HLTH-009,2025-01-12,12,2.04,Holt_Winters,20.42,0.0,42.06,Medical Grade Continuous Glucose Sensor Transmitter,Health & Care,Medical Devices,82.0,185.0
FC-Central,SKU-HLTH-009,2025-01-13,13,1.69,Holt_Winters,20.65,0.0,42.16,Medical Grade Continuous Glucose Sensor Transmitter,Health & Care,Medical Devices,82.0,185.0
FC-Central,SKU-HLTH-009,2025-01-14,14,1.45,Holt_Winters,20.88,0.0,42.37,Medical Grade Continuous Glucose Sensor Transmitter,Health & Care,Medical Devices,82.0,185.0
FC-Central,SKU-HLTH-009,2025-01-15,15,2.31,Holt_Winters,21.1,0.0,43.67,Medical Grade Continuous Glucose Sensor Transmitter,Health & Care,Medical Devices,82.0,185.0
FC-Central,SKU-HLTH-009,2025-01-16,16,2.22,Holt_Winters,21.33,0.0,44.03,Medical Grade Continuous Glucose Sensor Transmitter,Health & Care,Medical Devices,82.0,185.0
FC-Central,SKU-HLTH-009,2025-01-17,17,1.9,Holt_Winters,21.55,0.0,44.14,Medical Grade Continuous Glucose Sensor Transmitter,Health & Care,Medical Devices,82.0,185.0
FC-Central,SKU-HLTH-009,2025-01-18,18,2.35,Holt_Winters,21.76,0.0,45.0,Medical Grade Continuous Glucose Sensor Transmitter,Health & Care,Medical Devices,82.0,185.0
FC-Central,SKU-HLTH-009,2025-01-19,19,2.05,Holt_Winters,21.98,0.0,45.13,Medical Grade Continuous Glucose Sensor Transmitter,Health & Care,Medical Devices,82.0,185.0
FC-Central,SKU-HLTH-009,2025-01-20,20,1.69,Holt_Winters,22.19,0.0,45.18,Medical Grade Continuous Glucose Sensor Transmitter,Health & Care,Medical Devices,82.0,185.0
FC-Central,SKU-HLTH-009,2025-01-21,21,1.46,Holt_Winters,22.4,0.0,45.36,Medical Grade Continuous Glucose Sensor Transmitter,Health & Care,Medical Devices,82.0,185.0
FC-Central,SKU-HLTH-009,2025-01-22,22,2.32,Holt_Winters,22.61,0.0,46.64,Medical Grade Continuous Glucose Sensor Transmitter,Health & Care,Medical Devices,82.0,185.0
FC-Central,SKU-HLTH-009,2025-01-23,23,2.22,Holt_Winters,22.82,0.0,46.95,Medical Grade Continuous Glucose Sensor Transmitter,Health & Care,Medical Devices,82.0,185.0
FC-Central,SKU-HLTH-009,2025-01-24,24,1.9,Holt_Winters,23.02,0.0,47.02,Medical Grade Continuous Glucose Sensor Transmitter,Health & Care,Medical Devices,82.0,185.0
FC-Central,SKU-HLTH-009,2025-01-25,25,2.35,Holt_Winters,23.23,0.0,47.88,Medical Grade Continuous Glucose Sensor Transmitter,Health & Care,Medical Devices,82.0,185.0
FC-Central,SKU-HLTH-009,2025-01-26,26,2.05,Holt_Winters,23.43,0.0,47.97,Medical Grade Continuous Glucose Sensor Transmitter,Health & Care,Medical Devices,82.0,185.0
FC-Central,SKU-HLTH-009,2025-01-27,27,1.7,Holt_Winters,23.63,0.0,48.01,Medical Grade Continuous Glucose Sensor Transmitter,Health & Care,Medical Devices,82.0,185.0
FC-Central,SKU-HLTH-009,2025-01-28,28,1.46,Holt_Winters,23.83,0.0,48.17,Medical Grade Continuous Glucose Sensor Transmitter,Health & Care,Medical Devices,82.0,185.0
FC-Central,SKU-HLTH-010,2025-01-01,1,4.79,Holt_Winters,17.71,0.0,39.5,Clinical LED Infrared Facial Rejuvenation Mask,Health & Care,Skincare Tech,98.0,229.99000549316406
FC-Central,SKU-HLTH-010,2025-01-02,2,5.11,Holt_Winters,17.97,0.0,40.33,Clinical LED Infrared Facial Rejuvenation Mask,Health & Care,Skincare Tech,98.0,229.99000549316406
FC-Central,SKU-HLTH-010,2025-01-03,3,5.94,Holt_Winters,18.23,0.0,41.67,Clinical LED Infrared Facial Rejuvenation Mask,Health & Care,Skincare Tech,98.0,229.99000549316406
FC-Central,SKU-HLTH-010,2025-01-04,4,7.32,Holt_Winters,18.49,0.0,43.56,Clinical LED Infrared Facial Rejuvenation Mask,Health & Care,Skincare Tech,98.0,229.99000549316406
FC-Central,SKU-HLTH-010,2025-01-05,5,5.67,Holt_Winters,18.74,0.0,42.4,Clinical LED Infrared Facial Rejuvenation Mask,Health & Care,Skincare Tech,98.0,229.99000549316406
FC-Central,SKU-HLTH-010,2025-01-06,6,4.66,Holt_Winters,18.99,0.0,41.88,Clinical LED Infrared Facial Rejuvenation Mask,Health & Care,Skincare Tech,98.0,229.99000549316406
FC-Central,SKU-HLTH-010,2025-01-07,7,5.26,Holt_Winters,19.24,0.0,42.97,Clinical LED Infrared Facial Rejuvenation Mask,Health & Care,Skincare Tech,98.0,229.99000549316406
FC-Central,SKU-HLTH-010,2025-01-08,8,4.79,Holt_Winters,19.48,0.0,42.97,Clinical LED Infrared Facial Rejuvenation Mask,Health & Care,Skincare Tech,98.0,229.99000549316406
FC-Central,SKU-HLTH-010,2025-01-09,9,5.11,Holt_Winters,19.72,0.0,43.76,Clinical LED Infrared Facial Rejuvenation Mask,Health & Care,Skincare Tech,98.0,229.99000549316406
FC-Central,SKU-HLTH-010,2025-01-10,10,5.94,Holt_Winters,19.96,0.0,45.06,Clinical LED Infrared Facial Rejuvenation Mask,Health & Care,Skincare Tech,98.0,229.99000549316406
FC-Central,SKU-HLTH-010,2025-01-11,11,7.32,Holt_Winters,20.19,0.0,46.89,Clinical LED Infrared Facial Rejuvenation Mask,Health & Care,Skincare Tech,98.0,229.99000549316406
FC-Central,SKU-HLTH-010,2025-01-12,12,5.67,Holt_Winters,20.42,0.0,45.69,Clinical LED Infrared Facial Rejuvenation Mask,Health & Care,Skincare Tech,98.0,229.99000549316406
FC-Central,SKU-HLTH-010,2025-01-13,13,4.67,Holt_Winters,20.65,0.0,45.14,Clinical LED Infrared Facial Rejuvenation Mask,Health & Care,Skincare Tech,98.0,229.99000549316406
FC-Central,SKU-HLTH-010,2025-01-14,14,5.27,Holt_Winters,20.88,0.0,46.19,Clinical LED Infrared Facial Rejuvenation Mask,Health & Care,Skincare Tech,98.0,229.99000549316406
FC-Central,SKU-HLTH-010,2025-01-15,15,4.8,Holt_Winters,21.1,0.0,46.16,Clinical LED Infrared Facial Rejuvenation Mask,Health & Care,Skincare Tech,98.0,229.99000549316406
FC-Central,SKU-HLTH-010,2025-01-16,16,5.12,Holt_Winters,21.33,0.0,46.93,Clinical LED Infrared Facial Rejuvenation Mask,Health & Care,Skincare Tech,98.0,229.99000549316406
FC-Central,SKU-HLTH-010,2025-01-17,17,5.94,Holt_Winters,21.55,0.0,48.18,Clinical LED Infrared Facial Rejuvenation Mask,Health & Care,Skincare Tech,98.0,229.99000549316406
FC-Central,SKU-HLTH-010,2025-01-18,18,7.33,Holt_Winters,21.76,0.0,49.98,Clinical LED Infrared Facial Rejuvenation Mask,Health & Care,Skincare Tech,98.0,229.99000549316406
FC-Central,SKU-HLTH-010,2025-01-19,19,5.68,Holt_Winters,21.98,0.0,48.76,Clinical LED Infrared Facial Rejuvenation Mask,Health & Care,Skincare Tech,98.0,229.99000549316406
FC-Central,SKU-HLTH-010,2025-01-20,20,4.67,Holt_Winters,22.19,0.0,48.16,Clinical LED Infrared Facial Rejuvenation Mask,Health & Care,Skincare Tech,98.0,229.99000549316406
FC-Central,SKU-HLTH-010,2025-01-21,21,5.27,Holt_Winters,22.4,0.0,49.17,Clinical LED Infrared Facial Rejuvenation Mask,Health & Care,Skincare Tech,98.0,229.99000549316406
FC-Central,SKU-HLTH-010,2025-01-22,22,4.8,Holt_Winters,22.61,0.0,49.12,Clinical LED Infrared Facial Rejuvenation Mask,Health & Care,Skincare Tech,98.0,229.99000549316406
FC-Central,SKU-HLTH-010,2025-01-23,23,5.12,Holt_Winters,22.82,0.0,49.85,Clinical LED Infrared Facial Rejuvenation Mask,Health & Care,Skincare Tech,98.0,229.99000549316406
FC-Central,SKU-HLTH-010,2025-01-24,24,5.94,Holt_Winters,23.02,0.0,51.06,Clinical LED Infrared Facial Rejuvenation Mask,Health & Care,Skincare Tech,98.0,229.99000549316406
FC-Central,SKU-HLTH-010,2025-01-25,25,7.33,Holt_Winters,23.23,0.0,52.86,Clinical LED Infrared Facial Rejuvenation Mask,Health & Care,Skincare Tech,98.0,229.99000549316406
FC-Central,SKU-HLTH-010,2025-01-26,26,5.68,Holt_Winters,23.43,0.0,51.6,Clinical LED Infrared Facial Rejuvenation Mask,Health & Care,Skincare Tech,98.0,229.99000549316406
FC-Central,SKU-HLTH-010,2025-01-27,27,4.67,Holt_Winters,23.63,0.0,50.98,Clinical LED Infrared Facial Rejuvenation Mask,Health & Care,Skincare Tech,98.0,229.99000549316406
FC-Central,SKU-HLTH-010,2025-01-28,28,5.27,Holt_Winters,23.83,0.0,51.98,Clinical LED Infrared Facial Rejuvenation Mask,Health & Care,Skincare Tech,98.0,229.99000549316406
FC-Central,SKU-HOME-001,2025-01-01,1,20.48,Holt_Winters,17.71,0.0,55.19,Cast Iron Pre-Seasoned Skillet 12-Inch,Home & Kitchen,Cookware,16.8,39.9900016784668
FC-Central,SKU-HOME-001,2025-01-02,2,21.23,Holt_Winters,17.97,0.0,56.45,Cast Iron Pre-Seasoned Skillet 12-Inch,Home & Kitchen,Cookware,16.8,39.9900016784668
FC-Central,SKU-HOME-001,2025-01-03,3,25.11,Holt_Winters,18.23,0.0,60.84,Cast Iron Pre-Seasoned Skillet 12-Inch,Home & Kitchen,Cookware,16.8,39.9900016784668
FC-Central,SKU-HOME-001,2025-01-04,4,27.2,Holt_Winters,18.49,0.0,63.44,Cast Iron Pre-Seasoned Skillet 12-Inch,Home & Kitchen,Cookware,16.8,39.9900016784668
FC-Central,SKU-HOME-001,2025-01-05,5,25.31,Holt_Winters,18.74,0.0,62.04,Cast Iron Pre-Seasoned Skillet 12-Inch,Home & Kitchen,Cookware,16.8,39.9900016784668
FC-Central,SKU-HOME-001,2025-01-06,6,19.95,Holt_Winters,18.99,0.0,57.17,Cast Iron Pre-Seasoned Skillet 12-Inch,Home & Kitchen,Cookware,16.8,39.9900016784668
FC-Central,SKU-HOME-001,2025-01-07,7,19.56,Holt_Winters,19.24,0.0,57.27,Cast Iron Pre-Seasoned Skillet 12-Inch,Home & Kitchen,Cookware,16.8,39.9900016784668
FC-Central,SKU-HOME-001,2025-01-08,8,20.48,Holt_Winters,19.48,0.0,58.66,Cast Iron Pre-Seasoned Skillet 12-Inch,Home & Kitchen,Cookware,16.8,39.9900016784668
FC-Central,SKU-HOME-001,2025-01-09,9,21.24,Holt_Winters,19.72,0.0,59.89,Cast Iron Pre-Seasoned Skillet 12-Inch,Home & Kitchen,Cookware,16.8,39.9900016784668
FC-Central,SKU-HOME-001,2025-01-10,10,25.12,Holt_Winters,19.96,0.0,64.24,Cast Iron Pre-Seasoned Skillet 12-Inch,Home & Kitchen,Cookware,16.8,39.9900016784668
FC-Central,SKU-HOME-001,2025-01-11,11,27.2,Holt_Winters,20.19,0.0,66.77,Cast Iron Pre-Seasoned Skillet 12-Inch,Home & Kitchen,Cookware,16.8,39.9900016784668
FC-Central,SKU-HOME-001,2025-01-12,12,25.31,Holt_Winters,20.42,0.0,65.33,Cast Iron Pre-Seasoned Skillet 12-Inch,Home & Kitchen,Cookware,16.8,39.9900016784668
FC-Central,SKU-HOME-001,2025-01-13,13,19.96,Holt_Winters,20.65,0.0,60.43,Cast Iron Pre-Seasoned Skillet 12-Inch,Home & Kitchen,Cookware,16.8,39.9900016784668
FC-Central,SKU-HOME-001,2025-01-14,14,19.57,Holt_Winters,20.88,0.0,60.49,Cast Iron Pre-Seasoned Skillet 12-Inch,Home & Kitchen,Cookware,16.8,39.9900016784668
FC-Central,SKU-HOME-001,2025-01-15,15,20.49,Holt_Winters,21.1,0.0,61.85,Cast Iron Pre-Seasoned Skillet 12-Inch,Home & Kitchen,Cookware,16.8,39.9900016784668
FC-Central,SKU-HOME-001,2025-01-16,16,21.25,Holt_Winters,21.33,0.0,63.06,Cast Iron Pre-Seasoned Skillet 12-Inch,Home & Kitchen,Cookware,16.8,39.9900016784668
FC-Central,SKU-HOME-001,2025-01-17,17,25.12,Holt_Winters,21.55,0.0,67.36,Cast Iron Pre-Seasoned Skillet 12-Inch,Home & Kitchen,Cookware,16.8,39.9900016784668
FC-Central,SKU-HOME-001,2025-01-18,18,27.21,Holt_Winters,21.76,0.0,69.86,Cast Iron Pre-Seasoned Skillet 12-Inch,Home & Kitchen,Cookware,16.8,39.9900016784668
FC-Central,SKU-HOME-001,2025-01-19,19,25.32,Holt_Winters,21.98,0.0,68.4,Cast Iron Pre-Seasoned Skillet 12-Inch,Home & Kitchen,Cookware,16.8,39.9900016784668
FC-Central,SKU-HOME-001,2025-01-20,20,19.96,Holt_Winters,22.19,0.0,63.45,Cast Iron Pre-Seasoned Skillet 12-Inch,Home & Kitchen,Cookware,16.8,39.9900016784668
FC-Central,SKU-HOME-001,2025-01-21,21,19.58,Holt_Winters,22.4,0.0,63.48,Cast Iron Pre-Seasoned Skillet 12-Inch,Home & Kitchen,Cookware,16.8,39.9900016784668
FC-Central,SKU-HOME-001,2025-01-22,22,20.5,Holt_Winters,22.61,0.0,64.82,Cast Iron Pre-Seasoned Skillet 12-Inch,Home & Kitchen,Cookware,16.8,39.9900016784668
FC-Central,SKU-HOME-001,2025-01-23,23,21.26,Holt_Winters,22.82,0.0,65.99,Cast Iron Pre-Seasoned Skillet 12-Inch,Home & Kitchen,Cookware,16.8,39.9900016784668
FC-Central,SKU-HOME-001,2025-01-24,24,25.13,Holt_Winters,23.02,0.0,70.25,Cast Iron Pre-Seasoned Skillet 12-Inch,Home & Kitchen,Cookware,16.8,39.9900016784668
FC-Central,SKU-HOME-001,2025-01-25,25,27.22,Holt_Winters,23.23,0.0,72.75,Cast Iron Pre-Seasoned Skillet 12-Inch,Home & Kitchen,Cookware,16.8,39.9900016784668
FC-Central,SKU-HOME-001,2025-01-26,26,25.33,Holt_Winters,23.43,0.0,71.25,Cast Iron Pre-Seasoned Skillet 12-Inch,Home & Kitchen,Cookware,16.8,39.9900016784668
FC-Central,SKU-HOME-001,2025-01-27,27,19.97,Holt_Winters,23.63,0.0,66.28,Cast Iron Pre-Seasoned Skillet 12-Inch,Home & Kitchen,Cookware,16.8,39.9900016784668
FC-Central,SKU-HOME-001,2025-01-28,28,19.58,Holt_Winters,23.83,0.0,66.29,Cast Iron Pre-Seasoned Skillet 12-Inch,Home & Kitchen,Cookware,16.8,39.9900016784668
FC-Central,SKU-HOME-002,2025-01-01,1,63.54,Holt_Winters,17.71,28.83,98.25,Stainless Steel Thermal Travel Mug 16oz,Home & Kitchen,Drinkware,9.8,24.989999771118164
FC-Central,SKU-HOME-002,2025-01-02,2,60.91,Holt_Winters,17.97,25.69,96.13,Stainless Steel Thermal Travel Mug 16oz,Home & Kitchen,Drinkware,9.8,24.989999771118164
FC-Central,SKU-HOME-002,2025-01-03,3,75.05,Holt_Winters,18.23,39.32,110.78,Stainless Steel Thermal Travel Mug 16oz,Home & Kitchen,Drinkware,9.8,24.989999771118164
FC-Central,SKU-HOME-002,2025-01-04,4,72.63,Holt_Winters,18.49,36.39,108.87,Stainless Steel Thermal Travel Mug 16oz,Home & Kitchen,Drinkware,9.8,24.989999771118164
FC-Central,SKU-HOME-002,2025-01-05,5,74.93,Holt_Winters,18.74,38.2,111.66,Stainless Steel Thermal Travel Mug 16oz,Home & Kitchen,Drinkware,9.8,24.989999771118164
FC-Central,SKU-HOME-002,2025-01-06,6,58.66,Holt_Winters,18.99,21.44,95.88,Stainless Steel Thermal Travel Mug 16oz,Home & Kitchen,Drinkware,9.8,24.989999771118164
FC-Central,SKU-HOME-002,2025-01-07,7,66.62,Holt_Winters,19.24,28.91,104.33,Stainless Steel Thermal Travel Mug 16oz,Home & Kitchen,Drinkware,9.8,24.989999771118164
FC-Central,SKU-HOME-002,2025-01-08,8,65.29,Holt_Winters,19.48,27.11,103.47,Stainless Steel Thermal Travel Mug 16oz,Home & Kitchen,Drinkware,9.8,24.989999771118164
FC-Central,SKU-HOME-002,2025-01-09,9,62.66,Holt_Winters,19.72,24.01,101.31,Stainless Steel Thermal Travel Mug 16oz,Home & Kitchen,Drinkware,9.8,24.989999771118164
FC-Central,SKU-HOME-002,2025-01-10,10,76.8,Holt_Winters,19.96,37.68,115.92,Stainless Steel Thermal Travel Mug 16oz,Home & Kitchen,Drinkware,9.8,24.989999771118164
FC-Central,SKU-HOME-002,2025-01-11,11,74.38,Holt_Winters,20.19,34.81,113.95,Stainless Steel Thermal Travel Mug 16oz,Home & Kitchen,Drinkware,9.8,24.989999771118164
FC-Central,SKU-HOME-002,2025-01-12,12,76.68,Holt_Winters,20.42,36.66,116.7,Stainless Steel Thermal Travel Mug 16oz,Home & Kitchen,Drinkware,9.8,24.989999771118164
FC-Central,SKU-HOME-002,2025-01-13,13,60.41,Holt_Winters,20.65,19.94,100.88,Stainless Steel Thermal Travel Mug 16oz,Home & Kitchen,Drinkware,9.8,24.989999771118164
FC-Central,SKU-HOME-002,2025-01-14,14,68.37,Holt_Winters,20.88,27.45,109.29,Stainless Steel Thermal Travel Mug 16oz,Home & Kitchen,Drinkware,9.8,24.989999771118164
FC-Central,SKU-HOME-002,2025-01-15,15,67.04,Holt_Winters,21.1,25.68,108.4,Stainless Steel Thermal Travel Mug 16oz,Home & Kitchen,Drinkware,9.8,24.989999771118164
FC-Central,SKU-HOME-002,2025-01-16,16,64.41,Holt_Winters,21.33,22.6,106.22,Stainless Steel Thermal Travel Mug 16oz,Home & Kitchen,Drinkware,9.8,24.989999771118164
FC-Central,SKU-HOME-002,2025-01-17,17,78.55,Holt_Winters,21.55,36.31,120.79,Stainless Steel Thermal Travel Mug 16oz,Home & Kitchen,Drinkware,9.8,24.989999771118164
FC-Central,SKU-HOME-002,2025-01-18,18,76.13,Holt_Winters,21.76,33.48,118.78,Stainless Steel Thermal Travel Mug 16oz,Home & Kitchen,Drinkware,9.8,24.989999771118164
FC-Central,SKU-HOME-002,2025-01-19,19,78.43,Holt_Winters,21.98,35.35,121.51,Stainless Steel Thermal Travel Mug 16oz,Home & Kitchen,Drinkware,9.8,24.989999771118164
FC-Central,SKU-HOME-002,2025-01-20,20,62.16,Holt_Winters,22.19,18.67,105.65,Stainless Steel Thermal Travel Mug 16oz,Home & Kitchen,Drinkware,9.8,24.989999771118164
FC-Central,SKU-HOME-002,2025-01-21,21,70.13,Holt_Winters,22.4,26.23,114.03,Stainless Steel Thermal Travel Mug 16oz,Home & Kitchen,Drinkware,9.8,24.989999771118164
FC-Central,SKU-HOME-002,2025-01-22,22,68.79,Holt_Winters,22.61,24.47,113.11,Stainless Steel Thermal Travel Mug 16oz,Home & Kitchen,Drinkware,9.8,24.989999771118164
FC-Central,SKU-HOME-002,2025-01-23,23,66.16,Holt_Winters,22.82,21.43,110.89,Stainless Steel Thermal Travel Mug 16oz,Home & Kitchen,Drinkware,9.8,24.989999771118164
FC-Central,SKU-HOME-002,2025-01-24,24,80.3,Holt_Winters,23.02,35.18,125.42,Stainless Steel Thermal Travel Mug 16oz,Home & Kitchen,Drinkware,9.8,24.989999771118164
FC-Central,SKU-HOME-002,2025-01-25,25,77.88,Holt_Winters,23.23,32.35,123.41,Stainless Steel Thermal Travel Mug 16oz,Home & Kitchen,Drinkware,9.8,24.989999771118164
FC-Central,SKU-HOME-002,2025-01-26,26,80.18,Holt_Winters,23.43,34.26,126.1,Stainless Steel Thermal Travel Mug 16oz,Home & Kitchen,Drinkware,9.8,24.989999771118164
FC-Central,SKU-HOME-002,2025-01-27,27,63.91,Holt_Winters,23.63,17.6,110.22,Stainless Steel Thermal Travel Mug 16oz,Home & Kitchen,Drinkware,9.8,24.989999771118164
FC-Central,SKU-HOME-002,2025-01-28,28,71.88,Holt_Winters,23.83,25.17,118.59,Stainless Steel Thermal Travel Mug 16oz,Home & Kitchen,Drinkware,9.8,24.989999771118164
FC-Central,SKU-HOME-003,2025-01-01,1,22.7,Holt_Winters,17.71,0.0,57.41,Airtight Glass Food Storage Containers (Set of 8),Home & Kitchen,Storage,19.5,44.9900016784668
FC-Central,SKU-HOME-003,2025-01-02,2,22.43,Holt_Winters,17.97,0.0,57.65,Airtight Glass Food Storage Containers (Set of 8),Home & Kitchen,Storage,19.5,44.9900016784668
FC-Central,SKU-HOME-003,2025-01-03,3,26.82,Holt_Winters,18.23,0.0,62.55,Airtight Glass Food Storage Containers (Set of 8),Home & Kitchen,Storage,19.5,44.9900016784668
FC-Central,SKU-HOME-003,2025-01-04,4,28.77,Holt_Winters,18.49,0.0,65.01,Airtight Glass Food Storage Containers (Set of 8),Home & Kitchen,Storage,19.5,44.9900016784668
FC-Central,SKU-HOME-003,2025-01-05,5,25.83,Holt_Winters,18.74,0.0,62.56,Airtight Glass Food Storage Containers (Set of 8),Home & Kitchen,Storage,19.5,44.9900016784668
FC-Central,SKU-HOME-003,2025-01-06,6,20.82,Holt_Winters,18.99,0.0,58.04,Airtight Glass Food Storage Containers (Set of 8),Home & Kitchen,Storage,19.5,44.9900016784668
FC-Central,SKU-HOME-003,2025-01-07,7,21.97,Holt_Winters,19.24,0.0,59.68,Airtight Glass Food Storage Containers (Set of 8),Home & Kitchen,Storage,19.5,44.9900016784668
FC-Central,SKU-HOME-003,2025-01-08,8,22.77,Holt_Winters,19.48,0.0,60.95,Airtight Glass Food Storage Containers (Set of 8),Home & Kitchen,Storage,19.5,44.9900016784668
FC-Central,SKU-HOME-003,2025-01-09,9,22.49,Holt_Winters,19.72,0.0,61.14,Airtight Glass Food Storage Containers (Set of 8),Home & Kitchen,Storage,19.5,44.9900016784668
FC-Central,SKU-HOME-003,2025-01-10,10,26.89,Holt_Winters,19.96,0.0,66.01,Airtight Glass Food Storage Containers (Set of 8),Home & Kitchen,Storage,19.5,44.9900016784668
FC-Central,SKU-HOME-003,2025-01-11,11,28.84,Holt_Winters,20.19,0.0,68.41,Airtight Glass Food Storage Containers (Set of 8),Home & Kitchen,Storage,19.5,44.9900016784668
FC-Central,SKU-HOME-003,2025-01-12,12,25.9,Holt_Winters,20.42,0.0,65.92,Airtight Glass Food Storage Containers (Set of 8),Home & Kitchen,Storage,19.5,44.9900016784668
FC-Central,SKU-HOME-003,2025-01-13,13,20.89,Holt_Winters,20.65,0.0,61.36,Airtight Glass Food Storage Containers (Set of 8),Home & Kitchen,Storage,19.5,44.9900016784668
FC-Central,SKU-HOME-003,2025-01-14,14,22.03,Holt_Winters,20.88,0.0,62.95,Airtight Glass Food Storage Containers (Set of 8),Home & Kitchen,Storage,19.5,44.9900016784668
FC-Central,SKU-HOME-003,2025-01-15,15,22.84,Holt_Winters,21.1,0.0,64.2,Airtight Glass Food Storage Containers (Set of 8),Home & Kitchen,Storage,19.5,44.9900016784668
FC-Central,SKU-HOME-003,2025-01-16,16,22.56,Holt_Winters,21.33,0.0,64.37,Airtight Glass Food Storage Containers (Set of 8),Home & Kitchen,Storage,19.5,44.9900016784668
FC-Central,SKU-HOME-003,2025-01-17,17,26.95,Holt_Winters,21.55,0.0,69.19,Airtight Glass Food Storage Containers (Set of 8),Home & Kitchen,Storage,19.5,44.9900016784668
FC-Central,SKU-HOME-003,2025-01-18,18,28.9,Holt_Winters,21.76,0.0,71.55,Airtight Glass Food Storage Containers (Set of 8),Home & Kitchen,Storage,19.5,44.9900016784668
FC-Central,SKU-HOME-003,2025-01-19,19,25.96,Holt_Winters,21.98,0.0,69.04,Airtight Glass Food Storage Containers (Set of 8),Home & Kitchen,Storage,19.5,44.9900016784668
FC-Central,SKU-HOME-003,2025-01-20,20,20.96,Holt_Winters,22.19,0.0,64.45,Airtight Glass Food Storage Containers (Set of 8),Home & Kitchen,Storage,19.5,44.9900016784668
FC-Central,SKU-HOME-003,2025-01-21,21,22.1,Holt_Winters,22.4,0.0,66.0,Airtight Glass Food Storage Containers (Set of 8),Home & Kitchen,Storage,19.5,44.9900016784668
FC-Central,SKU-HOME-003,2025-01-22,22,22.9,Holt_Winters,22.61,0.0,67.22,Airtight Glass Food Storage Containers (Set of 8),Home & Kitchen,Storage,19.5,44.9900016784668
FC-Central,SKU-HOME-003,2025-01-23,23,22.63,Holt_Winters,22.82,0.0,67.36,Airtight Glass Food Storage Containers (Set of 8),Home & Kitchen,Storage,19.5,44.9900016784668
FC-Central,SKU-HOME-003,2025-01-24,24,27.02,Holt_Winters,23.02,0.0,72.14,Airtight Glass Food Storage Containers (Set of 8),Home & Kitchen,Storage,19.5,44.9900016784668
FC-Central,SKU-HOME-003,2025-01-25,25,28.97,Holt_Winters,23.23,0.0,74.5,Airtight Glass Food Storage Containers (Set of 8),Home & Kitchen,Storage,19.5,44.9900016784668
FC-Central,SKU-HOME-003,2025-01-26,26,26.03,Holt_Winters,23.43,0.0,71.95,Airtight Glass Food Storage Containers (Set of 8),Home & Kitchen,Storage,19.5,44.9900016784668
FC-Central,SKU-HOME-003,2025-01-27,27,21.02,Holt_Winters,23.63,0.0,67.33,Airtight Glass Food Storage Containers (Set of 8),Home & Kitchen,Storage,19.5,44.9900016784668
FC-Central,SKU-HOME-003,2025-01-28,28,22.17,Holt_Winters,23.83,0.0,68.88,Airtight Glass Food Storage Containers (Set of 8),Home & Kitchen,Storage,19.5,44.9900016784668
FC-Central,SKU-HOME-004,2025-01-01,1,15.69,Holt_Winters,17.71,0.0,50.4,Digital Instant-Read Meat Thermometer,Home & Kitchen,Kitchen Tools,7.2,18.989999771118164
FC-Central,SKU-HOME-004,2025-01-02,2,16.32,Holt_Winters,17.97,0.0,51.54,Digital Instant-Read Meat Thermometer,Home & Kitchen,Kitchen Tools,7.2,18.989999771118164
FC-Central,SKU-HOME-004,2025-01-03,3,18.87,Holt_Winters,18.23,0.0,54.6,Digital Instant-Read Meat Thermometer,Home & Kitchen,Kitchen Tools,7.2,18.989999771118164
FC-Central,SKU-HOME-004,2025-01-04,4,24.06,Holt_Winters,18.49,0.0,60.3,Digital Instant-Read Meat Thermometer,Home & Kitchen,Kitchen Tools,7.2,18.989999771118164
FC-Central,SKU-HOME-004,2025-01-05,5,21.12,Holt_Winters,18.74,0.0,57.85,Digital Instant-Read Meat Thermometer,Home & Kitchen,Kitchen Tools,7.2,18.989999771118164
FC-Central,SKU-HOME-004,2025-01-06,6,13.9,Holt_Winters,18.99,0.0,51.12,Digital Instant-Read Meat Thermometer,Home & Kitchen,Kitchen Tools,7.2,18.989999771118164
FC-Central,SKU-HOME-004,2025-01-07,7,14.85,Holt_Winters,19.24,0.0,52.56,Digital Instant-Read Meat Thermometer,Home & Kitchen,Kitchen Tools,7.2,18.989999771118164
FC-Central,SKU-HOME-004,2025-01-08,8,15.17,Holt_Winters,19.48,0.0,53.35,Digital Instant-Read Meat Thermometer,Home & Kitchen,Kitchen Tools,7.2,18.989999771118164
FC-Central,SKU-HOME-004,2025-01-09,9,15.79,Holt_Winters,19.72,0.0,54.44,Digital Instant-Read Meat Thermometer,Home & Kitchen,Kitchen Tools,7.2,18.989999771118164
FC-Central,SKU-HOME-004,2025-01-10,10,18.35,Holt_Winters,19.96,0.0,57.47,Digital Instant-Read Meat Thermometer,Home & Kitchen,Kitchen Tools,7.2,18.989999771118164
FC-Central,SKU-HOME-004,2025-01-11,11,23.54,Holt_Winters,20.19,0.0,63.11,Digital Instant-Read Meat Thermometer,Home & Kitchen,Kitchen Tools,7.2,18.989999771118164
FC-Central,SKU-HOME-004,2025-01-12,12,20.6,Holt_Winters,20.42,0.0,60.62,Digital Instant-Read Meat Thermometer,Home & Kitchen,Kitchen Tools,7.2,18.989999771118164
FC-Central,SKU-HOME-004,2025-01-13,13,13.37,Holt_Winters,20.65,0.0,53.84,Digital Instant-Read Meat Thermometer,Home & Kitchen,Kitchen Tools,7.2,18.989999771118164
FC-Central,SKU-HOME-004,2025-01-14,14,14.33,Holt_Winters,20.88,0.0,55.25,Digital Instant-Read Meat Thermometer,Home & Kitchen,Kitchen Tools,7.2,18.989999771118164
FC-Central,SKU-HOME-004,2025-01-15,15,14.65,Holt_Winters,21.1,0.0,56.01,Digital Instant-Read Meat Thermometer,Home & Kitchen,Kitchen Tools,7.2,18.989999771118164
FC-Central,SKU-HOME-004,2025-01-16,16,15.27,Holt_Winters,21.33,0.0,57.08,Digital Instant-Read Meat Thermometer,Home & Kitchen,Kitchen Tools,7.2,18.989999771118164
FC-Central,SKU-HOME-004,2025-01-17,17,17.82,Holt_Winters,21.55,0.0,60.06,Digital Instant-Read Meat Thermometer,Home & Kitchen,Kitchen Tools,7.2,18.989999771118164
FC-Central,SKU-HOME-004,2025-01-18,18,23.02,Holt_Winters,21.76,0.0,65.67,Digital Instant-Read Meat Thermometer,Home & Kitchen,Kitchen Tools,7.2,18.989999771118164
FC-Central,SKU-HOME-004,2025-01-19,19,20.08,Holt_Winters,21.98,0.0,63.16,Digital Instant-Read Meat Thermometer,Home & Kitchen,Kitchen Tools,7.2,18.989999771118164
FC-Central,SKU-HOME-004,2025-01-20,20,12.85,Holt_Winters,22.19,0.0,56.34,Digital Instant-Read Meat Thermometer,Home & Kitchen,Kitchen Tools,7.2,18.989999771118164
FC-Central,SKU-HOME-004,2025-01-21,21,13.81,Holt_Winters,22.4,0.0,57.71,Digital Instant-Read Meat Thermometer,Home & Kitchen,Kitchen Tools,7.2,18.989999771118164
FC-Central,SKU-HOME-004,2025-01-22,22,14.12,Holt_Winters,22.61,0.0,58.44,Digital Instant-Read Meat Thermometer,Home & Kitchen,Kitchen Tools,7.2,18.989999771118164
FC-Central,SKU-HOME-004,2025-01-23,23,14.75,Holt_Winters,22.82,0.0,59.48,Digital Instant-Read Meat Thermometer,Home & Kitchen,Kitchen Tools,7.2,18.989999771118164
FC-Central,SKU-HOME-004,2025-01-24,24,17.3,Holt_Winters,23.02,0.0,62.42,Digital Instant-Read Meat Thermometer,Home & Kitchen,Kitchen Tools,7.2,18.989999771118164
FC-Central,SKU-HOME-004,2025-01-25,25,22.49,Holt_Winters,23.23,0.0,68.02,Digital Instant-Read Meat Thermometer,Home & Kitchen,Kitchen Tools,7.2,18.989999771118164
FC-Central,SKU-HOME-004,2025-01-26,26,19.55,Holt_Winters,23.43,0.0,65.47,Digital Instant-Read Meat Thermometer,Home & Kitchen,Kitchen Tools,7.2,18.989999771118164
FC-Central,SKU-HOME-004,2025-01-27,27,12.33,Holt_Winters,23.63,0.0,58.64,Digital Instant-Read Meat Thermometer,Home & Kitchen,Kitchen Tools,7.2,18.989999771118164
FC-Central,SKU-HOME-004,2025-01-28,28,13.28,Holt_Winters,23.83,0.0,59.99,Digital Instant-Read Meat Thermometer,Home & Kitchen,Kitchen Tools,7.2,18.989999771118164
FC-Central,SKU-HOME-005,2025-01-01,1,22.65,Holt_Winters,17.71,0.0,57.36,Organic Bamboo Cutting Board 3-Piece Set,Home & Kitchen,Kitchen Tools,12.0,29.989999771118164
FC-Central,SKU-HOME-005,2025-01-02,2,23.16,Holt_Winters,17.97,0.0,58.38,Organic Bamboo Cutting Board 3-Piece Set,Home & Kitchen,Kitchen Tools,12.0,29.989999771118164
FC-Central,SKU-HOME-005,2025-01-03,3,25.33,Holt_Winters,18.23,0.0,61.06,Organic Bamboo Cutting Board 3-Piece Set,Home & Kitchen,Kitchen Tools,12.0,29.989999771118164
FC-Central,SKU-HOME-005,2025-01-04,4,30.81,Holt_Winters,18.49,0.0,67.05,Organic Bamboo Cutting Board 3-Piece Set,Home & Kitchen,Kitchen Tools,12.0,29.989999771118164
FC-Central,SKU-HOME-005,2025-01-05,5,27.65,Holt_Winters,18.74,0.0,64.38,Organic Bamboo Cutting Board 3-Piece Set,Home & Kitchen,Kitchen Tools,12.0,29.989999771118164
FC-Central,SKU-HOME-005,2025-01-06,6,21.65,Holt_Winters,18.99,0.0,58.87,Organic Bamboo Cutting Board 3-Piece Set,Home & Kitchen,Kitchen Tools,12.0,29.989999771118164
FC-Central,SKU-HOME-005,2025-01-07,7,21.25,Holt_Winters,19.24,0.0,58.96,Organic Bamboo Cutting Board 3-Piece Set,Home & Kitchen,Kitchen Tools,12.0,29.989999771118164
FC-Central,SKU-HOME-005,2025-01-08,8,22.65,Holt_Winters,19.48,0.0,60.83,Organic Bamboo Cutting Board 3-Piece Set,Home & Kitchen,Kitchen Tools,12.0,29.989999771118164
FC-Central,SKU-HOME-005,2025-01-09,9,23.16,Holt_Winters,19.72,0.0,61.81,Organic Bamboo Cutting Board 3-Piece Set,Home & Kitchen,Kitchen Tools,12.0,29.989999771118164
FC-Central,SKU-HOME-005,2025-01-10,10,25.33,Holt_Winters,19.96,0.0,64.45,Organic Bamboo Cutting Board 3-Piece Set,Home & Kitchen,Kitchen Tools,12.0,29.989999771118164
FC-Central,SKU-HOME-005,2025-01-11,11,30.81,Holt_Winters,20.19,0.0,70.38,Organic Bamboo Cutting Board 3-Piece Set,Home & Kitchen,Kitchen Tools,12.0,29.989999771118164
FC-Central,SKU-HOME-005,2025-01-12,12,27.65,Holt_Winters,20.42,0.0,67.67,Organic Bamboo Cutting Board 3-Piece Set,Home & Kitchen,Kitchen Tools,12.0,29.989999771118164
FC-Central,SKU-HOME-005,2025-01-13,13,21.66,Holt_Winters,20.65,0.0,62.13,Organic Bamboo Cutting Board 3-Piece Set,Home & Kitchen,Kitchen Tools,12.0,29.989999771118164
FC-Central,SKU-HOME-005,2025-01-14,14,21.26,Holt_Winters,20.88,0.0,62.18,Organic Bamboo Cutting Board 3-Piece Set,Home & Kitchen,Kitchen Tools,12.0,29.989999771118164
FC-Central,SKU-HOME-005,2025-01-15,15,22.66,Holt_Winters,21.1,0.0,64.02,Organic Bamboo Cutting Board 3-Piece Set,Home & Kitchen,Kitchen Tools,12.0,29.989999771118164
FC-Central,SKU-HOME-005,2025-01-16,16,23.17,Holt_Winters,21.33,0.0,64.98,Organic Bamboo Cutting Board 3-Piece Set,Home & Kitchen,Kitchen Tools,12.0,29.989999771118164
FC-Central,SKU-HOME-005,2025-01-17,17,25.34,Holt_Winters,21.55,0.0,67.58,Organic Bamboo Cutting Board 3-Piece Set,Home & Kitchen,Kitchen Tools,12.0,29.989999771118164
FC-Central,SKU-HOME-005,2025-01-18,18,30.82,Holt_Winters,21.76,0.0,73.47,Organic Bamboo Cutting Board 3-Piece Set,Home & Kitchen,Kitchen Tools,12.0,29.989999771118164
FC-Central,SKU-HOME-005,2025-01-19,19,27.65,Holt_Winters,21.98,0.0,70.73,Organic Bamboo Cutting Board 3-Piece Set,Home & Kitchen,Kitchen Tools,12.0,29.989999771118164
FC-Central,SKU-HOME-005,2025-01-20,20,21.66,Holt_Winters,22.19,0.0,65.15,Organic Bamboo Cutting Board 3-Piece Set,Home & Kitchen,Kitchen Tools,12.0,29.989999771118164
FC-Central,SKU-HOME-005,2025-01-21,21,21.26,Holt_Winters,22.4,0.0,65.16,Organic Bamboo Cutting Board 3-Piece Set,Home & Kitchen,Kitchen Tools,12.0,29.989999771118164
FC-Central,SKU-HOME-005,2025-01-22,22,22.66,Holt_Winters,22.61,0.0,66.98,Organic Bamboo Cutting Board 3-Piece Set,Home & Kitchen,Kitchen Tools,12.0,29.989999771118164
FC-Central,SKU-HOME-005,2025-01-23,23,23.17,Holt_Winters,22.82,0.0,67.9,Organic Bamboo Cutting Board 3-Piece Set,Home & Kitchen,Kitchen Tools,12.0,29.989999771118164
FC-Central,SKU-HOME-005,2025-01-24,24,25.34,Holt_Winters,23.02,0.0,70.46,Organic Bamboo Cutting Board 3-Piece Set,Home & Kitchen,Kitchen Tools,12.0,29.989999771118164
FC-Central,SKU-HOME-005,2025-01-25,25,30.82,Holt_Winters,23.23,0.0,76.35,Organic Bamboo Cutting Board 3-Piece Set,Home & Kitchen,Kitchen Tools,12.0,29.989999771118164
FC-Central,SKU-HOME-005,2025-01-26,26,27.66,Holt_Winters,23.43,0.0,73.58,Organic Bamboo Cutting Board 3-Piece Set,Home & Kitchen,Kitchen Tools,12.0,29.989999771118164
FC-Central,SKU-HOME-005,2025-01-27,27,21.66,Holt_Winters,23.63,0.0,67.97,Organic Bamboo Cutting Board 3-Piece Set,Home & Kitchen,Kitchen Tools,12.0,29.989999771118164
FC-Central,SKU-HOME-005,2025-01-28,28,21.26,Holt_Winters,23.83,0.0,67.97,Organic Bamboo Cutting Board 3-Piece Set,Home & Kitchen,Kitchen Tools,12.0,29.989999771118164
FC-Central,SKU-HOME-006,2025-01-01,1,31.9,Holt_Winters,17.71,0.0,66.61,HEPA Air Purifier Compact Room Model,Home & Kitchen,Appliances,42.0,89.98999786376953
FC-Central,SKU-HOME-006,2025-01-02,2,31.71,Holt_Winters,17.97,0.0,66.93,HEPA Air Purifier Compact Room Model,Home & Kitchen,Appliances,42.0,89.98999786376953
FC-Central,SKU-HOME-006,2025-01-03,3,35.93,Holt_Winters,18.23,0.2,71.66,HEPA Air Purifier Compact Room Model,Home & Kitchen,Appliances,42.0,89.98999786376953
FC-Central,SKU-HOME-006,2025-01-04,4,38.2,Holt_Winters,18.49,1.96,74.44,HEPA Air Purifier Compact Room Model,Home & Kitchen,Appliances,42.0,89.98999786376953
FC-Central,SKU-HOME-006,2025-01-05,5,36.28,Holt_Winters,18.74,0.0,73.01,HEPA Air Purifier Compact Room Model,Home & Kitchen,Appliances,42.0,89.98999786376953
FC-Central,SKU-HOME-006,2025-01-06,6,31.57,Holt_Winters,18.99,0.0,68.79,HEPA Air Purifier Compact Room Model,Home & Kitchen,Appliances,42.0,89.98999786376953
FC-Central,SKU-HOME-006,2025-01-07,7,32.2,Holt_Winters,19.24,0.0,69.91,HEPA Air Purifier Compact Room Model,Home & Kitchen,Appliances,42.0,89.98999786376953
FC-Central,SKU-HOME-006,2025-01-08,8,33.25,Holt_Winters,19.48,0.0,71.43,HEPA Air Purifier Compact Room Model,Home & Kitchen,Appliances,42.0,89.98999786376953
FC-Central,SKU-HOME-006,2025-01-09,9,33.06,Holt_Winters,19.72,0.0,71.71,HEPA Air Purifier Compact Room Model,Home & Kitchen,Appliances,42.0,89.98999786376953
FC-Central,SKU-HOME-006,2025-01-10,10,37.28,Holt_Winters,19.96,0.0,76.4,HEPA Air Purifier Compact Room Model,Home & Kitchen,Appliances,42.0,89.98999786376953
FC-Central,SKU-HOME-006,2025-01-11,11,39.55,Holt_Winters,20.19,0.0,79.12,HEPA Air Purifier Compact Room Model,Home & Kitchen,Appliances,42.0,89.98999786376953
FC-Central,SKU-HOME-006,2025-01-12,12,37.63,Holt_Winters,20.42,0.0,77.65,HEPA Air Purifier Compact Room Model,Home & Kitchen,Appliances,42.0,89.98999786376953
FC-Central,SKU-HOME-006,2025-01-13,13,32.92,Holt_Winters,20.65,0.0,73.39,HEPA Air Purifier Compact Room Model,Home & Kitchen,Appliances,42.0,89.98999786376953
FC-Central,SKU-HOME-006,2025-01-14,14,33.55,Holt_Winters,20.88,0.0,74.47,HEPA Air Purifier Compact Room Model,Home & Kitchen,Appliances,42.0,89.98999786376953
FC-Central,SKU-HOME-006,2025-01-15,15,34.6,Holt_Winters,21.1,0.0,75.96,HEPA Air Purifier Compact Room Model,Home & Kitchen,Appliances,42.0,89.98999786376953
FC-Central,SKU-HOME-006,2025-01-16,16,34.41,Holt_Winters,21.33,0.0,76.22,HEPA Air Purifier Compact Room Model,Home & Kitchen,Appliances,42.0,89.98999786376953
FC-Central,SKU-HOME-006,2025-01-17,17,38.63,Holt_Winters,21.55,0.0,80.87,HEPA Air Purifier Compact Room Model,Home & Kitchen,Appliances,42.0,89.98999786376953
FC-Central,SKU-HOME-006,2025-01-18,18,40.9,Holt_Winters,21.76,0.0,83.55,HEPA Air Purifier Compact Room Model,Home & Kitchen,Appliances,42.0,89.98999786376953
FC-Central,SKU-HOME-006,2025-01-19,19,38.98,Holt_Winters,21.98,0.0,82.06,HEPA Air Purifier Compact Room Model,Home & Kitchen,Appliances,42.0,89.98999786376953
FC-Central,SKU-HOME-006,2025-01-20,20,34.26,Holt_Winters,22.19,0.0,77.75,HEPA Air Purifier Compact Room Model,Home & Kitchen,Appliances,42.0,89.98999786376953
FC-Central,SKU-HOME-006,2025-01-21,21,34.9,Holt_Winters,22.4,0.0,78.8,HEPA Air Purifier Compact Room Model,Home & Kitchen,Appliances,42.0,89.98999786376953
FC-Central,SKU-HOME-006,2025-01-22,22,35.95,Holt_Winters,22.61,0.0,80.27,HEPA Air Purifier Compact Room Model,Home & Kitchen,Appliances,42.0,89.98999786376953
FC-Central,SKU-HOME-006,2025-01-23,23,35.75,Holt_Winters,22.82,0.0,80.48,HEPA Air Purifier Compact Room Model,Home & Kitchen,Appliances,42.0,89.98999786376953
FC-Central,SKU-HOME-006,2025-01-24,24,39.98,Holt_Winters,23.02,0.0,85.1,HEPA Air Purifier Compact Room Model,Home & Kitchen,Appliances,42.0,89.98999786376953
FC-Central,SKU-HOME-006,2025-01-25,25,42.25,Holt_Winters,23.23,0.0,87.78,HEPA Air Purifier Compact Room Model,Home & Kitchen,Appliances,42.0,89.98999786376953
FC-Central,SKU-HOME-006,2025-01-26,26,40.32,Holt_Winters,23.43,0.0,86.24,HEPA Air Purifier Compact Room Model,Home & Kitchen,Appliances,42.0,89.98999786376953
FC-Central,SKU-HOME-006,2025-01-27,27,35.61,Holt_Winters,23.63,0.0,81.92,HEPA Air Purifier Compact Room Model,Home & Kitchen,Appliances,42.0,89.98999786376953
FC-Central,SKU-HOME-006,2025-01-28,28,36.25,Holt_Winters,23.83,0.0,82.96,HEPA Air Purifier Compact Room Model,Home & Kitchen,Appliances,42.0,89.98999786376953
FC-Central,SKU-HOME-007,2025-01-01,1,5.44,Holt_Winters,17.71,0.0,40.15,Countertop Citrus Juicer Manual Press,Home & Kitchen,Kitchen Tools,9.5,22.989999771118164
FC-Central,SKU-HOME-007,2025-01-02,2,5.61,Holt_Winters,17.97,0.0,40.83,Countertop Citrus Juicer Manual Press,Home & Kitchen,Kitchen Tools,9.5,22.989999771118164
FC-Central,SKU-HOME-007,2025-01-03,3,7.19,Holt_Winters,18.23,0.0,42.92,Countertop Citrus Juicer Manual Press,Home & Kitchen,Kitchen Tools,9.5,22.989999771118164
FC-Central,SKU-HOME-007,2025-01-04,4,7.47,Holt_Winters,18.49,0.0,43.71,Countertop Citrus Juicer Manual Press,Home & Kitchen,Kitchen Tools,9.5,22.989999771118164
FC-Central,SKU-HOME-007,2025-01-05,5,6.64,Holt_Winters,18.74,0.0,43.37,Countertop Citrus Juicer Manual Press,Home & Kitchen,Kitchen Tools,9.5,22.989999771118164
FC-Central,SKU-HOME-007,2025-01-06,6,4.77,Holt_Winters,18.99,0.0,41.99,Countertop Citrus Juicer Manual Press,Home & Kitchen,Kitchen Tools,9.5,22.989999771118164
FC-Central,SKU-HOME-007,2025-01-07,7,4.75,Holt_Winters,19.24,0.0,42.46,Countertop Citrus Juicer Manual Press,Home & Kitchen,Kitchen Tools,9.5,22.989999771118164
FC-Central,SKU-HOME-007,2025-01-08,8,5.41,Holt_Winters,19.48,0.0,43.59,Countertop Citrus Juicer Manual Press,Home & Kitchen,Kitchen Tools,9.5,22.989999771118164
FC-Central,SKU-HOME-007,2025-01-09,9,5.58,Holt_Winters,19.72,0.0,44.23,Countertop Citrus Juicer Manual Press,Home & Kitchen,Kitchen Tools,9.5,22.989999771118164
FC-Central,SKU-HOME-007,2025-01-10,10,7.16,Holt_Winters,19.96,0.0,46.28,Countertop Citrus Juicer Manual Press,Home & Kitchen,Kitchen Tools,9.5,22.989999771118164
FC-Central,SKU-HOME-007,2025-01-11,11,7.44,Holt_Winters,20.19,0.0,47.01,Countertop Citrus Juicer Manual Press,Home & Kitchen,Kitchen Tools,9.5,22.989999771118164
FC-Central,SKU-HOME-007,2025-01-12,12,6.61,Holt_Winters,20.42,0.0,46.63,Countertop Citrus Juicer Manual Press,Home & Kitchen,Kitchen Tools,9.5,22.989999771118164
FC-Central,SKU-HOME-007,2025-01-13,13,4.74,Holt_Winters,20.65,0.0,45.21,Countertop Citrus Juicer Manual Press,Home & Kitchen,Kitchen Tools,9.5,22.989999771118164
FC-Central,SKU-HOME-007,2025-01-14,14,4.72,Holt_Winters,20.88,0.0,45.64,Countertop Citrus Juicer Manual Press,Home & Kitchen,Kitchen Tools,9.5,22.989999771118164
FC-Central,SKU-HOME-007,2025-01-15,15,5.39,Holt_Winters,21.1,0.0,46.75,Countertop Citrus Juicer Manual Press,Home & Kitchen,Kitchen Tools,9.5,22.989999771118164
FC-Central,SKU-HOME-007,2025-01-16,16,5.55,Holt_Winters,21.33,0.0,47.36,Countertop Citrus Juicer Manual Press,Home & Kitchen,Kitchen Tools,9.5,22.989999771118164
FC-Central,SKU-HOME-007,2025-01-17,17,7.13,Holt_Winters,21.55,0.0,49.37,Countertop Citrus Juicer Manual Press,Home & Kitchen,Kitchen Tools,9.5,22.989999771118164
FC-Central,SKU-HOME-007,2025-01-18,18,7.42,Holt_Winters,21.76,0.0,50.07,Countertop Citrus Juicer Manual Press,Home & Kitchen,Kitchen Tools,9.5,22.989999771118164
FC-Central,SKU-HOME-007,2025-01-19,19,6.58,Holt_Winters,21.98,0.0,49.66,Countertop Citrus Juicer Manual Press,Home & Kitchen,Kitchen Tools,9.5,22.989999771118164
FC-Central,SKU-HOME-007,2025-01-20,20,4.71,Holt_Winters,22.19,0.0,48.2,Countertop Citrus Juicer Manual Press,Home & Kitchen,Kitchen Tools,9.5,22.989999771118164
FC-Central,SKU-HOME-007,2025-01-21,21,4.7,Holt_Winters,22.4,0.0,48.6,Countertop Citrus Juicer Manual Press,Home & Kitchen,Kitchen Tools,9.5,22.989999771118164
FC-Central,SKU-HOME-007,2025-01-22,22,5.36,Holt_Winters,22.61,0.0,49.68,Countertop Citrus Juicer Manual Press,Home & Kitchen,Kitchen Tools,9.5,22.989999771118164
FC-Central,SKU-HOME-007,2025-01-23,23,5.52,Holt_Winters,22.82,0.0,50.25,Countertop Citrus Juicer Manual Press,Home & Kitchen,Kitchen Tools,9.5,22.989999771118164
FC-Central,SKU-HOME-007,2025-01-24,24,7.11,Holt_Winters,23.02,0.0,52.23,Countertop Citrus Juicer Manual Press,Home & Kitchen,Kitchen Tools,9.5,22.989999771118164
FC-Central,SKU-HOME-007,2025-01-25,25,7.39,Holt_Winters,23.23,0.0,52.92,Countertop Citrus Juicer Manual Press,Home & Kitchen,Kitchen Tools,9.5,22.989999771118164
FC-Central,SKU-HOME-007,2025-01-26,26,6.56,Holt_Winters,23.43,0.0,52.48,Countertop Citrus Juicer Manual Press,Home & Kitchen,Kitchen Tools,9.5,22.989999771118164
FC-Central,SKU-HOME-007,2025-01-27,27,4.69,Holt_Winters,23.63,0.0,51.0,Countertop Citrus Juicer Manual Press,Home & Kitchen,Kitchen Tools,9.5,22.989999771118164
FC-Central,SKU-HOME-007,2025-01-28,28,4.67,Holt_Winters,23.83,0.0,51.38,Countertop Citrus Juicer Manual Press,Home & Kitchen,Kitchen Tools,9.5,22.989999771118164
FC-Central,SKU-HOME-008,2025-01-01,1,41.26,Holt_Winters,17.71,6.55,75.97,Non-Stick 10-Piece Baking Sheet Set,Home & Kitchen,Bakeware,21.0,49.9900016784668
FC-Central,SKU-HOME-008,2025-01-02,2,40.7,Holt_Winters,17.97,5.48,75.92,Non-Stick 10-Piece Baking Sheet Set,Home & Kitchen,Bakeware,21.0,49.9900016784668
FC-Central,SKU-HOME-008,2025-01-03,3,44.41,Holt_Winters,18.23,8.68,80.14,Non-Stick 10-Piece Baking Sheet Set,Home & Kitchen,Bakeware,21.0,49.9900016784668
FC-Central,SKU-HOME-008,2025-01-04,4,48.57,Holt_Winters,18.49,12.33,84.81,Non-Stick 10-Piece Baking Sheet Set,Home & Kitchen,Bakeware,21.0,49.9900016784668
FC-Central,SKU-HOME-008,2025-01-05,5,45.54,Holt_Winters,18.74,8.81,82.27,Non-Stick 10-Piece Baking Sheet Set,Home & Kitchen,Bakeware,21.0,49.9900016784668
FC-Central,SKU-HOME-008,2025-01-06,6,39.89,Holt_Winters,18.99,2.67,77.11,Non-Stick 10-Piece Baking Sheet Set,Home & Kitchen,Bakeware,21.0,49.9900016784668
FC-Central,SKU-HOME-008,2025-01-07,7,38.88,Holt_Winters,19.24,1.17,76.59,Non-Stick 10-Piece Baking Sheet Set,Home & Kitchen,Bakeware,21.0,49.9900016784668
FC-Central,SKU-HOME-008,2025-01-08,8,41.5,Holt_Winters,19.48,3.32,79.68,Non-Stick 10-Piece Baking Sheet Set,Home & Kitchen,Bakeware,21.0,49.9900016784668
FC-Central,SKU-HOME-008,2025-01-09,9,40.95,Holt_Winters,19.72,2.3,79.6,Non-Stick 10-Piece Baking Sheet Set,Home & Kitchen,Bakeware,21.0,49.9900016784668
FC-Central,SKU-HOME-008,2025-01-10,10,44.66,Holt_Winters,19.96,5.54,83.78,Non-Stick 10-Piece Baking Sheet Set,Home & Kitchen,Bakeware,21.0,49.9900016784668
FC-Central,SKU-HOME-008,2025-01-11,11,48.81,Holt_Winters,20.19,9.24,88.38,Non-Stick 10-Piece Baking Sheet Set,Home & Kitchen,Bakeware,21.0,49.9900016784668
FC-Central,SKU-HOME-008,2025-01-12,12,45.78,Holt_Winters,20.42,5.76,85.8,Non-Stick 10-Piece Baking Sheet Set,Home & Kitchen,Bakeware,21.0,49.9900016784668
FC-Central,SKU-HOME-008,2025-01-13,13,40.13,Holt_Winters,20.65,0.0,80.6,Non-Stick 10-Piece Baking Sheet Set,Home & Kitchen,Bakeware,21.0,49.9900016784668
FC-Central,SKU-HOME-008,2025-01-14,14,39.13,Holt_Winters,20.88,0.0,80.05,Non-Stick 10-Piece Baking Sheet Set,Home & Kitchen,Bakeware,21.0,49.9900016784668
FC-Central,SKU-HOME-008,2025-01-15,15,41.75,Holt_Winters,21.1,0.39,83.11,Non-Stick 10-Piece Baking Sheet Set,Home & Kitchen,Bakeware,21.0,49.9900016784668
FC-Central,SKU-HOME-008,2025-01-16,16,41.19,Holt_Winters,21.33,0.0,83.0,Non-Stick 10-Piece Baking Sheet Set,Home & Kitchen,Bakeware,21.0,49.9900016784668
FC-Central,SKU-HOME-008,2025-01-17,17,44.9,Holt_Winters,21.55,2.66,87.14,Non-Stick 10-Piece Baking Sheet Set,Home & Kitchen,Bakeware,21.0,49.9900016784668
FC-Central,SKU-HOME-008,2025-01-18,18,49.05,Holt_Winters,21.76,6.4,91.7,Non-Stick 10-Piece Baking Sheet Set,Home & Kitchen,Bakeware,21.0,49.9900016784668
FC-Central,SKU-HOME-008,2025-01-19,19,46.02,Holt_Winters,21.98,2.94,89.1,Non-Stick 10-Piece Baking Sheet Set,Home & Kitchen,Bakeware,21.0,49.9900016784668
FC-Central,SKU-HOME-008,2025-01-20,20,40.38,Holt_Winters,22.19,0.0,83.87,Non-Stick 10-Piece Baking Sheet Set,Home & Kitchen,Bakeware,21.0,49.9900016784668
FC-Central,SKU-HOME-008,2025-01-21,21,39.37,Holt_Winters,22.4,0.0,83.27,Non-Stick 10-Piece Baking Sheet Set,Home & Kitchen,Bakeware,21.0,49.9900016784668
FC-Central,SKU-HOME-008,2025-01-22,22,41.99,Holt_Winters,22.61,0.0,86.31,Non-Stick 10-Piece Baking Sheet Set,Home & Kitchen,Bakeware,21.0,49.9900016784668
FC-Central,SKU-HOME-008,2025-01-23,23,41.43,Holt_Winters,22.82,0.0,86.16,Non-Stick 10-Piece Baking Sheet Set,Home & Kitchen,Bakeware,21.0,49.9900016784668
FC-Central,SKU-HOME-008,2025-01-24,24,45.14,Holt_Winters,23.02,0.02,90.26,Non-Stick 10-Piece Baking Sheet Set,Home & Kitchen,Bakeware,21.0,49.9900016784668
FC-Central,SKU-HOME-008,2025-01-25,25,49.3,Holt_Winters,23.23,3.77,94.83,Non-Stick 10-Piece Baking Sheet Set,Home & Kitchen,Bakeware,21.0,49.9900016784668
FC-Central,SKU-HOME-008,2025-01-26,26,46.27,Holt_Winters,23.43,0.35,92.19,Non-Stick 10-Piece Baking Sheet Set,Home & Kitchen,Bakeware,21.0,49.9900016784668
FC-Central,SKU-HOME-008,2025-01-27,27,40.62,Holt_Winters,23.63,0.0,86.93,Non-Stick 10-Piece Baking Sheet Set,Home & Kitchen,Bakeware,21.0,49.9900016784668
FC-Central,SKU-HOME-008,2025-01-28,28,39.61,Holt_Winters,23.83,0.0,86.32,Non-Stick 10-Piece Baking Sheet Set,Home & Kitchen,Bakeware,21.0,49.9900016784668
FC-Central,SKU-HOME-009,2025-01-01,1,1.93,Holt_Winters,17.71,0.0,36.64,Commercial Heavy Duty Stand Mixer Motor Assembly,Home & Kitchen,Spare Parts,68.0,159.0
FC-Central,SKU-HOME-009,2025-01-02,2,1.48,Holt_Winters,17.97,0.0,36.7,Commercial Heavy Duty Stand Mixer Motor Assembly,Home & Kitchen,Spare Parts,68.0,159.0
FC-Central,SKU-HOME-009,2025-01-03,3,2.0,Holt_Winters,18.23,0.0,37.73,Commercial Heavy Duty Stand Mixer Motor Assembly,Home & Kitchen,Spare Parts,68.0,159.0
FC-Central,SKU-HOME-009,2025-01-04,4,1.48,Holt_Winters,18.49,0.0,37.72,Commercial Heavy Duty Stand Mixer Motor Assembly,Home & Kitchen,Spare Parts,68.0,159.0
FC-Central,SKU-HOME-009,2025-01-05,5,1.83,Holt_Winters,18.74,0.0,38.56,Commercial Heavy Duty Stand Mixer Motor Assembly,Home & Kitchen,Spare Parts,68.0,159.0
FC-Central,SKU-HOME-009,2025-01-06,6,1.77,Holt_Winters,18.99,0.0,38.99,Commercial Heavy Duty Stand Mixer Motor Assembly,Home & Kitchen,Spare Parts,68.0,159.0
FC-Central,SKU-HOME-009,2025-01-07,7,1.71,Holt_Winters,19.24,0.0,39.42,Commercial Heavy Duty Stand Mixer Motor Assembly,Home & Kitchen,Spare Parts,68.0,159.0
FC-Central,SKU-HOME-009,2025-01-08,8,1.93,Holt_Winters,19.48,0.0,40.11,Commercial Heavy Duty Stand Mixer Motor Assembly,Home & Kitchen,Spare Parts,68.0,159.0
FC-Central,SKU-HOME-009,2025-01-09,9,1.48,Holt_Winters,19.72,0.0,40.13,Commercial Heavy Duty Stand Mixer Motor Assembly,Home & Kitchen,Spare Parts,68.0,159.0
FC-Central,SKU-HOME-009,2025-01-10,10,2.0,Holt_Winters,19.96,0.0,41.12,Commercial Heavy Duty Stand Mixer Motor Assembly,Home & Kitchen,Spare Parts,68.0,159.0
FC-Central,SKU-HOME-009,2025-01-11,11,1.48,Holt_Winters,20.19,0.0,41.05,Commercial Heavy Duty Stand Mixer Motor Assembly,Home & Kitchen,Spare Parts,68.0,159.0
FC-Central,SKU-HOME-009,2025-01-12,12,1.84,Holt_Winters,20.42,0.0,41.86,Commercial Heavy Duty Stand Mixer Motor Assembly,Home & Kitchen,Spare Parts,68.0,159.0
FC-Central,SKU-HOME-009,2025-01-13,13,1.77,Holt_Winters,20.65,0.0,42.24,Commercial Heavy Duty Stand Mixer Motor Assembly,Home & Kitchen,Spare Parts,68.0,159.0
FC-Central,SKU-HOME-009,2025-01-14,14,1.71,Holt_Winters,20.88,0.0,42.63,Commercial Heavy Duty Stand Mixer Motor Assembly,Home & Kitchen,Spare Parts,68.0,159.0
FC-Central,SKU-HOME-009,2025-01-15,15,1.94,Holt_Winters,21.1,0.0,43.3,Commercial Heavy Duty Stand Mixer Motor Assembly,Home & Kitchen,Spare Parts,68.0,159.0
FC-Central,SKU-HOME-009,2025-01-16,16,1.48,Holt_Winters,21.33,0.0,43.29,Commercial Heavy Duty Stand Mixer Motor Assembly,Home & Kitchen,Spare Parts,68.0,159.0
FC-Central,SKU-HOME-009,2025-01-17,17,2.01,Holt_Winters,21.55,0.0,44.25,Commercial Heavy Duty Stand Mixer Motor Assembly,Home & Kitchen,Spare Parts,68.0,159.0
FC-Central,SKU-HOME-009,2025-01-18,18,1.49,Holt_Winters,21.76,0.0,44.14,Commercial Heavy Duty Stand Mixer Motor Assembly,Home & Kitchen,Spare Parts,68.0,159.0
FC-Central,SKU-HOME-009,2025-01-19,19,1.84,Holt_Winters,21.98,0.0,44.92,Commercial Heavy Duty Stand Mixer Motor Assembly,Home & Kitchen,Spare Parts,68.0,159.0
FC-Central,SKU-HOME-009,2025-01-20,20,1.77,Holt_Winters,22.19,0.0,45.26,Commercial Heavy Duty Stand Mixer Motor Assembly,Home & Kitchen,Spare Parts,68.0,159.0
FC-Central,SKU-HOME-009,2025-01-21,21,1.72,Holt_Winters,22.4,0.0,45.62,Commercial Heavy Duty Stand Mixer Motor Assembly,Home & Kitchen,Spare Parts,68.0,159.0
FC-Central,SKU-HOME-009,2025-01-22,22,1.94,Holt_Winters,22.61,0.0,46.26,Commercial Heavy Duty Stand Mixer Motor Assembly,Home & Kitchen,Spare Parts,68.0,159.0
FC-Central,SKU-HOME-009,2025-01-23,23,1.48,Holt_Winters,22.82,0.0,46.21,Commercial Heavy Duty Stand Mixer Motor Assembly,Home & Kitchen,Spare Parts,68.0,159.0
FC-Central,SKU-HOME-009,2025-01-24,24,2.01,Holt_Winters,23.02,0.0,47.13,Commercial Heavy Duty Stand Mixer Motor Assembly,Home & Kitchen,Spare Parts,68.0,159.0
FC-Central,SKU-HOME-009,2025-01-25,25,1.49,Holt_Winters,23.23,0.0,47.02,Commercial Heavy Duty Stand Mixer Motor Assembly,Home & Kitchen,Spare Parts,68.0,159.0
FC-Central,SKU-HOME-009,2025-01-26,26,1.84,Holt_Winters,23.43,0.0,47.76,Commercial Heavy Duty Stand Mixer Motor Assembly,Home & Kitchen,Spare Parts,68.0,159.0
FC-Central,SKU-HOME-009,2025-01-27,27,1.77,Holt_Winters,23.63,0.0,48.08,Commercial Heavy Duty Stand Mixer Motor Assembly,Home & Kitchen,Spare Parts,68.0,159.0
FC-Central,SKU-HOME-009,2025-01-28,28,1.72,Holt_Winters,23.83,0.0,48.43,Commercial Heavy Duty Stand Mixer Motor Assembly,Home & Kitchen,Spare Parts,68.0,159.0
FC-Central,SKU-HOME-010,2025-01-01,1,9.78,Holt_Winters,17.71,0.0,44.49,Automatic Touchless Stainless Trash Can 13 Gal,Home & Kitchen,Waste & Storage,33.0,74.98999786376953
FC-Central,SKU-HOME-010,2025-01-02,2,10.21,Holt_Winters,17.97,0.0,45.43,Automatic Touchless Stainless Trash Can 13 Gal,Home & Kitchen,Waste & Storage,33.0,74.98999786376953
FC-Central,SKU-HOME-010,2025-01-03,3,12.62,Holt_Winters,18.23,0.0,48.35,Automatic Touchless Stainless Trash Can 13 Gal,Home & Kitchen,Waste & Storage,33.0,74.98999786376953
FC-Central,SKU-HOME-010,2025-01-04,4,12.86,Holt_Winters,18.49,0.0,49.1,Automatic Touchless Stainless Trash Can 13 Gal,Home & Kitchen,Waste & Storage,33.0,74.98999786376953
FC-Central,SKU-HOME-010,2025-01-05,5,11.32,Holt_Winters,18.74,0.0,48.05,Automatic Touchless Stainless Trash Can 13 Gal,Home & Kitchen,Waste & Storage,33.0,74.98999786376953
FC-Central,SKU-HOME-010,2025-01-06,6,8.87,Holt_Winters,18.99,0.0,46.09,Automatic Touchless Stainless Trash Can 13 Gal,Home & Kitchen,Waste & Storage,33.0,74.98999786376953
FC-Central,SKU-HOME-010,2025-01-07,7,9.25,Holt_Winters,19.24,0.0,46.96,Automatic Touchless Stainless Trash Can 13 Gal,Home & Kitchen,Waste & Storage,33.0,74.98999786376953
FC-Central,SKU-HOME-010,2025-01-08,8,9.8,Holt_Winters,19.48,0.0,47.98,Automatic Touchless Stainless Trash Can 13 Gal,Home & Kitchen,Waste & Storage,33.0,74.98999786376953
FC-Central,SKU-HOME-010,2025-01-09,9,10.22,Holt_Winters,19.72,0.0,48.87,Automatic Touchless Stainless Trash Can 13 Gal,Home & Kitchen,Waste & Storage,33.0,74.98999786376953
FC-Central,SKU-HOME-010,2025-01-10,10,12.63,Holt_Winters,19.96,0.0,51.75,Automatic Touchless Stainless Trash Can 13 Gal,Home & Kitchen,Waste & Storage,33.0,74.98999786376953
FC-Central,SKU-HOME-010,2025-01-11,11,12.88,Holt_Winters,20.19,0.0,52.45,Automatic Touchless Stainless Trash Can 13 Gal,Home & Kitchen,Waste & Storage,33.0,74.98999786376953
FC-Central,SKU-HOME-010,2025-01-12,12,11.34,Holt_Winters,20.42,0.0,51.36,Automatic Touchless Stainless Trash Can 13 Gal,Home & Kitchen,Waste & Storage,33.0,74.98999786376953
FC-Central,SKU-HOME-010,2025-01-13,13,8.89,Holt_Winters,20.65,0.0,49.36,Automatic Touchless Stainless Trash Can 13 Gal,Home & Kitchen,Waste & Storage,33.0,74.98999786376953
FC-Central,SKU-HOME-010,2025-01-14,14,9.26,Holt_Winters,20.88,0.0,50.18,Automatic Touchless Stainless Trash Can 13 Gal,Home & Kitchen,Waste & Storage,33.0,74.98999786376953
FC-Central,SKU-HOME-010,2025-01-15,15,9.81,Holt_Winters,21.1,0.0,51.17,Automatic Touchless Stainless Trash Can 13 Gal,Home & Kitchen,Waste & Storage,33.0,74.98999786376953
FC-Central,SKU-HOME-010,2025-01-16,16,10.24,Holt_Winters,21.33,0.0,52.05,Automatic Touchless Stainless Trash Can 13 Gal,Home & Kitchen,Waste & Storage,33.0,74.98999786376953
FC-Central,SKU-HOME-010,2025-01-17,17,12.65,Holt_Winters,21.55,0.0,54.89,Automatic Touchless Stainless Trash Can 13 Gal,Home & Kitchen,Waste & Storage,33.0,74.98999786376953
FC-Central,SKU-HOME-010,2025-01-18,18,12.89,Holt_Winters,21.76,0.0,55.54,Automatic Touchless Stainless Trash Can 13 Gal,Home & Kitchen,Waste & Storage,33.0,74.98999786376953
FC-Central,SKU-HOME-010,2025-01-19,19,11.36,Holt_Winters,21.98,0.0,54.44,Automatic Touchless Stainless Trash Can 13 Gal,Home & Kitchen,Waste & Storage,33.0,74.98999786376953
FC-Central,SKU-HOME-010,2025-01-20,20,8.9,Holt_Winters,22.19,0.0,52.39,Automatic Touchless Stainless Trash Can 13 Gal,Home & Kitchen,Waste & Storage,33.0,74.98999786376953
FC-Central,SKU-HOME-010,2025-01-21,21,9.28,Holt_Winters,22.4,0.0,53.18,Automatic Touchless Stainless Trash Can 13 Gal,Home & Kitchen,Waste & Storage,33.0,74.98999786376953
FC-Central,SKU-HOME-010,2025-01-22,22,9.83,Holt_Winters,22.61,0.0,54.15,Automatic Touchless Stainless Trash Can 13 Gal,Home & Kitchen,Waste & Storage,33.0,74.98999786376953
FC-Central,SKU-HOME-010,2025-01-23,23,10.26,Holt_Winters,22.82,0.0,54.99,Automatic Touchless Stainless Trash Can 13 Gal,Home & Kitchen,Waste & Storage,33.0,74.98999786376953
FC-Central,SKU-HOME-010,2025-01-24,24,12.67,Holt_Winters,23.02,0.0,57.79,Automatic Touchless Stainless Trash Can 13 Gal,Home & Kitchen,Waste & Storage,33.0,74.98999786376953
FC-Central,SKU-HOME-010,2025-01-25,25,12.91,Holt_Winters,23.23,0.0,58.44,Automatic Touchless Stainless Trash Can 13 Gal,Home & Kitchen,Waste & Storage,33.0,74.98999786376953
FC-Central,SKU-HOME-010,2025-01-26,26,11.37,Holt_Winters,23.43,0.0,57.29,Automatic Touchless Stainless Trash Can 13 Gal,Home & Kitchen,Waste & Storage,33.0,74.98999786376953
FC-Central,SKU-HOME-010,2025-01-27,27,8.92,Holt_Winters,23.63,0.0,55.23,Automatic Touchless Stainless Trash Can 13 Gal,Home & Kitchen,Waste & Storage,33.0,74.98999786376953
FC-Central,SKU-HOME-010,2025-01-28,28,9.3,Holt_Winters,23.83,0.0,56.01,Automatic Touchless Stainless Trash Can 13 Gal,Home & Kitchen,Waste & Storage,33.0,74.98999786376953
