scenario_id,scenario_name,store_id,sku_id,sku_name,category,unit_cost,unit_price,sim_daily_demand,sim_lead_time_days,sim_service_level,sim_safety_stock,sim_reorder_point,sim_order_up_to,current_inventory_position,sim_recommended_order_qty,sim_recommended_order_value,sim_safety_stock_capital,sim_days_of_supply,sim_stockout_risk
SCEN_01,Baseline Current State,FC-Central,SKU-APPR-008,Fleece-Lined Thermal Baselayer Leggings,Apparel,13.8,34.99,75.2,10.0,0.95,300.5,1052.5,1578.9,218.0,1361.0,18781.8,4146.9,2.9,Critical
SCEN_01,Baseline Current State,FC-Central,SKU-GROC-006,Electrolyte Enhanced Sparkling Mineral Water (24-Pack),Grocery & Pantry,11.8,26.99,37.62,5.0,0.95,66.9,255.0,518.3,99.0,419.0,4944.2,789.42,2.6,Critical
SCEN_01,Baseline Current State,FC-East,SKU-ELEC-003,Smart Home Environmental Sensor Hub,Electronics,36.0,79.99,26.12,9.0,0.95,88.7,323.8,506.6,68.0,439.0,15804.0,3193.2,2.6,Critical
SCEN_01,Baseline Current State,FC-Central,SKU-GROC-001,Organic Whole Bean Espresso Roast 2 lb,Grocery & Pantry,9.2,21.99,60.29,5.0,0.95,92.7,394.1,816.2,110.0,706.0,6495.2,852.84,1.8,Critical
SCEN_01,Baseline Current State,FC-Central,SKU-APPR-006,Lightweight UV Sun Protection Fishing Hoodie,Apparel,16.5,42.99,20.58,10.0,0.95,82.0,287.8,431.9,68.0,364.0,6006.0,1353.0,3.3,High
SCEN_01,Baseline Current State,FC-Central,SKU-APPR-003,Breathable Quick-Dry Athletic Shorts,Apparel,11.2,29.99,34.15,10.0,0.95,131.6,473.1,712.1,193.0,519.0,5812.8,1473.92,5.7,High
SCEN_01,Baseline Current State,FC-East,SKU-HLTH-010,Clinical LED Infrared Facial Rejuvenation Mask,Health & Care,98.0,229.99,7.92,7.0,0.95,28.3,83.7,139.2,41.0,98.0,9604.0,2773.4,5.2,High
SCEN_01,Baseline Current State,FC-West,SKU-APPR-010,Full-Grain Italian Leather Travel Duffel,Apparel,135.0,289.99,6.58,10.0,0.95,37.0,102.8,148.9,43.0,106.0,14310.0,4995.0,6.5,High
SCEN_01,Baseline Current State,FC-West,SKU-APPR-006,Lightweight UV Sun Protection Fishing Hoodie,Apparel,16.5,42.99,32.75,10.0,0.95,127.1,454.6,683.9,137.0,547.0,9025.5,2097.15,4.2,High
SCEN_01,Baseline Current State,FC-East,SKU-APPR-008,Fleece-Lined Thermal Baselayer Leggings,Apparel,13.8,34.99,89.95,10.0,0.95,374.0,1273.5,1903.2,448.0,1455.0,20079.0,5161.2,5.0,High
SCEN_01,Baseline Current State,FC-Central,SKU-HLTH-010,Clinical LED Infrared Facial Rejuvenation Mask,Health & Care,98.0,229.99,5.54,7.0,0.95,22.6,61.4,100.2,35.0,65.0,6370.0,2214.8,6.3,High
SCEN_01,Baseline Current State,FC-West,SKU-HLTH-010,Clinical LED Infrared Facial Rejuvenation Mask,Health & Care,98.0,229.99,8.02,7.0,0.95,34.0,90.1,146.3,45.0,101.0,9898.0,3332.0,5.6,High
SCEN_01,Baseline Current State,FC-West,SKU-ELEC-008,4K Ultra-HD Streaming Media Player,Electronics,22.0,42.49,79.46,9.0,0.95,296.8,1011.9,1568.2,463.0,1105.0,24310.0,6529.6,5.8,High
SCEN_01,Baseline Current State,FC-West,SKU-APPR-003,Breathable Quick-Dry Athletic Shorts,Apparel,11.2,29.99,48.79,10.0,0.95,182.2,670.1,1011.6,244.0,768.0,8601.6,2040.64,5.0,High
SCEN_01,Baseline Current State,FC-Central,SKU-HOME-002,Stainless Steel Thermal Travel Mug 16oz,Home & Kitchen,9.8,24.99,70.1,8.0,0.95,185.2,746.0,1236.7,396.0,841.0,8241.8,1814.96,5.6,High
SCEN_01,Baseline Current State,FC-Central,SKU-HLTH-003,Grass-Fed Hydrolyzed Collagen Peptides Powder 1 lb,Health & Care,15.5,36.99,39.0,7.0,0.95,88.6,361.6,634.6,209.0,426.0,6603.0,1373.3,5.4,High
SCEN_01,Baseline Current State,FC-East,SKU-GROC-002,Raw California Organic Almonds Unsalted 3 lb,Grocery & Pantry,8.0,18.49,65.56,5.0,0.95,103.8,431.6,890.5,179.0,712.0,5696.0,830.4,2.7,Critical
SCEN_01,Baseline Current State,FC-East,SKU-GROC-003,Extra Virgin Cold-Pressed Olive Oil 1 Liter,Grocery & Pantry,8.5,19.99,69.5,5.0,0.95,113.7,461.2,947.7,190.0,758.0,6443.0,966.45,2.7,Critical
SCEN_01,Baseline Current State,FC-West,SKU-ELEC-002,Ultra-Fast USB-C GaN Charger 65W,Electronics,14.2,34.99,44.9,9.0,0.95,144.4,548.5,862.8,139.0,724.0,10280.8,2050.48,3.1,High
SCEN_01,Baseline Current State,FC-East,SKU-GROC-001,Organic Whole Bean Espresso Roast 2 lb,Grocery & Pantry,9.2,21.99,88.58,5.0,0.95,143.6,586.5,1206.6,514.0,693.0,6375.6,1321.12,5.8,High
SCEN_01,Baseline Current State,FC-West,SKU-GROC-004,Organic Ceremonial Grade Matcha Green Tea 100g,Grocery & Pantry,12.2,29.99,41.42,5.0,0.95,78.2,285.3,575.2,106.0,469.0,5721.8,954.04,2.6,Critical
SCEN_01,Baseline Current State,FC-West,SKU-APPR-001,Men's Classic Cotton Crewneck T-Shirt 3-Pack,Apparel,10.5,23.79,59.81,10.0,0.95,220.8,818.9,1237.6,236.0,1002.0,10521.0,2318.4,3.9,High
SCEN_01,Baseline Current State,FC-West,SKU-HLTH-001,Daily Multivitamin Formula with Zinc & D3 (90 Count),Health & Care,8.9,22.99,64.88,7.0,0.95,141.4,595.6,1049.7,258.0,792.0,7048.8,1258.46,4.0,High
SCEN_01,Baseline Current State,FC-West,SKU-HLTH-003,Grass-Fed Hydrolyzed Collagen Peptides Powder 1 lb,Health & Care,15.5,36.99,49.97,7.0,0.95,116.5,466.3,816.1,252.0,564.0,8742.0,1805.75,5.0,High
SCEN_01,Baseline Current State,FC-West,SKU-GROC-009,Bulk Food Grade Citric Acid Crystals 50 lb Sack,Grocery & Pantry,38.0,75.65,3.0,5.0,0.95,19.2,34.2,55.2,5.0,50.0,1900.0,729.6,1.7,Critical
SCEN_01,Baseline Current State,FC-East,SKU-APPR-009,Custom Embroidered Alpine Ski Racing Bib,Apparel,48.0,120.0,2.54,10.0,0.95,23.8,49.2,67.0,6.0,61.0,2928.0,1142.4,2.4,Critical
SCEN_01,Baseline Current State,FC-Central,SKU-APPR-002,Down-Alternative Insulated Winter Puffer Jacket,Apparel,62.0,149.99,54.31,10.0,0.95,233.4,776.5,1156.7,687.0,470.0,29140.0,14470.8,12.6,Medium
SCEN_01,Baseline Current State,FC-Central,SKU-APPR-005,Water-Resistant Commuter Backpack with Laptop Sleeve,Apparel,28.5,59.49,22.71,10.0,0.95,87.9,315.0,474.0,306.0,168.0,4788.0,2505.15,13.5,Medium
SCEN_01,Baseline Current State,FC-West,SKU-HOME-010,Automatic Touchless Stainless Trash Can 13 Gal,Home & Kitchen,33.0,74.99,12.33,8.0,0.95,40.8,139.4,225.8,38.0,188.0,6204.0,1346.4,3.1,High
SCEN_01,Baseline Current State,FC-West,SKU-HLTH-002,Mineral Broad-Spectrum Sunscreen Lotion SPF 50 6oz,Health & Care,6.8,17.99,46.73,7.0,0.95,118.2,445.3,772.4,225.0,547.0,3719.6,803.76,4.8,High
SCEN_01,Baseline Current State,FC-Central,SKU-GROC-008,Gourmet Dark Chocolate Sea Salt Truffles Gift Box,Grocery & Pantry,9.9,24.99,65.82,5.0,0.95,153.3,482.4,943.1,175.0,768.0,7603.2,1517.67,2.7,Critical
SCEN_01,Baseline Current State,FC-West,SKU-GROC-010,Imported White Truffle Infused Olive Oil Reserve 250ml,Grocery & Pantry,29.0,64.99,8.18,5.0,0.95,26.7,67.6,124.9,22.0,103.0,2987.0,774.3,2.7,Critical
SCEN_01,Baseline Current State,FC-East,SKU-APPR-002,Down-Alternative Insulated Winter Puffer Jacket,Apparel,62.0,149.99,95.53,10.0,0.95,378.5,1333.8,2002.5,1147.0,856.0,53072.0,23467.0,12.0,Medium
SCEN_01,Baseline Current State,FC-East,SKU-APPR-010,Full-Grain Italian Leather Travel Duffel,Apparel,135.0,289.99,6.68,10.0,0.95,39.4,106.2,153.0,85.0,68.0,9180.0,5319.0,12.7,Medium
SCEN_01,Baseline Current State,FC-Central,SKU-HOME-004,Digital Instant-Read Meat Thermometer,Home & Kitchen,7.2,18.99,17.05,8.0,0.95,52.9,189.3,308.6,48.0,261.0,1879.2,380.88,2.8,Critical
SCEN_01,Baseline Current State,FC-East,SKU-HLTH-004,Sonic Electric Toothbrush Replacement Heads (4-Pack),Health & Care,10.5,29.99,45.49,7.0,0.95,103.3,421.7,740.2,304.0,436.0,4578.0,1084.65,6.7,High
SCEN_01,Baseline Current State,FC-Central,SKU-HLTH-006,Natural Sulfate-Free Restorative Hair Mask 250ml,Health & Care,9.2,24.99,26.95,7.0,0.95,67.5,256.1,444.8,64.0,381.0,3505.2,621.0,2.4,Critical
SCEN_01,Baseline Current State,FC-Central,SKU-GROC-004,Organic Ceremonial Grade Matcha Green Tea 100g,Grocery & Pantry,12.2,29.99,31.61,5.0,0.95,56.4,214.5,435.7,138.0,298.0,3635.6,688.08,4.4,High
SCEN_01,Baseline Current State,FC-West,SKU-ELEC-007,Micro-USB Legacy Charging Cable 2m,Electronics,3.1,8.99,12.04,9.0,0.95,43.0,151.4,235.6,19.0,217.0,672.7,133.3,1.6,Critical
SCEN_01,Baseline Current State,FC-East,SKU-APPR-004,Seamless Moisture-Wicking Merino Wool Running Socks,Apparel,6.1,16.99,79.56,10.0,0.95,288.1,1083.7,1640.6,392.0,1249.0,7618.9,1757.41,4.9,High
SCEN_01,Baseline Current State,FC-West,SKU-GROC-002,Raw California Organic Almonds Unsalted 3 lb,Grocery & Pantry,8.0,18.49,56.42,5.0,0.95,89.8,371.9,766.8,212.0,555.0,4440.0,718.4,3.8,High
SCEN_01,Baseline Current State,FC-West,SKU-APPR-004,Seamless Moisture-Wicking Merino Wool Running Socks,Apparel,6.1,16.99,69.61,10.0,0.95,245.4,941.5,1428.8,322.0,1107.0,6752.7,1496.94,4.6,High
SCEN_01,Baseline Current State,FC-West,SKU-HOME-003,Airtight Glass Food Storage Containers (Set of 8),Home & Kitchen,19.5,44.99,31.97,8.0,0.95,81.8,337.6,561.3,134.0,427.0,8326.5,1595.1,4.2,High
SCEN_01,Baseline Current State,FC-West,SKU-GROC-005,Artisanal Holiday Spiced Hot Cocoa Mix 500g,Grocery & Pantry,5.6,14.99,87.91,5.0,0.95,197.0,636.5,1251.9,459.0,793.0,4440.8,1103.2,5.2,High
SCEN_01,Baseline Current State,FC-Central,SKU-HOME-007,Countertop Citrus Juicer Manual Press,Home & Kitchen,9.5,22.99,5.94,8.0,0.95,18.0,65.5,107.1,25.0,82.0,779.0,171.0,4.2,High
SCEN_01,Baseline Current State,FC-East,SKU-ELEC-007,Micro-USB Legacy Charging Cable 2m,Electronics,3.1,8.99,13.31,9.0,0.95,48.0,167.8,261.0,85.0,176.0,545.6,148.8,6.4,High
SCEN_01,Baseline Current State,FC-East,SKU-HLTH-006,Natural Sulfate-Free Restorative Hair Mask 250ml,Health & Care,9.2,24.99,38.72,7.0,0.95,93.9,364.9,636.0,215.0,421.0,3873.2,863.88,5.6,High
SCEN_01,Baseline Current State,FC-West,SKU-HOME-008,Non-Stick 10-Piece Baking Sheet Set,Home & Kitchen,21.0,49.99,68.99,8.0,0.95,207.1,759.0,1241.9,928.0,0.0,0.0,4349.1,13.5,Medium
SCEN_01,Baseline Current State,FC-West,SKU-APPR-009,Custom Embroidered Alpine Ski Racing Bib,Apparel,48.0,120.0,2.49,10.0,0.95,23.3,48.2,65.6,39.0,27.0,1296.0,1118.4,15.7,Medium
SCEN_01,Baseline Current State,FC-West,SKU-ELEC-009,Specialty Motherboard Replacement Capacitor Pack,Electronics,15.0,45.0,3.01,9.0,0.95,28.8,55.9,77.0,41.0,36.0,540.0,432.0,13.6,Medium
SCEN_01,Baseline Current State,FC-Central,SKU-HLTH-009,Medical Grade Continuous Glucose Sensor Transmitter,Health & Care,82.0,185.0,2.0,7.0,0.95,15.7,29.7,43.7,25.0,19.0,1558.0,1287.4,12.5,Medium
SCEN_01,Baseline Current State,FC-East,SKU-HLTH-003,Grass-Fed Hydrolyzed Collagen Peptides Powder 1 lb,Health & Care,15.5,36.99,58.64,7.0,0.95,135.9,546.4,956.9,793.0,0.0,0.0,2106.45,13.5,Medium
SCEN_01,Baseline Current State,FC-East,SKU-APPR-001,Men's Classic Cotton Crewneck T-Shirt 3-Pack,Apparel,10.5,23.79,65.02,10.0,0.95,226.6,876.8,1331.9,877.0,0.0,0.0,2379.3,13.5,Medium
SCEN_01,Baseline Current State,FC-Central,SKU-ELEC-001,Pro Wireless Noise-Canceling Earbuds,Electronics,58.5,129.99,28.05,9.0,0.95,91.5,344.0,540.3,347.0,0.0,0.0,5352.75,12.4,Medium
SCEN_01,Baseline Current State,FC-West,SKU-HOME-002,Stainless Steel Thermal Travel Mug 16oz,Home & Kitchen,9.8,24.99,80.16,8.0,0.95,219.0,860.3,1421.4,1175.0,0.0,0.0,2146.2,14.7,Low
SCEN_01,Baseline Current State,FC-West,SKU-HOME-006,HEPA Air Purifier Compact Room Model,Home & Kitchen,42.0,89.99,51.58,8.0,0.95,136.8,549.4,910.5,1126.0,0.0,0.0,5745.6,21.8,Low
SCEN_01,Baseline Current State,FC-West,SKU-ELEC-010,Enterprise High-Resolution Studio Microphone,Electronics,115.0,249.99,7.79,9.0,0.95,31.7,101.8,156.3,111.0,0.0,0.0,3645.5,14.2,Low
SCEN_01,Baseline Current State,FC-West,SKU-ELEC-005,Mechanical Gaming Keyboard RGB,Electronics,52.0,109.99,58.23,9.0,0.95,207.6,731.7,1139.3,1132.0,0.0,0.0,10795.2,19.4,Low
SCEN_01,Baseline Current State,FC-West,SKU-APPR-008,Fleece-Lined Thermal Baselayer Leggings,Apparel,13.8,34.99,75.65,10.0,0.95,314.0,1070.5,1600.1,1351.0,0.0,0.0,4333.2,17.9,Low
SCEN_01,Baseline Current State,FC-East,SKU-HOME-006,HEPA Air Purifier Compact Room Model,Home & Kitchen,42.0,89.99,46.58,8.0,0.95,133.8,506.4,832.5,2959.0,0.0,0.0,5619.6,63.5,Low
SCEN_01,Baseline Current State,FC-West,SKU-ELEC-006,Portable Bluetooth Rugged Speaker,Electronics,26.5,59.99,21.08,9.0,0.95,76.3,266.0,413.6,381.0,0.0,0.0,2021.95,18.1,Low
SCEN_01,Baseline Current State,FC-West,SKU-APPR-005,Water-Resistant Commuter Backpack with Laptop Sleeve,Apparel,28.5,59.49,32.76,10.0,0.95,133.3,460.9,690.2,586.0,0.0,0.0,3799.05,17.9,Low
SCEN_01,Baseline Current State,FC-East,SKU-APPR-005,Water-Resistant Commuter Backpack with Laptop Sleeve,Apparel,28.5,59.49,45.26,10.0,0.95,170.6,623.2,940.0,990.0,0.0,0.0,4862.1,21.9,Low
SCEN_01,Baseline Current State,FC-East,SKU-APPR-006,Lightweight UV Sun Protection Fishing Hoodie,Apparel,16.5,42.99,28.68,10.0,0.95,119.3,406.1,606.9,590.0,0.0,0.0,1968.45,20.6,Low
SCEN_01,Baseline Current State,FC-Central,SKU-ELEC-010,Enterprise High-Resolution Studio Microphone,Electronics,115.0,249.99,6.17,9.0,0.95,28.1,83.6,126.8,133.0,0.0,0.0,3231.5,21.6,Low
SCEN_01,Baseline Current State,FC-Central,SKU-ELEC-005,Mechanical Gaming Keyboard RGB,Electronics,52.0,109.99,37.74,9.0,0.95,138.2,477.9,742.0,565.0,0.0,0.0,7186.4,15.0,Low
SCEN_01,Baseline Current State,FC-Central,SKU-APPR-010,Full-Grain Italian Leather Travel Duffel,Apparel,135.0,289.99,4.81,10.0,0.95,26.6,74.7,108.4,83.0,0.0,0.0,3591.0,17.3,Low
SCEN_01,Baseline Current State,FC-Central,SKU-ELEC-006,Portable Bluetooth Rugged Speaker,Electronics,26.5,59.99,18.6,9.0,0.95,61.6,229.0,359.2,363.0,0.0,0.0,1632.4,19.5,Low
SCEN_01,Baseline Current State,FC-Central,SKU-ELEC-008,4K Ultra-HD Streaming Media Player,Electronics,22.0,42.49,58.19,9.0,0.95,213.8,737.5,1144.8,3560.0,0.0,0.0,4703.6,61.2,Low
SCEN_01,Baseline Current State,FC-West,SKU-GROC-006,Electrolyte Enhanced Sparkling Mineral Water (24-Pack),Grocery & Pantry,11.8,26.99,46.73,5.0,0.95,84.8,318.4,645.6,835.0,0.0,0.0,1000.64,17.9,Low
SCEN_01,Baseline Current State,FC-East,SKU-GROC-006,Electrolyte Enhanced Sparkling Mineral Water (24-Pack),Grocery & Pantry,11.8,26.99,40.09,5.0,0.95,91.7,292.2,572.8,883.0,0.0,0.0,1082.06,22.0,Low
SCEN_01,Baseline Current State,FC-East,SKU-ELEC-005,Mechanical Gaming Keyboard RGB,Electronics,52.0,109.99,59.82,9.0,0.95,226.6,765.0,1183.7,1316.0,0.0,0.0,11783.2,22.0,Low
SCEN_01,Baseline Current State,FC-West,SKU-APPR-002,Down-Alternative Insulated Winter Puffer Jacket,Apparel,62.0,149.99,57.32,10.0,0.95,258.7,831.9,1233.1,989.0,0.0,0.0,16039.4,17.3,Low
SCEN_01,Baseline Current State,FC-East,SKU-HOME-008,Non-Stick 10-Piece Baking Sheet Set,Home & Kitchen,21.0,49.99,78.97,8.0,0.95,243.1,874.9,1427.6,1769.0,0.0,0.0,5105.1,22.4,Low
SCEN_01,Baseline Current State,FC-East,SKU-HOME-002,Stainless Steel Thermal Travel Mug 16oz,Home & Kitchen,9.8,24.99,114.36,8.0,0.95,300.2,1215.1,2015.6,2582.0,0.0,0.0,2941.96,22.6,Low
SCEN_01,Baseline Current State,FC-Central,SKU-HOME-006,HEPA Air Purifier Compact Room Model,Home & Kitchen,42.0,89.99,35.99,8.0,0.95,100.2,388.1,640.1,580.0,0.0,0.0,4208.4,16.1,Low
SCEN_01,Baseline Current State,FC-East,SKU-APPR-003,Breathable Quick-Dry Athletic Shorts,Apparel,11.2,29.99,49.75,10.0,0.95,198.8,696.3,1044.5,2591.0,0.0,0.0,2226.56,52.1,Low
SCEN_01,Baseline Current State,FC-Central,SKU-HOME-008,Non-Stick 10-Piece Baking Sheet Set,Home & Kitchen,21.0,49.99,43.12,8.0,0.95,134.3,479.3,781.1,852.0,0.0,0.0,2820.3,19.8,Low
SCEN_01,Baseline Current State,FC-East,SKU-ELEC-008,4K Ultra-HD Streaming Media Player,Electronics,22.0,42.49,91.89,9.0,0.95,330.0,1157.0,1800.2,1453.0,0.0,0.0,7260.0,15.8,Low
SCEN_01,Baseline Current State,FC-East,SKU-ELEC-010,Enterprise High-Resolution Studio Microphone,Electronics,115.0,249.99,9.0,9.0,0.95,38.6,119.6,182.6,163.0,0.0,0.0,4439.0,18.1,Low
SCEN_01,Baseline Current State,FC-East,SKU-ELEC-006,Portable Bluetooth Rugged Speaker,Electronics,26.5,59.99,24.42,9.0,0.95,81.7,301.5,472.4,429.0,0.0,0.0,2165.05,17.6,Low
SCEN_01,Baseline Current State,FC-Central,SKU-ELEC-002,Ultra-Fast USB-C GaN Charger 65W,Electronics,14.2,34.99,34.7,9.0,0.95,111.4,423.7,666.6,2235.0,0.0,0.0,1581.88,64.4,Low
SCEN_01,Baseline Current State,FC-Central,SKU-APPR-001,Men's Classic Cotton Crewneck T-Shirt 3-Pack,Apparel,10.5,23.79,45.92,10.0,0.95,162.6,621.8,943.2,1151.0,0.0,0.0,1707.3,25.1,Low
SCEN_01,Baseline Current State,FC-West,SKU-ELEC-003,Smart Home Environmental Sensor Hub,Electronics,36.0,79.99,23.15,9.0,0.95,76.5,284.9,446.9,447.0,0.0,0.0,2754.0,19.3,Low
SCEN_01,Baseline Current State,FC-West,SKU-ELEC-001,Pro Wireless Noise-Canceling Earbuds,Electronics,58.5,129.99,37.4,9.0,0.95,123.3,459.9,721.7,590.0,0.0,0.0,7213.05,15.8,Low
SCEN_01,Baseline Current State,FC-Central,SKU-ELEC-003,Smart Home Environmental Sensor Hub,Electronics,36.0,79.99,18.86,9.0,0.95,63.6,233.3,365.4,267.0,0.0,0.0,2289.6,14.2,Low
SCEN_01,Baseline Current State,FC-East,SKU-ELEC-002,Ultra-Fast USB-C GaN Charger 65W,Electronics,14.2,34.99,51.42,9.0,0.95,164.6,627.4,987.3,994.0,0.0,0.0,2337.32,19.3,Low
SCEN_01,Baseline Current State,FC-East,SKU-ELEC-001,Pro Wireless Noise-Canceling Earbuds,Electronics,58.5,129.99,42.46,9.0,0.95,136.5,518.6,815.9,790.0,0.0,0.0,7985.25,18.6,Low
SCEN_01,Baseline Current State,FC-Central,SKU-HLTH-001,Daily Multivitamin Formula with Zinc & D3 (90 Count),Health & Care,8.9,22.99,49.89,7.0,0.95,110.8,460.0,809.3,1095.0,0.0,0.0,986.12,21.9,Low
SCEN_01,Baseline Current State,FC-East,SKU-HLTH-001,Daily Multivitamin Formula with Zinc & D3 (90 Count),Health & Care,8.9,22.99,76.2,7.0,0.95,164.7,698.1,1231.5,1442.0,0.0,0.0,1465.83,18.9,Low
SCEN_01,Baseline Current State,FC-West,SKU-GROC-001,Organic Whole Bean Espresso Roast 2 lb,Grocery & Pantry,9.2,21.99,78.19,5.0,0.95,125.4,516.4,1063.7,1608.0,0.0,0.0,1153.68,20.6,Low
SCEN_01,Baseline Current State,FC-East,SKU-HLTH-008,Aromatherapy Ultrasonic Essential Oil Diffuser,Health & Care,16.0,39.99,54.45,7.0,0.95,164.2,545.4,926.5,2886.0,0.0,0.0,2627.2,53.0,Low
SCEN_01,Baseline Current State,FC-West,SKU-HLTH-008,Aromatherapy Ultrasonic Essential Oil Diffuser,Health & Care,16.0,39.99,50.49,7.0,0.95,140.2,493.6,847.1,1286.0,0.0,0.0,2243.2,25.5,Low
SCEN_01,Baseline Current State,FC-Central,SKU-HLTH-002,Mineral Broad-Spectrum Sunscreen Lotion SPF 50 6oz,Health & Care,6.8,17.99,24.68,7.0,0.95,93.4,266.2,438.9,1383.0,0.0,0.0,635.12,56.0,Low
SCEN_01,Baseline Current State,FC-East,SKU-HLTH-002,Mineral Broad-Spectrum Sunscreen Lotion SPF 50 6oz,Health & Care,6.8,17.99,49.48,7.0,0.95,153.0,499.4,845.7,790.0,0.0,0.0,1040.4,16.0,Low
SCEN_01,Baseline Current State,FC-Central,SKU-HLTH-008,Aromatherapy Ultrasonic Essential Oil Diffuser,Health & Care,16.0,39.99,47.13,7.0,0.95,122.9,452.8,782.7,881.0,0.0,0.0,1966.4,18.7,Low
SCEN_01,Baseline Current State,FC-Central,SKU-GROC-010,Imported White Truffle Infused Olive Oil Reserve 250ml,Grocery & Pantry,29.0,64.99,6.08,5.0,0.95,18.4,48.8,91.4,74.0,0.0,0.0,533.6,12.2,Medium
SCEN_01,Baseline Current State,FC-Central,SKU-HOME-010,Automatic Touchless Stainless Trash Can 13 Gal,Home & Kitchen,33.0,74.99,10.73,8.0,0.95,39.7,125.5,200.7,187.0,0.0,0.0,1310.1,17.4,Low
SCEN_01,Baseline Current State,FC-East,SKU-HOME-010,Automatic Touchless Stainless Trash Can 13 Gal,Home & Kitchen,33.0,74.99,15.69,8.0,0.95,56.1,181.6,291.4,220.0,0.0,0.0,1851.3,14.0,Low
SCEN_01,Baseline Current State,FC-Central,SKU-GROC-002,Raw California Organic Almonds Unsalted 3 lb,Grocery & Pantry,8.0,18.49,45.42,5.0,0.95,69.3,296.4,614.3,790.0,0.0,0.0,554.4,17.4,Low
SCEN_01,Baseline Current State,FC-Central,SKU-APPR-004,Seamless Moisture-Wicking Merino Wool Running Socks,Apparel,6.1,16.99,55.35,10.0,0.95,198.1,751.6,1139.0,835.0,0.0,0.0,1208.41,15.1,Low
SCEN_01,Baseline Current State,FC-Central,SKU-ELEC-004,Braided HDMI 2.1 Ultra High Speed Cable,Electronics,7.5,19.99,41.97,9.0,0.95,136.1,513.8,807.6,667.0,0.0,0.0,1020.75,15.9,Low
SCEN_01,Baseline Current State,FC-West,SKU-HLTH-004,Sonic Electric Toothbrush Replacement Heads (4-Pack),Health & Care,10.5,29.99,40.56,7.0,0.95,90.9,374.8,658.7,2454.0,0.0,0.0,954.45,60.5,Low
SCEN_01,Baseline Current State,FC-West,SKU-ELEC-004,Braided HDMI 2.1 Ultra High Speed Cable,Electronics,7.5,19.99,53.35,9.0,0.95,171.6,651.8,1025.2,3230.0,0.0,0.0,1287.0,60.5,Low
SCEN_01,Baseline Current State,FC-East,SKU-HOME-003,Airtight Glass Food Storage Containers (Set of 8),Home & Kitchen,19.5,44.99,36.31,8.0,0.95,97.1,387.6,641.8,879.0,0.0,0.0,1893.45,24.2,Low
SCEN_01,Baseline Current State,FC-West,SKU-GROC-003,Extra Virgin Cold-Pressed Olive Oil 1 Liter,Grocery & Pantry,8.5,19.99,61.24,5.0,0.95,96.7,402.9,831.6,1444.0,0.0,0.0,821.95,23.6,Low
SCEN_01,Baseline Current State,FC-Central,SKU-HOME-005,Organic Bamboo Cutting Board 3-Piece Set,Home & Kitchen,12.0,29.99,24.65,8.0,0.95,66.0,263.2,435.8,502.0,0.0,0.0,792.0,20.4,Low
SCEN_01,Baseline Current State,FC-Central,SKU-HOME-003,Airtight Glass Food Storage Containers (Set of 8),Home & Kitchen,19.5,44.99,24.29,8.0,0.95,63.8,258.1,428.1,543.0,0.0,0.0,1244.1,22.4,Low
SCEN_01,Baseline Current State,FC-Central,SKU-HLTH-004,Sonic Electric Toothbrush Replacement Heads (4-Pack),Health & Care,10.5,29.99,31.44,7.0,0.95,71.9,292.0,512.1,683.0,0.0,0.0,754.95,21.7,Low
SCEN_01,Baseline Current State,FC-Central,SKU-GROC-003,Extra Virgin Cold-Pressed Olive Oil 1 Liter,Grocery & Pantry,8.5,19.99,47.34,5.0,0.95,75.4,312.1,643.5,761.0,0.0,0.0,640.9,16.1,Low
SCEN_01,Baseline Current State,FC-Central,SKU-HOME-001,Cast Iron Pre-Seasoned Skillet 12-Inch,Home & Kitchen,16.8,39.99,22.7,8.0,0.95,59.2,240.8,399.7,555.0,0.0,0.0,994.56,24.4,Low
SCEN_01,Baseline Current State,FC-East,SKU-HOME-005,Organic Bamboo Cutting Board 3-Piece Set,Home & Kitchen,12.0,29.99,36.19,8.0,0.95,92.0,381.5,634.8,860.0,0.0,0.0,1104.0,23.8,Low
SCEN_01,Baseline Current State,FC-East,SKU-HOME-001,Cast Iron Pre-Seasoned Skillet 12-Inch,Home & Kitchen,16.8,39.99,33.68,8.0,0.95,87.9,357.3,593.1,583.0,0.0,0.0,1476.72,17.3,Low
SCEN_01,Baseline Current State,FC-East,SKU-ELEC-004,Braided HDMI 2.1 Ultra High Speed Cable,Electronics,7.5,19.99,60.91,9.0,0.95,195.9,744.1,1170.5,3832.0,0.0,0.0,1469.25,62.9,Low
SCEN_01,Baseline Current State,FC-West,SKU-HOME-005,Organic Bamboo Cutting Board 3-Piece Set,Home & Kitchen,12.0,29.99,32.08,8.0,0.95,81.5,338.1,562.7,540.0,0.0,0.0,978.0,16.8,Low
SCEN_01,Baseline Current State,FC-West,SKU-HOME-001,Cast Iron Pre-Seasoned Skillet 12-Inch,Home & Kitchen,16.8,39.99,30.36,8.0,0.95,81.3,324.2,536.7,556.0,0.0,0.0,1365.84,18.3,Low
SCEN_01,Baseline Current State,FC-East,SKU-GROC-004,Organic Ceremonial Grade Matcha Green Tea 100g,Grocery & Pantry,12.2,29.99,45.43,5.0,0.95,84.0,311.1,629.2,861.0,0.0,0.0,1024.8,19.0,Low
SCEN_01,Baseline Current State,FC-Central,SKU-ELEC-009,Specialty Motherboard Replacement Capacitor Pack,Electronics,15.0,45.0,2.65,9.0,0.95,23.7,47.5,66.1,168.0,0.0,0.0,355.5,63.4,Low
SCEN_01,Baseline Current State,FC-East,SKU-ELEC-009,Specialty Motherboard Replacement Capacitor Pack,Electronics,15.0,45.0,3.19,9.0,0.95,29.6,58.3,80.6,80.0,0.0,0.0,444.0,25.1,Low
SCEN_01,Baseline Current State,FC-Central,SKU-HOME-009,Commercial Heavy Duty Stand Mixer Motor Assembly,Home & Kitchen,68.0,159.0,1.75,8.0,0.95,18.0,32.0,44.2,46.0,0.0,0.0,1224.0,26.3,Low
SCEN_01,Baseline Current State,FC-Central,SKU-APPR-009,Custom Embroidered Alpine Ski Racing Bib,Apparel,48.0,120.0,1.53,10.0,0.95,14.7,30.0,40.7,32.0,0.0,0.0,705.6,20.9,Low
SCEN_01,Baseline Current State,FC-East,SKU-HLTH-009,Medical Grade Continuous Glucose Sensor Transmitter,Health & Care,82.0,185.0,2.5,7.0,0.95,18.6,36.1,53.6,55.0,0.0,0.0,1525.2,22.0,Low
SCEN_01,Baseline Current State,FC-East,SKU-HOME-009,Commercial Heavy Duty Stand Mixer Motor Assembly,Home & Kitchen,68.0,159.0,2.03,8.0,0.95,19.7,35.9,50.1,109.0,0.0,0.0,1339.6,53.7,Low
SCEN_01,Baseline Current State,FC-East,SKU-GROC-009,Bulk Food Grade Citric Acid Crystals 50 lb Sack,Grocery & Pantry,38.0,75.65,3.41,5.0,0.95,22.2,39.2,63.1,186.0,0.0,0.0,843.6,54.5,Low
SCEN_01,Baseline Current State,FC-West,SKU-HLTH-009,Medical Grade Continuous Glucose Sensor Transmitter,Health & Care,82.0,185.0,2.65,7.0,0.95,19.1,37.7,56.2,60.0,0.0,0.0,1566.2,22.6,Low
SCEN_01,Baseline Current State,FC-West,SKU-HOME-009,Commercial Heavy Duty Stand Mixer Motor Assembly,Home & Kitchen,68.0,159.0,2.24,8.0,0.95,19.1,37.0,52.7,50.0,0.0,0.0,1298.8,22.3,Low
SCEN_01,Baseline Current State,FC-Central,SKU-GROC-009,Bulk Food Grade Citric Acid Crystals 50 lb Sack,Grocery & Pantry,38.0,75.65,2.22,5.0,0.95,14.7,25.8,41.3,130.0,0.0,0.0,558.6,58.6,Low
SCEN_01,Baseline Current State,FC-Central,SKU-APPR-007,Vintage Low-Rise Bootcut Denim Jeans,Apparel,23.0,54.99,6.86,10.0,0.95,27.6,96.2,144.2,114.0,0.0,0.0,634.8,16.6,Low
SCEN_01,Baseline Current State,FC-West,SKU-HOME-004,Digital Instant-Read Meat Thermometer,Home & Kitchen,7.2,18.99,21.74,8.0,0.95,60.4,234.3,386.5,1255.0,0.0,0.0,434.88,57.7,Low
SCEN_01,Baseline Current State,FC-Central,SKU-HLTH-005,Elderberry Immune Support Syrup with Vitamin C 8oz,Health & Care,7.4,19.99,66.66,7.0,0.95,171.7,638.3,1104.9,1017.0,0.0,0.0,1270.58,15.3,Low
SCEN_01,Baseline Current State,FC-Central,SKU-GROC-005,Artisanal Holiday Spiced Hot Cocoa Mix 500g,Grocery & Pantry,5.6,14.99,87.82,5.0,0.95,213.1,652.2,1266.9,5368.0,0.0,0.0,1193.36,61.1,Low
SCEN_01,Baseline Current State,FC-East,SKU-APPR-007,Vintage Low-Rise Bootcut Denim Jeans,Apparel,23.0,54.99,10.59,10.0,0.95,45.0,150.9,225.0,214.0,0.0,0.0,1035.0,20.2,Low
SCEN_01,Baseline Current State,FC-East,SKU-GROC-008,Gourmet Dark Chocolate Sea Salt Truffles Gift Box,Grocery & Pantry,9.9,24.99,74.26,5.0,0.95,182.4,553.7,1073.5,1070.0,0.0,0.0,1805.76,14.4,Low
SCEN_01,Baseline Current State,FC-East,SKU-GROC-010,Imported White Truffle Infused Olive Oil Reserve 250ml,Grocery & Pantry,29.0,64.99,8.11,5.0,0.95,23.5,64.0,120.8,476.0,0.0,0.0,681.5,58.7,Low
SCEN_01,Baseline Current State,FC-East,SKU-GROC-005,Artisanal Holiday Spiced Hot Cocoa Mix 500g,Grocery & Pantry,5.6,14.99,99.81,5.0,0.95,226.2,725.2,1423.9,1444.0,0.0,0.0,1266.72,14.5,Low
SCEN_01,Baseline Current State,FC-West,SKU-HLTH-005,Elderberry Immune Support Syrup with Vitamin C 8oz,Health & Care,7.4,19.99,89.52,7.0,0.95,225.6,852.2,1478.9,1277.0,0.0,0.0,1669.44,14.3,Low
SCEN_01,Baseline Current State,FC-West,SKU-APPR-007,Vintage Low-Rise Bootcut Denim Jeans,Apparel,23.0,54.99,9.1,10.0,0.95,38.9,129.9,193.6,214.0,0.0,0.0,894.7,23.5,Low
SCEN_01,Baseline Current State,FC-East,SKU-HLTH-005,Elderberry Immune Support Syrup with Vitamin C 8oz,Health & Care,7.4,19.99,69.06,7.0,0.95,199.2,682.6,1166.0,3749.0,0.0,0.0,1474.08,54.3,Low
SCEN_01,Baseline Current State,FC-East,SKU-HOME-004,Digital Instant-Read Meat Thermometer,Home & Kitchen,7.2,18.99,28.49,8.0,0.95,82.8,310.7,510.1,576.0,0.0,0.0,596.16,20.2,Low
SCEN_01,Baseline Current State,FC-West,SKU-GROC-008,Gourmet Dark Chocolate Sea Salt Truffles Gift Box,Grocery & Pantry,9.9,24.99,87.2,5.0,0.95,246.5,682.5,1292.9,2273.0,0.0,0.0,2440.35,26.1,Low
SCEN_01,Baseline Current State,FC-Central,SKU-ELEC-007,Micro-USB Legacy Charging Cable 2m,Electronics,3.1,8.99,9.43,9.0,0.95,33.0,117.9,183.9,165.0,0.0,0.0,102.3,17.5,Low
SCEN_01,Baseline Current State,FC-Central,SKU-HLTH-007,Alcohol Hand Sanitizer Gel Discontinued Formula 500ml,Health & Care,2.5,6.99,8.33,7.0,0.95,24.4,82.7,141.0,172.0,0.0,0.0,61.0,20.6,Low
SCEN_01,Baseline Current State,FC-East,SKU-GROC-007,Artificially Flavored Breakfast Cereal Marshmallow 18oz,Grocery & Pantry,2.2,5.49,18.38,5.0,0.95,32.4,124.3,253.0,318.0,0.0,0.0,71.28,17.3,Low
SCEN_01,Baseline Current State,FC-Central,SKU-GROC-007,Artificially Flavored Breakfast Cereal Marshmallow 18oz,Grocery & Pantry,2.2,5.49,12.05,5.0,0.95,24.1,84.3,168.7,272.0,0.0,0.0,53.02,22.6,Low
SCEN_01,Baseline Current State,FC-East,SKU-HLTH-007,Alcohol Hand Sanitizer Gel Discontinued Formula 500ml,Health & Care,2.5,6.99,11.32,7.0,0.95,32.3,111.5,190.8,729.0,0.0,0.0,80.75,64.4,Low
SCEN_01,Baseline Current State,FC-East,SKU-HOME-007,Countertop Citrus Juicer Manual Press,Home & Kitchen,9.5,22.99,8.61,8.0,0.95,24.2,93.1,153.3,172.0,0.0,0.0,229.9,20.0,Low
SCEN_01,Baseline Current State,FC-West,SKU-GROC-007,Artificially Flavored Breakfast Cereal Marshmallow 18oz,Grocery & Pantry,2.2,5.49,16.24,5.0,0.95,30.8,112.0,225.7,345.0,0.0,0.0,67.76,21.2,Low
SCEN_01,Baseline Current State,FC-West,SKU-HLTH-007,Alcohol Hand Sanitizer Gel Discontinued Formula 500ml,Health & Care,2.5,6.99,10.28,7.0,0.95,28.5,100.5,172.4,189.0,0.0,0.0,71.25,18.4,Low
SCEN_01,Baseline Current State,FC-West,SKU-HLTH-006,Natural Sulfate-Free Restorative Hair Mask 250ml,Health & Care,9.2,24.99,34.97,7.0,0.95,82.1,326.9,571.7,861.0,0.0,0.0,755.32,24.6,Low
SCEN_01,Baseline Current State,FC-West,SKU-HOME-007,Countertop Citrus Juicer Manual Press,Home & Kitchen,9.5,22.99,7.6,8.0,0.95,24.4,85.2,138.4,151.0,0.0,0.0,231.8,19.9,Low
SCEN_02,Demand Surge (+15%),FC-Central,SKU-APPR-008,Fleece-Lined Thermal Baselayer Leggings,Apparel,13.8,34.99,86.48,10.0,0.95,331.8,1196.6,1802.0,218.0,1584.0,21859.2,4578.84,2.5,Critical
SCEN_02,Demand Surge (+15%),FC-Central,SKU-GROC-006,Electrolyte Enhanced Sparkling Mineral Water (24-Pack),Grocery & Pantry,11.8,26.99,43.26,5.0,0.95,72.6,288.9,591.8,99.0,493.0,5817.4,856.68,2.3,Critical
SCEN_02,Demand Surge (+15%),FC-East,SKU-ELEC-003,Smart Home Environmental Sensor Hub,Electronics,36.0,79.99,30.04,9.0,0.95,99.0,369.3,579.6,68.0,512.0,18432.0,3564.0,2.3,Critical
SCEN_02,Demand Surge (+15%),FC-Central,SKU-GROC-001,Organic Whole Bean Espresso Roast 2 lb,Grocery & Pantry,9.2,21.99,69.33,5.0,0.95,103.0,449.7,935.0,110.0,825.0,7590.0,947.6,1.6,Critical
SCEN_02,Demand Surge (+15%),FC-Central,SKU-APPR-006,Lightweight UV Sun Protection Fishing Hoodie,Apparel,16.5,42.99,23.67,10.0,0.95,90.6,327.3,492.9,68.0,425.0,7012.5,1494.9,2.9,Critical
SCEN_02,Demand Surge (+15%),FC-Central,SKU-APPR-003,Breathable Quick-Dry Athletic Shorts,Apparel,11.2,29.99,39.27,10.0,0.95,146.3,539.0,813.9,193.0,621.0,6955.2,1638.56,4.9,High
SCEN_02,Demand Surge (+15%),FC-East,SKU-HLTH-010,Clinical LED Infrared Facial Rejuvenation Mask,Health & Care,98.0,229.99,9.11,7.0,0.95,29.6,93.4,157.1,41.0,116.0,11368.0,2900.8,4.5,High
SCEN_02,Demand Surge (+15%),FC-West,SKU-APPR-010,Full-Grain Italian Leather Travel Duffel,Apparel,135.0,289.99,7.57,10.0,0.95,39.0,114.7,167.6,43.0,125.0,16875.0,5265.0,5.7,High
SCEN_02,Demand Surge (+15%),FC-West,SKU-APPR-006,Lightweight UV Sun Protection Fishing Hoodie,Apparel,16.5,42.99,37.66,10.0,0.95,141.0,517.6,781.3,137.0,644.0,10626.0,2326.5,3.6,High
SCEN_02,Demand Surge (+15%),FC-East,SKU-APPR-008,Fleece-Lined Thermal Baselayer Leggings,Apparel,13.8,34.99,103.44,10.0,0.95,410.0,1444.4,2168.5,448.0,1720.0,23736.0,5658.0,4.3,High
SCEN_02,Demand Surge (+15%),FC-Central,SKU-HLTH-010,Clinical LED Infrared Facial Rejuvenation Mask,Health & Care,98.0,229.99,6.37,7.0,0.95,23.5,68.1,112.7,35.0,78.0,7644.0,2303.0,5.5,High
SCEN_02,Demand Surge (+15%),FC-West,SKU-HLTH-010,Clinical LED Infrared Facial Rejuvenation Mask,Health & Care,98.0,229.99,9.22,7.0,0.95,35.2,99.8,164.3,45.0,119.0,11662.0,3449.6,4.9,High
SCEN_02,Demand Surge (+15%),FC-West,SKU-ELEC-008,4K Ultra-HD Streaming Media Player,Electronics,22.0,42.49,91.38,9.0,0.95,325.5,1147.9,1787.6,463.0,1325.0,29150.0,7161.0,5.1,High
SCEN_02,Demand Surge (+15%),FC-West,SKU-APPR-003,Breathable Quick-Dry Athletic Shorts,Apparel,11.2,29.99,56.11,10.0,0.95,203.8,764.9,1157.6,244.0,914.0,10236.8,2282.56,4.3,High
SCEN_02,Demand Surge (+15%),FC-Central,SKU-HOME-002,Stainless Steel Thermal Travel Mug 16oz,Home & Kitchen,9.8,24.99,80.61,8.0,0.95,206.6,851.5,1415.8,396.0,1020.0,9996.0,2024.68,4.9,High
SCEN_02,Demand Surge (+15%),FC-Central,SKU-HLTH-003,Grass-Fed Hydrolyzed Collagen Peptides Powder 1 lb,Health & Care,15.5,36.99,44.85,7.0,0.95,98.8,412.7,726.7,209.0,518.0,8029.0,1531.4,4.7,High
SCEN_02,Demand Surge (+15%),FC-East,SKU-GROC-002,Raw California Organic Almonds Unsalted 3 lb,Grocery & Pantry,8.0,18.49,75.39,5.0,0.95,114.8,491.8,1019.5,179.0,840.0,6720.0,918.4,2.4,Critical
SCEN_02,Demand Surge (+15%),FC-East,SKU-GROC-003,Extra Virgin Cold-Pressed Olive Oil 1 Liter,Grocery & Pantry,8.5,19.99,79.92,5.0,0.95,125.0,524.6,1084.1,190.0,894.0,7599.0,1062.5,2.4,Critical
SCEN_02,Demand Surge (+15%),FC-West,SKU-ELEC-002,Ultra-Fast USB-C GaN Charger 65W,Electronics,14.2,34.99,51.63,9.0,0.95,163.0,627.7,989.2,139.0,850.0,12070.0,2314.6,2.7,Critical
SCEN_02,Demand Surge (+15%),FC-East,SKU-GROC-001,Organic Whole Bean Espresso Roast 2 lb,Grocery & Pantry,9.2,21.99,101.87,5.0,0.95,158.1,667.4,1380.5,514.0,866.0,7967.2,1454.52,5.0,High
SCEN_02,Demand Surge (+15%),FC-West,SKU-GROC-004,Organic Ceremonial Grade Matcha Green Tea 100g,Grocery & Pantry,12.2,29.99,47.63,5.0,0.95,84.1,322.3,655.7,106.0,550.0,6710.0,1026.02,2.2,Critical
SCEN_02,Demand Surge (+15%),FC-West,SKU-APPR-001,Men's Classic Cotton Crewneck T-Shirt 3-Pack,Apparel,10.5,23.79,68.78,10.0,0.95,247.5,935.3,1416.8,236.0,1181.0,12400.5,2598.75,3.4,High
SCEN_02,Demand Surge (+15%),FC-West,SKU-HLTH-001,Daily Multivitamin Formula with Zinc & D3 (90 Count),Health & Care,8.9,22.99,74.61,7.0,0.95,159.0,681.3,1203.6,258.0,946.0,8419.4,1415.1,3.5,High
SCEN_02,Demand Surge (+15%),FC-West,SKU-HLTH-003,Grass-Fed Hydrolyzed Collagen Peptides Powder 1 lb,Health & Care,15.5,36.99,57.47,7.0,0.95,129.2,531.5,933.7,252.0,682.0,10571.0,2002.6,4.4,High
SCEN_02,Demand Surge (+15%),FC-West,SKU-GROC-009,Bulk Food Grade Citric Acid Crystals 50 lb Sack,Grocery & Pantry,38.0,75.65,3.45,5.0,0.95,19.3,36.5,60.7,5.0,56.0,2128.0,733.4,1.4,Critical
SCEN_02,Demand Surge (+15%),FC-East,SKU-APPR-009,Custom Embroidered Alpine Ski Racing Bib,Apparel,48.0,120.0,2.92,10.0,0.95,24.3,53.5,74.0,6.0,68.0,3264.0,1166.4,2.1,Critical
SCEN_02,Demand Surge (+15%),FC-Central,SKU-APPR-002,Down-Alternative Insulated Winter Puffer Jacket,Apparel,62.0,149.99,62.46,10.0,0.95,254.5,879.1,1316.3,687.0,629.0,38998.0,15779.0,11.0,Medium
SCEN_02,Demand Surge (+15%),FC-Central,SKU-APPR-005,Water-Resistant Commuter Backpack with Laptop Sleeve,Apparel,28.5,59.49,26.12,10.0,0.95,97.6,358.8,541.6,306.0,236.0,6726.0,2781.6,11.7,Medium
SCEN_02,Demand Surge (+15%),FC-West,SKU-HOME-010,Automatic Touchless Stainless Trash Can 13 Gal,Home & Kitchen,33.0,74.99,14.18,8.0,0.95,43.9,157.3,256.6,38.0,219.0,7227.0,1448.7,2.7,Critical
SCEN_02,Demand Surge (+15%),FC-West,SKU-HLTH-002,Mineral Broad-Spectrum Sunscreen Lotion SPF 50 6oz,Health & Care,6.8,17.99,53.74,7.0,0.95,129.3,505.5,881.7,225.0,657.0,4467.6,879.24,4.2,High
SCEN_02,Demand Surge (+15%),FC-Central,SKU-GROC-008,Gourmet Dark Chocolate Sea Salt Truffles Gift Box,Grocery & Pantry,9.9,24.99,75.69,5.0,0.95,161.0,539.5,1069.3,175.0,894.0,8850.6,1593.9,2.3,Critical
SCEN_02,Demand Surge (+15%),FC-West,SKU-GROC-010,Imported White Truffle Infused Olive Oil Reserve 250ml,Grocery & Pantry,29.0,64.99,9.41,5.0,0.95,27.4,74.4,140.3,22.0,118.0,3422.0,794.6,2.3,Critical
SCEN_02,Demand Surge (+15%),FC-East,SKU-APPR-002,Down-Alternative Insulated Winter Puffer Jacket,Apparel,62.0,149.99,109.86,10.0,0.95,418.4,1517.0,2286.0,1147.0,1139.0,70618.0,25940.8,10.4,Medium
SCEN_02,Demand Surge (+15%),FC-East,SKU-APPR-010,Full-Grain Italian Leather Travel Duffel,Apparel,135.0,289.99,7.68,10.0,0.95,41.3,118.1,171.9,85.0,87.0,11745.0,5575.5,11.1,Medium
SCEN_02,Demand Surge (+15%),FC-Central,SKU-HOME-004,Digital Instant-Read Meat Thermometer,Home & Kitchen,7.2,18.99,19.61,8.0,0.95,57.4,214.3,351.5,48.0,304.0,2188.8,413.28,2.4,Critical
SCEN_02,Demand Surge (+15%),FC-East,SKU-HLTH-004,Sonic Electric Toothbrush Replacement Heads (4-Pack),Health & Care,10.5,29.99,52.31,7.0,0.95,115.2,481.4,847.6,304.0,544.0,5712.0,1209.6,5.8,High
SCEN_02,Demand Surge (+15%),FC-Central,SKU-HLTH-006,Natural Sulfate-Free Restorative Hair Mask 250ml,Health & Care,9.2,24.99,30.99,7.0,0.95,73.9,290.8,507.8,64.0,444.0,4084.8,679.88,2.1,Critical
SCEN_02,Demand Surge (+15%),FC-Central,SKU-GROC-004,Organic Ceremonial Grade Matcha Green Tea 100g,Grocery & Pantry,12.2,29.99,36.35,5.0,0.95,61.2,243.0,497.4,138.0,359.0,4379.8,746.64,3.8,High
SCEN_02,Demand Surge (+15%),FC-West,SKU-ELEC-007,Micro-USB Legacy Charging Cable 2m,Electronics,3.1,8.99,13.85,9.0,0.95,47.5,172.1,269.0,19.0,250.0,775.0,147.25,1.4,Critical
SCEN_02,Demand Surge (+15%),FC-East,SKU-APPR-004,Seamless Moisture-Wicking Merino Wool Running Socks,Apparel,6.1,16.99,91.49,10.0,0.95,324.2,1239.1,1879.6,392.0,1488.0,9076.8,1977.62,4.3,High
SCEN_02,Demand Surge (+15%),FC-West,SKU-GROC-002,Raw California Organic Almonds Unsalted 3 lb,Grocery & Pantry,8.0,18.49,64.88,5.0,0.95,99.2,423.6,877.8,212.0,666.0,5328.0,793.6,3.3,High
SCEN_02,Demand Surge (+15%),FC-West,SKU-APPR-004,Seamless Moisture-Wicking Merino Wool Running Socks,Apparel,6.1,16.99,80.05,10.0,0.95,277.7,1078.2,1638.6,322.0,1317.0,8033.7,1693.97,4.0,High
SCEN_02,Demand Surge (+15%),FC-West,SKU-HOME-003,Airtight Glass Food Storage Containers (Set of 8),Home & Kitchen,19.5,44.99,36.77,8.0,0.95,91.8,385.9,643.3,134.0,509.0,9925.5,1790.1,3.6,High
SCEN_02,Demand Surge (+15%),FC-West,SKU-GROC-005,Artisanal Holiday Spiced Hot Cocoa Mix 500g,Grocery & Pantry,5.6,14.99,101.1,5.0,0.95,207.7,713.2,1420.9,459.0,962.0,5387.2,1163.12,4.5,High
SCEN_02,Demand Surge (+15%),FC-Central,SKU-HOME-007,Countertop Citrus Juicer Manual Press,Home & Kitchen,9.5,22.99,6.83,8.0,0.95,19.6,74.2,122.1,25.0,97.0,921.5,186.2,3.7,High
SCEN_02,Demand Surge (+15%),FC-East,SKU-ELEC-007,Micro-USB Legacy Charging Cable 2m,Electronics,3.1,8.99,15.31,9.0,0.95,53.0,190.8,297.9,85.0,213.0,660.3,164.3,5.6,High
SCEN_02,Demand Surge (+15%),FC-East,SKU-HLTH-006,Natural Sulfate-Free Restorative Hair Mask 250ml,Health & Care,9.2,24.99,44.53,7.0,0.95,103.4,415.1,726.8,215.0,512.0,4710.4,951.28,4.8,High
SCEN_02,Demand Surge (+15%),FC-West,SKU-HOME-008,Non-Stick 10-Piece Baking Sheet Set,Home & Kitchen,21.0,49.99,79.34,8.0,0.95,225.9,860.6,1416.0,928.0,0.0,0.0,4743.9,11.7,Medium
SCEN_02,Demand Surge (+15%),FC-West,SKU-APPR-009,Custom Embroidered Alpine Ski Racing Bib,Apparel,48.0,120.0,2.86,10.0,0.95,23.7,52.3,72.4,39.0,33.0,1584.0,1137.6,13.6,Medium
SCEN_02,Demand Surge (+15%),FC-West,SKU-ELEC-009,Specialty Motherboard Replacement Capacitor Pack,Electronics,15.0,45.0,3.46,9.0,0.95,29.3,60.5,84.7,41.0,44.0,660.0,439.5,11.8,Medium
SCEN_02,Demand Surge (+15%),FC-Central,SKU-HLTH-009,Medical Grade Continuous Glucose Sensor Transmitter,Health & Care,82.0,185.0,2.3,7.0,0.95,15.9,32.0,48.1,25.0,23.0,1886.0,1303.8,10.9,Medium
SCEN_02,Demand Surge (+15%),FC-East,SKU-HLTH-003,Grass-Fed Hydrolyzed Collagen Peptides Powder 1 lb,Health & Care,15.5,36.99,67.44,7.0,0.95,150.9,623.0,1095.0,793.0,0.0,0.0,2338.95,11.8,Medium
SCEN_02,Demand Surge (+15%),FC-East,SKU-APPR-001,Men's Classic Cotton Crewneck T-Shirt 3-Pack,Apparel,10.5,23.79,74.77,10.0,0.95,257.1,1004.8,1528.2,877.0,651.0,6835.5,2699.55,11.7,Medium
SCEN_02,Demand Surge (+15%),FC-Central,SKU-ELEC-001,Pro Wireless Noise-Canceling Earbuds,Electronics,58.5,129.99,32.26,9.0,0.95,102.9,393.2,619.0,347.0,272.0,15912.0,6019.65,10.8,Medium
SCEN_02,Demand Surge (+15%),FC-West,SKU-HOME-002,Stainless Steel Thermal Travel Mug 16oz,Home & Kitchen,9.8,24.99,92.18,8.0,0.95,242.8,980.3,1625.6,1175.0,0.0,0.0,2379.44,12.7,Medium
SCEN_02,Demand Surge (+15%),FC-West,SKU-HOME-006,HEPA Air Purifier Compact Room Model,Home & Kitchen,42.0,89.99,59.32,8.0,0.95,152.6,627.1,1042.4,1126.0,0.0,0.0,6409.2,19.0,Low
SCEN_02,Demand Surge (+15%),FC-West,SKU-ELEC-010,Enterprise High-Resolution Studio Microphone,Electronics,115.0,249.99,8.96,9.0,0.95,34.3,114.9,177.6,111.0,67.0,7705.0,3944.5,12.4,Medium
SCEN_02,Demand Surge (+15%),FC-West,SKU-ELEC-005,Mechanical Gaming Keyboard RGB,Electronics,52.0,109.99,66.96,9.0,0.95,229.5,832.2,1300.9,1132.0,0.0,0.0,11934.0,16.9,Low
SCEN_02,Demand Surge (+15%),FC-West,SKU-APPR-008,Fleece-Lined Thermal Baselayer Leggings,Apparel,13.8,34.99,87.0,10.0,0.95,344.3,1214.3,1823.3,1351.0,0.0,0.0,4751.34,15.5,Low
SCEN_02,Demand Surge (+15%),FC-East,SKU-HOME-006,HEPA Air Purifier Compact Room Model,Home & Kitchen,42.0,89.99,53.57,8.0,0.95,147.0,575.5,950.5,2959.0,0.0,0.0,6174.0,55.2,Low
SCEN_02,Demand Surge (+15%),FC-West,SKU-ELEC-006,Portable Bluetooth Rugged Speaker,Electronics,26.5,59.99,24.24,9.0,0.95,84.1,302.3,472.0,381.0,0.0,0.0,2228.65,15.7,Low
SCEN_02,Demand Surge (+15%),FC-West,SKU-APPR-005,Water-Resistant Commuter Backpack with Laptop Sleeve,Apparel,28.5,59.49,37.67,10.0,0.95,146.7,523.4,787.2,586.0,0.0,0.0,4180.95,15.6,Low
SCEN_02,Demand Surge (+15%),FC-East,SKU-APPR-005,Water-Resistant Commuter Backpack with Laptop Sleeve,Apparel,28.5,59.49,52.05,10.0,0.95,190.4,710.9,1075.2,990.0,0.0,0.0,5426.4,19.0,Low
SCEN_02,Demand Surge (+15%),FC-East,SKU-APPR-006,Lightweight UV Sun Protection Fishing Hoodie,Apparel,16.5,42.99,32.98,10.0,0.95,130.8,460.6,691.5,590.0,0.0,0.0,2158.2,17.9,Low
SCEN_02,Demand Surge (+15%),FC-Central,SKU-ELEC-010,Enterprise High-Resolution Studio Microphone,Electronics,115.0,249.99,7.1,9.0,0.95,30.0,93.9,143.5,133.0,0.0,0.0,3450.0,18.7,Low
SCEN_02,Demand Surge (+15%),FC-Central,SKU-ELEC-005,Mechanical Gaming Keyboard RGB,Electronics,52.0,109.99,43.4,9.0,0.95,152.1,542.7,846.5,565.0,0.0,0.0,7909.2,13.0,Medium
SCEN_02,Demand Surge (+15%),FC-Central,SKU-APPR-010,Full-Grain Italian Leather Travel Duffel,Apparel,135.0,289.99,5.53,10.0,0.95,28.1,83.4,122.1,83.0,39.0,5265.0,3793.5,15.0,Medium
SCEN_02,Demand Surge (+15%),FC-Central,SKU-ELEC-006,Portable Bluetooth Rugged Speaker,Electronics,26.5,59.99,21.39,9.0,0.95,69.1,261.6,411.3,363.0,0.0,0.0,1831.15,17.0,Low
SCEN_02,Demand Surge (+15%),FC-Central,SKU-ELEC-008,4K Ultra-HD Streaming Media Player,Electronics,22.0,42.49,66.92,9.0,0.95,235.2,837.5,1305.9,3560.0,0.0,0.0,5174.4,53.2,Low
SCEN_02,Demand Surge (+15%),FC-West,SKU-GROC-006,Electrolyte Enhanced Sparkling Mineral Water (24-Pack),Grocery & Pantry,11.8,26.99,53.74,5.0,0.95,91.7,360.4,736.6,835.0,0.0,0.0,1082.06,15.5,Low
SCEN_02,Demand Surge (+15%),FC-East,SKU-GROC-006,Electrolyte Enhanced Sparkling Mineral Water (24-Pack),Grocery & Pantry,11.8,26.99,46.1,5.0,0.95,96.5,327.0,649.7,883.0,0.0,0.0,1138.7,19.2,Low
SCEN_02,Demand Surge (+15%),FC-East,SKU-ELEC-005,Mechanical Gaming Keyboard RGB,Electronics,52.0,109.99,68.79,9.0,0.95,247.9,867.0,1348.6,1316.0,0.0,0.0,12890.8,19.1,Low
SCEN_02,Demand Surge (+15%),FC-West,SKU-APPR-002,Down-Alternative Insulated Winter Puffer Jacket,Apparel,62.0,149.99,65.92,10.0,0.95,280.0,939.2,1400.6,989.0,0.0,0.0,17360.0,15.0,Low
SCEN_02,Demand Surge (+15%),FC-East,SKU-HOME-008,Non-Stick 10-Piece Baking Sheet Set,Home & Kitchen,21.0,49.99,90.82,8.0,0.95,264.2,990.7,1626.4,1769.0,0.0,0.0,5548.2,19.5,Low
SCEN_02,Demand Surge (+15%),FC-East,SKU-HOME-002,Stainless Steel Thermal Travel Mug 16oz,Home & Kitchen,9.8,24.99,131.51,8.0,0.95,335.4,1387.5,2308.1,2582.0,0.0,0.0,3286.92,19.6,Low
SCEN_02,Demand Surge (+15%),FC-Central,SKU-HOME-006,HEPA Air Purifier Compact Room Model,Home & Kitchen,42.0,89.99,41.39,8.0,0.95,110.7,441.8,731.5,580.0,0.0,0.0,4649.4,14.0,Low
SCEN_02,Demand Surge (+15%),FC-East,SKU-APPR-003,Breathable Quick-Dry Athletic Shorts,Apparel,11.2,29.99,57.21,10.0,0.95,219.5,791.6,1192.1,2591.0,0.0,0.0,2458.4,45.3,Low
SCEN_02,Demand Surge (+15%),FC-Central,SKU-HOME-008,Non-Stick 10-Piece Baking Sheet Set,Home & Kitchen,21.0,49.99,49.59,8.0,0.95,145.7,542.4,889.5,852.0,0.0,0.0,3059.7,17.2,Low
SCEN_02,Demand Surge (+15%),FC-East,SKU-ELEC-008,4K Ultra-HD Streaming Media Player,Electronics,22.0,42.49,105.67,9.0,0.95,364.4,1315.5,2055.2,1453.0,0.0,0.0,8016.8,13.7,Medium
SCEN_02,Demand Surge (+15%),FC-East,SKU-ELEC-010,Enterprise High-Resolution Studio Microphone,Electronics,115.0,249.99,10.35,9.0,0.95,41.4,134.5,207.0,163.0,0.0,0.0,4761.0,15.7,Low
SCEN_02,Demand Surge (+15%),FC-East,SKU-ELEC-006,Portable Bluetooth Rugged Speaker,Electronics,26.5,59.99,28.08,9.0,0.95,91.4,344.1,540.7,429.0,0.0,0.0,2422.1,15.3,Low
SCEN_02,Demand Surge (+15%),FC-Central,SKU-ELEC-002,Ultra-Fast USB-C GaN Charger 65W,Electronics,14.2,34.99,39.91,9.0,0.95,125.8,484.9,764.3,2235.0,0.0,0.0,1786.36,56.0,Low
SCEN_02,Demand Surge (+15%),FC-Central,SKU-APPR-001,Men's Classic Cotton Crewneck T-Shirt 3-Pack,Apparel,10.5,23.79,52.81,10.0,0.95,183.8,711.9,1081.5,1151.0,0.0,0.0,1929.9,21.8,Low
SCEN_02,Demand Surge (+15%),FC-West,SKU-ELEC-003,Smart Home Environmental Sensor Hub,Electronics,36.0,79.99,26.62,9.0,0.95,85.8,325.4,511.8,447.0,0.0,0.0,3088.8,16.8,Low
SCEN_02,Demand Surge (+15%),FC-West,SKU-ELEC-001,Pro Wireless Noise-Canceling Earbuds,Electronics,58.5,129.99,43.01,9.0,0.95,138.5,525.6,826.7,590.0,0.0,0.0,8102.25,13.7,Medium
SCEN_02,Demand Surge (+15%),FC-Central,SKU-ELEC-003,Smart Home Environmental Sensor Hub,Electronics,36.0,79.99,21.69,9.0,0.95,71.1,266.3,418.1,267.0,0.0,0.0,2559.6,12.3,Medium
SCEN_02,Demand Surge (+15%),FC-East,SKU-ELEC-002,Ultra-Fast USB-C GaN Charger 65W,Electronics,14.2,34.99,59.13,9.0,0.95,185.9,718.1,1132.0,994.0,0.0,0.0,2639.78,16.8,Low
SCEN_02,Demand Surge (+15%),FC-East,SKU-ELEC-001,Pro Wireless Noise-Canceling Earbuds,Electronics,58.5,129.99,48.83,9.0,0.95,154.1,593.6,935.4,790.0,0.0,0.0,9014.85,16.2,Low
SCEN_02,Demand Surge (+15%),FC-Central,SKU-HLTH-001,Daily Multivitamin Formula with Zinc & D3 (90 Count),Health & Care,8.9,22.99,57.37,7.0,0.95,124.1,525.7,927.3,1095.0,0.0,0.0,1104.49,19.1,Low
SCEN_02,Demand Surge (+15%),FC-East,SKU-HLTH-001,Daily Multivitamin Formula with Zinc & D3 (90 Count),Health & Care,8.9,22.99,87.63,7.0,0.95,185.6,799.0,1412.4,1442.0,0.0,0.0,1651.84,16.5,Low
SCEN_02,Demand Surge (+15%),FC-West,SKU-GROC-001,Organic Whole Bean Espresso Roast 2 lb,Grocery & Pantry,9.2,21.99,89.92,5.0,0.95,138.3,587.9,1217.3,1608.0,0.0,0.0,1272.36,17.9,Low
SCEN_02,Demand Surge (+15%),FC-East,SKU-HLTH-008,Aromatherapy Ultrasonic Essential Oil Diffuser,Health & Care,16.0,39.99,62.62,7.0,0.95,175.2,613.5,1051.8,2886.0,0.0,0.0,2803.2,46.1,Low
SCEN_02,Demand Surge (+15%),FC-West,SKU-HLTH-008,Aromatherapy Ultrasonic Essential Oil Diffuser,Health & Care,16.0,39.99,58.06,7.0,0.95,151.2,557.6,964.1,1286.0,0.0,0.0,2419.2,22.1,Low
SCEN_02,Demand Surge (+15%),FC-Central,SKU-HLTH-002,Mineral Broad-Spectrum Sunscreen Lotion SPF 50 6oz,Health & Care,6.8,17.99,28.38,7.0,0.95,97.4,296.1,494.7,1383.0,0.0,0.0,662.32,48.7,Low
SCEN_02,Demand Surge (+15%),FC-East,SKU-HLTH-002,Mineral Broad-Spectrum Sunscreen Lotion SPF 50 6oz,Health & Care,6.8,17.99,56.9,7.0,0.95,162.7,561.0,959.3,790.0,0.0,0.0,1106.36,13.9,Medium
SCEN_02,Demand Surge (+15%),FC-Central,SKU-HLTH-008,Aromatherapy Ultrasonic Essential Oil Diffuser,Health & Care,16.0,39.99,54.2,7.0,0.95,133.8,513.2,892.6,881.0,0.0,0.0,2140.8,16.3,Low
SCEN_02,Demand Surge (+15%),FC-Central,SKU-GROC-010,Imported White Truffle Infused Olive Oil Reserve 250ml,Grocery & Pantry,29.0,64.99,6.99,5.0,0.95,18.9,53.9,102.8,74.0,0.0,0.0,548.1,10.6,Medium
SCEN_02,Demand Surge (+15%),FC-Central,SKU-HOME-010,Automatic Touchless Stainless Trash Can 13 Gal,Home & Kitchen,33.0,74.99,12.34,8.0,0.95,42.1,140.8,227.2,187.0,0.0,0.0,1389.3,15.2,Low
SCEN_02,Demand Surge (+15%),FC-East,SKU-HOME-010,Automatic Touchless Stainless Trash Can 13 Gal,Home & Kitchen,33.0,74.99,18.04,8.0,0.95,59.8,204.1,330.5,220.0,0.0,0.0,1973.4,12.2,Medium
SCEN_02,Demand Surge (+15%),FC-Central,SKU-GROC-002,Raw California Organic Almonds Unsalted 3 lb,Grocery & Pantry,8.0,18.49,52.23,5.0,0.95,77.1,338.3,703.9,790.0,0.0,0.0,616.8,15.1,Low
SCEN_02,Demand Surge (+15%),FC-Central,SKU-APPR-004,Seamless Moisture-Wicking Merino Wool Running Socks,Apparel,6.1,16.99,63.65,10.0,0.95,223.4,859.9,1305.5,835.0,470.0,2867.0,1362.74,13.1,Medium
SCEN_02,Demand Surge (+15%),FC-Central,SKU-ELEC-004,Braided HDMI 2.1 Ultra High Speed Cable,Electronics,7.5,19.99,48.27,9.0,0.95,153.3,587.7,925.5,667.0,0.0,0.0,1149.75,13.8,Medium
SCEN_02,Demand Surge (+15%),FC-West,SKU-HLTH-004,Sonic Electric Toothbrush Replacement Heads (4-Pack),Health & Care,10.5,29.99,46.64,7.0,0.95,101.7,428.2,754.7,2454.0,0.0,0.0,1067.85,52.6,Low
SCEN_02,Demand Surge (+15%),FC-West,SKU-ELEC-004,Braided HDMI 2.1 Ultra High Speed Cable,Electronics,7.5,19.99,61.35,9.0,0.95,193.7,745.9,1175.3,3230.0,0.0,0.0,1452.75,52.6,Low
SCEN_02,Demand Surge (+15%),FC-East,SKU-HOME-003,Airtight Glass Food Storage Containers (Set of 8),Home & Kitchen,19.5,44.99,41.76,8.0,0.95,108.1,442.2,734.4,879.0,0.0,0.0,2107.95,21.1,Low
SCEN_02,Demand Surge (+15%),FC-West,SKU-GROC-003,Extra Virgin Cold-Pressed Olive Oil 1 Liter,Grocery & Pantry,8.5,19.99,70.43,5.0,0.95,106.9,459.0,952.0,1444.0,0.0,0.0,908.65,20.5,Low
SCEN_02,Demand Surge (+15%),FC-Central,SKU-HOME-005,Organic Bamboo Cutting Board 3-Piece Set,Home & Kitchen,12.0,29.99,28.35,8.0,0.95,73.4,300.2,498.6,502.0,0.0,0.0,880.8,17.7,Low
SCEN_02,Demand Surge (+15%),FC-Central,SKU-HOME-003,Airtight Glass Food Storage Containers (Set of 8),Home & Kitchen,19.5,44.99,27.93,8.0,0.95,71.3,294.8,490.3,543.0,0.0,0.0,1390.35,19.4,Low
SCEN_02,Demand Surge (+15%),FC-Central,SKU-HLTH-004,Sonic Electric Toothbrush Replacement Heads (4-Pack),Health & Care,10.5,29.99,36.16,7.0,0.95,80.1,333.2,586.3,683.0,0.0,0.0,841.05,18.9,Low
SCEN_02,Demand Surge (+15%),FC-Central,SKU-GROC-003,Extra Virgin Cold-Pressed Olive Oil 1 Liter,Grocery & Pantry,8.5,19.99,54.44,5.0,0.95,83.3,355.5,736.6,761.0,0.0,0.0,708.05,14.0,Low
SCEN_02,Demand Surge (+15%),FC-Central,SKU-HOME-001,Cast Iron Pre-Seasoned Skillet 12-Inch,Home & Kitchen,16.8,39.99,26.1,8.0,0.95,66.2,275.0,457.8,555.0,0.0,0.0,1112.16,21.3,Low
SCEN_02,Demand Surge (+15%),FC-East,SKU-HOME-005,Organic Bamboo Cutting Board 3-Piece Set,Home & Kitchen,12.0,29.99,41.62,8.0,0.95,103.5,436.4,727.8,860.0,0.0,0.0,1242.0,20.7,Low
SCEN_02,Demand Surge (+15%),FC-East,SKU-HOME-001,Cast Iron Pre-Seasoned Skillet 12-Inch,Home & Kitchen,16.8,39.99,38.73,8.0,0.95,98.3,408.2,679.3,583.0,0.0,0.0,1651.44,15.1,Low
SCEN_02,Demand Surge (+15%),FC-East,SKU-ELEC-004,Braided HDMI 2.1 Ultra High Speed Cable,Electronics,7.5,19.99,70.05,9.0,0.95,221.0,851.4,1341.7,3832.0,0.0,0.0,1657.5,54.7,Low
SCEN_02,Demand Surge (+15%),FC-West,SKU-HOME-005,Organic Bamboo Cutting Board 3-Piece Set,Home & Kitchen,12.0,29.99,36.89,8.0,0.95,91.7,386.8,645.1,540.0,0.0,0.0,1100.4,14.6,Low
SCEN_02,Demand Surge (+15%),FC-West,SKU-HOME-001,Cast Iron Pre-Seasoned Skillet 12-Inch,Home & Kitchen,16.8,39.99,34.91,8.0,0.95,90.5,369.8,614.2,556.0,0.0,0.0,1520.4,15.9,Low
SCEN_02,Demand Surge (+15%),FC-East,SKU-GROC-004,Organic Ceremonial Grade Matcha Green Tea 100g,Grocery & Pantry,12.2,29.99,52.24,5.0,0.95,90.6,351.8,717.5,861.0,0.0,0.0,1105.32,16.5,Low
SCEN_02,Demand Surge (+15%),FC-Central,SKU-ELEC-009,Specialty Motherboard Replacement Capacitor Pack,Electronics,15.0,45.0,3.05,9.0,0.95,24.1,51.5,72.9,168.0,0.0,0.0,361.5,55.1,Low
SCEN_02,Demand Surge (+15%),FC-East,SKU-ELEC-009,Specialty Motherboard Replacement Capacitor Pack,Electronics,15.0,45.0,3.67,9.0,0.95,30.1,63.1,88.8,80.0,0.0,0.0,451.5,21.8,Low
SCEN_02,Demand Surge (+15%),FC-Central,SKU-HOME-009,Commercial Heavy Duty Stand Mixer Motor Assembly,Home & Kitchen,68.0,159.0,2.01,8.0,0.95,18.1,34.2,48.3,46.0,0.0,0.0,1230.8,22.9,Low
SCEN_02,Demand Surge (+15%),FC-Central,SKU-APPR-009,Custom Embroidered Alpine Ski Racing Bib,Apparel,48.0,120.0,1.76,10.0,0.95,15.0,32.6,44.9,32.0,13.0,624.0,720.0,18.2,Medium
SCEN_02,Demand Surge (+15%),FC-East,SKU-HLTH-009,Medical Grade Continuous Glucose Sensor Transmitter,Health & Care,82.0,185.0,2.88,7.0,0.95,18.8,38.9,59.0,55.0,0.0,0.0,1541.6,19.1,Low
SCEN_02,Demand Surge (+15%),FC-East,SKU-HOME-009,Commercial Heavy Duty Stand Mixer Motor Assembly,Home & Kitchen,68.0,159.0,2.33,8.0,0.95,19.9,38.6,54.9,109.0,0.0,0.0,1353.2,46.7,Low
SCEN_02,Demand Surge (+15%),FC-East,SKU-GROC-009,Bulk Food Grade Citric Acid Crystals 50 lb Sack,Grocery & Pantry,38.0,75.65,3.92,5.0,0.95,22.3,41.9,69.4,186.0,0.0,0.0,847.4,47.4,Low
SCEN_02,Demand Surge (+15%),FC-West,SKU-HLTH-009,Medical Grade Continuous Glucose Sensor Transmitter,Health & Care,82.0,185.0,3.05,7.0,0.95,19.3,40.6,62.0,60.0,0.0,0.0,1582.6,19.7,Low
SCEN_02,Demand Surge (+15%),FC-West,SKU-HOME-009,Commercial Heavy Duty Stand Mixer Motor Assembly,Home & Kitchen,68.0,159.0,2.58,8.0,0.95,19.3,39.9,57.9,50.0,0.0,0.0,1312.4,19.4,Low
SCEN_02,Demand Surge (+15%),FC-Central,SKU-GROC-009,Bulk Food Grade Citric Acid Crystals 50 lb Sack,Grocery & Pantry,38.0,75.65,2.55,5.0,0.95,14.8,27.6,45.4,130.0,0.0,0.0,562.4,50.9,Low
SCEN_02,Demand Surge (+15%),FC-Central,SKU-APPR-007,Vintage Low-Rise Bootcut Denim Jeans,Apparel,23.0,54.99,7.89,10.0,0.95,30.5,109.4,164.6,114.0,0.0,0.0,701.5,14.5,Low
SCEN_02,Demand Surge (+15%),FC-West,SKU-HOME-004,Digital Instant-Read Meat Thermometer,Home & Kitchen,7.2,18.99,25.0,8.0,0.95,66.8,266.8,441.8,1255.0,0.0,0.0,480.96,50.2,Low
SCEN_02,Demand Surge (+15%),FC-Central,SKU-HLTH-005,Elderberry Immune Support Syrup with Vitamin C 8oz,Health & Care,7.4,19.99,76.66,7.0,0.95,187.3,723.9,1260.5,1017.0,0.0,0.0,1386.02,13.3,Medium
SCEN_02,Demand Surge (+15%),FC-Central,SKU-GROC-005,Artisanal Holiday Spiced Hot Cocoa Mix 500g,Grocery & Pantry,5.6,14.99,100.99,5.0,0.95,223.0,728.0,1434.9,5368.0,0.0,0.0,1248.8,53.2,Low
SCEN_02,Demand Surge (+15%),FC-East,SKU-APPR-007,Vintage Low-Rise Bootcut Denim Jeans,Apparel,23.0,54.99,12.18,10.0,0.95,49.2,171.0,256.2,214.0,0.0,0.0,1131.6,17.6,Low
SCEN_02,Demand Surge (+15%),FC-East,SKU-GROC-008,Gourmet Dark Chocolate Sea Salt Truffles Gift Box,Grocery & Pantry,9.9,24.99,85.4,5.0,0.95,190.6,617.6,1215.4,1070.0,0.0,0.0,1886.94,12.5,Medium
SCEN_02,Demand Surge (+15%),FC-East,SKU-GROC-010,Imported White Truffle Infused Olive Oil Reserve 250ml,Grocery & Pantry,29.0,64.99,9.33,5.0,0.95,24.2,70.8,136.1,476.0,0.0,0.0,701.8,51.0,Low
SCEN_02,Demand Surge (+15%),FC-East,SKU-GROC-005,Artisanal Holiday Spiced Hot Cocoa Mix 500g,Grocery & Pantry,5.6,14.99,114.78,5.0,0.95,238.2,812.1,1615.6,1444.0,0.0,0.0,1333.92,12.6,Medium
SCEN_02,Demand Surge (+15%),FC-West,SKU-HLTH-005,Elderberry Immune Support Syrup with Vitamin C 8oz,Health & Care,7.4,19.99,102.95,7.0,0.95,246.9,967.5,1688.2,1277.0,0.0,0.0,1827.06,12.4,Medium
SCEN_02,Demand Surge (+15%),FC-West,SKU-APPR-007,Vintage Low-Rise Bootcut Denim Jeans,Apparel,23.0,54.99,10.46,10.0,0.95,42.5,147.1,220.4,214.0,0.0,0.0,977.5,20.4,Low
SCEN_02,Demand Surge (+15%),FC-East,SKU-HLTH-005,Elderberry Immune Support Syrup with Vitamin C 8oz,Health & Care,7.4,19.99,79.42,7.0,0.95,213.7,769.6,1325.6,3749.0,0.0,0.0,1581.38,47.2,Low
SCEN_02,Demand Surge (+15%),FC-East,SKU-HOME-004,Digital Instant-Read Meat Thermometer,Home & Kitchen,7.2,18.99,32.76,8.0,0.95,90.8,352.9,582.3,576.0,0.0,0.0,653.76,17.6,Low
SCEN_02,Demand Surge (+15%),FC-West,SKU-GROC-008,Gourmet Dark Chocolate Sea Salt Truffles Gift Box,Grocery & Pantry,9.9,24.99,100.28,5.0,0.95,255.0,756.4,1458.4,2273.0,0.0,0.0,2524.5,22.7,Low
SCEN_02,Demand Surge (+15%),FC-Central,SKU-ELEC-007,Micro-USB Legacy Charging Cable 2m,Electronics,3.1,8.99,10.84,9.0,0.95,36.6,134.2,210.1,165.0,0.0,0.0,113.46,15.2,Low
SCEN_02,Demand Surge (+15%),FC-Central,SKU-HLTH-007,Alcohol Hand Sanitizer Gel Discontinued Formula 500ml,Health & Care,2.5,6.99,9.58,7.0,0.95,26.1,93.2,160.2,172.0,0.0,0.0,65.25,18.0,Low
SCEN_02,Demand Surge (+15%),FC-East,SKU-GROC-007,Artificially Flavored Breakfast Cereal Marshmallow 18oz,Grocery & Pantry,2.2,5.49,21.14,5.0,0.95,35.2,140.9,288.8,318.0,0.0,0.0,77.44,15.0,Low
SCEN_02,Demand Surge (+15%),FC-Central,SKU-GROC-007,Artificially Flavored Breakfast Cereal Marshmallow 18oz,Grocery & Pantry,2.2,5.49,13.86,5.0,0.95,25.7,95.0,192.0,272.0,0.0,0.0,56.54,19.6,Low
SCEN_02,Demand Surge (+15%),FC-East,SKU-HLTH-007,Alcohol Hand Sanitizer Gel Discontinued Formula 500ml,Health & Care,2.5,6.99,13.02,7.0,0.95,34.7,125.8,217.0,729.0,0.0,0.0,86.75,56.0,Low
SCEN_02,Demand Surge (+15%),FC-East,SKU-HOME-007,Countertop Citrus Juicer Manual Press,Home & Kitchen,9.5,22.99,9.9,8.0,0.95,26.7,105.9,175.2,172.0,0.0,0.0,253.65,17.4,Low
SCEN_02,Demand Surge (+15%),FC-West,SKU-GROC-007,Artificially Flavored Breakfast Cereal Marshmallow 18oz,Grocery & Pantry,2.2,5.49,18.68,5.0,0.95,33.1,126.5,257.2,345.0,0.0,0.0,72.82,18.5,Low
SCEN_02,Demand Surge (+15%),FC-West,SKU-HLTH-007,Alcohol Hand Sanitizer Gel Discontinued Formula 500ml,Health & Care,2.5,6.99,11.82,7.0,0.95,30.8,113.6,196.3,189.0,0.0,0.0,77.0,16.0,Low
SCEN_02,Demand Surge (+15%),FC-West,SKU-HLTH-006,Natural Sulfate-Free Restorative Hair Mask 250ml,Health & Care,9.2,24.99,40.22,7.0,0.95,90.9,372.4,653.9,861.0,0.0,0.0,836.28,21.4,Low
SCEN_02,Demand Surge (+15%),FC-West,SKU-HOME-007,Countertop Citrus Juicer Manual Press,Home & Kitchen,9.5,22.99,8.74,8.0,0.95,26.3,96.2,157.4,151.0,0.0,0.0,249.85,17.3,Low
SCEN_03,Lead Time Disruption (+20%),FC-Central,SKU-APPR-008,Fleece-Lined Thermal Baselayer Leggings,Apparel,13.8,34.99,75.2,12.0,0.95,350.8,1253.2,1779.6,218.0,1562.0,21555.6,4841.04,2.9,Critical
SCEN_03,Lead Time Disruption (+20%),FC-Central,SKU-GROC-006,Electrolyte Enhanced Sparkling Mineral Water (24-Pack),Grocery & Pantry,11.8,26.99,37.62,6.0,0.95,77.2,302.9,566.3,99.0,467.0,5510.6,910.96,2.6,Critical
SCEN_03,Lead Time Disruption (+20%),FC-East,SKU-ELEC-003,Smart Home Environmental Sensor Hub,Electronics,36.0,79.99,26.12,10.8,0.95,104.3,386.4,569.2,68.0,501.0,18036.0,3754.8,2.6,Critical
SCEN_03,Lead Time Disruption (+20%),FC-Central,SKU-GROC-001,Organic Whole Bean Espresso Roast 2 lb,Grocery & Pantry,9.2,21.99,60.29,6.0,0.95,108.7,470.4,892.5,110.0,782.0,7194.4,1000.04,1.8,Critical
SCEN_03,Lead Time Disruption (+20%),FC-Central,SKU-APPR-006,Lightweight UV Sun Protection Fishing Hoodie,Apparel,16.5,42.99,20.58,12.0,0.95,95.8,342.8,486.8,68.0,419.0,6913.5,1580.7,3.3,High
SCEN_03,Lead Time Disruption (+20%),FC-Central,SKU-APPR-003,Breathable Quick-Dry Athletic Shorts,Apparel,11.2,29.99,34.15,12.0,0.95,154.4,564.2,803.2,193.0,610.0,6832.0,1729.28,5.7,High
SCEN_03,Lead Time Disruption (+20%),FC-East,SKU-HLTH-010,Clinical LED Infrared Facial Rejuvenation Mask,Health & Care,98.0,229.99,7.92,8.4,0.95,31.9,98.4,153.9,41.0,113.0,11074.0,3126.2,5.2,High
SCEN_03,Lead Time Disruption (+20%),FC-West,SKU-APPR-010,Full-Grain Italian Leather Travel Duffel,Apparel,135.0,289.99,6.58,12.0,0.95,41.9,120.9,166.9,43.0,124.0,16740.0,5656.5,6.5,High
SCEN_03,Lead Time Disruption (+20%),FC-West,SKU-APPR-006,Lightweight UV Sun Protection Fishing Hoodie,Apparel,16.5,42.99,32.75,12.0,0.95,148.9,541.9,771.1,137.0,634.0,10461.0,2456.85,4.2,High
SCEN_03,Lead Time Disruption (+20%),FC-East,SKU-APPR-008,Fleece-Lined Thermal Baselayer Leggings,Apparel,13.8,34.99,89.95,12.0,0.95,434.6,1514.0,2143.7,448.0,1696.0,23404.8,5997.48,5.0,High
SCEN_03,Lead Time Disruption (+20%),FC-Central,SKU-HLTH-010,Clinical LED Infrared Facial Rejuvenation Mask,Health & Care,98.0,229.99,5.54,8.4,0.95,25.4,71.9,110.7,35.0,76.0,7448.0,2489.2,6.3,High
SCEN_03,Lead Time Disruption (+20%),FC-West,SKU-HLTH-010,Clinical LED Infrared Facial Rejuvenation Mask,Health & Care,98.0,229.99,8.02,8.4,0.95,38.0,105.4,161.5,45.0,116.0,11368.0,3724.0,5.6,High
SCEN_03,Lead Time Disruption (+20%),FC-West,SKU-ELEC-008,4K Ultra-HD Streaming Media Player,Electronics,22.0,42.49,79.46,10.8,0.95,345.0,1203.2,1759.4,463.0,1296.0,28512.0,7590.0,5.8,High
SCEN_03,Lead Time Disruption (+20%),FC-West,SKU-APPR-003,Breathable Quick-Dry Athletic Shorts,Apparel,11.2,29.99,48.79,12.0,0.95,214.6,800.1,1141.6,244.0,898.0,10057.6,2403.52,5.0,High
SCEN_03,Lead Time Disruption (+20%),FC-Central,SKU-HOME-002,Stainless Steel Thermal Travel Mug 16oz,Home & Kitchen,9.8,24.99,70.1,9.6,0.95,217.7,890.7,1381.4,396.0,985.0,9653.0,2133.46,5.6,High
SCEN_03,Lead Time Disruption (+20%),FC-Central,SKU-HLTH-003,Grass-Fed Hydrolyzed Collagen Peptides Powder 1 lb,Health & Care,15.5,36.99,39.0,8.4,0.95,104.1,431.7,704.7,209.0,496.0,7688.0,1613.55,5.4,High
SCEN_03,Lead Time Disruption (+20%),FC-East,SKU-GROC-002,Raw California Organic Almonds Unsalted 3 lb,Grocery & Pantry,8.0,18.49,65.56,6.0,0.95,121.3,514.7,973.6,179.0,795.0,6360.0,970.4,2.7,Critical
SCEN_03,Lead Time Disruption (+20%),FC-East,SKU-GROC-003,Extra Virgin Cold-Pressed Olive Oil 1 Liter,Grocery & Pantry,8.5,19.99,69.5,6.0,0.95,132.4,549.4,1035.9,190.0,846.0,7191.0,1125.4,2.7,Critical
SCEN_03,Lead Time Disruption (+20%),FC-West,SKU-ELEC-002,Ultra-Fast USB-C GaN Charger 65W,Electronics,14.2,34.99,44.9,10.8,0.95,171.1,656.0,970.3,139.0,831.0,11800.2,2429.62,3.1,High
SCEN_03,Lead Time Disruption (+20%),FC-East,SKU-GROC-001,Organic Whole Bean Espresso Roast 2 lb,Grocery & Pantry,9.2,21.99,88.58,6.0,0.95,167.3,698.8,1318.8,514.0,805.0,7406.0,1539.16,5.8,High
SCEN_03,Lead Time Disruption (+20%),FC-West,SKU-GROC-004,Organic Ceremonial Grade Matcha Green Tea 100g,Grocery & Pantry,12.2,29.99,41.42,6.0,0.95,89.7,338.2,628.2,106.0,522.0,6368.4,1094.34,2.6,Critical
SCEN_03,Lead Time Disruption (+20%),FC-West,SKU-APPR-001,Men's Classic Cotton Crewneck T-Shirt 3-Pack,Apparel,10.5,23.79,59.81,12.0,0.95,260.4,978.1,1396.8,236.0,1161.0,12190.5,2734.2,3.9,High
SCEN_03,Lead Time Disruption (+20%),FC-West,SKU-HLTH-001,Daily Multivitamin Formula with Zinc & D3 (90 Count),Health & Care,8.9,22.99,64.88,8.4,0.95,167.1,712.1,1166.3,258.0,908.0,8081.2,1487.19,4.0,High
SCEN_03,Lead Time Disruption (+20%),FC-West,SKU-HLTH-003,Grass-Fed Hydrolyzed Collagen Peptides Powder 1 lb,Health & Care,15.5,36.99,49.97,8.4,0.95,136.4,556.1,905.9,252.0,654.0,10137.0,2114.2,5.0,High
SCEN_03,Lead Time Disruption (+20%),FC-West,SKU-GROC-009,Bulk Food Grade Citric Acid Crystals 50 lb Sack,Grocery & Pantry,38.0,75.65,3.0,6.0,0.95,21.1,39.1,60.1,5.0,55.0,2090.0,801.8,1.7,Critical
SCEN_03,Lead Time Disruption (+20%),FC-East,SKU-APPR-009,Custom Embroidered Alpine Ski Racing Bib,Apparel,48.0,120.0,2.54,12.0,0.95,26.4,56.9,74.7,6.0,69.0,3312.0,1267.2,2.4,Critical
SCEN_03,Lead Time Disruption (+20%),FC-Central,SKU-APPR-002,Down-Alternative Insulated Winter Puffer Jacket,Apparel,62.0,149.99,54.31,12.0,0.95,270.2,921.9,1302.1,687.0,615.0,38130.0,16752.4,12.6,Medium
SCEN_03,Lead Time Disruption (+20%),FC-Central,SKU-APPR-005,Water-Resistant Commuter Backpack with Laptop Sleeve,Apparel,28.5,59.49,22.71,12.0,0.95,103.0,375.5,534.5,306.0,228.0,6498.0,2935.5,13.5,Medium
SCEN_03,Lead Time Disruption (+20%),FC-West,SKU-HOME-010,Automatic Touchless Stainless Trash Can 13 Gal,Home & Kitchen,33.0,74.99,12.33,9.6,0.95,46.8,165.2,251.5,38.0,214.0,7062.0,1544.4,3.1,High
SCEN_03,Lead Time Disruption (+20%),FC-West,SKU-HLTH-002,Mineral Broad-Spectrum Sunscreen Lotion SPF 50 6oz,Health & Care,6.8,17.99,46.73,8.4,0.95,137.2,529.7,856.8,225.0,632.0,4297.6,932.96,4.8,High
SCEN_03,Lead Time Disruption (+20%),FC-Central,SKU-GROC-008,Gourmet Dark Chocolate Sea Salt Truffles Gift Box,Grocery & Pantry,9.9,24.99,65.82,6.0,0.95,173.2,568.1,1028.9,175.0,854.0,8454.6,1714.68,2.7,Critical
SCEN_03,Lead Time Disruption (+20%),FC-West,SKU-GROC-010,Imported White Truffle Infused Olive Oil Reserve 250ml,Grocery & Pantry,29.0,64.99,8.18,6.0,0.95,29.7,78.8,136.0,22.0,114.0,3306.0,861.3,2.7,Critical
SCEN_03,Lead Time Disruption (+20%),FC-East,SKU-APPR-002,Down-Alternative Insulated Winter Puffer Jacket,Apparel,62.0,149.99,95.53,12.0,0.95,442.3,1588.7,2257.4,1147.0,1110.0,68820.0,27422.6,12.0,Medium
SCEN_03,Lead Time Disruption (+20%),FC-East,SKU-APPR-010,Full-Grain Italian Leather Travel Duffel,Apparel,135.0,289.99,6.68,12.0,0.95,44.5,124.7,171.4,85.0,86.0,11610.0,6007.5,12.7,Medium
SCEN_03,Lead Time Disruption (+20%),FC-Central,SKU-HOME-004,Digital Instant-Read Meat Thermometer,Home & Kitchen,7.2,18.99,17.05,9.6,0.95,61.0,224.7,344.0,48.0,296.0,2131.2,439.2,2.8,Critical
SCEN_03,Lead Time Disruption (+20%),FC-East,SKU-HLTH-004,Sonic Electric Toothbrush Replacement Heads (4-Pack),Health & Care,10.5,29.99,45.49,8.4,0.95,121.4,503.5,821.9,304.0,518.0,5439.0,1274.7,6.7,High
SCEN_03,Lead Time Disruption (+20%),FC-Central,SKU-HLTH-006,Natural Sulfate-Free Restorative Hair Mask 250ml,Health & Care,9.2,24.99,26.95,8.4,0.95,78.4,304.8,493.4,64.0,429.0,3946.8,721.28,2.4,Critical
SCEN_03,Lead Time Disruption (+20%),FC-Central,SKU-GROC-004,Organic Ceremonial Grade Matcha Green Tea 100g,Grocery & Pantry,12.2,29.99,31.61,6.0,0.95,65.1,254.8,476.0,138.0,338.0,4123.6,794.22,4.4,High
SCEN_03,Lead Time Disruption (+20%),FC-West,SKU-ELEC-007,Micro-USB Legacy Charging Cable 2m,Electronics,3.1,8.99,12.04,10.8,0.95,50.2,180.2,264.5,19.0,246.0,762.6,155.62,1.6,Critical
SCEN_03,Lead Time Disruption (+20%),FC-East,SKU-APPR-004,Seamless Moisture-Wicking Merino Wool Running Socks,Apparel,6.1,16.99,79.56,12.0,0.95,340.7,1295.4,1852.3,392.0,1460.0,8906.0,2078.27,4.9,High
SCEN_03,Lead Time Disruption (+20%),FC-West,SKU-GROC-002,Raw California Organic Almonds Unsalted 3 lb,Grocery & Pantry,8.0,18.49,56.42,6.0,0.95,104.9,443.4,838.4,212.0,626.0,5008.0,839.2,3.8,High
SCEN_03,Lead Time Disruption (+20%),FC-West,SKU-APPR-004,Seamless Moisture-Wicking Merino Wool Running Socks,Apparel,6.1,16.99,69.61,12.0,0.95,291.3,1126.6,1613.9,322.0,1292.0,7881.2,1776.93,4.6,High
SCEN_03,Lead Time Disruption (+20%),FC-West,SKU-HOME-003,Airtight Glass Food Storage Containers (Set of 8),Home & Kitchen,19.5,44.99,31.97,9.6,0.95,96.5,403.4,627.2,134.0,493.0,9613.5,1881.75,4.2,High
SCEN_03,Lead Time Disruption (+20%),FC-West,SKU-GROC-005,Artisanal Holiday Spiced Hot Cocoa Mix 500g,Grocery & Pantry,5.6,14.99,87.91,6.0,0.95,223.1,750.6,1365.9,459.0,907.0,5079.2,1249.36,5.2,High
SCEN_03,Lead Time Disruption (+20%),FC-Central,SKU-HOME-007,Countertop Citrus Juicer Manual Press,Home & Kitchen,9.5,22.99,5.94,9.6,0.95,20.9,77.9,119.5,25.0,94.0,893.0,198.55,4.2,High
SCEN_03,Lead Time Disruption (+20%),FC-East,SKU-ELEC-007,Micro-USB Legacy Charging Cable 2m,Electronics,3.1,8.99,13.31,10.8,0.95,56.1,199.8,293.0,85.0,208.0,644.8,173.91,6.4,High
SCEN_03,Lead Time Disruption (+20%),FC-East,SKU-HLTH-006,Natural Sulfate-Free Restorative Hair Mask 250ml,Health & Care,9.2,24.99,38.72,8.4,0.95,109.5,434.7,705.8,215.0,491.0,4517.2,1007.4,5.6,High
SCEN_03,Lead Time Disruption (+20%),FC-West,SKU-HOME-008,Non-Stick 10-Piece Baking Sheet Set,Home & Kitchen,21.0,49.99,68.99,9.6,0.95,239.8,902.1,1385.0,928.0,0.0,0.0,5035.8,13.5,Medium
SCEN_03,Lead Time Disruption (+20%),FC-West,SKU-APPR-009,Custom Embroidered Alpine Ski Racing Bib,Apparel,48.0,120.0,2.49,12.0,0.95,25.8,55.7,73.1,39.0,34.0,1632.0,1238.4,15.7,Medium
SCEN_03,Lead Time Disruption (+20%),FC-West,SKU-ELEC-009,Specialty Motherboard Replacement Capacitor Pack,Electronics,15.0,45.0,3.01,10.8,0.95,31.9,64.4,85.5,41.0,44.0,660.0,478.5,13.6,Medium
SCEN_03,Lead Time Disruption (+20%),FC-Central,SKU-HLTH-009,Medical Grade Continuous Glucose Sensor Transmitter,Health & Care,82.0,185.0,2.0,8.4,0.95,17.3,34.1,48.1,25.0,23.0,1886.0,1418.6,12.5,Medium
SCEN_03,Lead Time Disruption (+20%),FC-East,SKU-HLTH-003,Grass-Fed Hydrolyzed Collagen Peptides Powder 1 lb,Health & Care,15.5,36.99,58.64,8.4,0.95,159.3,651.9,1062.4,793.0,0.0,0.0,2469.15,13.5,Medium
SCEN_03,Lead Time Disruption (+20%),FC-East,SKU-APPR-001,Men's Classic Cotton Crewneck T-Shirt 3-Pack,Apparel,10.5,23.79,65.02,12.0,0.95,269.5,1049.7,1504.9,877.0,628.0,6594.0,2829.75,13.5,Medium
SCEN_03,Lead Time Disruption (+20%),FC-Central,SKU-ELEC-001,Pro Wireless Noise-Canceling Earbuds,Electronics,58.5,129.99,28.05,10.8,0.95,108.2,411.1,607.5,347.0,260.0,15210.0,6329.7,12.4,Medium
SCEN_03,Lead Time Disruption (+20%),FC-West,SKU-HOME-002,Stainless Steel Thermal Travel Mug 16oz,Home & Kitchen,9.8,24.99,80.16,9.6,0.95,256.4,1025.9,1587.1,1175.0,0.0,0.0,2512.72,14.7,Low
SCEN_03,Lead Time Disruption (+20%),FC-West,SKU-HOME-006,HEPA Air Purifier Compact Room Model,Home & Kitchen,42.0,89.99,51.58,9.6,0.95,160.8,656.0,1017.0,1126.0,0.0,0.0,6753.6,21.8,Low
SCEN_03,Lead Time Disruption (+20%),FC-West,SKU-ELEC-010,Enterprise High-Resolution Studio Microphone,Electronics,115.0,249.99,7.79,10.8,0.95,36.6,120.7,175.3,111.0,64.0,7360.0,4209.0,14.2,Medium
SCEN_03,Lead Time Disruption (+20%),FC-West,SKU-ELEC-005,Mechanical Gaming Keyboard RGB,Electronics,52.0,109.99,58.23,10.8,0.95,242.6,871.5,1279.1,1132.0,0.0,0.0,12615.2,19.4,Low
SCEN_03,Lead Time Disruption (+20%),FC-West,SKU-APPR-008,Fleece-Lined Thermal Baselayer Leggings,Apparel,13.8,34.99,75.65,12.0,0.95,364.9,1272.7,1802.2,1351.0,0.0,0.0,5035.62,17.9,Low
SCEN_03,Lead Time Disruption (+20%),FC-East,SKU-HOME-006,HEPA Air Purifier Compact Room Model,Home & Kitchen,42.0,89.99,46.58,9.6,0.95,155.7,602.9,928.9,2959.0,0.0,0.0,6539.4,63.5,Low
SCEN_03,Lead Time Disruption (+20%),FC-West,SKU-ELEC-006,Portable Bluetooth Rugged Speaker,Electronics,26.5,59.99,21.08,10.8,0.95,89.0,316.7,464.2,381.0,0.0,0.0,2358.5,18.1,Low
SCEN_03,Lead Time Disruption (+20%),FC-West,SKU-APPR-005,Water-Resistant Commuter Backpack with Laptop Sleeve,Apparel,28.5,59.49,32.76,12.0,0.95,155.3,548.4,777.7,586.0,0.0,0.0,4426.05,17.9,Low
SCEN_03,Lead Time Disruption (+20%),FC-East,SKU-APPR-005,Water-Resistant Commuter Backpack with Laptop Sleeve,Apparel,28.5,59.49,45.26,12.0,0.95,200.6,743.7,1060.5,990.0,0.0,0.0,5717.1,21.9,Low
SCEN_03,Lead Time Disruption (+20%),FC-East,SKU-APPR-006,Lightweight UV Sun Protection Fishing Hoodie,Apparel,16.5,42.99,28.68,12.0,0.95,138.6,482.8,683.5,590.0,0.0,0.0,2286.9,20.6,Low
SCEN_03,Lead Time Disruption (+20%),FC-Central,SKU-ELEC-010,Enterprise High-Resolution Studio Microphone,Electronics,115.0,249.99,6.17,10.8,0.95,32.1,98.7,141.9,133.0,0.0,0.0,3691.5,21.6,Low
SCEN_03,Lead Time Disruption (+20%),FC-Central,SKU-ELEC-005,Mechanical Gaming Keyboard RGB,Electronics,52.0,109.99,37.74,10.8,0.95,161.0,568.6,832.8,565.0,268.0,13936.0,8372.0,15.0,Medium
SCEN_03,Lead Time Disruption (+20%),FC-Central,SKU-APPR-010,Full-Grain Italian Leather Travel Duffel,Apparel,135.0,289.99,4.81,12.0,0.95,30.2,87.9,121.6,83.0,39.0,5265.0,4077.0,17.3,Medium
SCEN_03,Lead Time Disruption (+20%),FC-Central,SKU-ELEC-006,Portable Bluetooth Rugged Speaker,Electronics,26.5,59.99,18.6,10.8,0.95,72.7,273.6,403.8,363.0,0.0,0.0,1926.55,19.5,Low
SCEN_03,Lead Time Disruption (+20%),FC-Central,SKU-ELEC-008,4K Ultra-HD Streaming Media Player,Electronics,22.0,42.49,58.19,10.8,0.95,249.0,877.5,1284.8,3560.0,0.0,0.0,5478.0,61.2,Low
SCEN_03,Lead Time Disruption (+20%),FC-West,SKU-GROC-006,Electrolyte Enhanced Sparkling Mineral Water (24-Pack),Grocery & Pantry,11.8,26.99,46.73,6.0,0.95,97.6,378.0,705.1,835.0,0.0,0.0,1151.68,17.9,Low
SCEN_03,Lead Time Disruption (+20%),FC-East,SKU-GROC-006,Electrolyte Enhanced Sparkling Mineral Water (24-Pack),Grocery & Pantry,11.8,26.99,40.09,6.0,0.95,103.7,344.2,624.9,883.0,0.0,0.0,1223.66,22.0,Low
SCEN_03,Lead Time Disruption (+20%),FC-East,SKU-ELEC-005,Mechanical Gaming Keyboard RGB,Electronics,52.0,109.99,59.82,10.8,0.95,262.9,909.0,1327.7,1316.0,0.0,0.0,13670.8,22.0,Low
SCEN_03,Lead Time Disruption (+20%),FC-West,SKU-APPR-002,Down-Alternative Insulated Winter Puffer Jacket,Apparel,62.0,149.99,57.32,12.0,0.95,298.1,985.9,1387.2,989.0,0.0,0.0,18482.2,17.3,Low
SCEN_03,Lead Time Disruption (+20%),FC-East,SKU-HOME-008,Non-Stick 10-Piece Baking Sheet Set,Home & Kitchen,21.0,49.99,78.97,9.6,0.95,280.9,1039.0,1591.8,1769.0,0.0,0.0,5898.9,22.4,Low
SCEN_03,Lead Time Disruption (+20%),FC-East,SKU-HOME-002,Stainless Steel Thermal Travel Mug 16oz,Home & Kitchen,9.8,24.99,114.36,9.6,0.95,353.2,1451.1,2251.6,2582.0,0.0,0.0,3461.36,22.6,Low
SCEN_03,Lead Time Disruption (+20%),FC-Central,SKU-HOME-006,HEPA Air Purifier Compact Room Model,Home & Kitchen,42.0,89.99,35.99,9.6,0.95,117.0,462.5,714.4,580.0,0.0,0.0,4914.0,16.1,Low
SCEN_03,Lead Time Disruption (+20%),FC-East,SKU-APPR-003,Breathable Quick-Dry Athletic Shorts,Apparel,11.2,29.99,49.75,12.0,0.95,232.1,829.1,1177.3,2591.0,0.0,0.0,2599.52,52.1,Low
SCEN_03,Lead Time Disruption (+20%),FC-Central,SKU-HOME-008,Non-Stick 10-Piece Baking Sheet Set,Home & Kitchen,21.0,49.99,43.12,9.6,0.95,155.0,569.0,870.8,852.0,0.0,0.0,3255.0,19.8,Low
SCEN_03,Lead Time Disruption (+20%),FC-East,SKU-ELEC-008,4K Ultra-HD Streaming Media Player,Electronics,22.0,42.49,91.89,10.8,0.95,385.3,1377.7,2020.9,1453.0,0.0,0.0,8476.6,15.8,Low
SCEN_03,Lead Time Disruption (+20%),FC-East,SKU-ELEC-010,Enterprise High-Resolution Studio Microphone,Electronics,115.0,249.99,9.0,10.8,0.95,44.2,141.4,204.4,163.0,0.0,0.0,5083.0,18.1,Low
SCEN_03,Lead Time Disruption (+20%),FC-East,SKU-ELEC-006,Portable Bluetooth Rugged Speaker,Electronics,26.5,59.99,24.42,10.8,0.95,96.3,360.0,531.0,429.0,0.0,0.0,2551.95,17.6,Low
SCEN_03,Lead Time Disruption (+20%),FC-Central,SKU-ELEC-002,Ultra-Fast USB-C GaN Charger 65W,Electronics,14.2,34.99,34.7,10.8,0.95,132.1,506.9,749.8,2235.0,0.0,0.0,1875.82,64.4,Low
SCEN_03,Lead Time Disruption (+20%),FC-Central,SKU-APPR-001,Men's Classic Cotton Crewneck T-Shirt 3-Pack,Apparel,10.5,23.79,45.92,12.0,0.95,192.8,743.8,1065.3,1151.0,0.0,0.0,2024.4,25.1,Low
SCEN_03,Lead Time Disruption (+20%),FC-West,SKU-ELEC-003,Smart Home Environmental Sensor Hub,Electronics,36.0,79.99,23.15,10.8,0.95,90.3,340.3,502.4,447.0,0.0,0.0,3250.8,19.3,Low
SCEN_03,Lead Time Disruption (+20%),FC-West,SKU-ELEC-001,Pro Wireless Noise-Canceling Earbuds,Electronics,58.5,129.99,37.4,10.8,0.95,145.6,549.5,811.3,590.0,0.0,0.0,8517.6,15.8,Low
SCEN_03,Lead Time Disruption (+20%),FC-Central,SKU-ELEC-003,Smart Home Environmental Sensor Hub,Electronics,36.0,79.99,18.86,10.8,0.95,74.9,278.6,410.6,267.0,144.0,5184.0,2696.4,14.2,Medium
SCEN_03,Lead Time Disruption (+20%),FC-East,SKU-ELEC-002,Ultra-Fast USB-C GaN Charger 65W,Electronics,14.2,34.99,51.42,10.8,0.95,195.1,750.4,1110.4,994.0,0.0,0.0,2770.42,19.3,Low
SCEN_03,Lead Time Disruption (+20%),FC-East,SKU-ELEC-001,Pro Wireless Noise-Canceling Earbuds,Electronics,58.5,129.99,42.46,10.8,0.95,161.8,620.4,917.6,790.0,0.0,0.0,9465.3,18.6,Low
SCEN_03,Lead Time Disruption (+20%),FC-Central,SKU-HLTH-001,Daily Multivitamin Formula with Zinc & D3 (90 Count),Health & Care,8.9,22.99,49.89,8.4,0.95,130.6,549.7,898.9,1095.0,0.0,0.0,1162.34,21.9,Low
SCEN_03,Lead Time Disruption (+20%),FC-East,SKU-HLTH-001,Daily Multivitamin Formula with Zinc & D3 (90 Count),Health & Care,8.9,22.99,76.2,8.4,0.95,194.9,835.0,1368.4,1442.0,0.0,0.0,1734.61,18.9,Low
SCEN_03,Lead Time Disruption (+20%),FC-West,SKU-GROC-001,Organic Whole Bean Espresso Roast 2 lb,Grocery & Pantry,9.2,21.99,78.19,6.0,0.95,146.3,615.4,1162.8,1608.0,0.0,0.0,1345.96,20.6,Low
SCEN_03,Lead Time Disruption (+20%),FC-East,SKU-HLTH-008,Aromatherapy Ultrasonic Essential Oil Diffuser,Health & Care,16.0,39.99,54.45,8.4,0.95,187.4,644.8,1025.9,2886.0,0.0,0.0,2998.4,53.0,Low
SCEN_03,Lead Time Disruption (+20%),FC-West,SKU-HLTH-008,Aromatherapy Ultrasonic Essential Oil Diffuser,Health & Care,16.0,39.99,50.49,8.4,0.95,161.2,585.3,938.7,1286.0,0.0,0.0,2579.2,25.5,Low
SCEN_03,Lead Time Disruption (+20%),FC-Central,SKU-HLTH-002,Mineral Broad-Spectrum Sunscreen Lotion SPF 50 6oz,Health & Care,6.8,17.99,24.68,8.4,0.95,105.1,312.4,485.2,1383.0,0.0,0.0,714.68,56.0,Low
SCEN_03,Lead Time Disruption (+20%),FC-East,SKU-HLTH-002,Mineral Broad-Spectrum Sunscreen Lotion SPF 50 6oz,Health & Care,6.8,17.99,49.48,8.4,0.95,174.3,589.9,936.3,790.0,0.0,0.0,1185.24,16.0,Low
SCEN_03,Lead Time Disruption (+20%),FC-Central,SKU-HLTH-008,Aromatherapy Ultrasonic Essential Oil Diffuser,Health & Care,16.0,39.99,47.13,8.4,0.95,142.2,538.1,868.0,881.0,0.0,0.0,2275.2,18.7,Low
SCEN_03,Lead Time Disruption (+20%),FC-Central,SKU-GROC-010,Imported White Truffle Infused Olive Oil Reserve 250ml,Grocery & Pantry,29.0,64.99,6.08,6.0,0.95,20.5,57.0,99.5,74.0,0.0,0.0,594.5,12.2,Medium
SCEN_03,Lead Time Disruption (+20%),FC-Central,SKU-HOME-010,Automatic Touchless Stainless Trash Can 13 Gal,Home & Kitchen,33.0,74.99,10.73,9.6,0.95,45.1,148.1,223.2,187.0,0.0,0.0,1488.3,17.4,Low
SCEN_03,Lead Time Disruption (+20%),FC-East,SKU-HOME-010,Automatic Touchless Stainless Trash Can 13 Gal,Home & Kitchen,33.0,74.99,15.69,9.6,0.95,64.0,214.6,324.5,220.0,0.0,0.0,2112.0,14.0,Low
SCEN_03,Lead Time Disruption (+20%),FC-Central,SKU-GROC-002,Raw California Organic Almonds Unsalted 3 lb,Grocery & Pantry,8.0,18.49,45.42,6.0,0.95,81.3,353.8,671.8,790.0,0.0,0.0,650.4,17.4,Low
SCEN_03,Lead Time Disruption (+20%),FC-Central,SKU-APPR-004,Seamless Moisture-Wicking Merino Wool Running Socks,Apparel,6.1,16.99,55.35,12.0,0.95,234.6,898.8,1286.2,835.0,451.0,2751.1,1431.06,15.1,Medium
SCEN_03,Lead Time Disruption (+20%),FC-Central,SKU-ELEC-004,Braided HDMI 2.1 Ultra High Speed Cable,Electronics,7.5,19.99,41.97,10.8,0.95,161.1,614.4,908.2,667.0,0.0,0.0,1208.25,15.9,Low
SCEN_03,Lead Time Disruption (+20%),FC-West,SKU-HLTH-004,Sonic Electric Toothbrush Replacement Heads (4-Pack),Health & Care,10.5,29.99,40.56,8.4,0.95,107.1,447.8,731.7,2454.0,0.0,0.0,1124.55,60.5,Low
SCEN_03,Lead Time Disruption (+20%),FC-West,SKU-ELEC-004,Braided HDMI 2.1 Ultra High Speed Cable,Electronics,7.5,19.99,53.35,10.8,0.95,203.3,779.5,1152.9,3230.0,0.0,0.0,1524.75,60.5,Low
SCEN_03,Lead Time Disruption (+20%),FC-East,SKU-HOME-003,Airtight Glass Food Storage Containers (Set of 8),Home & Kitchen,19.5,44.99,36.31,9.6,0.95,114.0,462.6,716.7,879.0,0.0,0.0,2223.0,24.2,Low
SCEN_03,Lead Time Disruption (+20%),FC-West,SKU-GROC-003,Extra Virgin Cold-Pressed Olive Oil 1 Liter,Grocery & Pantry,8.5,19.99,61.24,6.0,0.95,113.0,480.4,909.1,1444.0,0.0,0.0,960.5,23.6,Low
SCEN_03,Lead Time Disruption (+20%),FC-Central,SKU-HOME-005,Organic Bamboo Cutting Board 3-Piece Set,Home & Kitchen,12.0,29.99,24.65,9.6,0.95,77.4,314.0,486.6,502.0,0.0,0.0,928.8,20.4,Low
SCEN_03,Lead Time Disruption (+20%),FC-Central,SKU-HOME-003,Airtight Glass Food Storage Containers (Set of 8),Home & Kitchen,19.5,44.99,24.29,9.6,0.95,75.1,308.3,478.3,543.0,0.0,0.0,1464.45,22.4,Low
SCEN_03,Lead Time Disruption (+20%),FC-Central,SKU-HLTH-004,Sonic Electric Toothbrush Replacement Heads (4-Pack),Health & Care,10.5,29.99,31.44,8.4,0.95,84.4,348.5,568.6,683.0,0.0,0.0,886.2,21.7,Low
SCEN_03,Lead Time Disruption (+20%),FC-Central,SKU-GROC-003,Extra Virgin Cold-Pressed Olive Oil 1 Liter,Grocery & Pantry,8.5,19.99,47.34,6.0,0.95,88.1,372.1,703.5,761.0,0.0,0.0,748.85,16.1,Low
SCEN_03,Lead Time Disruption (+20%),FC-Central,SKU-HOME-001,Cast Iron Pre-Seasoned Skillet 12-Inch,Home & Kitchen,16.8,39.99,22.7,9.6,0.95,69.7,287.6,446.5,555.0,0.0,0.0,1170.96,24.4,Low
SCEN_03,Lead Time Disruption (+20%),FC-East,SKU-HOME-005,Organic Bamboo Cutting Board 3-Piece Set,Home & Kitchen,12.0,29.99,36.19,9.6,0.95,108.8,456.2,709.6,860.0,0.0,0.0,1305.6,23.8,Low
SCEN_03,Lead Time Disruption (+20%),FC-East,SKU-HOME-001,Cast Iron Pre-Seasoned Skillet 12-Inch,Home & Kitchen,16.8,39.99,33.68,9.6,0.95,103.5,426.8,662.6,583.0,0.0,0.0,1738.8,17.3,Low
SCEN_03,Lead Time Disruption (+20%),FC-East,SKU-ELEC-004,Braided HDMI 2.1 Ultra High Speed Cable,Electronics,7.5,19.99,60.91,10.8,0.95,232.0,889.8,1316.2,3832.0,0.0,0.0,1740.0,62.9,Low
SCEN_03,Lead Time Disruption (+20%),FC-West,SKU-HOME-005,Organic Bamboo Cutting Board 3-Piece Set,Home & Kitchen,12.0,29.99,32.08,9.6,0.95,96.4,404.4,628.9,540.0,0.0,0.0,1156.8,16.8,Low
SCEN_03,Lead Time Disruption (+20%),FC-West,SKU-HOME-001,Cast Iron Pre-Seasoned Skillet 12-Inch,Home & Kitchen,16.8,39.99,30.36,9.6,0.95,95.4,386.9,599.4,556.0,0.0,0.0,1602.72,18.3,Low
SCEN_03,Lead Time Disruption (+20%),FC-East,SKU-GROC-004,Organic Ceremonial Grade Matcha Green Tea 100g,Grocery & Pantry,12.2,29.99,45.43,6.0,0.95,96.6,369.2,687.2,861.0,0.0,0.0,1178.52,19.0,Low
SCEN_03,Lead Time Disruption (+20%),FC-Central,SKU-ELEC-009,Specialty Motherboard Replacement Capacitor Pack,Electronics,15.0,45.0,2.65,10.8,0.95,26.2,54.8,73.4,168.0,0.0,0.0,393.0,63.4,Low
SCEN_03,Lead Time Disruption (+20%),FC-East,SKU-ELEC-009,Specialty Motherboard Replacement Capacitor Pack,Electronics,15.0,45.0,3.19,10.8,0.95,32.8,67.3,89.6,80.0,0.0,0.0,492.0,25.1,Low
SCEN_03,Lead Time Disruption (+20%),FC-Central,SKU-HOME-009,Commercial Heavy Duty Stand Mixer Motor Assembly,Home & Kitchen,68.0,159.0,1.75,9.6,0.95,19.8,36.6,48.9,46.0,0.0,0.0,1346.4,26.3,Low
SCEN_03,Lead Time Disruption (+20%),FC-Central,SKU-APPR-009,Custom Embroidered Alpine Ski Racing Bib,Apparel,48.0,120.0,1.53,12.0,0.95,16.3,34.7,45.4,32.0,13.0,624.0,782.4,20.9,Medium
SCEN_03,Lead Time Disruption (+20%),FC-East,SKU-HLTH-009,Medical Grade Continuous Glucose Sensor Transmitter,Health & Care,82.0,185.0,2.5,8.4,0.95,20.5,41.5,59.0,55.0,0.0,0.0,1681.0,22.0,Low
SCEN_03,Lead Time Disruption (+20%),FC-East,SKU-HOME-009,Commercial Heavy Duty Stand Mixer Motor Assembly,Home & Kitchen,68.0,159.0,2.03,9.6,0.95,21.7,41.2,55.4,109.0,0.0,0.0,1475.6,53.7,Low
SCEN_03,Lead Time Disruption (+20%),FC-East,SKU-GROC-009,Bulk Food Grade Citric Acid Crystals 50 lb Sack,Grocery & Pantry,38.0,75.65,3.41,6.0,0.95,24.4,44.9,68.7,186.0,0.0,0.0,927.2,54.5,Low
SCEN_03,Lead Time Disruption (+20%),FC-West,SKU-HLTH-009,Medical Grade Continuous Glucose Sensor Transmitter,Health & Care,82.0,185.0,2.65,8.4,0.95,21.1,43.4,61.9,60.0,0.0,0.0,1730.2,22.6,Low
SCEN_03,Lead Time Disruption (+20%),FC-West,SKU-HOME-009,Commercial Heavy Duty Stand Mixer Motor Assembly,Home & Kitchen,68.0,159.0,2.24,9.6,0.95,21.1,42.6,58.3,50.0,0.0,0.0,1434.8,22.3,Low
SCEN_03,Lead Time Disruption (+20%),FC-Central,SKU-GROC-009,Bulk Food Grade Citric Acid Crystals 50 lb Sack,Grocery & Pantry,38.0,75.65,2.22,6.0,0.95,16.2,29.5,45.1,130.0,0.0,0.0,615.6,58.6,Low
SCEN_03,Lead Time Disruption (+20%),FC-Central,SKU-APPR-007,Vintage Low-Rise Bootcut Denim Jeans,Apparel,23.0,54.99,6.86,12.0,0.95,32.2,114.5,162.5,114.0,48.0,1104.0,740.6,16.6,Medium
SCEN_03,Lead Time Disruption (+20%),FC-West,SKU-HOME-004,Digital Instant-Read Meat Thermometer,Home & Kitchen,7.2,18.99,21.74,9.6,0.95,70.6,279.3,431.5,1255.0,0.0,0.0,508.32,57.7,Low
SCEN_03,Lead Time Disruption (+20%),FC-Central,SKU-HLTH-005,Elderberry Immune Support Syrup with Vitamin C 8oz,Health & Care,7.4,19.99,66.66,8.4,0.95,198.9,758.8,1225.5,1017.0,0.0,0.0,1471.86,15.3,Low
SCEN_03,Lead Time Disruption (+20%),FC-Central,SKU-GROC-005,Artisanal Holiday Spiced Hot Cocoa Mix 500g,Grocery & Pantry,5.6,14.99,87.82,6.0,0.95,240.2,767.1,1381.9,5368.0,0.0,0.0,1345.12,61.1,Low
SCEN_03,Lead Time Disruption (+20%),FC-East,SKU-APPR-007,Vintage Low-Rise Bootcut Denim Jeans,Apparel,23.0,54.99,10.59,12.0,0.95,52.2,179.3,253.4,214.0,0.0,0.0,1200.6,20.2,Low
SCEN_03,Lead Time Disruption (+20%),FC-East,SKU-GROC-008,Gourmet Dark Chocolate Sea Salt Truffles Gift Box,Grocery & Pantry,9.9,24.99,74.26,6.0,0.95,205.5,651.1,1170.9,1070.0,0.0,0.0,2034.45,14.4,Low
SCEN_03,Lead Time Disruption (+20%),FC-East,SKU-GROC-010,Imported White Truffle Infused Olive Oil Reserve 250ml,Grocery & Pantry,29.0,64.99,8.11,6.0,0.95,26.2,74.9,131.6,476.0,0.0,0.0,759.8,58.7,Low
SCEN_03,Lead Time Disruption (+20%),FC-East,SKU-GROC-005,Artisanal Holiday Spiced Hot Cocoa Mix 500g,Grocery & Pantry,5.6,14.99,99.81,6.0,0.95,256.0,854.9,1553.5,1444.0,0.0,0.0,1433.6,14.5,Low
SCEN_03,Lead Time Disruption (+20%),FC-West,SKU-HLTH-005,Elderberry Immune Support Syrup with Vitamin C 8oz,Health & Care,7.4,19.99,89.52,8.4,0.95,261.9,1013.9,1640.5,1277.0,0.0,0.0,1938.06,14.3,Low
SCEN_03,Lead Time Disruption (+20%),FC-West,SKU-APPR-007,Vintage Low-Rise Bootcut Denim Jeans,Apparel,23.0,54.99,9.1,12.0,0.95,45.1,154.3,218.0,214.0,0.0,0.0,1037.3,23.5,Low
SCEN_03,Lead Time Disruption (+20%),FC-East,SKU-HLTH-005,Elderberry Immune Support Syrup with Vitamin C 8oz,Health & Care,7.4,19.99,69.06,8.4,0.95,228.2,808.3,1291.7,3749.0,0.0,0.0,1688.68,54.3,Low
SCEN_03,Lead Time Disruption (+20%),FC-East,SKU-HOME-004,Digital Instant-Read Meat Thermometer,Home & Kitchen,7.2,18.99,28.49,9.6,0.95,96.2,369.7,569.1,576.0,0.0,0.0,692.64,20.2,Low
SCEN_03,Lead Time Disruption (+20%),FC-West,SKU-GROC-008,Gourmet Dark Chocolate Sea Salt Truffles Gift Box,Grocery & Pantry,9.9,24.99,87.2,6.0,0.95,275.8,799.0,1409.4,2273.0,0.0,0.0,2730.42,26.1,Low
SCEN_03,Lead Time Disruption (+20%),FC-Central,SKU-ELEC-007,Micro-USB Legacy Charging Cable 2m,Electronics,3.1,8.99,9.43,10.8,0.95,38.7,140.5,206.6,165.0,0.0,0.0,119.97,17.5,Low
SCEN_03,Lead Time Disruption (+20%),FC-Central,SKU-HLTH-007,Alcohol Hand Sanitizer Gel Discontinued Formula 500ml,Health & Care,2.5,6.99,8.33,8.4,0.95,27.9,97.9,156.2,172.0,0.0,0.0,69.75,20.6,Low
SCEN_03,Lead Time Disruption (+20%),FC-East,SKU-GROC-007,Artificially Flavored Breakfast Cereal Marshmallow 18oz,Grocery & Pantry,2.2,5.49,18.38,6.0,0.95,37.4,147.7,276.3,318.0,0.0,0.0,82.28,17.3,Low
SCEN_03,Lead Time Disruption (+20%),FC-Central,SKU-GROC-007,Artificially Flavored Breakfast Cereal Marshmallow 18oz,Grocery & Pantry,2.2,5.49,12.05,6.0,0.95,27.5,99.8,184.2,272.0,0.0,0.0,60.5,22.6,Low
SCEN_03,Lead Time Disruption (+20%),FC-East,SKU-HLTH-007,Alcohol Hand Sanitizer Gel Discontinued Formula 500ml,Health & Care,2.5,6.99,11.32,8.4,0.95,37.1,132.2,211.4,729.0,0.0,0.0,92.75,64.4,Low
SCEN_03,Lead Time Disruption (+20%),FC-East,SKU-HOME-007,Countertop Citrus Juicer Manual Press,Home & Kitchen,9.5,22.99,8.61,9.6,0.95,28.3,111.0,171.2,172.0,0.0,0.0,268.85,20.0,Low
SCEN_03,Lead Time Disruption (+20%),FC-West,SKU-GROC-007,Artificially Flavored Breakfast Cereal Marshmallow 18oz,Grocery & Pantry,2.2,5.49,16.24,6.0,0.95,35.3,132.7,246.4,345.0,0.0,0.0,77.66,21.2,Low
SCEN_03,Lead Time Disruption (+20%),FC-West,SKU-HLTH-007,Alcohol Hand Sanitizer Gel Discontinued Formula 500ml,Health & Care,2.5,6.99,10.28,8.4,0.95,32.8,119.2,191.1,189.0,0.0,0.0,82.0,18.4,Low
SCEN_03,Lead Time Disruption (+20%),FC-West,SKU-HLTH-006,Natural Sulfate-Free Restorative Hair Mask 250ml,Health & Care,9.2,24.99,34.97,8.4,0.95,96.1,389.8,634.6,861.0,0.0,0.0,884.12,24.6,Low
SCEN_03,Lead Time Disruption (+20%),FC-West,SKU-HOME-007,Countertop Citrus Juicer Manual Press,Home & Kitchen,9.5,22.99,7.6,9.6,0.95,28.1,101.1,154.3,151.0,0.0,0.0,266.95,19.9,Low
SCEN_04,Premium Service Level (99%),FC-Central,SKU-APPR-008,Fleece-Lined Thermal Baselayer Leggings,Apparel,13.8,34.99,75.2,10.0,0.99,425.1,1177.1,1703.5,218.0,1486.0,20506.8,5866.38,2.9,Critical
SCEN_04,Premium Service Level (99%),FC-Central,SKU-GROC-006,Electrolyte Enhanced Sparkling Mineral Water (24-Pack),Grocery & Pantry,11.8,26.99,37.62,5.0,0.99,94.6,282.7,546.0,99.0,447.0,5274.6,1116.28,2.6,Critical
SCEN_04,Premium Service Level (99%),FC-East,SKU-ELEC-003,Smart Home Environmental Sensor Hub,Electronics,36.0,79.99,26.12,9.0,0.99,125.5,360.6,543.4,68.0,475.0,17100.0,4518.0,2.6,Critical
SCEN_04,Premium Service Level (99%),FC-Central,SKU-GROC-001,Organic Whole Bean Espresso Roast 2 lb,Grocery & Pantry,9.2,21.99,60.29,5.0,0.99,131.1,432.5,854.6,110.0,745.0,6854.0,1206.12,1.8,Critical
SCEN_04,Premium Service Level (99%),FC-Central,SKU-APPR-006,Lightweight UV Sun Protection Fishing Hoodie,Apparel,16.5,42.99,20.58,10.0,0.99,116.0,321.8,465.9,68.0,398.0,6567.0,1914.0,3.3,High
SCEN_04,Premium Service Level (99%),FC-Central,SKU-APPR-003,Breathable Quick-Dry Athletic Shorts,Apparel,11.2,29.99,34.15,10.0,0.99,186.2,527.7,766.8,193.0,574.0,6428.8,2085.44,5.7,High
SCEN_04,Premium Service Level (99%),FC-East,SKU-HLTH-010,Clinical LED Infrared Facial Rejuvenation Mask,Health & Care,98.0,229.99,7.92,7.0,0.99,40.0,95.4,150.9,41.0,110.0,10780.0,3920.0,5.2,High
SCEN_04,Premium Service Level (99%),FC-West,SKU-APPR-010,Full-Grain Italian Leather Travel Duffel,Apparel,135.0,289.99,6.58,10.0,0.99,52.3,118.1,164.2,43.0,121.0,16335.0,7060.5,6.5,High
SCEN_04,Premium Service Level (99%),FC-West,SKU-APPR-006,Lightweight UV Sun Protection Fishing Hoodie,Apparel,16.5,42.99,32.75,10.0,0.99,179.7,507.2,736.5,137.0,600.0,9900.0,2965.05,4.2,High
SCEN_04,Premium Service Level (99%),FC-East,SKU-APPR-008,Fleece-Lined Thermal Baselayer Leggings,Apparel,13.8,34.99,89.95,10.0,0.99,528.9,1428.4,2058.1,448.0,1610.0,22218.0,7298.82,5.0,High
SCEN_04,Premium Service Level (99%),FC-Central,SKU-HLTH-010,Clinical LED Infrared Facial Rejuvenation Mask,Health & Care,98.0,229.99,5.54,7.0,0.99,32.0,70.8,109.6,35.0,75.0,7350.0,3136.0,6.3,High
SCEN_04,Premium Service Level (99%),FC-West,SKU-HLTH-010,Clinical LED Infrared Facial Rejuvenation Mask,Health & Care,98.0,229.99,8.02,7.0,0.99,48.1,104.2,160.4,45.0,115.0,11270.0,4713.8,5.6,High
SCEN_04,Premium Service Level (99%),FC-West,SKU-ELEC-008,4K Ultra-HD Streaming Media Player,Electronics,22.0,42.49,79.46,9.0,0.99,419.8,1134.9,1691.2,463.0,1228.0,27016.0,9235.6,5.8,High
SCEN_04,Premium Service Level (99%),FC-West,SKU-APPR-003,Breathable Quick-Dry Athletic Shorts,Apparel,11.2,29.99,48.79,10.0,0.99,257.7,745.6,1087.1,244.0,843.0,9441.6,2886.24,5.0,High
SCEN_04,Premium Service Level (99%),FC-Central,SKU-HOME-002,Stainless Steel Thermal Travel Mug 16oz,Home & Kitchen,9.8,24.99,70.1,8.0,0.99,261.9,822.7,1313.4,396.0,917.0,8986.6,2566.62,5.6,High
SCEN_04,Premium Service Level (99%),FC-Central,SKU-HLTH-003,Grass-Fed Hydrolyzed Collagen Peptides Powder 1 lb,Health & Care,15.5,36.99,39.0,7.0,0.99,125.3,398.3,671.3,209.0,462.0,7161.0,1942.15,5.4,High
SCEN_04,Premium Service Level (99%),FC-East,SKU-GROC-002,Raw California Organic Almonds Unsalted 3 lb,Grocery & Pantry,8.0,18.49,65.56,5.0,0.99,146.8,474.6,933.5,179.0,754.0,6032.0,1174.4,2.7,Critical
SCEN_04,Premium Service Level (99%),FC-East,SKU-GROC-003,Extra Virgin Cold-Pressed Olive Oil 1 Liter,Grocery & Pantry,8.5,19.99,69.5,5.0,0.99,160.8,508.3,994.8,190.0,805.0,6842.5,1366.8,2.7,Critical
SCEN_04,Premium Service Level (99%),FC-West,SKU-ELEC-002,Ultra-Fast USB-C GaN Charger 65W,Electronics,14.2,34.99,44.9,9.0,0.99,204.2,608.3,922.6,139.0,784.0,11132.8,2899.64,3.1,High
SCEN_04,Premium Service Level (99%),FC-East,SKU-GROC-001,Organic Whole Bean Espresso Roast 2 lb,Grocery & Pantry,9.2,21.99,88.58,5.0,0.99,203.1,646.0,1266.1,514.0,752.0,6918.4,1868.52,5.8,High
SCEN_04,Premium Service Level (99%),FC-West,SKU-GROC-004,Organic Ceremonial Grade Matcha Green Tea 100g,Grocery & Pantry,12.2,29.99,41.42,5.0,0.99,110.6,317.7,607.6,106.0,502.0,6124.4,1349.32,2.6,Critical
SCEN_04,Premium Service Level (99%),FC-West,SKU-APPR-001,Men's Classic Cotton Crewneck T-Shirt 3-Pack,Apparel,10.5,23.79,59.81,10.0,0.99,312.3,910.4,1329.1,236.0,1093.0,11476.5,3279.15,3.9,High
SCEN_04,Premium Service Level (99%),FC-West,SKU-HLTH-001,Daily Multivitamin Formula with Zinc & D3 (90 Count),Health & Care,8.9,22.99,64.88,7.0,0.99,200.0,654.2,1108.3,258.0,850.0,7565.0,1780.0,4.0,High
SCEN_04,Premium Service Level (99%),FC-West,SKU-HLTH-003,Grass-Fed Hydrolyzed Collagen Peptides Powder 1 lb,Health & Care,15.5,36.99,49.97,7.0,0.99,164.7,514.5,864.3,252.0,612.0,9486.0,2552.85,5.0,High
SCEN_04,Premium Service Level (99%),FC-West,SKU-GROC-009,Bulk Food Grade Citric Acid Crystals 50 lb Sack,Grocery & Pantry,38.0,75.65,3.0,5.0,0.99,27.2,42.2,63.2,5.0,58.0,2204.0,1033.6,1.7,Critical
SCEN_04,Premium Service Level (99%),FC-East,SKU-APPR-009,Custom Embroidered Alpine Ski Racing Bib,Apparel,48.0,120.0,2.54,10.0,0.99,33.7,59.1,76.9,6.0,71.0,3408.0,1617.6,2.4,Critical
SCEN_04,Premium Service Level (99%),FC-Central,SKU-APPR-002,Down-Alternative Insulated Winter Puffer Jacket,Apparel,62.0,149.99,54.31,10.0,0.99,330.1,873.2,1253.4,687.0,566.0,35092.0,20466.2,12.6,Medium
SCEN_04,Premium Service Level (99%),FC-Central,SKU-APPR-005,Water-Resistant Commuter Backpack with Laptop Sleeve,Apparel,28.5,59.49,22.71,10.0,0.99,124.3,351.4,510.4,306.0,204.0,5814.0,3542.55,13.5,Medium
SCEN_04,Premium Service Level (99%),FC-West,SKU-HOME-010,Automatic Touchless Stainless Trash Can 13 Gal,Home & Kitchen,33.0,74.99,12.33,8.0,0.99,57.7,156.3,242.6,38.0,205.0,6765.0,1904.1,3.1,High
SCEN_04,Premium Service Level (99%),FC-West,SKU-HLTH-002,Mineral Broad-Spectrum Sunscreen Lotion SPF 50 6oz,Health & Care,6.8,17.99,46.73,7.0,0.99,167.2,494.3,821.4,225.0,596.0,4052.8,1136.96,4.8,High
SCEN_04,Premium Service Level (99%),FC-Central,SKU-GROC-008,Gourmet Dark Chocolate Sea Salt Truffles Gift Box,Grocery & Pantry,9.9,24.99,65.82,5.0,0.99,216.9,546.0,1006.7,175.0,832.0,8236.8,2147.31,2.7,Critical
SCEN_04,Premium Service Level (99%),FC-West,SKU-GROC-010,Imported White Truffle Infused Olive Oil Reserve 250ml,Grocery & Pantry,29.0,64.99,8.18,5.0,0.99,37.8,78.7,136.0,22.0,114.0,3306.0,1096.2,2.7,Critical
SCEN_04,Premium Service Level (99%),FC-East,SKU-APPR-002,Down-Alternative Insulated Winter Puffer Jacket,Apparel,62.0,149.99,95.53,10.0,0.99,535.2,1490.5,2159.2,1147.0,1012.0,62744.0,33182.4,12.0,Medium
SCEN_04,Premium Service Level (99%),FC-East,SKU-APPR-010,Full-Grain Italian Leather Travel Duffel,Apparel,135.0,289.99,6.68,10.0,0.99,55.7,122.5,169.3,85.0,84.0,11340.0,7519.5,12.7,Medium
SCEN_04,Premium Service Level (99%),FC-Central,SKU-HOME-004,Digital Instant-Read Meat Thermometer,Home & Kitchen,7.2,18.99,17.05,8.0,0.99,74.8,211.2,330.6,48.0,283.0,2037.6,538.56,2.8,Critical
SCEN_04,Premium Service Level (99%),FC-East,SKU-HLTH-004,Sonic Electric Toothbrush Replacement Heads (4-Pack),Health & Care,10.5,29.99,45.49,7.0,0.99,146.1,464.5,783.0,304.0,479.0,5029.5,1534.05,6.7,High
SCEN_04,Premium Service Level (99%),FC-Central,SKU-HLTH-006,Natural Sulfate-Free Restorative Hair Mask 250ml,Health & Care,9.2,24.99,26.95,7.0,0.99,95.4,284.1,472.7,64.0,409.0,3762.8,877.68,2.4,Critical
SCEN_04,Premium Service Level (99%),FC-Central,SKU-GROC-004,Organic Ceremonial Grade Matcha Green Tea 100g,Grocery & Pantry,12.2,29.99,31.61,5.0,0.99,79.8,237.9,459.1,138.0,321.0,3916.2,973.56,4.4,High
SCEN_04,Premium Service Level (99%),FC-West,SKU-ELEC-007,Micro-USB Legacy Charging Cable 2m,Electronics,3.1,8.99,12.04,9.0,0.99,60.8,169.2,253.4,19.0,234.0,725.4,188.48,1.6,Critical
SCEN_04,Premium Service Level (99%),FC-East,SKU-APPR-004,Seamless Moisture-Wicking Merino Wool Running Socks,Apparel,6.1,16.99,79.56,10.0,0.99,407.5,1203.1,1760.0,392.0,1368.0,8344.8,2485.75,4.9,High
SCEN_04,Premium Service Level (99%),FC-West,SKU-GROC-002,Raw California Organic Almonds Unsalted 3 lb,Grocery & Pantry,8.0,18.49,56.42,5.0,0.99,127.0,409.1,804.0,212.0,592.0,4736.0,1016.0,3.8,High
SCEN_04,Premium Service Level (99%),FC-West,SKU-APPR-004,Seamless Moisture-Wicking Merino Wool Running Socks,Apparel,6.1,16.99,69.61,10.0,0.99,347.0,1043.1,1530.4,322.0,1208.0,7368.8,2116.7,4.6,High
SCEN_04,Premium Service Level (99%),FC-West,SKU-HOME-003,Airtight Glass Food Storage Containers (Set of 8),Home & Kitchen,19.5,44.99,31.97,8.0,0.99,115.6,371.4,595.1,134.0,461.0,8989.5,2254.2,4.2,High
SCEN_04,Premium Service Level (99%),FC-West,SKU-GROC-005,Artisanal Holiday Spiced Hot Cocoa Mix 500g,Grocery & Pantry,5.6,14.99,87.91,5.0,0.99,278.6,718.1,1333.5,459.0,874.0,4894.4,1560.16,5.2,High
SCEN_04,Premium Service Level (99%),FC-Central,SKU-HOME-007,Countertop Citrus Juicer Manual Press,Home & Kitchen,9.5,22.99,5.94,8.0,0.99,25.5,73.0,114.6,25.0,90.0,855.0,242.25,4.2,High
SCEN_04,Premium Service Level (99%),FC-East,SKU-ELEC-007,Micro-USB Legacy Charging Cable 2m,Electronics,3.1,8.99,13.31,9.0,0.99,68.0,187.8,281.0,85.0,196.0,607.6,210.8,6.4,High
SCEN_04,Premium Service Level (99%),FC-East,SKU-HLTH-006,Natural Sulfate-Free Restorative Hair Mask 250ml,Health & Care,9.2,24.99,38.72,7.0,0.99,132.8,403.8,674.9,215.0,460.0,4232.0,1221.76,5.6,High
SCEN_04,Premium Service Level (99%),FC-West,SKU-HOME-008,Non-Stick 10-Piece Baking Sheet Set,Home & Kitchen,21.0,49.99,68.99,8.0,0.99,292.8,844.7,1327.6,928.0,0.0,0.0,6148.8,13.5,Medium
SCEN_04,Premium Service Level (99%),FC-West,SKU-APPR-009,Custom Embroidered Alpine Ski Racing Bib,Apparel,48.0,120.0,2.49,10.0,0.99,32.9,57.8,75.2,39.0,36.0,1728.0,1579.2,15.7,Medium
SCEN_04,Premium Service Level (99%),FC-West,SKU-ELEC-009,Specialty Motherboard Replacement Capacitor Pack,Electronics,15.0,45.0,3.01,9.0,0.99,40.8,67.9,89.0,41.0,48.0,720.0,612.0,13.6,Medium
SCEN_04,Premium Service Level (99%),FC-Central,SKU-HLTH-009,Medical Grade Continuous Glucose Sensor Transmitter,Health & Care,82.0,185.0,2.0,7.0,0.99,22.2,36.2,50.2,25.0,25.0,2050.0,1820.4,12.5,Medium
SCEN_04,Premium Service Level (99%),FC-East,SKU-HLTH-003,Grass-Fed Hydrolyzed Collagen Peptides Powder 1 lb,Health & Care,15.5,36.99,58.64,7.0,0.99,192.2,602.7,1013.2,793.0,0.0,0.0,2979.1,13.5,Medium
SCEN_04,Premium Service Level (99%),FC-East,SKU-APPR-001,Men's Classic Cotton Crewneck T-Shirt 3-Pack,Apparel,10.5,23.79,65.02,10.0,0.99,320.5,970.7,1425.8,877.0,549.0,5764.5,3365.25,13.5,Medium
SCEN_04,Premium Service Level (99%),FC-Central,SKU-ELEC-001,Pro Wireless Noise-Canceling Earbuds,Electronics,58.5,129.99,28.05,9.0,0.99,129.4,381.9,578.2,347.0,231.0,13513.5,7569.9,12.4,Medium
SCEN_04,Premium Service Level (99%),FC-West,SKU-HOME-002,Stainless Steel Thermal Travel Mug 16oz,Home & Kitchen,9.8,24.99,80.16,8.0,0.99,309.7,951.0,1512.1,1175.0,0.0,0.0,3035.06,14.7,Low
SCEN_04,Premium Service Level (99%),FC-West,SKU-HOME-006,HEPA Air Purifier Compact Room Model,Home & Kitchen,42.0,89.99,51.58,8.0,0.99,193.5,606.1,967.2,1126.0,0.0,0.0,8127.0,21.8,Low
SCEN_04,Premium Service Level (99%),FC-West,SKU-ELEC-010,Enterprise High-Resolution Studio Microphone,Electronics,115.0,249.99,7.79,9.0,0.99,44.9,115.0,169.5,111.0,58.0,6670.0,5163.5,14.2,Medium
SCEN_04,Premium Service Level (99%),FC-West,SKU-ELEC-005,Mechanical Gaming Keyboard RGB,Electronics,52.0,109.99,58.23,9.0,0.99,293.6,817.7,1225.3,1132.0,0.0,0.0,15267.2,19.4,Low
SCEN_04,Premium Service Level (99%),FC-West,SKU-APPR-008,Fleece-Lined Thermal Baselayer Leggings,Apparel,13.8,34.99,75.65,10.0,0.99,444.0,1200.5,1730.1,1351.0,0.0,0.0,6127.2,17.9,Low
SCEN_04,Premium Service Level (99%),FC-East,SKU-HOME-006,HEPA Air Purifier Compact Room Model,Home & Kitchen,42.0,89.99,46.58,8.0,0.99,189.3,561.9,888.0,2959.0,0.0,0.0,7950.6,63.5,Low
SCEN_04,Premium Service Level (99%),FC-West,SKU-ELEC-006,Portable Bluetooth Rugged Speaker,Electronics,26.5,59.99,21.08,9.0,0.99,107.9,297.6,445.2,381.0,0.0,0.0,2859.35,18.1,Low
SCEN_04,Premium Service Level (99%),FC-West,SKU-APPR-005,Water-Resistant Commuter Backpack with Laptop Sleeve,Apparel,28.5,59.49,32.76,10.0,0.99,188.5,516.1,745.4,586.0,0.0,0.0,5372.25,17.9,Low
SCEN_04,Premium Service Level (99%),FC-East,SKU-APPR-005,Water-Resistant Commuter Backpack with Laptop Sleeve,Apparel,28.5,59.49,45.26,10.0,0.99,241.2,693.8,1010.6,990.0,0.0,0.0,6874.2,21.9,Low
SCEN_04,Premium Service Level (99%),FC-East,SKU-APPR-006,Lightweight UV Sun Protection Fishing Hoodie,Apparel,16.5,42.99,28.68,10.0,0.99,168.7,455.5,656.3,590.0,0.0,0.0,2783.55,20.6,Low
SCEN_04,Premium Service Level (99%),FC-Central,SKU-ELEC-010,Enterprise High-Resolution Studio Microphone,Electronics,115.0,249.99,6.17,9.0,0.99,39.8,95.3,138.5,133.0,0.0,0.0,4577.0,21.6,Low
SCEN_04,Premium Service Level (99%),FC-Central,SKU-ELEC-005,Mechanical Gaming Keyboard RGB,Electronics,52.0,109.99,37.74,9.0,0.99,195.5,535.2,799.3,565.0,0.0,0.0,10166.0,15.0,Low
SCEN_04,Premium Service Level (99%),FC-Central,SKU-APPR-010,Full-Grain Italian Leather Travel Duffel,Apparel,135.0,289.99,4.81,10.0,0.99,37.7,85.8,119.5,83.0,36.0,4860.0,5089.5,17.3,Medium
SCEN_04,Premium Service Level (99%),FC-Central,SKU-ELEC-006,Portable Bluetooth Rugged Speaker,Electronics,26.5,59.99,18.6,9.0,0.99,87.2,254.6,384.8,363.0,0.0,0.0,2310.8,19.5,Low
SCEN_04,Premium Service Level (99%),FC-Central,SKU-ELEC-008,4K Ultra-HD Streaming Media Player,Electronics,22.0,42.49,58.19,9.0,0.99,302.4,826.1,1233.4,3560.0,0.0,0.0,6652.8,61.2,Low
SCEN_04,Premium Service Level (99%),FC-West,SKU-GROC-006,Electrolyte Enhanced Sparkling Mineral Water (24-Pack),Grocery & Pantry,11.8,26.99,46.73,5.0,0.99,119.9,353.5,680.7,835.0,0.0,0.0,1414.82,17.9,Low
SCEN_04,Premium Service Level (99%),FC-East,SKU-GROC-006,Electrolyte Enhanced Sparkling Mineral Water (24-Pack),Grocery & Pantry,11.8,26.99,40.09,5.0,0.99,129.7,330.1,610.8,883.0,0.0,0.0,1530.46,22.0,Low
SCEN_04,Premium Service Level (99%),FC-East,SKU-ELEC-005,Mechanical Gaming Keyboard RGB,Electronics,52.0,109.99,59.82,9.0,0.99,320.4,858.8,1277.5,1316.0,0.0,0.0,16660.8,22.0,Low
SCEN_04,Premium Service Level (99%),FC-West,SKU-APPR-002,Down-Alternative Insulated Winter Puffer Jacket,Apparel,62.0,149.99,57.32,10.0,0.99,365.9,939.1,1340.3,989.0,0.0,0.0,22685.8,17.3,Low
SCEN_04,Premium Service Level (99%),FC-East,SKU-HOME-008,Non-Stick 10-Piece Baking Sheet Set,Home & Kitchen,21.0,49.99,78.97,8.0,0.99,343.9,975.7,1528.4,1769.0,0.0,0.0,7221.9,22.4,Low
SCEN_04,Premium Service Level (99%),FC-East,SKU-HOME-002,Stainless Steel Thermal Travel Mug 16oz,Home & Kitchen,9.8,24.99,114.36,8.0,0.99,424.5,1339.4,2139.9,2582.0,0.0,0.0,4160.1,22.6,Low
SCEN_04,Premium Service Level (99%),FC-Central,SKU-HOME-006,HEPA Air Purifier Compact Room Model,Home & Kitchen,42.0,89.99,35.99,8.0,0.99,141.7,429.6,681.5,580.0,0.0,0.0,5951.4,16.1,Low
SCEN_04,Premium Service Level (99%),FC-East,SKU-APPR-003,Breathable Quick-Dry Athletic Shorts,Apparel,11.2,29.99,49.75,10.0,0.99,281.2,778.7,1127.0,2591.0,0.0,0.0,3149.44,52.1,Low
SCEN_04,Premium Service Level (99%),FC-Central,SKU-HOME-008,Non-Stick 10-Piece Baking Sheet Set,Home & Kitchen,21.0,49.99,43.12,8.0,0.99,190.0,535.0,836.8,852.0,0.0,0.0,3990.0,19.8,Low
SCEN_04,Premium Service Level (99%),FC-East,SKU-ELEC-008,4K Ultra-HD Streaming Media Player,Electronics,22.0,42.49,91.89,9.0,0.99,466.8,1293.8,1937.0,1453.0,0.0,0.0,10269.6,15.8,Low
SCEN_04,Premium Service Level (99%),FC-East,SKU-ELEC-010,Enterprise High-Resolution Studio Microphone,Electronics,115.0,249.99,9.0,9.0,0.99,54.5,135.5,198.5,163.0,0.0,0.0,6267.5,18.1,Low
SCEN_04,Premium Service Level (99%),FC-East,SKU-ELEC-006,Portable Bluetooth Rugged Speaker,Electronics,26.5,59.99,24.42,9.0,0.99,115.5,335.3,506.2,429.0,0.0,0.0,3060.75,17.6,Low
SCEN_04,Premium Service Level (99%),FC-Central,SKU-ELEC-002,Ultra-Fast USB-C GaN Charger 65W,Electronics,14.2,34.99,34.7,9.0,0.99,157.6,469.9,712.8,2235.0,0.0,0.0,2237.92,64.4,Low
SCEN_04,Premium Service Level (99%),FC-Central,SKU-APPR-001,Men's Classic Cotton Crewneck T-Shirt 3-Pack,Apparel,10.5,23.79,45.92,10.0,0.99,229.9,689.1,1010.5,1151.0,0.0,0.0,2413.95,25.1,Low
SCEN_04,Premium Service Level (99%),FC-West,SKU-ELEC-003,Smart Home Environmental Sensor Hub,Electronics,36.0,79.99,23.15,9.0,0.99,108.2,316.6,478.6,447.0,0.0,0.0,3895.2,19.3,Low
SCEN_04,Premium Service Level (99%),FC-West,SKU-ELEC-001,Pro Wireless Noise-Canceling Earbuds,Electronics,58.5,129.99,37.4,9.0,0.99,174.4,511.0,772.8,590.0,0.0,0.0,10202.4,15.8,Low
SCEN_04,Premium Service Level (99%),FC-Central,SKU-ELEC-003,Smart Home Environmental Sensor Hub,Electronics,36.0,79.99,18.86,9.0,0.99,90.0,259.7,391.8,267.0,0.0,0.0,3240.0,14.2,Low
SCEN_04,Premium Service Level (99%),FC-East,SKU-ELEC-002,Ultra-Fast USB-C GaN Charger 65W,Electronics,14.2,34.99,51.42,9.0,0.99,232.8,695.6,1055.5,994.0,0.0,0.0,3305.76,19.3,Low
SCEN_04,Premium Service Level (99%),FC-East,SKU-ELEC-001,Pro Wireless Noise-Canceling Earbuds,Electronics,58.5,129.99,42.46,9.0,0.99,193.1,575.2,872.5,790.0,0.0,0.0,11296.35,18.6,Low
SCEN_04,Premium Service Level (99%),FC-Central,SKU-HLTH-001,Daily Multivitamin Formula with Zinc & D3 (90 Count),Health & Care,8.9,22.99,49.89,7.0,0.99,156.7,505.9,855.2,1095.0,0.0,0.0,1394.63,21.9,Low
SCEN_04,Premium Service Level (99%),FC-East,SKU-HLTH-001,Daily Multivitamin Formula with Zinc & D3 (90 Count),Health & Care,8.9,22.99,76.2,7.0,0.99,233.0,766.4,1299.8,1442.0,0.0,0.0,2073.7,18.9,Low
SCEN_04,Premium Service Level (99%),FC-West,SKU-GROC-001,Organic Whole Bean Espresso Roast 2 lb,Grocery & Pantry,9.2,21.99,78.19,5.0,0.99,177.3,568.2,1115.6,1608.0,0.0,0.0,1631.16,20.6,Low
SCEN_04,Premium Service Level (99%),FC-East,SKU-HLTH-008,Aromatherapy Ultrasonic Essential Oil Diffuser,Health & Care,16.0,39.99,54.45,7.0,0.99,232.2,613.4,994.5,2886.0,0.0,0.0,3715.2,53.0,Low
SCEN_04,Premium Service Level (99%),FC-West,SKU-HLTH-008,Aromatherapy Ultrasonic Essential Oil Diffuser,Health & Care,16.0,39.99,50.49,7.0,0.99,198.3,551.7,905.2,1286.0,0.0,0.0,3172.8,25.5,Low
SCEN_04,Premium Service Level (99%),FC-Central,SKU-HLTH-002,Mineral Broad-Spectrum Sunscreen Lotion SPF 50 6oz,Health & Care,6.8,17.99,24.68,7.0,0.99,132.1,304.9,477.6,1383.0,0.0,0.0,898.28,56.0,Low
SCEN_04,Premium Service Level (99%),FC-East,SKU-HLTH-002,Mineral Broad-Spectrum Sunscreen Lotion SPF 50 6oz,Health & Care,6.8,17.99,49.48,7.0,0.99,216.4,562.8,909.1,790.0,0.0,0.0,1471.52,16.0,Low
SCEN_04,Premium Service Level (99%),FC-Central,SKU-HLTH-008,Aromatherapy Ultrasonic Essential Oil Diffuser,Health & Care,16.0,39.99,47.13,7.0,0.99,173.8,503.7,833.6,881.0,0.0,0.0,2780.8,18.7,Low
SCEN_04,Premium Service Level (99%),FC-Central,SKU-GROC-010,Imported White Truffle Infused Olive Oil Reserve 250ml,Grocery & Pantry,29.0,64.99,6.08,5.0,0.99,26.0,56.4,99.0,74.0,0.0,0.0,754.0,12.2,Medium
SCEN_04,Premium Service Level (99%),FC-Central,SKU-HOME-010,Automatic Touchless Stainless Trash Can 13 Gal,Home & Kitchen,33.0,74.99,10.73,8.0,0.99,56.1,141.9,217.1,187.0,0.0,0.0,1851.3,17.4,Low
SCEN_04,Premium Service Level (99%),FC-East,SKU-HOME-010,Automatic Touchless Stainless Trash Can 13 Gal,Home & Kitchen,33.0,74.99,15.69,8.0,0.99,79.4,204.9,314.8,220.0,0.0,0.0,2620.2,14.0,Low
SCEN_04,Premium Service Level (99%),FC-Central,SKU-GROC-002,Raw California Organic Almonds Unsalted 3 lb,Grocery & Pantry,8.0,18.49,45.42,5.0,0.99,98.0,325.1,643.0,790.0,0.0,0.0,784.0,17.4,Low
SCEN_04,Premium Service Level (99%),FC-Central,SKU-APPR-004,Seamless Moisture-Wicking Merino Wool Running Socks,Apparel,6.1,16.99,55.35,10.0,0.99,280.1,833.6,1221.1,835.0,0.0,0.0,1708.61,15.1,Low
SCEN_04,Premium Service Level (99%),FC-Central,SKU-ELEC-004,Braided HDMI 2.1 Ultra High Speed Cable,Electronics,7.5,19.99,41.97,9.0,0.99,192.5,570.2,864.0,667.0,0.0,0.0,1443.75,15.9,Low
SCEN_04,Premium Service Level (99%),FC-West,SKU-HLTH-004,Sonic Electric Toothbrush Replacement Heads (4-Pack),Health & Care,10.5,29.99,40.56,7.0,0.99,128.6,412.5,696.4,2454.0,0.0,0.0,1350.3,60.5,Low
SCEN_04,Premium Service Level (99%),FC-West,SKU-ELEC-004,Braided HDMI 2.1 Ultra High Speed Cable,Electronics,7.5,19.99,53.35,9.0,0.99,242.7,722.9,1096.3,3230.0,0.0,0.0,1820.25,60.5,Low
SCEN_04,Premium Service Level (99%),FC-East,SKU-HOME-003,Airtight Glass Food Storage Containers (Set of 8),Home & Kitchen,19.5,44.99,36.31,8.0,0.99,137.3,427.8,682.0,879.0,0.0,0.0,2677.35,24.2,Low
SCEN_04,Premium Service Level (99%),FC-West,SKU-GROC-003,Extra Virgin Cold-Pressed Olive Oil 1 Liter,Grocery & Pantry,8.5,19.99,61.24,5.0,0.99,136.7,442.9,871.6,1444.0,0.0,0.0,1161.95,23.6,Low
SCEN_04,Premium Service Level (99%),FC-Central,SKU-HOME-005,Organic Bamboo Cutting Board 3-Piece Set,Home & Kitchen,12.0,29.99,24.65,8.0,0.99,93.3,290.5,463.1,502.0,0.0,0.0,1119.6,20.4,Low
SCEN_04,Premium Service Level (99%),FC-Central,SKU-HOME-003,Airtight Glass Food Storage Containers (Set of 8),Home & Kitchen,19.5,44.99,24.29,8.0,0.99,90.2,284.5,454.5,543.0,0.0,0.0,1758.9,22.4,Low
SCEN_04,Premium Service Level (99%),FC-Central,SKU-HLTH-004,Sonic Electric Toothbrush Replacement Heads (4-Pack),Health & Care,10.5,29.99,31.44,7.0,0.99,101.7,321.8,541.9,683.0,0.0,0.0,1067.85,21.7,Low
SCEN_04,Premium Service Level (99%),FC-Central,SKU-GROC-003,Extra Virgin Cold-Pressed Olive Oil 1 Liter,Grocery & Pantry,8.5,19.99,47.34,5.0,0.99,106.6,343.3,674.7,761.0,0.0,0.0,906.1,16.1,Low
SCEN_04,Premium Service Level (99%),FC-Central,SKU-HOME-001,Cast Iron Pre-Seasoned Skillet 12-Inch,Home & Kitchen,16.8,39.99,22.7,8.0,0.99,83.7,265.3,424.2,555.0,0.0,0.0,1406.16,24.4,Low
SCEN_04,Premium Service Level (99%),FC-East,SKU-HOME-005,Organic Bamboo Cutting Board 3-Piece Set,Home & Kitchen,12.0,29.99,36.19,8.0,0.99,130.2,419.7,673.0,860.0,0.0,0.0,1562.4,23.8,Low
SCEN_04,Premium Service Level (99%),FC-East,SKU-HOME-001,Cast Iron Pre-Seasoned Skillet 12-Inch,Home & Kitchen,16.8,39.99,33.68,8.0,0.99,124.3,393.7,629.5,583.0,0.0,0.0,2088.24,17.3,Low
SCEN_04,Premium Service Level (99%),FC-East,SKU-ELEC-004,Braided HDMI 2.1 Ultra High Speed Cable,Electronics,7.5,19.99,60.91,9.0,0.99,277.0,825.2,1251.6,3832.0,0.0,0.0,2077.5,62.9,Low
SCEN_04,Premium Service Level (99%),FC-West,SKU-HOME-005,Organic Bamboo Cutting Board 3-Piece Set,Home & Kitchen,12.0,29.99,32.08,8.0,0.99,115.3,371.9,596.5,540.0,0.0,0.0,1383.6,16.8,Low
SCEN_04,Premium Service Level (99%),FC-West,SKU-HOME-001,Cast Iron Pre-Seasoned Skillet 12-Inch,Home & Kitchen,16.8,39.99,30.36,8.0,0.99,115.0,357.9,570.4,556.0,0.0,0.0,1932.0,18.3,Low
SCEN_04,Premium Service Level (99%),FC-East,SKU-GROC-004,Organic Ceremonial Grade Matcha Green Tea 100g,Grocery & Pantry,12.2,29.99,45.43,5.0,0.99,118.9,346.1,664.1,861.0,0.0,0.0,1450.58,19.0,Low
SCEN_04,Premium Service Level (99%),FC-Central,SKU-ELEC-009,Specialty Motherboard Replacement Capacitor Pack,Electronics,15.0,45.0,2.65,9.0,0.99,33.5,57.3,75.9,168.0,0.0,0.0,502.5,63.4,Low
SCEN_04,Premium Service Level (99%),FC-East,SKU-ELEC-009,Specialty Motherboard Replacement Capacitor Pack,Electronics,15.0,45.0,3.19,9.0,0.99,41.9,70.6,92.9,80.0,0.0,0.0,628.5,25.1,Low
SCEN_04,Premium Service Level (99%),FC-Central,SKU-HOME-009,Commercial Heavy Duty Stand Mixer Motor Assembly,Home & Kitchen,68.0,159.0,1.75,8.0,0.99,25.5,39.5,51.8,46.0,0.0,0.0,1734.0,26.3,Low
SCEN_04,Premium Service Level (99%),FC-Central,SKU-APPR-009,Custom Embroidered Alpine Ski Racing Bib,Apparel,48.0,120.0,1.53,10.0,0.99,20.8,36.1,46.8,32.0,15.0,720.0,998.4,20.9,Medium
SCEN_04,Premium Service Level (99%),FC-East,SKU-HLTH-009,Medical Grade Continuous Glucose Sensor Transmitter,Health & Care,82.0,185.0,2.5,7.0,0.99,26.3,43.8,61.3,55.0,0.0,0.0,2156.6,22.0,Low
SCEN_04,Premium Service Level (99%),FC-East,SKU-HOME-009,Commercial Heavy Duty Stand Mixer Motor Assembly,Home & Kitchen,68.0,159.0,2.03,8.0,0.99,27.8,44.0,58.2,109.0,0.0,0.0,1890.4,53.7,Low
SCEN_04,Premium Service Level (99%),FC-East,SKU-GROC-009,Bulk Food Grade Citric Acid Crystals 50 lb Sack,Grocery & Pantry,38.0,75.65,3.41,5.0,0.99,31.3,48.4,72.2,186.0,0.0,0.0,1189.4,54.5,Low
SCEN_04,Premium Service Level (99%),FC-West,SKU-HLTH-009,Medical Grade Continuous Glucose Sensor Transmitter,Health & Care,82.0,185.0,2.65,7.0,0.99,27.0,45.5,64.1,60.0,0.0,0.0,2214.0,22.6,Low
SCEN_04,Premium Service Level (99%),FC-West,SKU-HOME-009,Commercial Heavy Duty Stand Mixer Motor Assembly,Home & Kitchen,68.0,159.0,2.24,8.0,0.99,27.0,44.9,60.6,50.0,0.0,0.0,1836.0,22.3,Low
SCEN_04,Premium Service Level (99%),FC-Central,SKU-GROC-009,Bulk Food Grade Citric Acid Crystals 50 lb Sack,Grocery & Pantry,38.0,75.65,2.22,5.0,0.99,20.9,32.0,47.5,130.0,0.0,0.0,794.2,58.6,Low
SCEN_04,Premium Service Level (99%),FC-Central,SKU-APPR-007,Vintage Low-Rise Bootcut Denim Jeans,Apparel,23.0,54.99,6.86,10.0,0.99,39.1,107.7,155.7,114.0,0.0,0.0,899.3,16.6,Low
SCEN_04,Premium Service Level (99%),FC-West,SKU-HOME-004,Digital Instant-Read Meat Thermometer,Home & Kitchen,7.2,18.99,21.74,8.0,0.99,85.4,259.3,411.5,1255.0,0.0,0.0,614.88,57.7,Low
SCEN_04,Premium Service Level (99%),FC-Central,SKU-HLTH-005,Elderberry Immune Support Syrup with Vitamin C 8oz,Health & Care,7.4,19.99,66.66,7.0,0.99,242.9,709.5,1176.1,1017.0,0.0,0.0,1797.46,15.3,Low
SCEN_04,Premium Service Level (99%),FC-Central,SKU-GROC-005,Artisanal Holiday Spiced Hot Cocoa Mix 500g,Grocery & Pantry,5.6,14.99,87.82,5.0,0.99,301.4,740.5,1355.2,5368.0,0.0,0.0,1687.84,61.1,Low
SCEN_04,Premium Service Level (99%),FC-East,SKU-APPR-007,Vintage Low-Rise Bootcut Denim Jeans,Apparel,23.0,54.99,10.59,10.0,0.99,63.7,169.6,243.7,214.0,0.0,0.0,1465.1,20.2,Low
SCEN_04,Premium Service Level (99%),FC-East,SKU-GROC-008,Gourmet Dark Chocolate Sea Salt Truffles Gift Box,Grocery & Pantry,9.9,24.99,74.26,5.0,0.99,257.9,629.2,1149.0,1070.0,0.0,0.0,2553.21,14.4,Low
SCEN_04,Premium Service Level (99%),FC-East,SKU-GROC-010,Imported White Truffle Infused Olive Oil Reserve 250ml,Grocery & Pantry,29.0,64.99,8.11,5.0,0.99,33.2,73.8,130.5,476.0,0.0,0.0,962.8,58.7,Low
SCEN_04,Premium Service Level (99%),FC-East,SKU-GROC-005,Artisanal Holiday Spiced Hot Cocoa Mix 500g,Grocery & Pantry,5.6,14.99,99.81,5.0,0.99,319.9,819.0,1517.6,1444.0,0.0,0.0,1791.44,14.5,Low
SCEN_04,Premium Service Level (99%),FC-West,SKU-HLTH-005,Elderberry Immune Support Syrup with Vitamin C 8oz,Health & Care,7.4,19.99,89.52,7.0,0.99,319.1,945.7,1572.4,1277.0,0.0,0.0,2361.34,14.3,Low
SCEN_04,Premium Service Level (99%),FC-West,SKU-APPR-007,Vintage Low-Rise Bootcut Denim Jeans,Apparel,23.0,54.99,9.1,10.0,0.99,55.0,146.0,209.7,214.0,0.0,0.0,1265.0,23.5,Low
SCEN_04,Premium Service Level (99%),FC-East,SKU-HLTH-005,Elderberry Immune Support Syrup with Vitamin C 8oz,Health & Care,7.4,19.99,69.06,7.0,0.99,281.7,765.1,1248.5,3749.0,0.0,0.0,2084.58,54.3,Low
SCEN_04,Premium Service Level (99%),FC-East,SKU-HOME-004,Digital Instant-Read Meat Thermometer,Home & Kitchen,7.2,18.99,28.49,8.0,0.99,117.1,345.0,544.4,576.0,0.0,0.0,843.12,20.2,Low
SCEN_04,Premium Service Level (99%),FC-West,SKU-GROC-008,Gourmet Dark Chocolate Sea Salt Truffles Gift Box,Grocery & Pantry,9.9,24.99,87.2,5.0,0.99,348.6,784.6,1395.0,2273.0,0.0,0.0,3451.14,26.1,Low
SCEN_04,Premium Service Level (99%),FC-Central,SKU-ELEC-007,Micro-USB Legacy Charging Cable 2m,Electronics,3.1,8.99,9.43,9.0,0.99,46.7,131.6,197.6,165.0,0.0,0.0,144.77,17.5,Low
SCEN_04,Premium Service Level (99%),FC-Central,SKU-HLTH-007,Alcohol Hand Sanitizer Gel Discontinued Formula 500ml,Health & Care,2.5,6.99,8.33,7.0,0.99,34.5,92.8,151.1,172.0,0.0,0.0,86.25,20.6,Low
SCEN_04,Premium Service Level (99%),FC-East,SKU-GROC-007,Artificially Flavored Breakfast Cereal Marshmallow 18oz,Grocery & Pantry,2.2,5.49,18.38,5.0,0.99,45.9,137.8,266.5,318.0,0.0,0.0,100.98,17.3,Low
SCEN_04,Premium Service Level (99%),FC-Central,SKU-GROC-007,Artificially Flavored Breakfast Cereal Marshmallow 18oz,Grocery & Pantry,2.2,5.49,12.05,5.0,0.99,34.0,94.2,178.6,272.0,0.0,0.0,74.8,22.6,Low
SCEN_04,Premium Service Level (99%),FC-East,SKU-HLTH-007,Alcohol Hand Sanitizer Gel Discontinued Formula 500ml,Health & Care,2.5,6.99,11.32,7.0,0.99,45.7,124.9,204.2,729.0,0.0,0.0,114.25,64.4,Low
SCEN_04,Premium Service Level (99%),FC-East,SKU-HOME-007,Countertop Citrus Juicer Manual Press,Home & Kitchen,9.5,22.99,8.61,8.0,0.99,34.3,103.2,163.4,172.0,0.0,0.0,325.85,20.0,Low
SCEN_04,Premium Service Level (99%),FC-West,SKU-GROC-007,Artificially Flavored Breakfast Cereal Marshmallow 18oz,Grocery & Pantry,2.2,5.49,16.24,5.0,0.99,43.5,124.7,238.4,345.0,0.0,0.0,95.7,21.2,Low
SCEN_04,Premium Service Level (99%),FC-West,SKU-HLTH-007,Alcohol Hand Sanitizer Gel Discontinued Formula 500ml,Health & Care,2.5,6.99,10.28,7.0,0.99,40.4,112.4,184.3,189.0,0.0,0.0,101.0,18.4,Low
SCEN_04,Premium Service Level (99%),FC-West,SKU-HLTH-006,Natural Sulfate-Free Restorative Hair Mask 250ml,Health & Care,9.2,24.99,34.97,7.0,0.99,116.1,360.9,605.7,861.0,0.0,0.0,1068.12,24.6,Low
SCEN_04,Premium Service Level (99%),FC-West,SKU-HOME-007,Countertop Citrus Juicer Manual Press,Home & Kitchen,9.5,22.99,7.6,8.0,0.99,34.5,95.3,148.5,151.0,0.0,0.0,327.75,19.9,Low
SCEN_05,Volatility Shock (CV +30%),FC-Central,SKU-APPR-008,Fleece-Lined Thermal Baselayer Leggings,Apparel,13.8,34.99,75.2,10.0,0.95,332.3,1084.3,1610.7,218.0,1393.0,19223.4,4585.74,2.9,Critical
SCEN_05,Volatility Shock (CV +30%),FC-Central,SKU-GROC-006,Electrolyte Enhanced Sparkling Mineral Water (24-Pack),Grocery & Pantry,11.8,26.99,37.62,5.0,0.95,76.6,264.7,528.0,99.0,429.0,5062.2,903.88,2.6,Critical
SCEN_05,Volatility Shock (CV +30%),FC-East,SKU-ELEC-003,Smart Home Environmental Sensor Hub,Electronics,36.0,79.99,26.12,9.0,0.95,95.8,330.9,513.7,68.0,446.0,16056.0,3448.8,2.6,Critical
SCEN_05,Volatility Shock (CV +30%),FC-Central,SKU-GROC-001,Organic Whole Bean Espresso Roast 2 lb,Grocery & Pantry,9.2,21.99,60.29,5.0,0.95,100.8,402.2,824.3,110.0,714.0,6568.8,927.36,1.8,Critical
SCEN_05,Volatility Shock (CV +30%),FC-Central,SKU-APPR-006,Lightweight UV Sun Protection Fishing Hoodie,Apparel,16.5,42.99,20.58,10.0,0.95,90.6,296.4,440.5,68.0,372.0,6138.0,1494.9,3.3,High
SCEN_05,Volatility Shock (CV +30%),FC-Central,SKU-APPR-003,Breathable Quick-Dry Athletic Shorts,Apparel,11.2,29.99,34.15,10.0,0.95,143.4,484.9,723.9,193.0,531.0,5947.2,1606.08,5.7,High
SCEN_05,Volatility Shock (CV +30%),FC-East,SKU-HLTH-010,Clinical LED Infrared Facial Rejuvenation Mask,Health & Care,98.0,229.99,7.92,7.0,0.95,34.4,89.8,145.3,41.0,104.0,10192.0,3371.2,5.2,High
SCEN_05,Volatility Shock (CV +30%),FC-West,SKU-APPR-010,Full-Grain Italian Leather Travel Duffel,Apparel,135.0,289.99,6.58,10.0,0.95,44.6,110.4,156.5,43.0,114.0,15390.0,6021.0,6.5,High
SCEN_05,Volatility Shock (CV +30%),FC-West,SKU-APPR-006,Lightweight UV Sun Protection Fishing Hoodie,Apparel,16.5,42.99,32.75,10.0,0.95,138.8,466.3,695.5,137.0,558.0,9207.0,2290.2,4.2,High
SCEN_05,Volatility Shock (CV +30%),FC-East,SKU-APPR-008,Fleece-Lined Thermal Baselayer Leggings,Apparel,13.8,34.99,89.95,10.0,0.95,419.5,1319.0,1948.7,448.0,1501.0,20713.8,5789.1,5.0,High
SCEN_05,Volatility Shock (CV +30%),FC-Central,SKU-HLTH-010,Clinical LED Infrared Facial Rejuvenation Mask,Health & Care,98.0,229.99,5.54,7.0,0.95,28.0,66.8,105.6,35.0,71.0,6958.0,2744.0,6.3,High
SCEN_05,Volatility Shock (CV +30%),FC-West,SKU-HLTH-010,Clinical LED Infrared Facial Rejuvenation Mask,Health & Care,98.0,229.99,8.02,7.0,0.95,42.2,98.3,154.5,45.0,110.0,10780.0,4135.6,5.6,High
SCEN_05,Volatility Shock (CV +30%),FC-West,SKU-ELEC-008,4K Ultra-HD Streaming Media Player,Electronics,22.0,42.49,79.46,9.0,0.95,332.7,1047.8,1604.1,463.0,1141.0,25102.0,7319.4,5.8,High
SCEN_05,Volatility Shock (CV +30%),FC-West,SKU-APPR-003,Breathable Quick-Dry Athletic Shorts,Apparel,11.2,29.99,48.79,10.0,0.95,195.8,683.7,1025.2,244.0,781.0,8747.2,2192.96,5.0,High
SCEN_05,Volatility Shock (CV +30%),FC-Central,SKU-HOME-002,Stainless Steel Thermal Travel Mug 16oz,Home & Kitchen,9.8,24.99,70.1,8.0,0.95,200.0,760.8,1251.5,396.0,856.0,8388.8,1960.0,5.6,High
SCEN_05,Volatility Shock (CV +30%),FC-Central,SKU-HLTH-003,Grass-Fed Hydrolyzed Collagen Peptides Powder 1 lb,Health & Care,15.5,36.99,39.0,7.0,0.95,95.8,368.8,641.8,209.0,433.0,6711.5,1484.9,5.4,High
SCEN_05,Volatility Shock (CV +30%),FC-East,SKU-GROC-002,Raw California Organic Almonds Unsalted 3 lb,Grocery & Pantry,8.0,18.49,65.56,5.0,0.95,114.3,442.1,901.0,179.0,722.0,5776.0,914.4,2.7,Critical
SCEN_05,Volatility Shock (CV +30%),FC-East,SKU-GROC-003,Extra Virgin Cold-Pressed Olive Oil 1 Liter,Grocery & Pantry,8.5,19.99,69.5,5.0,0.95,126.8,474.3,960.8,190.0,771.0,6553.5,1077.8,2.7,Critical
SCEN_05,Volatility Shock (CV +30%),FC-West,SKU-ELEC-002,Ultra-Fast USB-C GaN Charger 65W,Electronics,14.2,34.99,44.9,9.0,0.95,151.8,555.9,870.2,139.0,731.0,10380.2,2155.56,3.1,High
SCEN_05,Volatility Shock (CV +30%),FC-East,SKU-GROC-001,Organic Whole Bean Espresso Roast 2 lb,Grocery & Pantry,9.2,21.99,88.58,5.0,0.95,159.6,602.5,1222.6,514.0,709.0,6522.8,1468.32,5.8,High
SCEN_05,Volatility Shock (CV +30%),FC-West,SKU-GROC-004,Organic Ceremonial Grade Matcha Green Tea 100g,Grocery & Pantry,12.2,29.99,41.42,5.0,0.95,91.0,298.1,588.0,106.0,482.0,5880.4,1110.2,2.6,Critical
SCEN_05,Volatility Shock (CV +30%),FC-West,SKU-APPR-001,Men's Classic Cotton Crewneck T-Shirt 3-Pack,Apparel,10.5,23.79,59.81,10.0,0.95,236.0,834.1,1252.8,236.0,1017.0,10678.5,2478.0,3.9,High
SCEN_05,Volatility Shock (CV +30%),FC-West,SKU-HLTH-001,Daily Multivitamin Formula with Zinc & D3 (90 Count),Health & Care,8.9,22.99,64.88,7.0,0.95,149.9,604.1,1058.2,258.0,800.0,7120.0,1334.11,4.0,High
SCEN_05,Volatility Shock (CV +30%),FC-West,SKU-HLTH-003,Grass-Fed Hydrolyzed Collagen Peptides Powder 1 lb,Health & Care,15.5,36.99,49.97,7.0,0.95,127.3,477.1,826.9,252.0,575.0,8912.5,1973.15,5.0,High
SCEN_05,Volatility Shock (CV +30%),FC-West,SKU-GROC-009,Bulk Food Grade Citric Acid Crystals 50 lb Sack,Grocery & Pantry,38.0,75.65,3.0,5.0,0.95,24.8,39.8,60.8,5.0,56.0,2128.0,942.4,1.7,Critical
SCEN_05,Volatility Shock (CV +30%),FC-East,SKU-APPR-009,Custom Embroidered Alpine Ski Racing Bib,Apparel,48.0,120.0,2.54,10.0,0.95,30.2,55.6,73.4,6.0,67.0,3216.0,1449.6,2.4,Critical
SCEN_05,Volatility Shock (CV +30%),FC-Central,SKU-APPR-002,Down-Alternative Insulated Winter Puffer Jacket,Apparel,62.0,149.99,54.31,10.0,0.95,264.6,807.7,1187.9,687.0,501.0,31062.0,16405.2,12.6,Medium
SCEN_05,Volatility Shock (CV +30%),FC-Central,SKU-APPR-005,Water-Resistant Commuter Backpack with Laptop Sleeve,Apparel,28.5,59.49,22.71,10.0,0.95,95.9,323.0,482.0,306.0,176.0,5016.0,2733.15,13.5,Medium
SCEN_05,Volatility Shock (CV +30%),FC-West,SKU-HOME-010,Automatic Touchless Stainless Trash Can 13 Gal,Home & Kitchen,33.0,74.99,12.33,8.0,0.95,47.5,146.1,232.4,38.0,194.0,6402.0,1567.5,3.1,High
SCEN_05,Volatility Shock (CV +30%),FC-West,SKU-HLTH-002,Mineral Broad-Spectrum Sunscreen Lotion SPF 50 6oz,Health & Care,6.8,17.99,46.73,7.0,0.95,133.2,460.3,787.4,225.0,562.0,3821.6,905.76,4.8,High
SCEN_05,Volatility Shock (CV +30%),FC-Central,SKU-GROC-008,Gourmet Dark Chocolate Sea Salt Truffles Gift Box,Grocery & Pantry,9.9,24.99,65.82,5.0,0.95,185.9,515.0,975.7,175.0,801.0,7929.9,1840.41,2.7,Critical
SCEN_05,Volatility Shock (CV +30%),FC-West,SKU-GROC-010,Imported White Truffle Infused Olive Oil Reserve 250ml,Grocery & Pantry,29.0,64.99,8.18,5.0,0.95,33.6,74.5,131.8,22.0,110.0,3190.0,974.4,2.7,Critical
SCEN_05,Volatility Shock (CV +30%),FC-East,SKU-APPR-002,Down-Alternative Insulated Winter Puffer Jacket,Apparel,62.0,149.99,95.53,10.0,0.95,417.0,1372.3,2041.0,1147.0,894.0,55428.0,25854.0,12.0,Medium
SCEN_05,Volatility Shock (CV +30%),FC-East,SKU-APPR-010,Full-Grain Italian Leather Travel Duffel,Apparel,135.0,289.99,6.68,10.0,0.95,47.9,114.7,161.5,85.0,76.0,10260.0,6466.5,12.7,Medium
SCEN_05,Volatility Shock (CV +30%),FC-Central,SKU-HOME-004,Digital Instant-Read Meat Thermometer,Home & Kitchen,7.2,18.99,17.05,8.0,0.95,60.5,196.9,316.2,48.0,268.0,1929.6,435.6,2.8,Critical
SCEN_05,Volatility Shock (CV +30%),FC-East,SKU-HLTH-004,Sonic Electric Toothbrush Replacement Heads (4-Pack),Health & Care,10.5,29.99,45.49,7.0,0.95,111.7,430.1,748.6,304.0,445.0,4672.5,1172.85,6.7,High
SCEN_05,Volatility Shock (CV +30%),FC-Central,SKU-HLTH-006,Natural Sulfate-Free Restorative Hair Mask 250ml,Health & Care,9.2,24.99,26.95,7.0,0.95,75.7,264.4,453.0,64.0,389.0,3578.8,696.44,2.4,Critical
SCEN_05,Volatility Shock (CV +30%),FC-Central,SKU-GROC-004,Organic Ceremonial Grade Matcha Green Tea 100g,Grocery & Pantry,12.2,29.99,31.61,5.0,0.95,64.7,222.8,444.0,138.0,306.0,3733.2,789.34,4.4,High
SCEN_05,Volatility Shock (CV +30%),FC-West,SKU-ELEC-007,Micro-USB Legacy Charging Cable 2m,Electronics,3.1,8.99,12.04,9.0,0.95,47.4,155.8,240.0,19.0,221.0,685.1,146.94,1.6,Critical
SCEN_05,Volatility Shock (CV +30%),FC-East,SKU-APPR-004,Seamless Moisture-Wicking Merino Wool Running Socks,Apparel,6.1,16.99,79.56,10.0,0.95,305.0,1100.6,1657.5,392.0,1266.0,7722.6,1860.5,4.9,High
SCEN_05,Volatility Shock (CV +30%),FC-West,SKU-GROC-002,Raw California Organic Almonds Unsalted 3 lb,Grocery & Pantry,8.0,18.49,56.42,5.0,0.95,99.1,381.2,776.1,212.0,564.0,4512.0,792.8,3.8,High
SCEN_05,Volatility Shock (CV +30%),FC-West,SKU-APPR-004,Seamless Moisture-Wicking Merino Wool Running Socks,Apparel,6.1,16.99,69.61,10.0,0.95,256.1,952.2,1439.5,322.0,1118.0,6819.8,1562.21,4.6,High
SCEN_05,Volatility Shock (CV +30%),FC-West,SKU-HOME-003,Airtight Glass Food Storage Containers (Set of 8),Home & Kitchen,19.5,44.99,31.97,8.0,0.95,86.9,342.7,566.4,134.0,432.0,8424.0,1694.55,4.2,High
SCEN_05,Volatility Shock (CV +30%),FC-West,SKU-GROC-005,Artisanal Holiday Spiced Hot Cocoa Mix 500g,Grocery & Pantry,5.6,14.99,87.91,5.0,0.95,237.4,676.9,1292.3,459.0,833.0,4664.8,1329.44,5.2,High
SCEN_05,Volatility Shock (CV +30%),FC-Central,SKU-HOME-007,Countertop Citrus Juicer Manual Press,Home & Kitchen,9.5,22.99,5.94,8.0,0.95,20.5,68.0,109.6,25.0,85.0,807.5,194.75,4.2,High
SCEN_05,Volatility Shock (CV +30%),FC-East,SKU-ELEC-007,Micro-USB Legacy Charging Cable 2m,Electronics,3.1,8.99,13.31,9.0,0.95,53.2,173.0,266.2,85.0,181.0,561.1,164.92,6.4,High
SCEN_05,Volatility Shock (CV +30%),FC-East,SKU-HLTH-006,Natural Sulfate-Free Restorative Hair Mask 250ml,Health & Care,9.2,24.99,38.72,7.0,0.95,104.2,375.2,646.3,215.0,431.0,3965.2,958.64,5.6,High
SCEN_05,Volatility Shock (CV +30%),FC-West,SKU-HOME-008,Non-Stick 10-Piece Baking Sheet Set,Home & Kitchen,21.0,49.99,68.99,8.0,0.95,234.6,786.5,1269.4,928.0,0.0,0.0,4926.6,13.5,Medium
SCEN_05,Volatility Shock (CV +30%),FC-West,SKU-APPR-009,Custom Embroidered Alpine Ski Racing Bib,Apparel,48.0,120.0,2.49,10.0,0.95,29.5,54.4,71.8,39.0,33.0,1584.0,1416.0,15.7,Medium
SCEN_05,Volatility Shock (CV +30%),FC-West,SKU-ELEC-009,Specialty Motherboard Replacement Capacitor Pack,Electronics,15.0,45.0,3.01,9.0,0.95,36.8,63.9,85.0,41.0,44.0,660.0,552.0,13.6,Medium
SCEN_05,Volatility Shock (CV +30%),FC-Central,SKU-HLTH-009,Medical Grade Continuous Glucose Sensor Transmitter,Health & Care,82.0,185.0,2.0,7.0,0.95,20.1,34.1,48.1,25.0,23.0,1886.0,1648.2,12.5,Medium
SCEN_05,Volatility Shock (CV +30%),FC-East,SKU-HLTH-003,Grass-Fed Hydrolyzed Collagen Peptides Powder 1 lb,Health & Care,15.5,36.99,58.64,7.0,0.95,148.2,558.7,969.2,793.0,0.0,0.0,2297.1,13.5,Medium
SCEN_05,Volatility Shock (CV +30%),FC-East,SKU-APPR-001,Men's Classic Cotton Crewneck T-Shirt 3-Pack,Apparel,10.5,23.79,65.02,10.0,0.95,235.0,885.2,1340.3,877.0,463.0,4861.5,2467.5,13.5,Medium
SCEN_05,Volatility Shock (CV +30%),FC-Central,SKU-ELEC-001,Pro Wireless Noise-Canceling Earbuds,Electronics,58.5,129.99,28.05,9.0,0.95,96.9,349.4,545.7,347.0,199.0,11641.5,5668.65,12.4,Medium
SCEN_05,Volatility Shock (CV +30%),FC-West,SKU-HOME-002,Stainless Steel Thermal Travel Mug 16oz,Home & Kitchen,9.8,24.99,80.16,8.0,0.95,239.9,881.2,1442.3,1175.0,0.0,0.0,2351.02,14.7,Low
SCEN_05,Volatility Shock (CV +30%),FC-West,SKU-HOME-006,HEPA Air Purifier Compact Room Model,Home & Kitchen,42.0,89.99,51.58,8.0,0.95,148.0,560.6,921.7,1126.0,0.0,0.0,6216.0,21.8,Low
SCEN_05,Volatility Shock (CV +30%),FC-West,SKU-ELEC-010,Enterprise High-Resolution Studio Microphone,Electronics,115.0,249.99,7.79,9.0,0.95,36.6,106.7,161.2,111.0,0.0,0.0,4209.0,14.2,Low
SCEN_05,Volatility Shock (CV +30%),FC-West,SKU-ELEC-005,Mechanical Gaming Keyboard RGB,Electronics,52.0,109.99,58.23,9.0,0.95,228.7,752.8,1160.4,1132.0,0.0,0.0,11892.4,19.4,Low
SCEN_05,Volatility Shock (CV +30%),FC-West,SKU-APPR-008,Fleece-Lined Thermal Baselayer Leggings,Apparel,13.8,34.99,75.65,10.0,0.95,351.9,1108.4,1638.0,1351.0,0.0,0.0,4856.22,17.9,Low
SCEN_05,Volatility Shock (CV +30%),FC-East,SKU-HOME-006,HEPA Air Purifier Compact Room Model,Home & Kitchen,42.0,89.99,46.58,8.0,0.95,149.4,522.0,848.1,2959.0,0.0,0.0,6274.8,63.5,Low
SCEN_05,Volatility Shock (CV +30%),FC-West,SKU-ELEC-006,Portable Bluetooth Rugged Speaker,Electronics,26.5,59.99,21.08,9.0,0.95,84.5,274.2,421.8,381.0,0.0,0.0,2239.25,18.1,Low
SCEN_05,Volatility Shock (CV +30%),FC-West,SKU-APPR-005,Water-Resistant Commuter Backpack with Laptop Sleeve,Apparel,28.5,59.49,32.76,10.0,0.95,148.4,476.0,705.3,586.0,0.0,0.0,4229.4,17.9,Low
SCEN_05,Volatility Shock (CV +30%),FC-East,SKU-APPR-005,Water-Resistant Commuter Backpack with Laptop Sleeve,Apparel,28.5,59.49,45.26,10.0,0.95,184.1,636.7,953.5,990.0,0.0,0.0,5246.85,21.9,Low
SCEN_05,Volatility Shock (CV +30%),FC-East,SKU-APPR-006,Lightweight UV Sun Protection Fishing Hoodie,Apparel,16.5,42.99,28.68,10.0,0.95,133.9,420.7,621.5,590.0,0.0,0.0,2209.35,20.6,Low
SCEN_05,Volatility Shock (CV +30%),FC-Central,SKU-ELEC-010,Enterprise High-Resolution Studio Microphone,Electronics,115.0,249.99,6.17,9.0,0.95,33.3,88.8,132.0,133.0,0.0,0.0,3829.5,21.6,Low
SCEN_05,Volatility Shock (CV +30%),FC-Central,SKU-ELEC-005,Mechanical Gaming Keyboard RGB,Electronics,52.0,109.99,37.74,9.0,0.95,153.8,493.5,757.6,565.0,0.0,0.0,7997.6,15.0,Low
SCEN_05,Volatility Shock (CV +30%),FC-Central,SKU-APPR-010,Full-Grain Italian Leather Travel Duffel,Apparel,135.0,289.99,4.81,10.0,0.95,32.0,80.1,113.8,83.0,0.0,0.0,4320.0,17.3,Low
SCEN_05,Volatility Shock (CV +30%),FC-Central,SKU-ELEC-006,Portable Bluetooth Rugged Speaker,Electronics,26.5,59.99,18.6,9.0,0.95,65.8,233.2,363.4,363.0,0.0,0.0,1743.7,19.5,Low
SCEN_05,Volatility Shock (CV +30%),FC-Central,SKU-ELEC-008,4K Ultra-HD Streaming Media Player,Electronics,22.0,42.49,58.19,9.0,0.95,238.3,762.0,1169.3,3560.0,0.0,0.0,5242.6,61.2,Low
SCEN_05,Volatility Shock (CV +30%),FC-West,SKU-GROC-006,Electrolyte Enhanced Sparkling Mineral Water (24-Pack),Grocery & Pantry,11.8,26.99,46.73,5.0,0.95,97.7,331.3,658.5,835.0,0.0,0.0,1152.86,17.9,Low
SCEN_05,Volatility Shock (CV +30%),FC-East,SKU-GROC-006,Electrolyte Enhanced Sparkling Mineral Water (24-Pack),Grocery & Pantry,11.8,26.99,40.09,5.0,0.95,110.9,311.4,592.0,883.0,0.0,0.0,1308.62,22.0,Low
SCEN_05,Volatility Shock (CV +30%),FC-East,SKU-ELEC-005,Mechanical Gaming Keyboard RGB,Electronics,52.0,109.99,59.82,9.0,0.95,255.2,793.6,1212.3,1316.0,0.0,0.0,13270.4,22.0,Low
SCEN_05,Volatility Shock (CV +30%),FC-West,SKU-APPR-002,Down-Alternative Insulated Winter Puffer Jacket,Apparel,62.0,149.99,57.32,10.0,0.95,297.6,870.8,1272.0,989.0,0.0,0.0,18451.2,17.3,Low
SCEN_05,Volatility Shock (CV +30%),FC-East,SKU-HOME-008,Non-Stick 10-Piece Baking Sheet Set,Home & Kitchen,21.0,49.99,78.97,8.0,0.95,277.7,909.5,1462.2,1769.0,0.0,0.0,5831.7,22.4,Low
SCEN_05,Volatility Shock (CV +30%),FC-East,SKU-HOME-002,Stainless Steel Thermal Travel Mug 16oz,Home & Kitchen,9.8,24.99,114.36,8.0,0.95,323.1,1238.0,2038.5,2582.0,0.0,0.0,3166.38,22.6,Low
SCEN_05,Volatility Shock (CV +30%),FC-Central,SKU-HOME-006,HEPA Air Purifier Compact Room Model,Home & Kitchen,42.0,89.99,35.99,8.0,0.95,110.5,398.4,650.4,580.0,0.0,0.0,4641.0,16.1,Low
SCEN_05,Volatility Shock (CV +30%),FC-East,SKU-APPR-003,Breathable Quick-Dry Athletic Shorts,Apparel,11.2,29.99,49.75,10.0,0.95,219.8,717.3,1065.5,2591.0,0.0,0.0,2461.76,52.1,Low
SCEN_05,Volatility Shock (CV +30%),FC-Central,SKU-HOME-008,Non-Stick 10-Piece Baking Sheet Set,Home & Kitchen,21.0,49.99,43.12,8.0,0.95,153.9,498.9,800.7,852.0,0.0,0.0,3231.9,19.8,Low
SCEN_05,Volatility Shock (CV +30%),FC-East,SKU-ELEC-008,4K Ultra-HD Streaming Media Player,Electronics,22.0,42.49,91.89,9.0,0.95,364.7,1191.7,1834.9,1453.0,0.0,0.0,8023.4,15.8,Low
SCEN_05,Volatility Shock (CV +30%),FC-East,SKU-ELEC-010,Enterprise High-Resolution Studio Microphone,Electronics,115.0,249.99,9.0,9.0,0.95,45.0,126.0,189.0,163.0,0.0,0.0,5175.0,18.1,Low
SCEN_05,Volatility Shock (CV +30%),FC-East,SKU-ELEC-006,Portable Bluetooth Rugged Speaker,Electronics,26.5,59.99,24.42,9.0,0.95,87.6,307.4,478.3,429.0,0.0,0.0,2321.4,17.6,Low
SCEN_05,Volatility Shock (CV +30%),FC-Central,SKU-ELEC-002,Ultra-Fast USB-C GaN Charger 65W,Electronics,14.2,34.99,34.7,9.0,0.95,117.1,429.4,672.3,2235.0,0.0,0.0,1662.82,64.4,Low
SCEN_05,Volatility Shock (CV +30%),FC-Central,SKU-APPR-001,Men's Classic Cotton Crewneck T-Shirt 3-Pack,Apparel,10.5,23.79,45.92,10.0,0.95,170.0,629.2,950.6,1151.0,0.0,0.0,1785.0,25.1,Low
SCEN_05,Volatility Shock (CV +30%),FC-West,SKU-ELEC-003,Smart Home Environmental Sensor Hub,Electronics,36.0,79.99,23.15,9.0,0.95,81.5,289.9,451.9,447.0,0.0,0.0,2934.0,19.3,Low
SCEN_05,Volatility Shock (CV +30%),FC-West,SKU-ELEC-001,Pro Wireless Noise-Canceling Earbuds,Electronics,58.5,129.99,37.4,9.0,0.95,131.3,467.9,729.7,590.0,0.0,0.0,7681.05,15.8,Low
SCEN_05,Volatility Shock (CV +30%),FC-Central,SKU-ELEC-003,Smart Home Environmental Sensor Hub,Electronics,36.0,79.99,18.86,9.0,0.95,68.5,238.2,370.3,267.0,0.0,0.0,2466.0,14.2,Low
SCEN_05,Volatility Shock (CV +30%),FC-East,SKU-ELEC-002,Ultra-Fast USB-C GaN Charger 65W,Electronics,14.2,34.99,51.42,9.0,0.95,172.6,635.4,995.3,994.0,0.0,0.0,2450.92,19.3,Low
SCEN_05,Volatility Shock (CV +30%),FC-East,SKU-ELEC-001,Pro Wireless Noise-Canceling Earbuds,Electronics,58.5,129.99,42.46,9.0,0.95,143.5,525.6,822.9,790.0,0.0,0.0,8394.75,18.6,Low
SCEN_05,Volatility Shock (CV +30%),FC-Central,SKU-HLTH-001,Daily Multivitamin Formula with Zinc & D3 (90 Count),Health & Care,8.9,22.99,49.89,7.0,0.95,118.6,467.8,817.1,1095.0,0.0,0.0,1055.54,21.9,Low
SCEN_05,Volatility Shock (CV +30%),FC-East,SKU-HLTH-001,Daily Multivitamin Formula with Zinc & D3 (90 Count),Health & Care,8.9,22.99,76.2,7.0,0.95,173.9,707.3,1240.7,1442.0,0.0,0.0,1547.71,18.9,Low
SCEN_05,Volatility Shock (CV +30%),FC-West,SKU-GROC-001,Organic Whole Bean Espresso Roast 2 lb,Grocery & Pantry,9.2,21.99,78.19,5.0,0.95,138.8,529.8,1077.1,1608.0,0.0,0.0,1276.96,20.6,Low
SCEN_05,Volatility Shock (CV +30%),FC-East,SKU-HLTH-008,Aromatherapy Ultrasonic Essential Oil Diffuser,Health & Care,16.0,39.99,54.45,7.0,0.95,193.9,575.1,956.2,2886.0,0.0,0.0,3102.4,53.0,Low
SCEN_05,Volatility Shock (CV +30%),FC-West,SKU-HLTH-008,Aromatherapy Ultrasonic Essential Oil Diffuser,Health & Care,16.0,39.99,50.49,7.0,0.95,162.4,515.8,869.3,1286.0,0.0,0.0,2598.4,25.5,Low
SCEN_05,Volatility Shock (CV +30%),FC-Central,SKU-HLTH-002,Mineral Broad-Spectrum Sunscreen Lotion SPF 50 6oz,Health & Care,6.8,17.99,24.68,7.0,0.95,114.5,287.3,460.0,1383.0,0.0,0.0,778.6,56.0,Low
SCEN_05,Volatility Shock (CV +30%),FC-East,SKU-HLTH-002,Mineral Broad-Spectrum Sunscreen Lotion SPF 50 6oz,Health & Care,6.8,17.99,49.48,7.0,0.95,181.6,528.0,874.3,790.0,0.0,0.0,1234.88,16.0,Low
SCEN_05,Volatility Shock (CV +30%),FC-Central,SKU-HLTH-008,Aromatherapy Ultrasonic Essential Oil Diffuser,Health & Care,16.0,39.99,47.13,7.0,0.95,139.9,469.8,799.7,881.0,0.0,0.0,2238.4,18.7,Low
SCEN_05,Volatility Shock (CV +30%),FC-Central,SKU-GROC-010,Imported White Truffle Infused Olive Oil Reserve 250ml,Grocery & Pantry,29.0,64.99,6.08,5.0,0.95,23.0,53.4,96.0,74.0,0.0,0.0,667.0,12.2,Medium
SCEN_05,Volatility Shock (CV +30%),FC-Central,SKU-HOME-010,Automatic Touchless Stainless Trash Can 13 Gal,Home & Kitchen,33.0,74.99,10.73,8.0,0.95,47.3,133.1,208.2,187.0,0.0,0.0,1560.9,17.4,Low
SCEN_05,Volatility Shock (CV +30%),FC-East,SKU-HOME-010,Automatic Touchless Stainless Trash Can 13 Gal,Home & Kitchen,33.0,74.99,15.69,8.0,0.95,66.5,192.0,301.9,220.0,0.0,0.0,2194.5,14.0,Low
SCEN_05,Volatility Shock (CV +30%),FC-Central,SKU-GROC-002,Raw California Organic Almonds Unsalted 3 lb,Grocery & Pantry,8.0,18.49,45.42,5.0,0.95,75.1,302.2,620.1,790.0,0.0,0.0,600.8,17.4,Low
SCEN_05,Volatility Shock (CV +30%),FC-Central,SKU-APPR-004,Seamless Moisture-Wicking Merino Wool Running Socks,Apparel,6.1,16.99,55.35,10.0,0.95,208.4,761.9,1149.4,835.0,0.0,0.0,1271.24,15.1,Low
SCEN_05,Volatility Shock (CV +30%),FC-Central,SKU-ELEC-004,Braided HDMI 2.1 Ultra High Speed Cable,Electronics,7.5,19.99,41.97,9.0,0.95,143.7,521.4,815.2,667.0,0.0,0.0,1077.75,15.9,Low
SCEN_05,Volatility Shock (CV +30%),FC-West,SKU-HLTH-004,Sonic Electric Toothbrush Replacement Heads (4-Pack),Health & Care,10.5,29.99,40.56,7.0,0.95,97.7,381.6,665.5,2454.0,0.0,0.0,1025.85,60.5,Low
SCEN_05,Volatility Shock (CV +30%),FC-West,SKU-ELEC-004,Braided HDMI 2.1 Ultra High Speed Cable,Electronics,7.5,19.99,53.35,9.0,0.95,180.5,660.7,1034.1,3230.0,0.0,0.0,1353.75,60.5,Low
SCEN_05,Volatility Shock (CV +30%),FC-East,SKU-HOME-003,Airtight Glass Food Storage Containers (Set of 8),Home & Kitchen,19.5,44.99,36.31,8.0,0.95,105.4,395.9,650.1,879.0,0.0,0.0,2055.3,24.2,Low
SCEN_05,Volatility Shock (CV +30%),FC-West,SKU-GROC-003,Extra Virgin Cold-Pressed Olive Oil 1 Liter,Grocery & Pantry,8.5,19.99,61.24,5.0,0.95,106.3,412.5,841.2,1444.0,0.0,0.0,903.55,23.6,Low
SCEN_05,Volatility Shock (CV +30%),FC-Central,SKU-HOME-005,Organic Bamboo Cutting Board 3-Piece Set,Home & Kitchen,12.0,29.99,24.65,8.0,0.95,71.6,268.8,441.4,502.0,0.0,0.0,859.2,20.4,Low
SCEN_05,Volatility Shock (CV +30%),FC-Central,SKU-HOME-003,Airtight Glass Food Storage Containers (Set of 8),Home & Kitchen,19.5,44.99,24.29,8.0,0.95,68.7,263.0,433.0,543.0,0.0,0.0,1339.65,22.4,Low
SCEN_05,Volatility Shock (CV +30%),FC-Central,SKU-HLTH-004,Sonic Electric Toothbrush Replacement Heads (4-Pack),Health & Care,10.5,29.99,31.44,7.0,0.95,78.0,298.1,518.2,683.0,0.0,0.0,819.0,21.7,Low
SCEN_05,Volatility Shock (CV +30%),FC-Central,SKU-GROC-003,Extra Virgin Cold-Pressed Olive Oil 1 Liter,Grocery & Pantry,8.5,19.99,47.34,5.0,0.95,83.3,320.0,651.4,761.0,0.0,0.0,708.05,16.1,Low
SCEN_05,Volatility Shock (CV +30%),FC-Central,SKU-HOME-001,Cast Iron Pre-Seasoned Skillet 12-Inch,Home & Kitchen,16.8,39.99,22.7,8.0,0.95,63.6,245.2,404.1,555.0,0.0,0.0,1068.48,24.4,Low
SCEN_05,Volatility Shock (CV +30%),FC-East,SKU-HOME-005,Organic Bamboo Cutting Board 3-Piece Set,Home & Kitchen,12.0,29.99,36.19,8.0,0.95,97.6,387.1,640.4,860.0,0.0,0.0,1171.2,23.8,Low
SCEN_05,Volatility Shock (CV +30%),FC-East,SKU-HOME-001,Cast Iron Pre-Seasoned Skillet 12-Inch,Home & Kitchen,16.8,39.99,33.68,8.0,0.95,94.3,363.7,599.5,583.0,0.0,0.0,1584.24,17.3,Low
SCEN_05,Volatility Shock (CV +30%),FC-East,SKU-ELEC-004,Braided HDMI 2.1 Ultra High Speed Cable,Electronics,7.5,19.99,60.91,9.0,0.95,205.9,754.1,1180.5,3832.0,0.0,0.0,1544.25,62.9,Low
SCEN_05,Volatility Shock (CV +30%),FC-West,SKU-HOME-005,Organic Bamboo Cutting Board 3-Piece Set,Home & Kitchen,12.0,29.99,32.08,8.0,0.95,86.4,343.0,567.6,540.0,0.0,0.0,1036.8,16.8,Low
SCEN_05,Volatility Shock (CV +30%),FC-West,SKU-HOME-001,Cast Iron Pre-Seasoned Skillet 12-Inch,Home & Kitchen,16.8,39.99,30.36,8.0,0.95,88.3,331.2,543.7,556.0,0.0,0.0,1483.44,18.3,Low
SCEN_05,Volatility Shock (CV +30%),FC-East,SKU-GROC-004,Organic Ceremonial Grade Matcha Green Tea 100g,Grocery & Pantry,12.2,29.99,45.43,5.0,0.95,97.3,324.4,642.5,861.0,0.0,0.0,1187.06,19.0,Low
SCEN_05,Volatility Shock (CV +30%),FC-Central,SKU-ELEC-009,Specialty Motherboard Replacement Capacitor Pack,Electronics,15.0,45.0,2.65,9.0,0.95,30.1,54.0,72.5,168.0,0.0,0.0,451.5,63.4,Low
SCEN_05,Volatility Shock (CV +30%),FC-East,SKU-ELEC-009,Specialty Motherboard Replacement Capacitor Pack,Electronics,15.0,45.0,3.19,9.0,0.95,37.7,66.4,88.7,80.0,0.0,0.0,565.5,25.1,Low
SCEN_05,Volatility Shock (CV +30%),FC-Central,SKU-HOME-009,Commercial Heavy Duty Stand Mixer Motor Assembly,Home & Kitchen,68.0,159.0,1.75,8.0,0.95,23.2,37.2,49.5,46.0,0.0,0.0,1577.6,26.3,Low
SCEN_05,Volatility Shock (CV +30%),FC-Central,SKU-APPR-009,Custom Embroidered Alpine Ski Racing Bib,Apparel,48.0,120.0,1.53,10.0,0.95,18.7,34.0,44.7,32.0,13.0,624.0,897.6,20.9,Medium
SCEN_05,Volatility Shock (CV +30%),FC-East,SKU-HLTH-009,Medical Grade Continuous Glucose Sensor Transmitter,Health & Care,82.0,185.0,2.5,7.0,0.95,23.8,41.3,58.8,55.0,0.0,0.0,1951.6,22.0,Low
SCEN_05,Volatility Shock (CV +30%),FC-East,SKU-HOME-009,Commercial Heavy Duty Stand Mixer Motor Assembly,Home & Kitchen,68.0,159.0,2.03,8.0,0.95,25.3,41.5,55.8,109.0,0.0,0.0,1720.4,53.7,Low
SCEN_05,Volatility Shock (CV +30%),FC-East,SKU-GROC-009,Bulk Food Grade Citric Acid Crystals 50 lb Sack,Grocery & Pantry,38.0,75.65,3.41,5.0,0.95,28.6,45.7,69.5,186.0,0.0,0.0,1086.8,54.5,Low
SCEN_05,Volatility Shock (CV +30%),FC-West,SKU-HLTH-009,Medical Grade Continuous Glucose Sensor Transmitter,Health & Care,82.0,185.0,2.65,7.0,0.95,24.4,43.0,61.5,60.0,0.0,0.0,2000.8,22.6,Low
SCEN_05,Volatility Shock (CV +30%),FC-West,SKU-HOME-009,Commercial Heavy Duty Stand Mixer Motor Assembly,Home & Kitchen,68.0,159.0,2.24,8.0,0.95,24.4,42.3,58.0,50.0,0.0,0.0,1659.2,22.3,Low
SCEN_05,Volatility Shock (CV +30%),FC-Central,SKU-GROC-009,Bulk Food Grade Citric Acid Crystals 50 lb Sack,Grocery & Pantry,38.0,75.65,2.22,5.0,0.95,19.0,30.1,45.6,130.0,0.0,0.0,722.0,58.6,Low
SCEN_05,Volatility Shock (CV +30%),FC-Central,SKU-APPR-007,Vintage Low-Rise Bootcut Denim Jeans,Apparel,23.0,54.99,6.86,10.0,0.95,30.7,99.3,147.3,114.0,0.0,0.0,706.1,16.6,Low
SCEN_05,Volatility Shock (CV +30%),FC-West,SKU-HOME-004,Digital Instant-Read Meat Thermometer,Home & Kitchen,7.2,18.99,21.74,8.0,0.95,66.6,240.5,392.7,1255.0,0.0,0.0,479.52,57.7,Low
SCEN_05,Volatility Shock (CV +30%),FC-Central,SKU-HLTH-005,Elderberry Immune Support Syrup with Vitamin C 8oz,Health & Care,7.4,19.99,66.66,7.0,0.95,194.7,661.3,1127.9,1017.0,0.0,0.0,1440.78,15.3,Low
SCEN_05,Volatility Shock (CV +30%),FC-Central,SKU-GROC-005,Artisanal Holiday Spiced Hot Cocoa Mix 500g,Grocery & Pantry,5.6,14.99,87.82,5.0,0.95,259.9,699.0,1313.7,5368.0,0.0,0.0,1455.44,61.1,Low
SCEN_05,Volatility Shock (CV +30%),FC-East,SKU-APPR-007,Vintage Low-Rise Bootcut Denim Jeans,Apparel,23.0,54.99,10.59,10.0,0.95,50.9,156.8,230.9,214.0,0.0,0.0,1170.7,20.2,Low
SCEN_05,Volatility Shock (CV +30%),FC-East,SKU-GROC-008,Gourmet Dark Chocolate Sea Salt Truffles Gift Box,Grocery & Pantry,9.9,24.99,74.26,5.0,0.95,222.8,594.1,1113.9,1070.0,0.0,0.0,2205.72,14.4,Low
SCEN_05,Volatility Shock (CV +30%),FC-East,SKU-GROC-010,Imported White Truffle Infused Olive Oil Reserve 250ml,Grocery & Pantry,29.0,64.99,8.11,5.0,0.95,29.2,69.8,126.5,476.0,0.0,0.0,846.8,58.7,Low
SCEN_05,Volatility Shock (CV +30%),FC-East,SKU-GROC-005,Artisanal Holiday Spiced Hot Cocoa Mix 500g,Grocery & Pantry,5.6,14.99,99.81,5.0,0.95,273.0,772.0,1470.7,1444.0,0.0,0.0,1528.8,14.5,Low
SCEN_05,Volatility Shock (CV +30%),FC-West,SKU-HLTH-005,Elderberry Immune Support Syrup with Vitamin C 8oz,Health & Care,7.4,19.99,89.52,7.0,0.95,254.0,880.6,1507.3,1277.0,0.0,0.0,1879.6,14.3,Low
SCEN_05,Volatility Shock (CV +30%),FC-West,SKU-APPR-007,Vintage Low-Rise Bootcut Denim Jeans,Apparel,23.0,54.99,9.1,10.0,0.95,44.1,135.1,198.8,214.0,0.0,0.0,1014.3,23.5,Low
SCEN_05,Volatility Shock (CV +30%),FC-East,SKU-HLTH-005,Elderberry Immune Support Syrup with Vitamin C 8oz,Health & Care,7.4,19.99,69.06,7.0,0.95,232.9,716.3,1199.7,3749.0,0.0,0.0,1723.46,54.3,Low
SCEN_05,Volatility Shock (CV +30%),FC-East,SKU-HOME-004,Digital Instant-Read Meat Thermometer,Home & Kitchen,7.2,18.99,28.49,8.0,0.95,92.8,320.7,520.1,576.0,0.0,0.0,668.16,20.2,Low
SCEN_05,Volatility Shock (CV +30%),FC-West,SKU-GROC-008,Gourmet Dark Chocolate Sea Salt Truffles Gift Box,Grocery & Pantry,9.9,24.99,87.2,5.0,0.95,306.0,742.0,1352.4,2273.0,0.0,0.0,3029.4,26.1,Low
SCEN_05,Volatility Shock (CV +30%),FC-Central,SKU-ELEC-007,Micro-USB Legacy Charging Cable 2m,Electronics,3.1,8.99,9.43,9.0,0.95,36.2,121.1,187.1,165.0,0.0,0.0,112.22,17.5,Low
SCEN_05,Volatility Shock (CV +30%),FC-Central,SKU-HLTH-007,Alcohol Hand Sanitizer Gel Discontinued Formula 500ml,Health & Care,2.5,6.99,8.33,7.0,0.95,28.6,86.9,145.2,172.0,0.0,0.0,71.5,20.6,Low
SCEN_05,Volatility Shock (CV +30%),FC-East,SKU-GROC-007,Artificially Flavored Breakfast Cereal Marshmallow 18oz,Grocery & Pantry,2.2,5.49,18.38,5.0,0.95,37.1,129.0,257.7,318.0,0.0,0.0,81.62,17.3,Low
SCEN_05,Volatility Shock (CV +30%),FC-Central,SKU-GROC-007,Artificially Flavored Breakfast Cereal Marshmallow 18oz,Grocery & Pantry,2.2,5.49,12.05,5.0,0.95,28.4,88.7,173.0,272.0,0.0,0.0,62.48,22.6,Low
SCEN_05,Volatility Shock (CV +30%),FC-East,SKU-HLTH-007,Alcohol Hand Sanitizer Gel Discontinued Formula 500ml,Health & Care,2.5,6.99,11.32,7.0,0.95,37.7,116.9,196.2,729.0,0.0,0.0,94.25,64.4,Low
SCEN_05,Volatility Shock (CV +30%),FC-East,SKU-HOME-007,Countertop Citrus Juicer Manual Press,Home & Kitchen,9.5,22.99,8.61,8.0,0.95,26.9,95.8,156.0,172.0,0.0,0.0,255.55,20.0,Low
SCEN_05,Volatility Shock (CV +30%),FC-West,SKU-GROC-007,Artificially Flavored Breakfast Cereal Marshmallow 18oz,Grocery & Pantry,2.2,5.49,16.24,5.0,0.95,35.9,117.1,230.8,345.0,0.0,0.0,78.98,21.2,Low
SCEN_05,Volatility Shock (CV +30%),FC-West,SKU-HLTH-007,Alcohol Hand Sanitizer Gel Discontinued Formula 500ml,Health & Care,2.5,6.99,10.28,7.0,0.95,33.0,105.0,176.9,189.0,0.0,0.0,82.5,18.4,Low
SCEN_05,Volatility Shock (CV +30%),FC-West,SKU-HLTH-006,Natural Sulfate-Free Restorative Hair Mask 250ml,Health & Care,9.2,24.99,34.97,7.0,0.95,90.0,334.8,579.6,861.0,0.0,0.0,828.0,24.6,Low
SCEN_05,Volatility Shock (CV +30%),FC-West,SKU-HOME-007,Countertop Citrus Juicer Manual Press,Home & Kitchen,9.5,22.99,7.6,8.0,0.95,28.2,89.0,142.2,151.0,0.0,0.0,267.9,19.9,Low
SCEN_06,"Compound Stress Test (+15% D, +20% LT, 98% SL)",FC-Central,SKU-APPR-008,Fleece-Lined Thermal Baselayer Leggings,Apparel,13.8,34.99,86.48,12.0,0.98,503.7,1541.5,2146.8,218.0,1929.0,26620.2,6951.06,2.5,Critical
SCEN_06,"Compound Stress Test (+15% D, +20% LT, 98% SL)",FC-Central,SKU-GROC-006,Electrolyte Enhanced Sparkling Mineral Water (24-Pack),Grocery & Pantry,11.8,26.99,43.26,6.0,0.98,110.8,370.4,673.2,99.0,574.0,6773.2,1307.44,2.3,Critical
SCEN_06,"Compound Stress Test (+15% D, +20% LT, 98% SL)",FC-East,SKU-ELEC-003,Smart Home Environmental Sensor Hub,Electronics,36.0,79.99,30.04,10.8,0.98,149.8,474.2,684.5,68.0,616.0,22176.0,5392.8,2.3,Critical
SCEN_06,"Compound Stress Test (+15% D, +20% LT, 98% SL)",FC-Central,SKU-GROC-001,Organic Whole Bean Espresso Roast 2 lb,Grocery & Pantry,9.2,21.99,69.33,6.0,0.98,156.1,572.1,1057.4,110.0,947.0,8712.4,1436.12,1.6,Critical
SCEN_06,"Compound Stress Test (+15% D, +20% LT, 98% SL)",FC-Central,SKU-APPR-006,Lightweight UV Sun Protection Fishing Hoodie,Apparel,16.5,42.99,23.67,12.0,0.98,137.6,421.6,587.3,68.0,519.0,8563.5,2270.4,2.9,Critical
SCEN_06,"Compound Stress Test (+15% D, +20% LT, 98% SL)",FC-Central,SKU-APPR-003,Breathable Quick-Dry Athletic Shorts,Apparel,11.2,29.99,39.27,12.0,0.98,221.6,692.9,967.8,193.0,775.0,8680.0,2481.92,4.9,High
SCEN_06,"Compound Stress Test (+15% D, +20% LT, 98% SL)",FC-East,SKU-HLTH-010,Clinical LED Infrared Facial Rejuvenation Mask,Health & Care,98.0,229.99,9.11,8.4,0.98,45.8,122.3,186.1,41.0,145.0,14210.0,4488.4,4.5,High
SCEN_06,"Compound Stress Test (+15% D, +20% LT, 98% SL)",FC-West,SKU-APPR-010,Full-Grain Italian Leather Travel Duffel,Apparel,135.0,289.99,7.57,12.0,0.98,60.2,151.0,204.0,43.0,161.0,21735.0,8127.0,5.7,High
SCEN_06,"Compound Stress Test (+15% D, +20% LT, 98% SL)",FC-West,SKU-APPR-006,Lightweight UV Sun Protection Fishing Hoodie,Apparel,16.5,42.99,37.66,12.0,0.98,213.7,665.6,929.3,137.0,792.0,13068.0,3526.05,3.6,High
SCEN_06,"Compound Stress Test (+15% D, +20% LT, 98% SL)",FC-East,SKU-APPR-008,Fleece-Lined Thermal Baselayer Leggings,Apparel,13.8,34.99,103.44,12.0,0.98,624.0,1865.3,2589.4,448.0,2141.0,29545.8,8611.2,4.3,High
SCEN_06,"Compound Stress Test (+15% D, +20% LT, 98% SL)",FC-Central,SKU-HLTH-010,Clinical LED Infrared Facial Rejuvenation Mask,Health & Care,98.0,229.99,6.37,8.4,0.98,36.4,89.9,134.5,35.0,100.0,9800.0,3567.2,5.5,High
SCEN_06,"Compound Stress Test (+15% D, +20% LT, 98% SL)",FC-West,SKU-HLTH-010,Clinical LED Infrared Facial Rejuvenation Mask,Health & Care,98.0,229.99,9.22,8.4,0.98,54.6,132.1,196.6,45.0,152.0,14896.0,5350.8,4.9,High
SCEN_06,"Compound Stress Test (+15% D, +20% LT, 98% SL)",FC-West,SKU-ELEC-008,4K Ultra-HD Streaming Media Player,Electronics,22.0,42.49,91.38,10.8,0.98,495.3,1482.2,2121.8,463.0,1659.0,36498.0,10896.6,5.1,High
SCEN_06,"Compound Stress Test (+15% D, +20% LT, 98% SL)",FC-West,SKU-APPR-003,Breathable Quick-Dry Athletic Shorts,Apparel,11.2,29.99,56.11,12.0,0.98,308.1,981.4,1374.2,244.0,1130.0,12656.0,3450.72,4.3,High
SCEN_06,"Compound Stress Test (+15% D, +20% LT, 98% SL)",FC-Central,SKU-HOME-002,Stainless Steel Thermal Travel Mug 16oz,Home & Kitchen,9.8,24.99,80.61,9.6,0.98,312.6,1086.5,1650.8,396.0,1255.0,12299.0,3063.48,4.9,High
SCEN_06,"Compound Stress Test (+15% D, +20% LT, 98% SL)",FC-Central,SKU-HLTH-003,Grass-Fed Hydrolyzed Collagen Peptides Powder 1 lb,Health & Care,15.5,36.99,44.85,8.4,0.98,149.5,526.2,840.2,209.0,631.0,9780.5,2317.25,4.7,High
SCEN_06,"Compound Stress Test (+15% D, +20% LT, 98% SL)",FC-East,SKU-GROC-002,Raw California Organic Almonds Unsalted 3 lb,Grocery & Pantry,8.0,18.49,75.39,6.0,0.98,174.2,626.6,1154.3,179.0,975.0,7800.0,1393.6,2.4,Critical
SCEN_06,"Compound Stress Test (+15% D, +20% LT, 98% SL)",FC-East,SKU-GROC-003,Extra Virgin Cold-Pressed Olive Oil 1 Liter,Grocery & Pantry,8.5,19.99,79.92,6.0,0.98,190.1,669.6,1229.1,190.0,1039.0,8831.5,1615.85,2.4,Critical
SCEN_06,"Compound Stress Test (+15% D, +20% LT, 98% SL)",FC-West,SKU-ELEC-002,Ultra-Fast USB-C GaN Charger 65W,Electronics,14.2,34.99,51.63,10.8,0.98,245.6,803.3,1164.7,139.0,1026.0,14569.2,3487.52,2.7,Critical
SCEN_06,"Compound Stress Test (+15% D, +20% LT, 98% SL)",FC-East,SKU-GROC-001,Organic Whole Bean Espresso Roast 2 lb,Grocery & Pantry,9.2,21.99,101.87,6.0,0.98,240.3,851.5,1564.6,514.0,1051.0,9669.2,2210.76,5.0,High
SCEN_06,"Compound Stress Test (+15% D, +20% LT, 98% SL)",FC-West,SKU-GROC-004,Organic Ceremonial Grade Matcha Green Tea 100g,Grocery & Pantry,12.2,29.99,47.63,6.0,0.98,128.9,414.7,748.1,106.0,642.0,7832.4,1572.58,2.2,Critical
SCEN_06,"Compound Stress Test (+15% D, +20% LT, 98% SL)",FC-West,SKU-APPR-001,Men's Classic Cotton Crewneck T-Shirt 3-Pack,Apparel,10.5,23.79,68.78,12.0,0.98,373.9,1199.3,1680.7,236.0,1445.0,15172.5,3925.95,3.4,High
SCEN_06,"Compound Stress Test (+15% D, +20% LT, 98% SL)",FC-West,SKU-HLTH-001,Daily Multivitamin Formula with Zinc & D3 (90 Count),Health & Care,8.9,22.99,74.61,8.4,0.98,240.0,866.7,1389.0,258.0,1131.0,10065.9,2136.0,3.5,High
SCEN_06,"Compound Stress Test (+15% D, +20% LT, 98% SL)",FC-West,SKU-HLTH-003,Grass-Fed Hydrolyzed Collagen Peptides Powder 1 lb,Health & Care,15.5,36.99,57.47,8.4,0.98,195.9,678.6,1080.9,252.0,829.0,12849.5,3036.45,4.4,High
SCEN_06,"Compound Stress Test (+15% D, +20% LT, 98% SL)",FC-West,SKU-GROC-009,Bulk Food Grade Citric Acid Crystals 50 lb Sack,Grocery & Pantry,38.0,75.65,3.45,6.0,0.98,30.3,51.0,75.1,5.0,70.0,2660.0,1151.4,1.4,Critical
SCEN_06,"Compound Stress Test (+15% D, +20% LT, 98% SL)",FC-East,SKU-APPR-009,Custom Embroidered Alpine Ski Racing Bib,Apparel,48.0,120.0,2.92,12.0,0.98,37.9,73.0,93.4,6.0,87.0,4176.0,1819.2,2.1,Critical
SCEN_06,"Compound Stress Test (+15% D, +20% LT, 98% SL)",FC-Central,SKU-APPR-002,Down-Alternative Insulated Winter Puffer Jacket,Apparel,62.0,149.99,62.46,12.0,0.98,388.0,1137.5,1574.7,687.0,888.0,55056.0,24056.0,11.0,Medium
SCEN_06,"Compound Stress Test (+15% D, +20% LT, 98% SL)",FC-Central,SKU-APPR-005,Water-Resistant Commuter Backpack with Laptop Sleeve,Apparel,28.5,59.49,26.12,12.0,0.98,147.9,461.3,644.1,306.0,338.0,9633.0,4215.15,11.7,Medium
SCEN_06,"Compound Stress Test (+15% D, +20% LT, 98% SL)",FC-West,SKU-HOME-010,Automatic Touchless Stainless Trash Can 13 Gal,Home & Kitchen,33.0,74.99,14.18,9.6,0.98,67.2,203.3,302.6,38.0,265.0,8745.0,2217.6,2.7,Critical
SCEN_06,"Compound Stress Test (+15% D, +20% LT, 98% SL)",FC-West,SKU-HLTH-002,Mineral Broad-Spectrum Sunscreen Lotion SPF 50 6oz,Health & Care,6.8,17.99,53.74,8.4,0.98,196.9,648.3,1024.5,225.0,800.0,5440.0,1338.92,4.2,High
SCEN_06,"Compound Stress Test (+15% D, +20% LT, 98% SL)",FC-Central,SKU-GROC-008,Gourmet Dark Chocolate Sea Salt Truffles Gift Box,Grocery & Pantry,9.9,24.99,75.69,6.0,0.98,248.7,702.9,1232.7,175.0,1058.0,10474.2,2462.13,2.3,Critical
SCEN_06,"Compound Stress Test (+15% D, +20% LT, 98% SL)",FC-West,SKU-GROC-010,Imported White Truffle Infused Olive Oil Reserve 250ml,Grocery & Pantry,29.0,64.99,9.41,6.0,0.98,42.7,99.1,165.0,22.0,143.0,4147.0,1238.3,2.3,Critical
SCEN_06,"Compound Stress Test (+15% D, +20% LT, 98% SL)",FC-East,SKU-APPR-002,Down-Alternative Insulated Winter Puffer Jacket,Apparel,62.0,149.99,109.86,12.0,0.98,635.0,1953.3,2722.3,1147.0,1575.0,97650.0,39370.0,10.4,Medium
SCEN_06,"Compound Stress Test (+15% D, +20% LT, 98% SL)",FC-East,SKU-APPR-010,Full-Grain Italian Leather Travel Duffel,Apparel,135.0,289.99,7.68,12.0,0.98,63.9,156.1,209.9,85.0,125.0,16875.0,8626.5,11.1,Medium
SCEN_06,"Compound Stress Test (+15% D, +20% LT, 98% SL)",FC-Central,SKU-HOME-004,Digital Instant-Read Meat Thermometer,Home & Kitchen,7.2,18.99,19.61,9.6,0.98,87.6,275.8,413.1,48.0,365.0,2628.0,630.72,2.4,Critical
SCEN_06,"Compound Stress Test (+15% D, +20% LT, 98% SL)",FC-East,SKU-HLTH-004,Sonic Electric Toothbrush Replacement Heads (4-Pack),Health & Care,10.5,29.99,52.31,8.4,0.98,174.4,613.8,980.0,304.0,676.0,7098.0,1831.2,5.8,High
SCEN_06,"Compound Stress Test (+15% D, +20% LT, 98% SL)",FC-Central,SKU-HLTH-006,Natural Sulfate-Free Restorative Hair Mask 250ml,Health & Care,9.2,24.99,30.99,8.4,0.98,112.5,372.8,589.8,64.0,526.0,4839.2,1035.0,2.1,Critical
SCEN_06,"Compound Stress Test (+15% D, +20% LT, 98% SL)",FC-Central,SKU-GROC-004,Organic Ceremonial Grade Matcha Green Tea 100g,Grocery & Pantry,12.2,29.99,36.35,6.0,0.98,93.4,311.5,566.0,138.0,428.0,5221.6,1139.48,3.8,High
SCEN_06,"Compound Stress Test (+15% D, +20% LT, 98% SL)",FC-West,SKU-ELEC-007,Micro-USB Legacy Charging Cable 2m,Electronics,3.1,8.99,13.85,10.8,0.98,72.1,221.6,318.6,19.0,300.0,930.0,223.51,1.4,Critical
SCEN_06,"Compound Stress Test (+15% D, +20% LT, 98% SL)",FC-East,SKU-APPR-004,Seamless Moisture-Wicking Merino Wool Running Socks,Apparel,6.1,16.99,91.49,12.0,0.98,489.1,1587.0,2227.5,392.0,1836.0,11199.6,2983.51,4.3,High
SCEN_06,"Compound Stress Test (+15% D, +20% LT, 98% SL)",FC-West,SKU-GROC-002,Raw California Organic Almonds Unsalted 3 lb,Grocery & Pantry,8.0,18.49,64.88,6.0,0.98,150.6,539.9,994.1,212.0,782.0,6256.0,1204.8,3.3,High
SCEN_06,"Compound Stress Test (+15% D, +20% LT, 98% SL)",FC-West,SKU-APPR-004,Seamless Moisture-Wicking Merino Wool Running Socks,Apparel,6.1,16.99,80.05,12.0,0.98,418.2,1378.8,1939.2,322.0,1617.0,9863.7,2551.02,4.0,High
SCEN_06,"Compound Stress Test (+15% D, +20% LT, 98% SL)",FC-West,SKU-HOME-003,Airtight Glass Food Storage Containers (Set of 8),Home & Kitchen,19.5,44.99,36.77,9.6,0.98,138.6,491.5,748.9,134.0,615.0,11992.5,2702.7,3.6,High
SCEN_06,"Compound Stress Test (+15% D, +20% LT, 98% SL)",FC-West,SKU-GROC-005,Artisanal Holiday Spiced Hot Cocoa Mix 500g,Grocery & Pantry,5.6,14.99,101.1,6.0,0.98,320.4,927.0,1634.7,459.0,1176.0,6585.6,1794.24,4.5,High
SCEN_06,"Compound Stress Test (+15% D, +20% LT, 98% SL)",FC-Central,SKU-HOME-007,Countertop Citrus Juicer Manual Press,Home & Kitchen,9.5,22.99,6.83,9.6,0.98,30.0,95.6,143.4,25.0,118.0,1121.0,285.0,3.7,High
SCEN_06,"Compound Stress Test (+15% D, +20% LT, 98% SL)",FC-East,SKU-ELEC-007,Micro-USB Legacy Charging Cable 2m,Electronics,3.1,8.99,15.31,10.8,0.98,80.5,245.8,353.0,85.0,268.0,830.8,249.55,5.6,High
SCEN_06,"Compound Stress Test (+15% D, +20% LT, 98% SL)",FC-East,SKU-HLTH-006,Natural Sulfate-Free Restorative Hair Mask 250ml,Health & Care,9.2,24.99,44.53,8.4,0.98,157.2,531.2,842.9,215.0,628.0,5777.6,1446.24,4.8,High
SCEN_06,"Compound Stress Test (+15% D, +20% LT, 98% SL)",FC-West,SKU-HOME-008,Non-Stick 10-Piece Baking Sheet Set,Home & Kitchen,21.0,49.99,79.34,9.6,0.98,344.3,1105.9,1661.3,928.0,733.0,15393.0,7230.3,11.7,Medium
SCEN_06,"Compound Stress Test (+15% D, +20% LT, 98% SL)",FC-West,SKU-APPR-009,Custom Embroidered Alpine Ski Racing Bib,Apparel,48.0,120.0,2.86,12.0,0.98,37.1,71.5,91.5,39.0,52.0,2496.0,1780.8,13.6,Medium
SCEN_06,"Compound Stress Test (+15% D, +20% LT, 98% SL)",FC-West,SKU-ELEC-009,Specialty Motherboard Replacement Capacitor Pack,Electronics,15.0,45.0,3.46,10.8,0.98,45.8,83.2,107.4,41.0,66.0,990.0,687.0,11.8,High
SCEN_06,"Compound Stress Test (+15% D, +20% LT, 98% SL)",FC-Central,SKU-HLTH-009,Medical Grade Continuous Glucose Sensor Transmitter,Health & Care,82.0,185.0,2.3,8.4,0.98,24.8,44.1,60.2,25.0,35.0,2870.0,2033.6,10.9,Medium
SCEN_06,"Compound Stress Test (+15% D, +20% LT, 98% SL)",FC-East,SKU-HLTH-003,Grass-Fed Hydrolyzed Collagen Peptides Powder 1 lb,Health & Care,15.5,36.99,67.44,8.4,0.98,228.7,795.2,1267.2,793.0,474.0,7347.0,3544.85,11.8,Medium
SCEN_06,"Compound Stress Test (+15% D, +20% LT, 98% SL)",FC-East,SKU-APPR-001,Men's Classic Cotton Crewneck T-Shirt 3-Pack,Apparel,10.5,23.79,74.77,12.0,0.98,386.9,1284.2,1807.6,877.0,931.0,9775.5,4062.45,11.7,Medium
SCEN_06,"Compound Stress Test (+15% D, +20% LT, 98% SL)",FC-Central,SKU-ELEC-001,Pro Wireless Noise-Canceling Earbuds,Electronics,58.5,129.99,32.26,10.8,0.98,155.3,503.7,729.5,347.0,382.0,22347.0,9085.05,10.8,Medium
SCEN_06,"Compound Stress Test (+15% D, +20% LT, 98% SL)",FC-West,SKU-HOME-002,Stainless Steel Thermal Travel Mug 16oz,Home & Kitchen,9.8,24.99,92.18,9.6,0.98,368.1,1253.1,1898.4,1175.0,723.0,7085.4,3607.38,12.7,Medium
SCEN_06,"Compound Stress Test (+15% D, +20% LT, 98% SL)",FC-West,SKU-HOME-006,HEPA Air Purifier Compact Room Model,Home & Kitchen,42.0,89.99,59.32,9.6,0.98,230.9,800.3,1215.6,1126.0,0.0,0.0,9697.8,19.0,Low
SCEN_06,"Compound Stress Test (+15% D, +20% LT, 98% SL)",FC-West,SKU-ELEC-010,Enterprise High-Resolution Studio Microphone,Electronics,115.0,249.99,8.96,10.8,0.98,52.5,149.3,212.0,111.0,101.0,11615.0,6037.5,12.4,Medium
SCEN_06,"Compound Stress Test (+15% D, +20% LT, 98% SL)",FC-West,SKU-ELEC-005,Mechanical Gaming Keyboard RGB,Electronics,52.0,109.99,66.96,10.8,0.98,348.3,1071.5,1540.3,1132.0,0.0,0.0,18111.6,16.9,Low
SCEN_06,"Compound Stress Test (+15% D, +20% LT, 98% SL)",FC-West,SKU-APPR-008,Fleece-Lined Thermal Baselayer Leggings,Apparel,13.8,34.99,87.0,12.0,0.98,523.9,1567.9,2176.9,1351.0,826.0,11398.8,7229.82,15.5,Medium
SCEN_06,"Compound Stress Test (+15% D, +20% LT, 98% SL)",FC-East,SKU-HOME-006,HEPA Air Purifier Compact Room Model,Home & Kitchen,42.0,89.99,53.57,9.6,0.98,223.6,737.8,1112.8,2959.0,0.0,0.0,9391.2,55.2,Low
SCEN_06,"Compound Stress Test (+15% D, +20% LT, 98% SL)",FC-West,SKU-ELEC-006,Portable Bluetooth Rugged Speaker,Electronics,26.5,59.99,24.24,10.8,0.98,127.7,389.5,559.2,381.0,178.0,4717.0,3384.05,15.7,Medium
SCEN_06,"Compound Stress Test (+15% D, +20% LT, 98% SL)",FC-West,SKU-APPR-005,Water-Resistant Commuter Backpack with Laptop Sleeve,Apparel,28.5,59.49,37.67,12.0,0.98,222.9,675.0,938.7,586.0,353.0,10060.5,6352.65,15.6,Medium
SCEN_06,"Compound Stress Test (+15% D, +20% LT, 98% SL)",FC-East,SKU-APPR-005,Water-Resistant Commuter Backpack with Laptop Sleeve,Apparel,28.5,59.49,52.05,12.0,0.98,288.0,912.6,1276.9,990.0,0.0,0.0,8208.0,19.0,Low
SCEN_06,"Compound Stress Test (+15% D, +20% LT, 98% SL)",FC-East,SKU-APPR-006,Lightweight UV Sun Protection Fishing Hoodie,Apparel,16.5,42.99,32.98,12.0,0.98,199.1,594.9,825.8,590.0,236.0,3894.0,3285.15,17.9,Medium
SCEN_06,"Compound Stress Test (+15% D, +20% LT, 98% SL)",FC-Central,SKU-ELEC-010,Enterprise High-Resolution Studio Microphone,Electronics,115.0,249.99,7.1,10.8,0.98,46.1,122.7,172.4,133.0,0.0,0.0,5301.5,18.7,Low
SCEN_06,"Compound Stress Test (+15% D, +20% LT, 98% SL)",FC-Central,SKU-ELEC-005,Mechanical Gaming Keyboard RGB,Electronics,52.0,109.99,43.4,10.8,0.98,231.1,699.8,1003.6,565.0,439.0,22828.0,12017.2,13.0,Medium
SCEN_06,"Compound Stress Test (+15% D, +20% LT, 98% SL)",FC-Central,SKU-APPR-010,Full-Grain Italian Leather Travel Duffel,Apparel,135.0,289.99,5.53,12.0,0.98,43.4,109.8,148.5,83.0,66.0,8910.0,5859.0,15.0,Medium
SCEN_06,"Compound Stress Test (+15% D, +20% LT, 98% SL)",FC-Central,SKU-ELEC-006,Portable Bluetooth Rugged Speaker,Electronics,26.5,59.99,21.39,10.8,0.98,104.4,335.4,485.1,363.0,0.0,0.0,2766.6,17.0,Low
SCEN_06,"Compound Stress Test (+15% D, +20% LT, 98% SL)",FC-Central,SKU-ELEC-008,4K Ultra-HD Streaming Media Player,Electronics,22.0,42.49,66.92,10.8,0.98,357.5,1080.2,1548.6,3560.0,0.0,0.0,7865.0,53.2,Low
SCEN_06,"Compound Stress Test (+15% D, +20% LT, 98% SL)",FC-West,SKU-GROC-006,Electrolyte Enhanced Sparkling Mineral Water (24-Pack),Grocery & Pantry,11.8,26.99,53.74,6.0,0.98,140.2,462.6,838.8,835.0,0.0,0.0,1654.36,15.5,Low
SCEN_06,"Compound Stress Test (+15% D, +20% LT, 98% SL)",FC-East,SKU-GROC-006,Electrolyte Enhanced Sparkling Mineral Water (24-Pack),Grocery & Pantry,11.8,26.99,46.1,6.0,0.98,148.9,425.5,748.2,883.0,0.0,0.0,1757.02,19.2,Low
SCEN_06,"Compound Stress Test (+15% D, +20% LT, 98% SL)",FC-East,SKU-ELEC-005,Mechanical Gaming Keyboard RGB,Electronics,52.0,109.99,68.79,10.8,0.98,377.5,1120.5,1602.0,1316.0,0.0,0.0,19630.0,19.1,Low
SCEN_06,"Compound Stress Test (+15% D, +20% LT, 98% SL)",FC-West,SKU-APPR-002,Down-Alternative Insulated Winter Puffer Jacket,Apparel,62.0,149.99,65.92,12.0,0.98,428.0,1219.0,1680.4,989.0,691.0,42842.0,26536.0,15.0,Medium
SCEN_06,"Compound Stress Test (+15% D, +20% LT, 98% SL)",FC-East,SKU-HOME-008,Non-Stick 10-Piece Baking Sheet Set,Home & Kitchen,21.0,49.99,90.82,9.6,0.98,403.3,1275.1,1910.8,1769.0,0.0,0.0,8469.3,19.5,Low
SCEN_06,"Compound Stress Test (+15% D, +20% LT, 98% SL)",FC-East,SKU-HOME-002,Stainless Steel Thermal Travel Mug 16oz,Home & Kitchen,9.8,24.99,131.51,9.6,0.98,507.2,1769.7,2690.3,2582.0,0.0,0.0,4970.56,19.6,Low
SCEN_06,"Compound Stress Test (+15% D, +20% LT, 98% SL)",FC-Central,SKU-HOME-006,HEPA Air Purifier Compact Room Model,Home & Kitchen,42.0,89.99,41.39,9.6,0.98,168.0,565.3,855.0,580.0,0.0,0.0,7056.0,14.0,Low
SCEN_06,"Compound Stress Test (+15% D, +20% LT, 98% SL)",FC-East,SKU-APPR-003,Breathable Quick-Dry Athletic Shorts,Apparel,11.2,29.99,57.21,12.0,0.98,333.2,1019.8,1420.2,2591.0,0.0,0.0,3731.84,45.3,Low
SCEN_06,"Compound Stress Test (+15% D, +20% LT, 98% SL)",FC-Central,SKU-HOME-008,Non-Stick 10-Piece Baking Sheet Set,Home & Kitchen,21.0,49.99,49.59,9.6,0.98,222.6,698.6,1045.8,852.0,0.0,0.0,4674.6,17.2,Low
SCEN_06,"Compound Stress Test (+15% D, +20% LT, 98% SL)",FC-East,SKU-ELEC-008,4K Ultra-HD Streaming Media Player,Electronics,22.0,42.49,105.67,10.8,0.98,553.3,1694.6,2434.3,1453.0,981.0,21582.0,12172.6,13.7,Medium
SCEN_06,"Compound Stress Test (+15% D, +20% LT, 98% SL)",FC-East,SKU-ELEC-010,Enterprise High-Resolution Studio Microphone,Electronics,115.0,249.99,10.35,10.8,0.98,63.5,175.3,247.7,163.0,85.0,9775.0,7302.5,15.7,Medium
SCEN_06,"Compound Stress Test (+15% D, +20% LT, 98% SL)",FC-East,SKU-ELEC-006,Portable Bluetooth Rugged Speaker,Electronics,26.5,59.99,28.08,10.8,0.98,138.2,441.5,638.1,429.0,209.0,5538.5,3662.3,15.3,Medium
SCEN_06,"Compound Stress Test (+15% D, +20% LT, 98% SL)",FC-Central,SKU-ELEC-002,Ultra-Fast USB-C GaN Charger 65W,Electronics,14.2,34.99,39.91,10.8,0.98,189.6,620.6,899.9,2235.0,0.0,0.0,2692.32,56.0,Low
SCEN_06,"Compound Stress Test (+15% D, +20% LT, 98% SL)",FC-Central,SKU-APPR-001,Men's Classic Cotton Crewneck T-Shirt 3-Pack,Apparel,10.5,23.79,52.81,12.0,0.98,276.9,910.6,1280.3,1151.0,0.0,0.0,2907.45,21.8,Low
SCEN_06,"Compound Stress Test (+15% D, +20% LT, 98% SL)",FC-West,SKU-ELEC-003,Smart Home Environmental Sensor Hub,Electronics,36.0,79.99,26.62,10.8,0.98,129.6,417.1,603.5,447.0,0.0,0.0,4665.6,16.8,Low
SCEN_06,"Compound Stress Test (+15% D, +20% LT, 98% SL)",FC-West,SKU-ELEC-001,Pro Wireless Noise-Canceling Earbuds,Electronics,58.5,129.99,43.01,10.8,0.98,209.1,673.6,974.7,590.0,385.0,22522.5,12232.35,13.7,Medium
SCEN_06,"Compound Stress Test (+15% D, +20% LT, 98% SL)",FC-Central,SKU-ELEC-003,Smart Home Environmental Sensor Hub,Electronics,36.0,79.99,21.69,10.8,0.98,107.5,341.7,493.6,267.0,227.0,8172.0,3870.0,12.3,Medium
SCEN_06,"Compound Stress Test (+15% D, +20% LT, 98% SL)",FC-East,SKU-ELEC-002,Ultra-Fast USB-C GaN Charger 65W,Electronics,14.2,34.99,59.13,10.8,0.98,280.2,918.8,1332.8,994.0,0.0,0.0,3978.84,16.8,Low
SCEN_06,"Compound Stress Test (+15% D, +20% LT, 98% SL)",FC-East,SKU-ELEC-001,Pro Wireless Noise-Canceling Earbuds,Electronics,58.5,129.99,48.83,10.8,0.98,232.3,759.7,1101.5,790.0,0.0,0.0,13589.55,16.2,Low
SCEN_06,"Compound Stress Test (+15% D, +20% LT, 98% SL)",FC-Central,SKU-HLTH-001,Daily Multivitamin Formula with Zinc & D3 (90 Count),Health & Care,8.9,22.99,57.37,8.4,0.98,187.6,669.5,1071.2,1095.0,0.0,0.0,1669.64,19.1,Low
SCEN_06,"Compound Stress Test (+15% D, +20% LT, 98% SL)",FC-East,SKU-HLTH-001,Daily Multivitamin Formula with Zinc & D3 (90 Count),Health & Care,8.9,22.99,87.63,8.4,0.98,279.9,1016.0,1629.4,1442.0,0.0,0.0,2491.11,16.5,Low
SCEN_06,"Compound Stress Test (+15% D, +20% LT, 98% SL)",FC-West,SKU-GROC-001,Organic Whole Bean Espresso Roast 2 lb,Grocery & Pantry,9.2,21.99,89.92,6.0,0.98,210.1,749.6,1379.0,1608.0,0.0,0.0,1932.92,17.9,Low
SCEN_06,"Compound Stress Test (+15% D, +20% LT, 98% SL)",FC-East,SKU-HLTH-008,Aromatherapy Ultrasonic Essential Oil Diffuser,Health & Care,16.0,39.99,62.62,8.4,0.98,269.1,795.1,1233.4,2886.0,0.0,0.0,4305.6,46.1,Low
SCEN_06,"Compound Stress Test (+15% D, +20% LT, 98% SL)",FC-West,SKU-HLTH-008,Aromatherapy Ultrasonic Essential Oil Diffuser,Health & Care,16.0,39.99,58.06,8.4,0.98,231.4,719.1,1125.6,1286.0,0.0,0.0,3702.4,22.1,Low
SCEN_06,"Compound Stress Test (+15% D, +20% LT, 98% SL)",FC-Central,SKU-HLTH-002,Mineral Broad-Spectrum Sunscreen Lotion SPF 50 6oz,Health & Care,6.8,17.99,28.38,8.4,0.98,150.8,389.2,587.9,1383.0,0.0,0.0,1025.44,48.7,Low
SCEN_06,"Compound Stress Test (+15% D, +20% LT, 98% SL)",FC-East,SKU-HLTH-002,Mineral Broad-Spectrum Sunscreen Lotion SPF 50 6oz,Health & Care,6.8,17.99,56.9,8.4,0.98,250.3,728.3,1126.6,790.0,0.0,0.0,1702.04,13.9,Medium
SCEN_06,"Compound Stress Test (+15% D, +20% LT, 98% SL)",FC-Central,SKU-HLTH-008,Aromatherapy Ultrasonic Essential Oil Diffuser,Health & Care,16.0,39.99,54.2,8.4,0.98,204.1,659.4,1038.8,881.0,0.0,0.0,3265.6,16.3,Low
SCEN_06,"Compound Stress Test (+15% D, +20% LT, 98% SL)",FC-Central,SKU-GROC-010,Imported White Truffle Infused Olive Oil Reserve 250ml,Grocery & Pantry,29.0,64.99,6.99,6.0,0.98,29.5,71.5,120.4,74.0,0.0,0.0,855.5,10.6,Medium
SCEN_06,"Compound Stress Test (+15% D, +20% LT, 98% SL)",FC-Central,SKU-HOME-010,Automatic Touchless Stainless Trash Can 13 Gal,Home & Kitchen,33.0,74.99,12.34,9.6,0.98,64.8,183.3,269.6,187.0,0.0,0.0,2138.4,15.2,Low
SCEN_06,"Compound Stress Test (+15% D, +20% LT, 98% SL)",FC-East,SKU-HOME-010,Automatic Touchless Stainless Trash Can 13 Gal,Home & Kitchen,33.0,74.99,18.04,9.6,0.98,91.9,265.1,391.4,220.0,171.0,5643.0,3032.7,12.2,Medium
SCEN_06,"Compound Stress Test (+15% D, +20% LT, 98% SL)",FC-Central,SKU-GROC-002,Raw California Organic Almonds Unsalted 3 lb,Grocery & Pantry,8.0,18.49,52.23,6.0,0.98,116.8,430.2,795.8,790.0,0.0,0.0,934.4,15.1,Low
SCEN_06,"Compound Stress Test (+15% D, +20% LT, 98% SL)",FC-Central,SKU-APPR-004,Seamless Moisture-Wicking Merino Wool Running Socks,Apparel,6.1,16.99,63.65,12.0,0.98,336.9,1100.7,1546.3,835.0,711.0,4337.1,2055.09,13.1,Medium
SCEN_06,"Compound Stress Test (+15% D, +20% LT, 98% SL)",FC-Central,SKU-ELEC-004,Braided HDMI 2.1 Ultra High Speed Cable,Electronics,7.5,19.99,48.27,10.8,0.98,231.3,752.6,1090.4,667.0,423.0,3172.5,1734.75,13.8,Medium
SCEN_06,"Compound Stress Test (+15% D, +20% LT, 98% SL)",FC-West,SKU-HLTH-004,Sonic Electric Toothbrush Replacement Heads (4-Pack),Health & Care,10.5,29.99,46.64,8.4,0.98,153.7,545.5,872.0,2454.0,0.0,0.0,1613.85,52.6,Low
SCEN_06,"Compound Stress Test (+15% D, +20% LT, 98% SL)",FC-West,SKU-ELEC-004,Braided HDMI 2.1 Ultra High Speed Cable,Electronics,7.5,19.99,61.35,10.8,0.98,291.9,954.5,1384.0,3230.0,0.0,0.0,2189.25,52.6,Low
SCEN_06,"Compound Stress Test (+15% D, +20% LT, 98% SL)",FC-East,SKU-HOME-003,Airtight Glass Food Storage Containers (Set of 8),Home & Kitchen,19.5,44.99,41.76,9.6,0.98,163.6,564.5,856.8,879.0,0.0,0.0,3190.2,21.1,Low
SCEN_06,"Compound Stress Test (+15% D, +20% LT, 98% SL)",FC-West,SKU-GROC-003,Extra Virgin Cold-Pressed Olive Oil 1 Liter,Grocery & Pantry,8.5,19.99,70.43,6.0,0.98,162.3,584.9,1077.8,1444.0,0.0,0.0,1379.55,20.5,Low
SCEN_06,"Compound Stress Test (+15% D, +20% LT, 98% SL)",FC-Central,SKU-HOME-005,Organic Bamboo Cutting Board 3-Piece Set,Home & Kitchen,12.0,29.99,28.35,9.6,0.98,111.2,383.3,581.8,502.0,0.0,0.0,1334.4,17.7,Low
SCEN_06,"Compound Stress Test (+15% D, +20% LT, 98% SL)",FC-Central,SKU-HOME-003,Airtight Glass Food Storage Containers (Set of 8),Home & Kitchen,19.5,44.99,27.93,9.6,0.98,107.8,376.0,571.5,543.0,0.0,0.0,2102.1,19.4,Low
SCEN_06,"Compound Stress Test (+15% D, +20% LT, 98% SL)",FC-Central,SKU-HLTH-004,Sonic Electric Toothbrush Replacement Heads (4-Pack),Health & Care,10.5,29.99,36.16,8.4,0.98,121.2,424.9,678.0,683.0,0.0,0.0,1272.6,18.9,Low
SCEN_06,"Compound Stress Test (+15% D, +20% LT, 98% SL)",FC-Central,SKU-GROC-003,Extra Virgin Cold-Pressed Olive Oil 1 Liter,Grocery & Pantry,8.5,19.99,54.44,6.0,0.98,126.4,453.0,834.1,761.0,0.0,0.0,1074.4,14.0,Low
SCEN_06,"Compound Stress Test (+15% D, +20% LT, 98% SL)",FC-Central,SKU-HOME-001,Cast Iron Pre-Seasoned Skillet 12-Inch,Home & Kitchen,16.8,39.99,26.1,9.6,0.98,100.1,350.7,533.4,555.0,0.0,0.0,1681.68,21.3,Low
SCEN_06,"Compound Stress Test (+15% D, +20% LT, 98% SL)",FC-East,SKU-HOME-005,Organic Bamboo Cutting Board 3-Piece Set,Home & Kitchen,12.0,29.99,41.62,9.6,0.98,156.2,555.7,847.1,860.0,0.0,0.0,1874.4,20.7,Low
SCEN_06,"Compound Stress Test (+15% D, +20% LT, 98% SL)",FC-East,SKU-HOME-001,Cast Iron Pre-Seasoned Skillet 12-Inch,Home & Kitchen,16.8,39.99,38.73,9.6,0.98,148.6,520.4,791.6,583.0,0.0,0.0,2496.48,15.1,Low
SCEN_06,"Compound Stress Test (+15% D, +20% LT, 98% SL)",FC-East,SKU-ELEC-004,Braided HDMI 2.1 Ultra High Speed Cable,Electronics,7.5,19.99,70.05,10.8,0.98,333.1,1089.6,1579.9,3832.0,0.0,0.0,2498.25,54.7,Low
SCEN_06,"Compound Stress Test (+15% D, +20% LT, 98% SL)",FC-West,SKU-HOME-005,Organic Bamboo Cutting Board 3-Piece Set,Home & Kitchen,12.0,29.99,36.89,9.6,0.98,138.4,492.6,750.8,540.0,0.0,0.0,1660.8,14.6,Low
SCEN_06,"Compound Stress Test (+15% D, +20% LT, 98% SL)",FC-West,SKU-HOME-001,Cast Iron Pre-Seasoned Skillet 12-Inch,Home & Kitchen,16.8,39.99,34.91,9.6,0.98,137.0,472.2,716.6,556.0,0.0,0.0,2301.6,15.9,Low
SCEN_06,"Compound Stress Test (+15% D, +20% LT, 98% SL)",FC-East,SKU-GROC-004,Organic Ceremonial Grade Matcha Green Tea 100g,Grocery & Pantry,12.2,29.99,52.24,6.0,0.98,138.7,452.2,817.9,861.0,0.0,0.0,1692.14,16.5,Low
SCEN_06,"Compound Stress Test (+15% D, +20% LT, 98% SL)",FC-Central,SKU-ELEC-009,Specialty Motherboard Replacement Capacitor Pack,Electronics,15.0,45.0,3.05,10.8,0.98,37.7,70.6,91.9,168.0,0.0,0.0,565.5,55.1,Low
SCEN_06,"Compound Stress Test (+15% D, +20% LT, 98% SL)",FC-East,SKU-ELEC-009,Specialty Motherboard Replacement Capacitor Pack,Electronics,15.0,45.0,3.67,10.8,0.98,47.1,86.7,112.4,80.0,32.0,480.0,706.5,21.8,Medium
SCEN_06,"Compound Stress Test (+15% D, +20% LT, 98% SL)",FC-Central,SKU-HOME-009,Commercial Heavy Duty Stand Mixer Motor Assembly,Home & Kitchen,68.0,159.0,2.01,9.6,0.98,28.4,47.7,61.8,46.0,16.0,1088.0,1931.2,22.9,Medium
SCEN_06,"Compound Stress Test (+15% D, +20% LT, 98% SL)",FC-Central,SKU-APPR-009,Custom Embroidered Alpine Ski Racing Bib,Apparel,48.0,120.0,1.76,12.0,0.98,23.4,44.5,56.8,32.0,25.0,1200.0,1123.2,18.2,Medium
SCEN_06,"Compound Stress Test (+15% D, +20% LT, 98% SL)",FC-East,SKU-HLTH-009,Medical Grade Continuous Glucose Sensor Transmitter,Health & Care,82.0,185.0,2.88,8.4,0.98,29.5,53.7,73.8,55.0,0.0,0.0,2419.0,19.1,Low
SCEN_06,"Compound Stress Test (+15% D, +20% LT, 98% SL)",FC-East,SKU-HOME-009,Commercial Heavy Duty Stand Mixer Motor Assembly,Home & Kitchen,68.0,159.0,2.33,9.6,0.98,31.1,53.5,69.9,109.0,0.0,0.0,2114.8,46.7,Low
SCEN_06,"Compound Stress Test (+15% D, +20% LT, 98% SL)",FC-East,SKU-GROC-009,Bulk Food Grade Citric Acid Crystals 50 lb Sack,Grocery & Pantry,38.0,75.65,3.92,6.0,0.98,35.0,58.5,86.0,186.0,0.0,0.0,1330.0,47.4,Low
SCEN_06,"Compound Stress Test (+15% D, +20% LT, 98% SL)",FC-West,SKU-HLTH-009,Medical Grade Continuous Glucose Sensor Transmitter,Health & Care,82.0,185.0,3.05,8.4,0.98,30.3,55.9,77.2,60.0,0.0,0.0,2484.6,19.7,Low
SCEN_06,"Compound Stress Test (+15% D, +20% LT, 98% SL)",FC-West,SKU-HOME-009,Commercial Heavy Duty Stand Mixer Motor Assembly,Home & Kitchen,68.0,159.0,2.58,9.6,0.98,30.2,54.9,73.0,50.0,23.0,1564.0,2053.6,19.4,Medium
SCEN_06,"Compound Stress Test (+15% D, +20% LT, 98% SL)",FC-Central,SKU-GROC-009,Bulk Food Grade Citric Acid Crystals 50 lb Sack,Grocery & Pantry,38.0,75.65,2.55,6.0,0.98,23.3,38.6,56.5,130.0,0.0,0.0,885.4,50.9,Low
SCEN_06,"Compound Stress Test (+15% D, +20% LT, 98% SL)",FC-Central,SKU-APPR-007,Vintage Low-Rise Bootcut Denim Jeans,Apparel,23.0,54.99,7.89,12.0,0.98,46.3,141.0,196.2,114.0,82.0,1886.0,1064.9,14.5,Medium
SCEN_06,"Compound Stress Test (+15% D, +20% LT, 98% SL)",FC-West,SKU-HOME-004,Digital Instant-Read Meat Thermometer,Home & Kitchen,7.2,18.99,25.0,9.6,0.98,101.3,341.3,516.3,1255.0,0.0,0.0,729.36,50.2,Low
SCEN_06,"Compound Stress Test (+15% D, +20% LT, 98% SL)",FC-Central,SKU-HLTH-005,Elderberry Immune Support Syrup with Vitamin C 8oz,Health & Care,7.4,19.99,76.66,8.4,0.98,285.5,929.4,1466.0,1017.0,0.0,0.0,2112.7,13.3,Medium
SCEN_06,"Compound Stress Test (+15% D, +20% LT, 98% SL)",FC-Central,SKU-GROC-005,Artisanal Holiday Spiced Hot Cocoa Mix 500g,Grocery & Pantry,5.6,14.99,100.99,6.0,0.98,344.9,950.9,1657.8,5368.0,0.0,0.0,1931.44,53.2,Low
SCEN_06,"Compound Stress Test (+15% D, +20% LT, 98% SL)",FC-East,SKU-APPR-007,Vintage Low-Rise Bootcut Denim Jeans,Apparel,23.0,54.99,12.18,12.0,0.98,74.9,221.0,306.3,214.0,92.0,2116.0,1722.7,17.6,Medium
SCEN_06,"Compound Stress Test (+15% D, +20% LT, 98% SL)",FC-East,SKU-GROC-008,Gourmet Dark Chocolate Sea Salt Truffles Gift Box,Grocery & Pantry,9.9,24.99,85.4,6.0,0.98,295.0,807.4,1405.2,1070.0,0.0,0.0,2920.5,12.5,Medium
SCEN_06,"Compound Stress Test (+15% D, +20% LT, 98% SL)",FC-East,SKU-GROC-010,Imported White Truffle Infused Olive Oil Reserve 250ml,Grocery & Pantry,29.0,64.99,9.33,6.0,0.98,37.7,93.7,158.9,476.0,0.0,0.0,1093.3,51.0,Low
SCEN_06,"Compound Stress Test (+15% D, +20% LT, 98% SL)",FC-East,SKU-GROC-005,Artisanal Holiday Spiced Hot Cocoa Mix 500g,Grocery & Pantry,5.6,14.99,114.78,6.0,0.98,367.5,1056.2,1859.7,1444.0,0.0,0.0,2058.0,12.6,Medium
SCEN_06,"Compound Stress Test (+15% D, +20% LT, 98% SL)",FC-West,SKU-HLTH-005,Elderberry Immune Support Syrup with Vitamin C 8oz,Health & Care,7.4,19.99,102.95,8.4,0.98,376.0,1240.8,1961.4,1277.0,0.0,0.0,2782.4,12.4,Medium
SCEN_06,"Compound Stress Test (+15% D, +20% LT, 98% SL)",FC-West,SKU-APPR-007,Vintage Low-Rise Bootcut Denim Jeans,Apparel,23.0,54.99,10.46,12.0,0.98,64.7,190.3,263.5,214.0,0.0,0.0,1488.1,20.4,Low
SCEN_06,"Compound Stress Test (+15% D, +20% LT, 98% SL)",FC-East,SKU-HLTH-005,Elderberry Immune Support Syrup with Vitamin C 8oz,Health & Care,7.4,19.99,79.42,8.4,0.98,327.6,994.7,1550.7,3749.0,0.0,0.0,2424.24,47.2,Low
SCEN_06,"Compound Stress Test (+15% D, +20% LT, 98% SL)",FC-East,SKU-HOME-004,Digital Instant-Read Meat Thermometer,Home & Kitchen,7.2,18.99,32.76,9.6,0.98,138.1,452.6,682.0,576.0,0.0,0.0,994.32,17.6,Low
SCEN_06,"Compound Stress Test (+15% D, +20% LT, 98% SL)",FC-West,SKU-GROC-008,Gourmet Dark Chocolate Sea Salt Truffles Gift Box,Grocery & Pantry,9.9,24.99,100.28,6.0,0.98,396.0,997.7,1699.6,2273.0,0.0,0.0,3920.4,22.7,Low
SCEN_06,"Compound Stress Test (+15% D, +20% LT, 98% SL)",FC-Central,SKU-ELEC-007,Micro-USB Legacy Charging Cable 2m,Electronics,3.1,8.99,10.84,10.8,0.98,55.6,172.7,248.6,165.0,84.0,260.4,172.36,15.2,Medium
SCEN_06,"Compound Stress Test (+15% D, +20% LT, 98% SL)",FC-Central,SKU-HLTH-007,Alcohol Hand Sanitizer Gel Discontinued Formula 500ml,Health & Care,2.5,6.99,9.58,8.4,0.98,40.0,120.5,187.5,172.0,0.0,0.0,100.0,18.0,Low
SCEN_06,"Compound Stress Test (+15% D, +20% LT, 98% SL)",FC-East,SKU-GROC-007,Artificially Flavored Breakfast Cereal Marshmallow 18oz,Grocery & Pantry,2.2,5.49,21.14,6.0,0.98,53.8,180.6,328.6,318.0,0.0,0.0,118.36,15.0,Low
SCEN_06,"Compound Stress Test (+15% D, +20% LT, 98% SL)",FC-Central,SKU-GROC-007,Artificially Flavored Breakfast Cereal Marshmallow 18oz,Grocery & Pantry,2.2,5.49,13.86,6.0,0.98,39.5,122.6,219.6,272.0,0.0,0.0,86.9,19.6,Low
SCEN_06,"Compound Stress Test (+15% D, +20% LT, 98% SL)",FC-East,SKU-HLTH-007,Alcohol Hand Sanitizer Gel Discontinued Formula 500ml,Health & Care,2.5,6.99,13.02,8.4,0.98,53.2,162.6,253.7,729.0,0.0,0.0,133.0,56.0,Low
SCEN_06,"Compound Stress Test (+15% D, +20% LT, 98% SL)",FC-East,SKU-HOME-007,Countertop Citrus Juicer Manual Press,Home & Kitchen,9.5,22.99,9.9,9.6,0.98,40.6,135.7,205.0,172.0,0.0,0.0,385.7,17.4,Low
SCEN_06,"Compound Stress Test (+15% D, +20% LT, 98% SL)",FC-West,SKU-GROC-007,Artificially Flavored Breakfast Cereal Marshmallow 18oz,Grocery & Pantry,2.2,5.49,18.68,6.0,0.98,50.7,162.8,293.5,345.0,0.0,0.0,111.54,18.5,Low
SCEN_06,"Compound Stress Test (+15% D, +20% LT, 98% SL)",FC-West,SKU-HLTH-007,Alcohol Hand Sanitizer Gel Discontinued Formula 500ml,Health & Care,2.5,6.99,11.82,8.4,0.98,47.1,146.4,229.2,189.0,0.0,0.0,117.75,16.0,Low
SCEN_06,"Compound Stress Test (+15% D, +20% LT, 98% SL)",FC-West,SKU-HLTH-006,Natural Sulfate-Free Restorative Hair Mask 250ml,Health & Care,9.2,24.99,40.22,8.4,0.98,137.9,475.7,757.2,861.0,0.0,0.0,1268.68,21.4,Low
SCEN_06,"Compound Stress Test (+15% D, +20% LT, 98% SL)",FC-West,SKU-HOME-007,Countertop Citrus Juicer Manual Press,Home & Kitchen,9.5,22.99,8.74,9.6,0.98,40.3,124.2,185.4,151.0,0.0,0.0,382.85,17.3,Low
