forecast_date,store_id,sku_id,horizon_step,forecast,lower_bound,upper_bound,model_name,date_key
2025-01-01,FC-East,SKU-APPR-001,1,59.7,24.99,94.41,Holt_Winters,20250101
2025-01-01,FC-East,SKU-APPR-001,1,59.7,24.99,94.41,Holt_Winters,20250101
2025-01-02,FC-East,SKU-APPR-001,2,61.16,25.94,96.38,Holt_Winters,20250102
2025-01-02,FC-East,SKU-APPR-001,2,61.16,25.94,96.38,Holt_Winters,20250102
2025-01-03,FC-East,SKU-APPR-001,3,70.04,34.31,105.77,Holt_Winters,20250103
2025-01-03,FC-East,SKU-APPR-001,3,70.04,34.31,105.77,Holt_Winters,20250103
2025-01-04,FC-East,SKU-APPR-001,4,79.69,43.45,115.93,Holt_Winters,20250104
2025-01-04,FC-East,SKU-APPR-001,4,79.69,43.45,115.93,Holt_Winters,20250104
2025-01-05,FC-East,SKU-APPR-001,5,71.91,35.18,108.64,Holt_Winters,20250105
2025-01-05,FC-East,SKU-APPR-001,5,71.91,35.18,108.64,Holt_Winters,20250105
2025-01-06,FC-East,SKU-APPR-001,6,54.2,16.98,91.42,Holt_Winters,20250106
2025-01-06,FC-East,SKU-APPR-001,6,54.2,16.98,91.42,Holt_Winters,20250106
2025-01-07,FC-East,SKU-APPR-001,7,58.42,20.71,96.13,Holt_Winters,20250107
2025-01-07,FC-East,SKU-APPR-001,7,58.42,20.71,96.13,Holt_Winters,20250107
2025-01-08,FC-East,SKU-APPR-001,8,59.7,21.52,97.88,Holt_Winters,20250108
2025-01-08,FC-East,SKU-APPR-001,8,59.7,21.52,97.88,Holt_Winters,20250108
2025-01-09,FC-East,SKU-APPR-001,9,61.15,22.5,99.8,Holt_Winters,20250109
2025-01-09,FC-East,SKU-APPR-001,9,61.15,22.5,99.8,Holt_Winters,20250109
2025-01-10,FC-East,SKU-APPR-001,10,70.04,30.92,109.16,Holt_Winters,20250110
2025-01-10,FC-East,SKU-APPR-001,10,70.04,30.92,109.16,Holt_Winters,20250110
2025-01-11,FC-East,SKU-APPR-001,11,79.69,40.12,119.26,Holt_Winters,20250111
2025-01-11,FC-East,SKU-APPR-001,11,79.69,40.12,119.26,Holt_Winters,20250111
2025-01-12,FC-East,SKU-APPR-001,12,71.91,31.89,111.93,Holt_Winters,20250112
2025-01-12,FC-East,SKU-APPR-001,12,71.91,31.89,111.93,Holt_Winters,20250112
2025-01-13,FC-East,SKU-APPR-001,13,54.2,13.73,94.67,Holt_Winters,20250113
2025-01-13,FC-East,SKU-APPR-001,13,54.2,13.73,94.67,Holt_Winters,20250113
2025-01-14,FC-East,SKU-APPR-001,14,58.42,17.5,99.34,Holt_Winters,20250114
2025-01-14,FC-East,SKU-APPR-001,14,58.42,17.5,99.34,Holt_Winters,20250114
2025-01-15,FC-East,SKU-APPR-001,15,59.7,18.34,101.06,Holt_Winters,20250115
2025-01-15,FC-East,SKU-APPR-001,15,59.7,18.34,101.06,Holt_Winters,20250115
2025-01-16,FC-East,SKU-APPR-001,16,61.15,19.34,102.96,Holt_Winters,20250116
2025-01-16,FC-East,SKU-APPR-001,16,61.15,19.34,102.96,Holt_Winters,20250116
2025-01-17,FC-East,SKU-APPR-001,17,70.04,27.8,112.28,Holt_Winters,20250117
2025-01-17,FC-East,SKU-APPR-001,17,70.04,27.8,112.28,Holt_Winters,20250117
2025-01-18,FC-East,SKU-APPR-001,18,79.68,37.03,122.33,Holt_Winters,20250118
2025-01-18,FC-East,SKU-APPR-001,18,79.68,37.03,122.33,Holt_Winters,20250118
2025-01-19,FC-East,SKU-APPR-001,19,71.91,28.83,114.99,Holt_Winters,20250119
2025-01-19,FC-East,SKU-APPR-001,19,71.91,28.83,114.99,Holt_Winters,20250119
2025-01-20,FC-East,SKU-APPR-001,20,54.2,10.71,97.69,Holt_Winters,20250120
2025-01-20,FC-East,SKU-APPR-001,20,54.2,10.71,97.69,Holt_Winters,20250120
2025-01-21,FC-East,SKU-APPR-001,21,58.42,14.52,102.32,Holt_Winters,20250121
2025-01-21,FC-East,SKU-APPR-001,21,58.42,14.52,102.32,Holt_Winters,20250121
2025-01-22,FC-East,SKU-APPR-001,22,59.7,15.38,104.02,Holt_Winters,20250122
2025-01-22,FC-East,SKU-APPR-001,22,59.7,15.38,104.02,Holt_Winters,20250122
2025-01-23,FC-East,SKU-APPR-001,23,61.15,16.42,105.88,Holt_Winters,20250123
2025-01-23,FC-East,SKU-APPR-001,23,61.15,16.42,105.88,Holt_Winters,20250123
2025-01-24,FC-East,SKU-APPR-001,24,70.04,24.92,115.16,Holt_Winters,20250124
2025-01-24,FC-East,SKU-APPR-001,24,70.04,24.92,115.16,Holt_Winters,20250124
2025-01-25,FC-East,SKU-APPR-001,25,79.68,34.15,125.21,Holt_Winters,20250125
2025-01-25,FC-East,SKU-APPR-001,25,79.68,34.15,125.21,Holt_Winters,20250125
2025-01-26,FC-East,SKU-APPR-001,26,71.91,25.99,117.83,Holt_Winters,20250126
2025-01-26,FC-East,SKU-APPR-001,26,71.91,25.99,117.83,Holt_Winters,20250126
2025-01-27,FC-East,SKU-APPR-001,27,54.19,7.88,100.5,Holt_Winters,20250127
2025-01-27,FC-East,SKU-APPR-001,27,54.19,7.88,100.5,Holt_Winters,20250127
2025-01-28,FC-East,SKU-APPR-001,28,58.42,11.71,105.13,Holt_Winters,20250128
2025-01-28,FC-East,SKU-APPR-001,28,58.42,11.71,105.13,Holt_Winters,20250128
2025-01-01,FC-East,SKU-APPR-002,1,82.29,47.58,117.0,Holt_Winters,20250101
2025-01-01,FC-East,SKU-APPR-002,1,82.29,47.58,117.0,Holt_Winters,20250101
2025-01-02,FC-East,SKU-APPR-002,2,85.52,50.3,120.74,Holt_Winters,20250102
2025-01-02,FC-East,SKU-APPR-002,2,85.52,50.3,120.74,Holt_Winters,20250102
2025-01-03,FC-East,SKU-APPR-002,3,87.92,52.19,123.65,Holt_Winters,20250103
2025-01-03,FC-East,SKU-APPR-002,3,87.92,52.19,123.65,Holt_Winters,20250103
2025-01-04,FC-East,SKU-APPR-002,4,95.28,59.04,131.52,Holt_Winters,20250104
2025-01-04,FC-East,SKU-APPR-002,4,95.28,59.04,131.52,Holt_Winters,20250104
2025-01-05,FC-East,SKU-APPR-002,5,95.27,58.54,132.0,Holt_Winters,20250105
2025-01-05,FC-East,SKU-APPR-002,5,95.27,58.54,132.0,Holt_Winters,20250105
2025-01-06,FC-East,SKU-APPR-002,6,80.93,43.71,118.15,Holt_Winters,20250106
2025-01-06,FC-East,SKU-APPR-002,6,80.93,43.71,118.15,Holt_Winters,20250106
2025-01-07,FC-East,SKU-APPR-002,7,81.93,44.22,119.64,Holt_Winters,20250107
2025-01-07,FC-East,SKU-APPR-002,7,81.93,44.22,119.64,Holt_Winters,20250107
2025-01-08,FC-East,SKU-APPR-002,8,87.96,49.78,126.14,Holt_Winters,20250108
2025-01-08,FC-East,SKU-APPR-002,8,87.96,49.78,126.14,Holt_Winters,20250108
2025-01-09,FC-East,SKU-APPR-002,9,91.2,52.55,129.85,Holt_Winters,20250109
2025-01-09,FC-East,SKU-APPR-002,9,91.2,52.55,129.85,Holt_Winters,20250109
2025-01-10,FC-East,SKU-APPR-002,10,93.59,54.47,132.71,Holt_Winters,20250110
2025-01-10,FC-East,SKU-APPR-002,10,93.59,54.47,132.71,Holt_Winters,20250110
2025-01-11,FC-East,SKU-APPR-002,11,100.95,61.38,140.52,Holt_Winters,20250111
2025-01-11,FC-East,SKU-APPR-002,11,100.95,61.38,140.52,Holt_Winters,20250111
2025-01-12,FC-East,SKU-APPR-002,12,100.94,60.92,140.96,Holt_Winters,20250112
2025-01-12,FC-East,SKU-APPR-002,12,100.94,60.92,140.96,Holt_Winters,20250112
2025-01-13,FC-East,SKU-APPR-002,13,86.61,46.14,127.08,Holt_Winters,20250113
2025-01-13,FC-East,SKU-APPR-002,13,86.61,46.14,127.08,Holt_Winters,20250113
2025-01-14,FC-East,SKU-APPR-002,14,87.6,46.68,128.52,Holt_Winters,20250114
2025-01-14,FC-East,SKU-APPR-002,14,87.6,46.68,128.52,Holt_Winters,20250114
2025-01-15,FC-East,SKU-APPR-002,15,93.63,52.27,134.99,Holt_Winters,20250115
2025-01-15,FC-East,SKU-APPR-002,15,93.63,52.27,134.99,Holt_Winters,20250115
2025-01-16,FC-East,SKU-APPR-002,16,96.87,55.06,138.68,Holt_Winters,20250116
2025-01-16,FC-East,SKU-APPR-002,16,96.87,55.06,138.68,Holt_Winters,20250116
2025-01-17,FC-East,SKU-APPR-002,17,99.27,57.03,141.51,Holt_Winters,20250117
2025-01-17,FC-East,SKU-APPR-002,17,99.27,57.03,141.51,Holt_Winters,20250117
2025-01-18,FC-East,SKU-APPR-002,18,106.63,63.98,149.28,Holt_Winters,20250118
2025-01-18,FC-East,SKU-APPR-002,18,106.63,63.98,149.28,Holt_Winters,20250118
2025-01-19,FC-East,SKU-APPR-002,19,106.61,63.53,149.69,Holt_Winters,20250119
2025-01-19,FC-East,SKU-APPR-002,19,106.61,63.53,149.69,Holt_Winters,20250119
2025-01-20,FC-East,SKU-APPR-002,20,92.28,48.79,135.77,Holt_Winters,20250120
2025-01-20,FC-East,SKU-APPR-002,20,92.28,48.79,135.77,Holt_Winters,20250120
2025-01-21,FC-East,SKU-APPR-002,21,93.27,49.37,137.17,Holt_Winters,20250121
2025-01-21,FC-East,SKU-APPR-002,21,93.27,49.37,137.17,Holt_Winters,20250121
2025-01-22,FC-East,SKU-APPR-002,22,99.31,54.99,143.63,Holt_Winters,20250122
2025-01-22,FC-East,SKU-APPR-002,22,99.31,54.99,143.63,Holt_Winters,20250122
2025-01-23,FC-East,SKU-APPR-002,23,102.54,57.81,147.27,Holt_Winters,20250123
2025-01-23,FC-East,SKU-APPR-002,23,102.54,57.81,147.27,Holt_Winters,20250123
2025-01-24,FC-East,SKU-APPR-002,24,104.94,59.82,150.06,Holt_Winters,20250124
2025-01-24,FC-East,SKU-APPR-002,24,104.94,59.82,150.06,Holt_Winters,20250124
2025-01-25,FC-East,SKU-APPR-002,25,112.3,66.77,157.83,Holt_Winters,20250125
2025-01-25,FC-East,SKU-APPR-002,25,112.3,66.77,157.83,Holt_Winters,20250125
2025-01-26,FC-East,SKU-APPR-002,26,112.28,66.36,158.2,Holt_Winters,20250126
2025-01-26,FC-East,SKU-APPR-002,26,112.28,66.36,158.2,Holt_Winters,20250126
2025-01-27,FC-East,SKU-APPR-002,27,97.95,51.64,144.26,Holt_Winters,20250127
2025-01-27,FC-East,SKU-APPR-002,27,97.95,51.64,144.26,Holt_Winters,20250127
2025-01-28,FC-East,SKU-APPR-002,28,98.94,52.23,145.65,Holt_Winters,20250128
2025-01-28,FC-East,SKU-APPR-002,28,98.94,52.23,145.65,Holt_Winters,20250128
2025-01-01,FC-East,SKU-APPR-003,1,44.89,10.18,79.6,Holt_Winters,20250101
2025-01-01,FC-East,SKU-APPR-003,1,44.89,10.18,79.6,Holt_Winters,20250101
2025-01-02,FC-East,SKU-APPR-003,2,44.72,9.5,79.94,Holt_Winters,20250102
2025-01-02,FC-East,SKU-APPR-003,2,44.72,9.5,79.94,Holt_Winters,20250102
2025-01-03,FC-East,SKU-APPR-003,3,55.04,19.31,90.77,Holt_Winters,20250103
2025-01-03,FC-East,SKU-APPR-003,3,55.04,19.31,90.77,Holt_Winters,20250103
2025-01-04,FC-East,SKU-APPR-003,4,69.03,32.79,105.27,Holt_Winters,20250104
2025-01-04,FC-East,SKU-APPR-003,4,69.03,32.79,105.27,Holt_Winters,20250104
2025-01-05,FC-East,SKU-APPR-003,5,57.22,20.49,93.95,Holt_Winters,20250105
2025-01-05,FC-East,SKU-APPR-003,5,57.22,20.49,93.95,Holt_Winters,20250105
2025-01-06,FC-East,SKU-APPR-003,6,36.85,0.0,74.07,Holt_Winters,20250106
2025-01-06,FC-East,SKU-APPR-003,6,36.85,0.0,74.07,Holt_Winters,20250106
2025-01-07,FC-East,SKU-APPR-003,7,39.95,2.24,77.66,Holt_Winters,20250107
2025-01-07,FC-East,SKU-APPR-003,7,39.95,2.24,77.66,Holt_Winters,20250107
2025-01-08,FC-East,SKU-APPR-003,8,44.94,6.76,83.12,Holt_Winters,20250108
2025-01-08,FC-East,SKU-APPR-003,8,44.94,6.76,83.12,Holt_Winters,20250108
2025-01-09,FC-East,SKU-APPR-003,9,44.78,6.13,83.43,Holt_Winters,20250109
2025-01-09,FC-East,SKU-APPR-003,9,44.78,6.13,83.43,Holt_Winters,20250109
2025-01-10,FC-East,SKU-APPR-003,10,55.09,15.97,94.21,Holt_Winters,20250110
2025-01-10,FC-East,SKU-APPR-003,10,55.09,15.97,94.21,Holt_Winters,20250110
2025-01-11,FC-East,SKU-APPR-003,11,69.09,29.52,108.66,Holt_Winters,20250111
2025-01-11,FC-East,SKU-APPR-003,11,69.09,29.52,108.66,Holt_Winters,20250111
2025-01-12,FC-East,SKU-APPR-003,12,57.27,17.25,97.29,Holt_Winters,20250112
2025-01-12,FC-East,SKU-APPR-003,12,57.27,17.25,97.29,Holt_Winters,20250112
2025-01-13,FC-East,SKU-APPR-003,13,36.91,0.0,77.38,Holt_Winters,20250113
2025-01-13,FC-East,SKU-APPR-003,13,36.91,0.0,77.38,Holt_Winters,20250113
2025-01-14,FC-East,SKU-APPR-003,14,40.01,0.0,80.93,Holt_Winters,20250114
2025-01-14,FC-East,SKU-APPR-003,14,40.01,0.0,80.93,Holt_Winters,20250114
2025-01-15,FC-East,SKU-APPR-003,15,45.0,3.64,86.36,Holt_Winters,20250115
2025-01-15,FC-East,SKU-APPR-003,15,45.0,3.64,86.36,Holt_Winters,20250115
2025-01-16,FC-East,SKU-APPR-003,16,44.83,3.02,86.64,Holt_Winters,20250116
2025-01-16,FC-East,SKU-APPR-003,16,44.83,3.02,86.64,Holt_Winters,20250116
2025-01-17,FC-East,SKU-APPR-003,17,55.15,12.91,97.39,Holt_Winters,20250117
2025-01-17,FC-East,SKU-APPR-003,17,55.15,12.91,97.39,Holt_Winters,20250117
2025-01-18,FC-East,SKU-APPR-003,18,69.14,26.49,111.79,Holt_Winters,20250118
2025-01-18,FC-East,SKU-APPR-003,18,69.14,26.49,111.79,Holt_Winters,20250118
2025-01-19,FC-East,SKU-APPR-003,19,57.33,14.25,100.41,Holt_Winters,20250119
2025-01-19,FC-East,SKU-APPR-003,19,57.33,14.25,100.41,Holt_Winters,20250119
2025-01-20,FC-East,SKU-APPR-003,20,36.96,0.0,80.45,Holt_Winters,20250120
2025-01-20,FC-East,SKU-APPR-003,20,36.96,0.0,80.45,Holt_Winters,20250120
2025-01-21,FC-East,SKU-APPR-003,21,40.06,0.0,83.96,Holt_Winters,20250121
2025-01-21,FC-East,SKU-APPR-003,21,40.06,0.0,83.96,Holt_Winters,20250121
2025-01-22,FC-East,SKU-APPR-003,22,45.05,0.73,89.37,Holt_Winters,20250122
2025-01-22,FC-East,SKU-APPR-003,22,45.05,0.73,89.37,Holt_Winters,20250122
2025-01-23,FC-East,SKU-APPR-003,23,44.89,0.16,89.62,Holt_Winters,20250123
2025-01-23,FC-East,SKU-APPR-003,23,44.89,0.16,89.62,Holt_Winters,20250123
2025-01-24,FC-East,SKU-APPR-003,24,55.2,10.08,100.32,Holt_Winters,20250124
2025-01-24,FC-East,SKU-APPR-003,24,55.2,10.08,100.32,Holt_Winters,20250124
2025-01-25,FC-East,SKU-APPR-003,25,69.2,23.67,114.73,Holt_Winters,20250125
2025-01-25,FC-East,SKU-APPR-003,25,69.2,23.67,114.73,Holt_Winters,20250125
2025-01-26,FC-East,SKU-APPR-003,26,57.38,11.46,103.3,Holt_Winters,20250126
2025-01-26,FC-East,SKU-APPR-003,26,57.38,11.46,103.3,Holt_Winters,20250126
2025-01-27,FC-East,SKU-APPR-003,27,37.01,0.0,83.32,Holt_Winters,20250127
2025-01-27,FC-East,SKU-APPR-003,27,37.01,0.0,83.32,Holt_Winters,20250127
2025-01-28,FC-East,SKU-APPR-003,28,40.12,0.0,86.83,Holt_Winters,20250128
2025-01-28,FC-East,SKU-APPR-003,28,40.12,0.0,86.83,Holt_Winters,20250128
2025-01-01,FC-East,SKU-APPR-004,1,73.06,38.35,107.77,Holt_Winters,20250101
2025-01-01,FC-East,SKU-APPR-004,1,73.06,38.35,107.77,Holt_Winters,20250101
2025-01-02,FC-East,SKU-APPR-004,2,73.77,38.55,108.99,Holt_Winters,20250102
2025-01-02,FC-East,SKU-APPR-004,2,73.77,38.55,108.99,Holt_Winters,20250102
2025-01-03,FC-East,SKU-APPR-004,3,87.67,51.94,123.4,Holt_Winters,20250103
2025-01-03,FC-East,SKU-APPR-004,3,87.67,51.94,123.4,Holt_Winters,20250103
2025-01-04,FC-East,SKU-APPR-004,4,93.25,57.01,129.49,Holt_Winters,20250104
2025-01-04,FC-East,SKU-APPR-004,4,93.25,57.01,129.49,Holt_Winters,20250104
2025-01-05,FC-East,SKU-APPR-004,5,86.58,49.85,123.31,Holt_Winters,20250105
2025-01-05,FC-East,SKU-APPR-004,5,86.58,49.85,123.31,Holt_Winters,20250105
2025-01-06,FC-East,SKU-APPR-004,6,69.56,32.34,106.78,Holt_Winters,20250106
2025-01-06,FC-East,SKU-APPR-004,6,69.56,32.34,106.78,Holt_Winters,20250106
2025-01-07,FC-East,SKU-APPR-004,7,70.42,32.71,108.13,Holt_Winters,20250107
2025-01-07,FC-East,SKU-APPR-004,7,70.42,32.71,108.13,Holt_Winters,20250107
2025-01-08,FC-East,SKU-APPR-004,8,73.3,35.12,111.48,Holt_Winters,20250108
2025-01-08,FC-East,SKU-APPR-004,8,73.3,35.12,111.48,Holt_Winters,20250108
2025-01-09,FC-East,SKU-APPR-004,9,74.02,35.37,112.67,Holt_Winters,20250109
2025-01-09,FC-East,SKU-APPR-004,9,74.02,35.37,112.67,Holt_Winters,20250109
2025-01-10,FC-East,SKU-APPR-004,10,87.92,48.8,127.04,Holt_Winters,20250110
2025-01-10,FC-East,SKU-APPR-004,10,87.92,48.8,127.04,Holt_Winters,20250110
2025-01-11,FC-East,SKU-APPR-004,11,93.5,53.93,133.07,Holt_Winters,20250111
2025-01-11,FC-East,SKU-APPR-004,11,93.5,53.93,133.07,Holt_Winters,20250111
2025-01-12,FC-East,SKU-APPR-004,12,86.83,46.81,126.85,Holt_Winters,20250112
2025-01-12,FC-East,SKU-APPR-004,12,86.83,46.81,126.85,Holt_Winters,20250112
2025-01-13,FC-East,SKU-APPR-004,13,69.8,29.33,110.27,Holt_Winters,20250113
2025-01-13,FC-East,SKU-APPR-004,13,69.8,29.33,110.27,Holt_Winters,20250113
2025-01-14,FC-East,SKU-APPR-004,14,70.66,29.74,111.58,Holt_Winters,20250114
2025-01-14,FC-East,SKU-APPR-004,14,70.66,29.74,111.58,Holt_Winters,20250114
2025-01-15,FC-East,SKU-APPR-004,15,73.55,32.19,114.91,Holt_Winters,20250115
2025-01-15,FC-East,SKU-APPR-004,15,73.55,32.19,114.91,Holt_Winters,20250115
2025-01-16,FC-East,SKU-APPR-004,16,74.26,32.45,116.07,Holt_Winters,20250116
2025-01-16,FC-East,SKU-APPR-004,16,74.26,32.45,116.07,Holt_Winters,20250116
2025-01-17,FC-East,SKU-APPR-004,17,88.17,45.93,130.41,Holt_Winters,20250117
2025-01-17,FC-East,SKU-APPR-004,17,88.17,45.93,130.41,Holt_Winters,20250117
2025-01-18,FC-East,SKU-APPR-004,18,93.74,51.09,136.39,Holt_Winters,20250118
2025-01-18,FC-East,SKU-APPR-004,18,93.74,51.09,136.39,Holt_Winters,20250118
2025-01-19,FC-East,SKU-APPR-004,19,87.07,43.99,130.15,Holt_Winters,20250119
2025-01-19,FC-East,SKU-APPR-004,19,87.07,43.99,130.15,Holt_Winters,20250119
2025-01-20,FC-East,SKU-APPR-004,20,70.05,26.56,113.54,Holt_Winters,20250120
2025-01-20,FC-East,SKU-APPR-004,20,70.05,26.56,113.54,Holt_Winters,20250120
2025-01-21,FC-East,SKU-APPR-004,21,70.91,27.01,114.81,Holt_Winters,20250121
2025-01-21,FC-East,SKU-APPR-004,21,70.91,27.01,114.81,Holt_Winters,20250121
2025-01-22,FC-East,SKU-APPR-004,22,73.8,29.48,118.12,Holt_Winters,20250122
2025-01-22,FC-East,SKU-APPR-004,22,73.8,29.48,118.12,Holt_Winters,20250122
2025-01-23,FC-East,SKU-APPR-004,23,74.51,29.78,119.24,Holt_Winters,20250123
2025-01-23,FC-East,SKU-APPR-004,23,74.51,29.78,119.24,Holt_Winters,20250123
2025-01-24,FC-East,SKU-APPR-004,24,88.41,43.29,133.53,Holt_Winters,20250124
2025-01-24,FC-East,SKU-APPR-004,24,88.41,43.29,133.53,Holt_Winters,20250124
2025-01-25,FC-East,SKU-APPR-004,25,93.99,48.46,139.52,Holt_Winters,20250125
2025-01-25,FC-East,SKU-APPR-004,25,93.99,48.46,139.52,Holt_Winters,20250125
2025-01-26,FC-East,SKU-APPR-004,26,87.32,41.4,133.24,Holt_Winters,20250126
2025-01-26,FC-East,SKU-APPR-004,26,87.32,41.4,133.24,Holt_Winters,20250126
2025-01-27,FC-East,SKU-APPR-004,27,70.3,23.99,116.61,Holt_Winters,20250127
2025-01-27,FC-East,SKU-APPR-004,27,70.3,23.99,116.61,Holt_Winters,20250127
2025-01-28,FC-East,SKU-APPR-004,28,71.16,24.45,117.87,Holt_Winters,20250128
2025-01-28,FC-East,SKU-APPR-004,28,71.16,24.45,117.87,Holt_Winters,20250128
2025-01-01,FC-East,SKU-APPR-005,1,43.91,9.2,78.62,Holt_Winters,20250101
2025-01-01,FC-East,SKU-APPR-005,1,43.91,9.2,78.62,Holt_Winters,20250101
2025-01-02,FC-East,SKU-APPR-005,2,41.9,6.68,77.12,Holt_Winters,20250102
2025-01-02,FC-East,SKU-APPR-005,2,41.9,6.68,77.12,Holt_Winters,20250102
2025-01-03,FC-East,SKU-APPR-005,3,48.8,13.07,84.53,Holt_Winters,20250103
2025-01-03,FC-East,SKU-APPR-005,3,48.8,13.07,84.53,Holt_Winters,20250103
2025-01-04,FC-East,SKU-APPR-005,4,52.58,16.34,88.82,Holt_Winters,20250104
2025-01-04,FC-East,SKU-APPR-005,4,52.58,16.34,88.82,Holt_Winters,20250104
2025-01-05,FC-East,SKU-APPR-005,5,50.42,13.69,87.15,Holt_Winters,20250105
2025-01-05,FC-East,SKU-APPR-005,5,50.42,13.69,87.15,Holt_Winters,20250105
2025-01-06,FC-East,SKU-APPR-005,6,39.17,1.95,76.39,Holt_Winters,20250106
2025-01-06,FC-East,SKU-APPR-005,6,39.17,1.95,76.39,Holt_Winters,20250106
2025-01-07,FC-East,SKU-APPR-005,7,39.33,1.62,77.04,Holt_Winters,20250107
2025-01-07,FC-East,SKU-APPR-005,7,39.33,1.62,77.04,Holt_Winters,20250107
2025-01-08,FC-East,SKU-APPR-005,8,43.98,5.8,82.16,Holt_Winters,20250108
2025-01-08,FC-East,SKU-APPR-005,8,43.98,5.8,82.16,Holt_Winters,20250108
2025-01-09,FC-East,SKU-APPR-005,9,41.96,3.31,80.61,Holt_Winters,20250109
2025-01-09,FC-East,SKU-APPR-005,9,41.96,3.31,80.61,Holt_Winters,20250109
2025-01-10,FC-East,SKU-APPR-005,10,48.86,9.74,87.98,Holt_Winters,20250110
2025-01-10,FC-East,SKU-APPR-005,10,48.86,9.74,87.98,Holt_Winters,20250110
2025-01-11,FC-East,SKU-APPR-005,11,52.64,13.07,92.21,Holt_Winters,20250111
2025-01-11,FC-East,SKU-APPR-005,11,52.64,13.07,92.21,Holt_Winters,20250111
2025-01-12,FC-East,SKU-APPR-005,12,50.48,10.46,90.5,Holt_Winters,20250112
2025-01-12,FC-East,SKU-APPR-005,12,50.48,10.46,90.5,Holt_Winters,20250112
2025-01-13,FC-East,SKU-APPR-005,13,39.24,0.0,79.71,Holt_Winters,20250113
2025-01-13,FC-East,SKU-APPR-005,13,39.24,0.0,79.71,Holt_Winters,20250113
2025-01-14,FC-East,SKU-APPR-005,14,39.4,0.0,80.32,Holt_Winters,20250114
2025-01-14,FC-East,SKU-APPR-005,14,39.4,0.0,80.32,Holt_Winters,20250114
2025-01-15,FC-East,SKU-APPR-005,15,44.04,2.68,85.4,Holt_Winters,20250115
2025-01-15,FC-East,SKU-APPR-005,15,44.04,2.68,85.4,Holt_Winters,20250115
2025-01-16,FC-East,SKU-APPR-005,16,42.03,0.22,83.84,Holt_Winters,20250116
2025-01-16,FC-East,SKU-APPR-005,16,42.03,0.22,83.84,Holt_Winters,20250116
2025-01-17,FC-East,SKU-APPR-005,17,48.93,6.69,91.17,Holt_Winters,20250117
2025-01-17,FC-East,SKU-APPR-005,17,48.93,6.69,91.17,Holt_Winters,20250117
2025-01-18,FC-East,SKU-APPR-005,18,52.71,10.06,95.36,Holt_Winters,20250118
2025-01-18,FC-East,SKU-APPR-005,18,52.71,10.06,95.36,Holt_Winters,20250118
2025-01-19,FC-East,SKU-APPR-005,19,50.54,7.46,93.62,Holt_Winters,20250119
2025-01-19,FC-East,SKU-APPR-005,19,50.54,7.46,93.62,Holt_Winters,20250119
2025-01-20,FC-East,SKU-APPR-005,20,39.3,0.0,82.79,Holt_Winters,20250120
2025-01-20,FC-East,SKU-APPR-005,20,39.3,0.0,82.79,Holt_Winters,20250120
2025-01-21,FC-East,SKU-APPR-005,21,39.46,0.0,83.36,Holt_Winters,20250121
2025-01-21,FC-East,SKU-APPR-005,21,39.46,0.0,83.36,Holt_Winters,20250121
2025-01-22,FC-East,SKU-APPR-005,22,44.11,0.0,88.43,Holt_Winters,20250122
2025-01-22,FC-East,SKU-APPR-005,22,44.11,0.0,88.43,Holt_Winters,20250122
2025-01-23,FC-East,SKU-APPR-005,23,42.09,0.0,86.82,Holt_Winters,20250123
2025-01-23,FC-East,SKU-APPR-005,23,42.09,0.0,86.82,Holt_Winters,20250123
2025-01-24,FC-East,SKU-APPR-005,24,48.99,3.87,94.11,Holt_Winters,20250124
2025-01-24,FC-East,SKU-APPR-005,24,48.99,3.87,94.11,Holt_Winters,20250124
2025-01-25,FC-East,SKU-APPR-005,25,52.77,7.24,98.3,Holt_Winters,20250125
2025-01-25,FC-East,SKU-APPR-005,25,52.77,7.24,98.3,Holt_Winters,20250125
2025-01-26,FC-East,SKU-APPR-005,26,50.61,4.69,96.53,Holt_Winters,20250126
2025-01-26,FC-East,SKU-APPR-005,26,50.61,4.69,96.53,Holt_Winters,20250126
2025-01-27,FC-East,SKU-APPR-005,27,39.37,0.0,85.68,Holt_Winters,20250127
2025-01-27,FC-East,SKU-APPR-005,27,39.37,0.0,85.68,Holt_Winters,20250127
2025-01-28,FC-East,SKU-APPR-005,28,39.53,0.0,86.24,Holt_Winters,20250128
2025-01-28,FC-East,SKU-APPR-005,28,39.53,0.0,86.24,Holt_Winters,20250128
2025-01-01,FC-East,SKU-APPR-006,1,24.84,0.0,59.55,Holt_Winters,20250101
2025-01-01,FC-East,SKU-APPR-006,1,24.84,0.0,59.55,Holt_Winters,20250101
2025-01-02,FC-East,SKU-APPR-006,2,27.03,0.0,62.25,Holt_Winters,20250102
2025-01-02,FC-East,SKU-APPR-006,2,27.03,0.0,62.25,Holt_Winters,20250102
2025-01-03,FC-East,SKU-APPR-006,3,33.65,0.0,69.38,Holt_Winters,20250103
2025-01-03,FC-East,SKU-APPR-006,3,33.65,0.0,69.38,Holt_Winters,20250103
2025-01-04,FC-East,SKU-APPR-006,4,39.78,3.54,76.02,Holt_Winters,20250104
2025-01-04,FC-East,SKU-APPR-006,4,39.78,3.54,76.02,Holt_Winters,20250104
2025-01-05,FC-East,SKU-APPR-006,5,29.39,0.0,66.12,Holt_Winters,20250105
2025-01-05,FC-East,SKU-APPR-006,5,29.39,0.0,66.12,Holt_Winters,20250105
2025-01-06,FC-East,SKU-APPR-006,6,23.87,0.0,61.09,Holt_Winters,20250106
2025-01-06,FC-East,SKU-APPR-006,6,23.87,0.0,61.09,Holt_Winters,20250106
2025-01-07,FC-East,SKU-APPR-006,7,24.59,0.0,62.3,Holt_Winters,20250107
2025-01-07,FC-East,SKU-APPR-006,7,24.59,0.0,62.3,Holt_Winters,20250107
2025-01-08,FC-East,SKU-APPR-006,8,24.62,0.0,62.8,Holt_Winters,20250108
2025-01-08,FC-East,SKU-APPR-006,8,24.62,0.0,62.8,Holt_Winters,20250108
2025-01-09,FC-East,SKU-APPR-006,9,26.8,0.0,65.45,Holt_Winters,20250109
2025-01-09,FC-East,SKU-APPR-006,9,26.8,0.0,65.45,Holt_Winters,20250109
2025-01-10,FC-East,SKU-APPR-006,10,33.42,0.0,72.54,Holt_Winters,20250110
2025-01-10,FC-East,SKU-APPR-006,10,33.42,0.0,72.54,Holt_Winters,20250110
2025-01-11,FC-East,SKU-APPR-006,11,39.56,0.0,79.13,Holt_Winters,20250111
2025-01-11,FC-East,SKU-APPR-006,11,39.56,0.0,79.13,Holt_Winters,20250111
2025-01-12,FC-East,SKU-APPR-006,12,29.16,0.0,69.18,Holt_Winters,20250112
2025-01-12,FC-East,SKU-APPR-006,12,29.16,0.0,69.18,Holt_Winters,20250112
2025-01-13,FC-East,SKU-APPR-006,13,23.64,0.0,64.11,Holt_Winters,20250113
2025-01-13,FC-East,SKU-APPR-006,13,23.64,0.0,64.11,Holt_Winters,20250113
2025-01-14,FC-East,SKU-APPR-006,14,24.37,0.0,65.29,Holt_Winters,20250114
2025-01-14,FC-East,SKU-APPR-006,14,24.37,0.0,65.29,Holt_Winters,20250114
2025-01-15,FC-East,SKU-APPR-006,15,24.39,0.0,65.75,Holt_Winters,20250115
2025-01-15,FC-East,SKU-APPR-006,15,24.39,0.0,65.75,Holt_Winters,20250115
2025-01-16,FC-East,SKU-APPR-006,16,26.58,0.0,68.39,Holt_Winters,20250116
2025-01-16,FC-East,SKU-APPR-006,16,26.58,0.0,68.39,Holt_Winters,20250116
2025-01-17,FC-East,SKU-APPR-006,17,33.2,0.0,75.44,Holt_Winters,20250117
2025-01-17,FC-East,SKU-APPR-006,17,33.2,0.0,75.44,Holt_Winters,20250117
2025-01-18,FC-East,SKU-APPR-006,18,39.33,0.0,81.98,Holt_Winters,20250118
2025-01-18,FC-East,SKU-APPR-006,18,39.33,0.0,81.98,Holt_Winters,20250118
2025-01-19,FC-East,SKU-APPR-006,19,28.94,0.0,72.02,Holt_Winters,20250119
2025-01-19,FC-East,SKU-APPR-006,19,28.94,0.0,72.02,Holt_Winters,20250119
2025-01-20,FC-East,SKU-APPR-006,20,23.42,0.0,66.91,Holt_Winters,20250120
2025-01-20,FC-East,SKU-APPR-006,20,23.42,0.0,66.91,Holt_Winters,20250120
2025-01-21,FC-East,SKU-APPR-006,21,24.14,0.0,68.04,Holt_Winters,20250121
2025-01-21,FC-East,SKU-APPR-006,21,24.14,0.0,68.04,Holt_Winters,20250121
2025-01-22,FC-East,SKU-APPR-006,22,24.17,0.0,68.49,Holt_Winters,20250122
2025-01-22,FC-East,SKU-APPR-006,22,24.17,0.0,68.49,Holt_Winters,20250122
2025-01-23,FC-East,SKU-APPR-006,23,26.36,0.0,71.09,Holt_Winters,20250123
2025-01-23,FC-East,SKU-APPR-006,23,26.36,0.0,71.09,Holt_Winters,20250123
2025-01-24,FC-East,SKU-APPR-006,24,32.98,0.0,78.1,Holt_Winters,20250124
2025-01-24,FC-East,SKU-APPR-006,24,32.98,0.0,78.1,Holt_Winters,20250124
2025-01-25,FC-East,SKU-APPR-006,25,39.11,0.0,84.64,Holt_Winters,20250125
2025-01-25,FC-East,SKU-APPR-006,25,39.11,0.0,84.64,Holt_Winters,20250125
2025-01-26,FC-East,SKU-APPR-006,26,28.71,0.0,74.63,Holt_Winters,20250126
2025-01-26,FC-East,SKU-APPR-006,26,28.71,0.0,74.63,Holt_Winters,20250126
2025-01-27,FC-East,SKU-APPR-006,27,23.19,0.0,69.5,Holt_Winters,20250127
2025-01-27,FC-East,SKU-APPR-006,27,23.19,0.0,69.5,Holt_Winters,20250127
2025-01-28,FC-East,SKU-APPR-006,28,23.92,0.0,70.63,Holt_Winters,20250128
2025-01-28,FC-East,SKU-APPR-006,28,23.92,0.0,70.63,Holt_Winters,20250128
2025-01-01,FC-East,SKU-APPR-007,1,9.97,0.0,44.68,Holt_Winters,20250101
2025-01-01,FC-East,SKU-APPR-007,1,9.97,0.0,44.68,Holt_Winters,20250101
2025-01-02,FC-East,SKU-APPR-007,2,9.22,0.0,44.44,Holt_Winters,20250102
2025-01-02,FC-East,SKU-APPR-007,2,9.22,0.0,44.44,Holt_Winters,20250102
2025-01-03,FC-East,SKU-APPR-007,3,12.39,0.0,48.12,Holt_Winters,20250103
2025-01-03,FC-East,SKU-APPR-007,3,12.39,0.0,48.12,Holt_Winters,20250103
2025-01-04,FC-East,SKU-APPR-007,4,14.02,0.0,50.26,Holt_Winters,20250104
2025-01-04,FC-East,SKU-APPR-007,4,14.02,0.0,50.26,Holt_Winters,20250104
2025-01-05,FC-East,SKU-APPR-007,5,11.29,0.0,48.02,Holt_Winters,20250105
2025-01-05,FC-East,SKU-APPR-007,5,11.29,0.0,48.02,Holt_Winters,20250105
2025-01-06,FC-East,SKU-APPR-007,6,8.59,0.0,45.81,Holt_Winters,20250106
2025-01-06,FC-East,SKU-APPR-007,6,8.59,0.0,45.81,Holt_Winters,20250106
2025-01-07,FC-East,SKU-APPR-007,7,9.1,0.0,46.81,Holt_Winters,20250107
2025-01-07,FC-East,SKU-APPR-007,7,9.1,0.0,46.81,Holt_Winters,20250107
2025-01-08,FC-East,SKU-APPR-007,8,9.92,0.0,48.1,Holt_Winters,20250108
2025-01-08,FC-East,SKU-APPR-007,8,9.92,0.0,48.1,Holt_Winters,20250108
2025-01-09,FC-East,SKU-APPR-007,9,9.18,0.0,47.83,Holt_Winters,20250109
2025-01-09,FC-East,SKU-APPR-007,9,9.18,0.0,47.83,Holt_Winters,20250109
2025-01-10,FC-East,SKU-APPR-007,10,12.34,0.0,51.46,Holt_Winters,20250110
2025-01-10,FC-East,SKU-APPR-007,10,12.34,0.0,51.46,Holt_Winters,20250110
2025-01-11,FC-East,SKU-APPR-007,11,13.98,0.0,53.55,Holt_Winters,20250111
2025-01-11,FC-East,SKU-APPR-007,11,13.98,0.0,53.55,Holt_Winters,20250111
2025-01-12,FC-East,SKU-APPR-007,12,11.25,0.0,51.27,Holt_Winters,20250112
2025-01-12,FC-East,SKU-APPR-007,12,11.25,0.0,51.27,Holt_Winters,20250112
2025-01-13,FC-East,SKU-APPR-007,13,8.54,0.0,49.01,Holt_Winters,20250113
2025-01-13,FC-East,SKU-APPR-007,13,8.54,0.0,49.01,Holt_Winters,20250113
2025-01-14,FC-East,SKU-APPR-007,14,9.06,0.0,49.98,Holt_Winters,20250114
2025-01-14,FC-East,SKU-APPR-007,14,9.06,0.0,49.98,Holt_Winters,20250114
2025-01-15,FC-East,SKU-APPR-007,15,9.88,0.0,51.24,Holt_Winters,20250115
2025-01-15,FC-East,SKU-APPR-007,15,9.88,0.0,51.24,Holt_Winters,20250115
2025-01-16,FC-East,SKU-APPR-007,16,9.13,0.0,50.94,Holt_Winters,20250116
2025-01-16,FC-East,SKU-APPR-007,16,9.13,0.0,50.94,Holt_Winters,20250116
2025-01-17,FC-East,SKU-APPR-007,17,12.3,0.0,54.54,Holt_Winters,20250117
2025-01-17,FC-East,SKU-APPR-007,17,12.3,0.0,54.54,Holt_Winters,20250117
2025-01-18,FC-East,SKU-APPR-007,18,13.93,0.0,56.58,Holt_Winters,20250118
2025-01-18,FC-East,SKU-APPR-007,18,13.93,0.0,56.58,Holt_Winters,20250118
2025-01-19,FC-East,SKU-APPR-007,19,11.2,0.0,54.28,Holt_Winters,20250119
2025-01-19,FC-East,SKU-APPR-007,19,11.2,0.0,54.28,Holt_Winters,20250119
2025-01-20,FC-East,SKU-APPR-007,20,8.5,0.0,51.99,Holt_Winters,20250120
2025-01-20,FC-East,SKU-APPR-007,20,8.5,0.0,51.99,Holt_Winters,20250120
2025-01-21,FC-East,SKU-APPR-007,21,9.01,0.0,52.91,Holt_Winters,20250121
2025-01-21,FC-East,SKU-APPR-007,21,9.01,0.0,52.91,Holt_Winters,20250121
2025-01-22,FC-East,SKU-APPR-007,22,9.83,0.0,54.15,Holt_Winters,20250122
2025-01-22,FC-East,SKU-APPR-007,22,9.83,0.0,54.15,Holt_Winters,20250122
2025-01-23,FC-East,SKU-APPR-007,23,9.09,0.0,53.82,Holt_Winters,20250123
2025-01-23,FC-East,SKU-APPR-007,23,9.09,0.0,53.82,Holt_Winters,20250123
2025-01-24,FC-East,SKU-APPR-007,24,12.25,0.0,57.37,Holt_Winters,20250124
2025-01-24,FC-East,SKU-APPR-007,24,12.25,0.0,57.37,Holt_Winters,20250124
2025-01-25,FC-East,SKU-APPR-007,25,13.89,0.0,59.42,Holt_Winters,20250125
2025-01-25,FC-East,SKU-APPR-007,25,13.89,0.0,59.42,Holt_Winters,20250125
2025-01-26,FC-East,SKU-APPR-007,26,11.16,0.0,57.08,Holt_Winters,20250126
2025-01-26,FC-East,SKU-APPR-007,26,11.16,0.0,57.08,Holt_Winters,20250126
2025-01-27,FC-East,SKU-APPR-007,27,8.45,0.0,54.76,Holt_Winters,20250127
2025-01-27,FC-East,SKU-APPR-007,27,8.45,0.0,54.76,Holt_Winters,20250127
2025-01-28,FC-East,SKU-APPR-007,28,8.97,0.0,55.68,Holt_Winters,20250128
2025-01-28,FC-East,SKU-APPR-007,28,8.97,0.0,55.68,Holt_Winters,20250128
2025-01-01,FC-East,SKU-APPR-008,1,81.82,47.11,116.53,Holt_Winters,20250101
2025-01-01,FC-East,SKU-APPR-008,1,81.82,47.11,116.53,Holt_Winters,20250101
2025-01-02,FC-East,SKU-APPR-008,2,82.0,46.78,117.22,Holt_Winters,20250102
2025-01-02,FC-East,SKU-APPR-008,2,82.0,46.78,117.22,Holt_Winters,20250102
2025-01-03,FC-East,SKU-APPR-008,3,86.3,50.57,122.03,Holt_Winters,20250103
2025-01-03,FC-East,SKU-APPR-008,3,86.3,50.57,122.03,Holt_Winters,20250103
2025-01-04,FC-East,SKU-APPR-008,4,94.27,58.03,130.51,Holt_Winters,20250104
2025-01-04,FC-East,SKU-APPR-008,4,94.27,58.03,130.51,Holt_Winters,20250104
2025-01-05,FC-East,SKU-APPR-008,5,98.88,62.15,135.61,Holt_Winters,20250105
2025-01-05,FC-East,SKU-APPR-008,5,98.88,62.15,135.61,Holt_Winters,20250105
2025-01-06,FC-East,SKU-APPR-008,6,79.81,42.59,117.03,Holt_Winters,20250106
2025-01-06,FC-East,SKU-APPR-008,6,79.81,42.59,117.03,Holt_Winters,20250106
2025-01-07,FC-East,SKU-APPR-008,7,76.31,38.6,114.02,Holt_Winters,20250107
2025-01-07,FC-East,SKU-APPR-008,7,76.31,38.6,114.02,Holt_Winters,20250107
2025-01-08,FC-East,SKU-APPR-008,8,84.7,46.52,122.88,Holt_Winters,20250108
2025-01-08,FC-East,SKU-APPR-008,8,84.7,46.52,122.88,Holt_Winters,20250108
2025-01-09,FC-East,SKU-APPR-008,9,84.88,46.23,123.53,Holt_Winters,20250109
2025-01-09,FC-East,SKU-APPR-008,9,84.88,46.23,123.53,Holt_Winters,20250109
2025-01-10,FC-East,SKU-APPR-008,10,89.18,50.06,128.3,Holt_Winters,20250110
2025-01-10,FC-East,SKU-APPR-008,10,89.18,50.06,128.3,Holt_Winters,20250110
2025-01-11,FC-East,SKU-APPR-008,11,97.15,57.58,136.72,Holt_Winters,20250111
2025-01-11,FC-East,SKU-APPR-008,11,97.15,57.58,136.72,Holt_Winters,20250111
2025-01-12,FC-East,SKU-APPR-008,12,101.77,61.75,141.79,Holt_Winters,20250112
2025-01-12,FC-East,SKU-APPR-008,12,101.77,61.75,141.79,Holt_Winters,20250112
2025-01-13,FC-East,SKU-APPR-008,13,82.69,42.22,123.16,Holt_Winters,20250113
2025-01-13,FC-East,SKU-APPR-008,13,82.69,42.22,123.16,Holt_Winters,20250113
2025-01-14,FC-East,SKU-APPR-008,14,79.19,38.27,120.11,Holt_Winters,20250114
2025-01-14,FC-East,SKU-APPR-008,14,79.19,38.27,120.11,Holt_Winters,20250114
2025-01-15,FC-East,SKU-APPR-008,15,87.58,46.22,128.94,Holt_Winters,20250115
2025-01-15,FC-East,SKU-APPR-008,15,87.58,46.22,128.94,Holt_Winters,20250115
2025-01-16,FC-East,SKU-APPR-008,16,87.76,45.95,129.57,Holt_Winters,20250116
2025-01-16,FC-East,SKU-APPR-008,16,87.76,45.95,129.57,Holt_Winters,20250116
2025-01-17,FC-East,SKU-APPR-008,17,92.06,49.82,134.3,Holt_Winters,20250117
2025-01-17,FC-East,SKU-APPR-008,17,92.06,49.82,134.3,Holt_Winters,20250117
2025-01-18,FC-East,SKU-APPR-008,18,100.03,57.38,142.68,Holt_Winters,20250118
2025-01-18,FC-East,SKU-APPR-008,18,100.03,57.38,142.68,Holt_Winters,20250118
2025-01-19,FC-East,SKU-APPR-008,19,104.65,61.57,147.73,Holt_Winters,20250119
2025-01-19,FC-East,SKU-APPR-008,19,104.65,61.57,147.73,Holt_Winters,20250119
2025-01-20,FC-East,SKU-APPR-008,20,85.57,42.08,129.06,Holt_Winters,20250120
2025-01-20,FC-East,SKU-APPR-008,20,85.57,42.08,129.06,Holt_Winters,20250120
2025-01-21,FC-East,SKU-APPR-008,21,82.07,38.17,125.97,Holt_Winters,20250121
2025-01-21,FC-East,SKU-APPR-008,21,82.07,38.17,125.97,Holt_Winters,20250121
2025-01-22,FC-East,SKU-APPR-008,22,90.46,46.14,134.78,Holt_Winters,20250122
2025-01-22,FC-East,SKU-APPR-008,22,90.46,46.14,134.78,Holt_Winters,20250122
2025-01-23,FC-East,SKU-APPR-008,23,90.64,45.91,135.37,Holt_Winters,20250123
2025-01-23,FC-East,SKU-APPR-008,23,90.64,45.91,135.37,Holt_Winters,20250123
2025-01-24,FC-East,SKU-APPR-008,24,94.94,49.82,140.06,Holt_Winters,20250124
2025-01-24,FC-East,SKU-APPR-008,24,94.94,49.82,140.06,Holt_Winters,20250124
2025-01-25,FC-East,SKU-APPR-008,25,102.91,57.38,148.44,Holt_Winters,20250125
2025-01-25,FC-East,SKU-APPR-008,25,102.91,57.38,148.44,Holt_Winters,20250125
2025-01-26,FC-East,SKU-APPR-008,26,107.53,61.61,153.45,Holt_Winters,20250126
2025-01-26,FC-East,SKU-APPR-008,26,107.53,61.61,153.45,Holt_Winters,20250126
2025-01-27,FC-East,SKU-APPR-008,27,88.45,42.14,134.76,Holt_Winters,20250127
2025-01-27,FC-East,SKU-APPR-008,27,88.45,42.14,134.76,Holt_Winters,20250127
2025-01-28,FC-East,SKU-APPR-008,28,84.95,38.24,131.66,Holt_Winters,20250128
2025-01-28,FC-East,SKU-APPR-008,28,84.95,38.24,131.66,Holt_Winters,20250128
2025-01-01,FC-East,SKU-APPR-009,1,2.52,0.0,37.23,Holt_Winters,20250101
2025-01-01,FC-East,SKU-APPR-009,1,2.52,0.0,37.23,Holt_Winters,20250101
2025-01-02,FC-East,SKU-APPR-009,2,2.92,0.0,38.14,Holt_Winters,20250102
2025-01-02,FC-East,SKU-APPR-009,2,2.92,0.0,38.14,Holt_Winters,20250102
2025-01-03,FC-East,SKU-APPR-009,3,2.04,0.0,37.77,Holt_Winters,20250103
2025-01-03,FC-East,SKU-APPR-009,3,2.04,0.0,37.77,Holt_Winters,20250103
2025-01-04,FC-East,SKU-APPR-009,4,2.94,0.0,39.18,Holt_Winters,20250104
2025-01-04,FC-East,SKU-APPR-009,4,2.94,0.0,39.18,Holt_Winters,20250104
2025-01-05,FC-East,SKU-APPR-009,5,2.15,0.0,38.88,Holt_Winters,20250105
2025-01-05,FC-East,SKU-APPR-009,5,2.15,0.0,38.88,Holt_Winters,20250105
2025-01-06,FC-East,SKU-APPR-009,6,2.94,0.0,40.16,Holt_Winters,20250106
2025-01-06,FC-East,SKU-APPR-009,6,2.94,0.0,40.16,Holt_Winters,20250106
2025-01-07,FC-East,SKU-APPR-009,7,2.26,0.0,39.97,Holt_Winters,20250107
2025-01-07,FC-East,SKU-APPR-009,7,2.26,0.0,39.97,Holt_Winters,20250107
2025-01-08,FC-East,SKU-APPR-009,8,2.52,0.0,40.7,Holt_Winters,20250108
2025-01-08,FC-East,SKU-APPR-009,8,2.52,0.0,40.7,Holt_Winters,20250108
2025-01-09,FC-East,SKU-APPR-009,9,2.92,0.0,41.57,Holt_Winters,20250109
2025-01-09,FC-East,SKU-APPR-009,9,2.92,0.0,41.57,Holt_Winters,20250109
2025-01-10,FC-East,SKU-APPR-009,10,2.04,0.0,41.16,Holt_Winters,20250110
2025-01-10,FC-East,SKU-APPR-009,10,2.04,0.0,41.16,Holt_Winters,20250110
2025-01-11,FC-East,SKU-APPR-009,11,2.94,0.0,42.51,Holt_Winters,20250111
2025-01-11,FC-East,SKU-APPR-009,11,2.94,0.0,42.51,Holt_Winters,20250111
2025-01-12,FC-East,SKU-APPR-009,12,2.15,0.0,42.17,Holt_Winters,20250112
2025-01-12,FC-East,SKU-APPR-009,12,2.15,0.0,42.17,Holt_Winters,20250112
2025-01-13,FC-East,SKU-APPR-009,13,2.94,0.0,43.41,Holt_Winters,20250113
2025-01-13,FC-East,SKU-APPR-009,13,2.94,0.0,43.41,Holt_Winters,20250113
2025-01-14,FC-East,SKU-APPR-009,14,2.26,0.0,43.18,Holt_Winters,20250114
2025-01-14,FC-East,SKU-APPR-009,14,2.26,0.0,43.18,Holt_Winters,20250114
2025-01-15,FC-East,SKU-APPR-009,15,2.52,0.0,43.88,Holt_Winters,20250115
2025-01-15,FC-East,SKU-APPR-009,15,2.52,0.0,43.88,Holt_Winters,20250115
2025-01-16,FC-East,SKU-APPR-009,16,2.92,0.0,44.73,Holt_Winters,20250116
2025-01-16,FC-East,SKU-APPR-009,16,2.92,0.0,44.73,Holt_Winters,20250116
2025-01-17,FC-East,SKU-APPR-009,17,2.05,0.0,44.29,Holt_Winters,20250117
2025-01-17,FC-East,SKU-APPR-009,17,2.05,0.0,44.29,Holt_Winters,20250117
2025-01-18,FC-East,SKU-APPR-009,18,2.94,0.0,45.59,Holt_Winters,20250118
2025-01-18,FC-East,SKU-APPR-009,18,2.94,0.0,45.59,Holt_Winters,20250118
2025-01-19,FC-East,SKU-APPR-009,19,2.15,0.0,45.23,Holt_Winters,20250119
2025-01-19,FC-East,SKU-APPR-009,19,2.15,0.0,45.23,Holt_Winters,20250119
2025-01-20,FC-East,SKU-APPR-009,20,2.94,0.0,46.43,Holt_Winters,20250120
2025-01-20,FC-East,SKU-APPR-009,20,2.94,0.0,46.43,Holt_Winters,20250120
2025-01-21,FC-East,SKU-APPR-009,21,2.27,0.0,46.17,Holt_Winters,20250121
2025-01-21,FC-East,SKU-APPR-009,21,2.27,0.0,46.17,Holt_Winters,20250121
2025-01-22,FC-East,SKU-APPR-009,22,2.52,0.0,46.84,Holt_Winters,20250122
2025-01-22,FC-East,SKU-APPR-009,22,2.52,0.0,46.84,Holt_Winters,20250122
2025-01-23,FC-East,SKU-APPR-009,23,2.92,0.0,47.65,Holt_Winters,20250123
2025-01-23,FC-East,SKU-APPR-009,23,2.92,0.0,47.65,Holt_Winters,20250123
2025-01-24,FC-East,SKU-APPR-009,24,2.05,0.0,47.17,Holt_Winters,20250124
2025-01-24,FC-East,SKU-APPR-009,24,2.05,0.0,47.17,Holt_Winters,20250124
2025-01-25,FC-East,SKU-APPR-009,25,2.94,0.0,48.47,Holt_Winters,20250125
2025-01-25,FC-East,SKU-APPR-009,25,2.94,0.0,48.47,Holt_Winters,20250125
2025-01-26,FC-East,SKU-APPR-009,26,2.15,0.0,48.07,Holt_Winters,20250126
2025-01-26,FC-East,SKU-APPR-009,26,2.15,0.0,48.07,Holt_Winters,20250126
2025-01-27,FC-East,SKU-APPR-009,27,2.94,0.0,49.25,Holt_Winters,20250127
2025-01-27,FC-East,SKU-APPR-009,27,2.94,0.0,49.25,Holt_Winters,20250127
2025-01-28,FC-East,SKU-APPR-009,28,2.27,0.0,48.98,Holt_Winters,20250128
2025-01-28,FC-East,SKU-APPR-009,28,2.27,0.0,48.98,Holt_Winters,20250128
2025-01-01,FC-East,SKU-APPR-010,1,5.54,0.0,40.25,Holt_Winters,20250101
2025-01-01,FC-East,SKU-APPR-010,1,5.54,0.0,40.25,Holt_Winters,20250101
2025-01-02,FC-East,SKU-APPR-010,2,5.91,0.0,41.13,Holt_Winters,20250102
2025-01-02,FC-East,SKU-APPR-010,2,5.91,0.0,41.13,Holt_Winters,20250102
2025-01-03,FC-East,SKU-APPR-010,3,8.11,0.0,43.84,Holt_Winters,20250103
2025-01-03,FC-East,SKU-APPR-010,3,8.11,0.0,43.84,Holt_Winters,20250103
2025-01-04,FC-East,SKU-APPR-010,4,8.79,0.0,45.03,Holt_Winters,20250104
2025-01-04,FC-East,SKU-APPR-010,4,8.79,0.0,45.03,Holt_Winters,20250104
2025-01-05,FC-East,SKU-APPR-010,5,7.43,0.0,44.16,Holt_Winters,20250105
2025-01-05,FC-East,SKU-APPR-010,5,7.43,0.0,44.16,Holt_Winters,20250105
2025-01-06,FC-East,SKU-APPR-010,6,5.41,0.0,42.63,Holt_Winters,20250106
2025-01-06,FC-East,SKU-APPR-010,6,5.41,0.0,42.63,Holt_Winters,20250106
2025-01-07,FC-East,SKU-APPR-010,7,5.62,0.0,43.33,Holt_Winters,20250107
2025-01-07,FC-East,SKU-APPR-010,7,5.62,0.0,43.33,Holt_Winters,20250107
2025-01-08,FC-East,SKU-APPR-010,8,5.54,0.0,43.72,Holt_Winters,20250108
2025-01-08,FC-East,SKU-APPR-010,8,5.54,0.0,43.72,Holt_Winters,20250108
2025-01-09,FC-East,SKU-APPR-010,9,5.91,0.0,44.56,Holt_Winters,20250109
2025-01-09,FC-East,SKU-APPR-010,9,5.91,0.0,44.56,Holt_Winters,20250109
2025-01-10,FC-East,SKU-APPR-010,10,8.11,0.0,47.23,Holt_Winters,20250110
2025-01-10,FC-East,SKU-APPR-010,10,8.11,0.0,47.23,Holt_Winters,20250110
2025-01-11,FC-East,SKU-APPR-010,11,8.79,0.0,48.36,Holt_Winters,20250111
2025-01-11,FC-East,SKU-APPR-010,11,8.79,0.0,48.36,Holt_Winters,20250111
2025-01-12,FC-East,SKU-APPR-010,12,7.43,0.0,47.45,Holt_Winters,20250112
2025-01-12,FC-East,SKU-APPR-010,12,7.43,0.0,47.45,Holt_Winters,20250112
2025-01-13,FC-East,SKU-APPR-010,13,5.41,0.0,45.88,Holt_Winters,20250113
2025-01-13,FC-East,SKU-APPR-010,13,5.41,0.0,45.88,Holt_Winters,20250113
2025-01-14,FC-East,SKU-APPR-010,14,5.62,0.0,46.54,Holt_Winters,20250114
2025-01-14,FC-East,SKU-APPR-010,14,5.62,0.0,46.54,Holt_Winters,20250114
2025-01-15,FC-East,SKU-APPR-010,15,5.54,0.0,46.9,Holt_Winters,20250115
2025-01-15,FC-East,SKU-APPR-010,15,5.54,0.0,46.9,Holt_Winters,20250115
2025-01-16,FC-East,SKU-APPR-010,16,5.91,0.0,47.72,Holt_Winters,20250116
2025-01-16,FC-East,SKU-APPR-010,16,5.91,0.0,47.72,Holt_Winters,20250116
2025-01-17,FC-East,SKU-APPR-010,17,8.11,0.0,50.35,Holt_Winters,20250117
2025-01-17,FC-East,SKU-APPR-010,17,8.11,0.0,50.35,Holt_Winters,20250117
2025-01-18,FC-East,SKU-APPR-010,18,8.79,0.0,51.44,Holt_Winters,20250118
2025-01-18,FC-East,SKU-APPR-010,18,8.79,0.0,51.44,Holt_Winters,20250118
2025-01-19,FC-East,SKU-APPR-010,19,7.42,0.0,50.5,Holt_Winters,20250119
2025-01-19,FC-East,SKU-APPR-010,19,7.42,0.0,50.5,Holt_Winters,20250119
2025-01-20,FC-East,SKU-APPR-010,20,5.41,0.0,48.9,Holt_Winters,20250120
2025-01-20,FC-East,SKU-APPR-010,20,5.41,0.0,48.9,Holt_Winters,20250120
2025-01-21,FC-East,SKU-APPR-010,21,5.61,0.0,49.51,Holt_Winters,20250121
2025-01-21,FC-East,SKU-APPR-010,21,5.61,0.0,49.51,Holt_Winters,20250121
2025-01-22,FC-East,SKU-APPR-010,22,5.53,0.0,49.85,Holt_Winters,20250122
2025-01-22,FC-East,SKU-APPR-010,22,5.53,0.0,49.85,Holt_Winters,20250122
2025-01-23,FC-East,SKU-APPR-010,23,5.91,0.0,50.64,Holt_Winters,20250123
2025-01-23,FC-East,SKU-APPR-010,23,5.91,0.0,50.64,Holt_Winters,20250123
2025-01-24,FC-East,SKU-APPR-010,24,8.11,0.0,53.23,Holt_Winters,20250124
2025-01-24,FC-East,SKU-APPR-010,24,8.11,0.0,53.23,Holt_Winters,20250124
2025-01-25,FC-East,SKU-APPR-010,25,8.78,0.0,54.31,Holt_Winters,20250125
2025-01-25,FC-East,SKU-APPR-010,25,8.78,0.0,54.31,Holt_Winters,20250125
2025-01-26,FC-East,SKU-APPR-010,26,7.42,0.0,53.34,Holt_Winters,20250126
2025-01-26,FC-East,SKU-APPR-010,26,7.42,0.0,53.34,Holt_Winters,20250126
2025-01-27,FC-East,SKU-APPR-010,27,5.4,0.0,51.71,Holt_Winters,20250127
2025-01-27,FC-East,SKU-APPR-010,27,5.4,0.0,51.71,Holt_Winters,20250127
2025-01-28,FC-East,SKU-APPR-010,28,5.61,0.0,52.32,Holt_Winters,20250128
2025-01-28,FC-East,SKU-APPR-010,28,5.61,0.0,52.32,Holt_Winters,20250128
2025-01-01,FC-East,SKU-ELEC-001,1,40.39,5.68,75.1,Holt_Winters,20250101
2025-01-01,FC-East,SKU-ELEC-001,1,40.39,5.68,75.1,Holt_Winters,20250101
2025-01-02,FC-East,SKU-ELEC-001,2,41.44,6.22,76.66,Holt_Winters,20250102
2025-01-02,FC-East,SKU-ELEC-001,2,41.44,6.22,76.66,Holt_Winters,20250102
2025-01-03,FC-East,SKU-ELEC-001,3,42.87,7.14,78.6,Holt_Winters,20250103
2025-01-03,FC-East,SKU-ELEC-001,3,42.87,7.14,78.6,Holt_Winters,20250103
2025-01-04,FC-East,SKU-ELEC-001,4,49.68,13.44,85.92,Holt_Winters,20250104
2025-01-04,FC-East,SKU-ELEC-001,4,49.68,13.44,85.92,Holt_Winters,20250104
2025-01-05,FC-East,SKU-ELEC-001,5,45.79,9.06,82.52,Holt_Winters,20250105
2025-01-05,FC-East,SKU-ELEC-001,5,45.79,9.06,82.52,Holt_Winters,20250105
2025-01-06,FC-East,SKU-ELEC-001,6,38.29,1.07,75.51,Holt_Winters,20250106
2025-01-06,FC-East,SKU-ELEC-001,6,38.29,1.07,75.51,Holt_Winters,20250106
2025-01-07,FC-East,SKU-ELEC-001,7,37.27,0.0,74.98,Holt_Winters,20250107
2025-01-07,FC-East,SKU-ELEC-001,7,37.27,0.0,74.98,Holt_Winters,20250107
2025-01-08,FC-East,SKU-ELEC-001,8,40.53,2.35,78.71,Holt_Winters,20250108
2025-01-08,FC-East,SKU-ELEC-001,8,40.53,2.35,78.71,Holt_Winters,20250108
2025-01-09,FC-East,SKU-ELEC-001,9,41.58,2.93,80.23,Holt_Winters,20250109
2025-01-09,FC-East,SKU-ELEC-001,9,41.58,2.93,80.23,Holt_Winters,20250109
2025-01-10,FC-East,SKU-ELEC-001,10,43.01,3.89,82.13,Holt_Winters,20250110
2025-01-10,FC-East,SKU-ELEC-001,10,43.01,3.89,82.13,Holt_Winters,20250110
2025-01-11,FC-East,SKU-ELEC-001,11,49.82,10.25,89.39,Holt_Winters,20250111
2025-01-11,FC-East,SKU-ELEC-001,11,49.82,10.25,89.39,Holt_Winters,20250111
2025-01-12,FC-East,SKU-ELEC-001,12,45.92,5.9,85.94,Holt_Winters,20250112
2025-01-12,FC-East,SKU-ELEC-001,12,45.92,5.9,85.94,Holt_Winters,20250112
2025-01-13,FC-East,SKU-ELEC-001,13,38.43,0.0,78.9,Holt_Winters,20250113
2025-01-13,FC-East,SKU-ELEC-001,13,38.43,0.0,78.9,Holt_Winters,20250113
2025-01-14,FC-East,SKU-ELEC-001,14,37.41,0.0,78.33,Holt_Winters,20250114
2025-01-14,FC-East,SKU-ELEC-001,14,37.41,0.0,78.33,Holt_Winters,20250114
2025-01-15,FC-East,SKU-ELEC-001,15,40.67,0.0,82.03,Holt_Winters,20250115
2025-01-15,FC-East,SKU-ELEC-001,15,40.67,0.0,82.03,Holt_Winters,20250115
2025-01-16,FC-East,SKU-ELEC-001,16,41.72,0.0,83.53,Holt_Winters,20250116
2025-01-16,FC-East,SKU-ELEC-001,16,41.72,0.0,83.53,Holt_Winters,20250116
2025-01-17,FC-East,SKU-ELEC-001,17,43.15,0.91,85.39,Holt_Winters,20250117
2025-01-17,FC-East,SKU-ELEC-001,17,43.15,0.91,85.39,Holt_Winters,20250117
2025-01-18,FC-East,SKU-ELEC-001,18,49.96,7.31,92.61,Holt_Winters,20250118
2025-01-18,FC-East,SKU-ELEC-001,18,49.96,7.31,92.61,Holt_Winters,20250118
2025-01-19,FC-East,SKU-ELEC-001,19,46.06,2.98,89.14,Holt_Winters,20250119
2025-01-19,FC-East,SKU-ELEC-001,19,46.06,2.98,89.14,Holt_Winters,20250119
2025-01-20,FC-East,SKU-ELEC-001,20,38.57,0.0,82.06,Holt_Winters,20250120
2025-01-20,FC-East,SKU-ELEC-001,20,38.57,0.0,82.06,Holt_Winters,20250120
2025-01-21,FC-East,SKU-ELEC-001,21,37.55,0.0,81.45,Holt_Winters,20250121
2025-01-21,FC-East,SKU-ELEC-001,21,37.55,0.0,81.45,Holt_Winters,20250121
2025-01-22,FC-East,SKU-ELEC-001,22,40.81,0.0,85.13,Holt_Winters,20250122
2025-01-22,FC-East,SKU-ELEC-001,22,40.81,0.0,85.13,Holt_Winters,20250122
2025-01-23,FC-East,SKU-ELEC-001,23,41.85,0.0,86.58,Holt_Winters,20250123
2025-01-23,FC-East,SKU-ELEC-001,23,41.85,0.0,86.58,Holt_Winters,20250123
2025-01-24,FC-East,SKU-ELEC-001,24,43.29,0.0,88.41,Holt_Winters,20250124
2025-01-24,FC-East,SKU-ELEC-001,24,43.29,0.0,88.41,Holt_Winters,20250124
2025-01-25,FC-East,SKU-ELEC-001,25,50.09,4.56,95.62,Holt_Winters,20250125
2025-01-25,FC-East,SKU-ELEC-001,25,50.09,4.56,95.62,Holt_Winters,20250125
2025-01-26,FC-East,SKU-ELEC-001,26,46.2,0.28,92.12,Holt_Winters,20250126
2025-01-26,FC-East,SKU-ELEC-001,26,46.2,0.28,92.12,Holt_Winters,20250126
2025-01-27,FC-East,SKU-ELEC-001,27,38.71,0.0,85.02,Holt_Winters,20250127
2025-01-27,FC-East,SKU-ELEC-001,27,38.71,0.0,85.02,Holt_Winters,20250127
2025-01-28,FC-East,SKU-ELEC-001,28,37.69,0.0,84.4,Holt_Winters,20250128
2025-01-28,FC-East,SKU-ELEC-001,28,37.69,0.0,84.4,Holt_Winters,20250128
2025-01-01,FC-East,SKU-ELEC-002,1,47.74,13.03,82.45,Holt_Winters,20250101
2025-01-01,FC-East,SKU-ELEC-002,1,47.74,13.03,82.45,Holt_Winters,20250101
2025-01-02,FC-East,SKU-ELEC-002,2,47.47,12.25,82.69,Holt_Winters,20250102
2025-01-02,FC-East,SKU-ELEC-002,2,47.47,12.25,82.69,Holt_Winters,20250102
2025-01-03,FC-East,SKU-ELEC-002,3,55.5,19.77,91.23,Holt_Winters,20250103
2025-01-03,FC-East,SKU-ELEC-002,3,55.5,19.77,91.23,Holt_Winters,20250103
2025-01-04,FC-East,SKU-ELEC-002,4,61.89,25.65,98.13,Holt_Winters,20250104
2025-01-04,FC-East,SKU-ELEC-002,4,61.89,25.65,98.13,Holt_Winters,20250104
2025-01-05,FC-East,SKU-ELEC-002,5,57.5,20.77,94.23,Holt_Winters,20250105
2025-01-05,FC-East,SKU-ELEC-002,5,57.5,20.77,94.23,Holt_Winters,20250105
2025-01-06,FC-East,SKU-ELEC-002,6,44.51,7.29,81.73,Holt_Winters,20250106
2025-01-06,FC-East,SKU-ELEC-002,6,44.51,7.29,81.73,Holt_Winters,20250106
2025-01-07,FC-East,SKU-ELEC-002,7,45.13,7.42,82.84,Holt_Winters,20250107
2025-01-07,FC-East,SKU-ELEC-002,7,45.13,7.42,82.84,Holt_Winters,20250107
2025-01-08,FC-East,SKU-ELEC-002,8,47.75,9.57,85.93,Holt_Winters,20250108
2025-01-08,FC-East,SKU-ELEC-002,8,47.75,9.57,85.93,Holt_Winters,20250108
2025-01-09,FC-East,SKU-ELEC-002,9,47.48,8.83,86.13,Holt_Winters,20250109
2025-01-09,FC-East,SKU-ELEC-002,9,47.48,8.83,86.13,Holt_Winters,20250109
2025-01-10,FC-East,SKU-ELEC-002,10,55.52,16.4,94.64,Holt_Winters,20250110
2025-01-10,FC-East,SKU-ELEC-002,10,55.52,16.4,94.64,Holt_Winters,20250110
2025-01-11,FC-East,SKU-ELEC-002,11,61.9,22.33,101.47,Holt_Winters,20250111
2025-01-11,FC-East,SKU-ELEC-002,11,61.9,22.33,101.47,Holt_Winters,20250111
2025-01-12,FC-East,SKU-ELEC-002,12,57.51,17.49,97.53,Holt_Winters,20250112
2025-01-12,FC-East,SKU-ELEC-002,12,57.51,17.49,97.53,Holt_Winters,20250112
2025-01-13,FC-East,SKU-ELEC-002,13,44.53,4.06,85.0,Holt_Winters,20250113
2025-01-13,FC-East,SKU-ELEC-002,13,44.53,4.06,85.0,Holt_Winters,20250113
2025-01-14,FC-East,SKU-ELEC-002,14,45.14,4.22,86.06,Holt_Winters,20250114
2025-01-14,FC-East,SKU-ELEC-002,14,45.14,4.22,86.06,Holt_Winters,20250114
2025-01-15,FC-East,SKU-ELEC-002,15,47.77,6.41,89.13,Holt_Winters,20250115
2025-01-15,FC-East,SKU-ELEC-002,15,47.77,6.41,89.13,Holt_Winters,20250115
2025-01-16,FC-East,SKU-ELEC-002,16,47.5,5.69,89.31,Holt_Winters,20250116
2025-01-16,FC-East,SKU-ELEC-002,16,47.5,5.69,89.31,Holt_Winters,20250116
2025-01-17,FC-East,SKU-ELEC-002,17,55.54,13.3,97.78,Holt_Winters,20250117
2025-01-17,FC-East,SKU-ELEC-002,17,55.54,13.3,97.78,Holt_Winters,20250117
2025-01-18,FC-East,SKU-ELEC-002,18,61.92,19.27,104.57,Holt_Winters,20250118
2025-01-18,FC-East,SKU-ELEC-002,18,61.92,19.27,104.57,Holt_Winters,20250118
2025-01-19,FC-East,SKU-ELEC-002,19,57.53,14.45,100.61,Holt_Winters,20250119
2025-01-19,FC-East,SKU-ELEC-002,19,57.53,14.45,100.61,Holt_Winters,20250119
2025-01-20,FC-East,SKU-ELEC-002,20,44.55,1.06,88.04,Holt_Winters,20250120
2025-01-20,FC-East,SKU-ELEC-002,20,44.55,1.06,88.04,Holt_Winters,20250120
2025-01-21,FC-East,SKU-ELEC-002,21,45.16,1.26,89.06,Holt_Winters,20250121
2025-01-21,FC-East,SKU-ELEC-002,21,45.16,1.26,89.06,Holt_Winters,20250121
2025-01-22,FC-East,SKU-ELEC-002,22,47.79,3.47,92.11,Holt_Winters,20250122
2025-01-22,FC-East,SKU-ELEC-002,22,47.79,3.47,92.11,Holt_Winters,20250122
2025-01-23,FC-East,SKU-ELEC-002,23,47.52,2.79,92.25,Holt_Winters,20250123
2025-01-23,FC-East,SKU-ELEC-002,23,47.52,2.79,92.25,Holt_Winters,20250123
2025-01-24,FC-East,SKU-ELEC-002,24,55.56,10.44,100.68,Holt_Winters,20250124
2025-01-24,FC-East,SKU-ELEC-002,24,55.56,10.44,100.68,Holt_Winters,20250124
2025-01-25,FC-East,SKU-ELEC-002,25,61.94,16.41,107.47,Holt_Winters,20250125
2025-01-25,FC-East,SKU-ELEC-002,25,61.94,16.41,107.47,Holt_Winters,20250125
2025-01-26,FC-East,SKU-ELEC-002,26,57.55,11.63,103.47,Holt_Winters,20250126
2025-01-26,FC-East,SKU-ELEC-002,26,57.55,11.63,103.47,Holt_Winters,20250126
2025-01-27,FC-East,SKU-ELEC-002,27,44.56,0.0,90.87,Holt_Winters,20250127
2025-01-27,FC-East,SKU-ELEC-002,27,44.56,0.0,90.87,Holt_Winters,20250127
2025-01-28,FC-East,SKU-ELEC-002,28,45.18,0.0,91.89,Holt_Winters,20250128
2025-01-28,FC-East,SKU-ELEC-002,28,45.18,0.0,91.89,Holt_Winters,20250128
2025-01-01,FC-East,SKU-ELEC-003,1,24.05,0.0,58.76,Holt_Winters,20250101
2025-01-01,FC-East,SKU-ELEC-003,1,24.05,0.0,58.76,Holt_Winters,20250101
2025-01-02,FC-East,SKU-ELEC-003,2,25.0,0.0,60.22,Holt_Winters,20250102
2025-01-02,FC-East,SKU-ELEC-003,2,25.0,0.0,60.22,Holt_Winters,20250102
2025-01-03,FC-East,SKU-ELEC-003,3,27.26,0.0,62.99,Holt_Winters,20250103
2025-01-03,FC-East,SKU-ELEC-003,3,27.26,0.0,62.99,Holt_Winters,20250103
2025-01-04,FC-East,SKU-ELEC-003,4,31.01,0.0,67.25,Holt_Winters,20250104
2025-01-04,FC-East,SKU-ELEC-003,4,31.01,0.0,67.25,Holt_Winters,20250104
2025-01-05,FC-East,SKU-ELEC-003,5,28.06,0.0,64.79,Holt_Winters,20250105
2025-01-05,FC-East,SKU-ELEC-003,5,28.06,0.0,64.79,Holt_Winters,20250105
2025-01-06,FC-East,SKU-ELEC-003,6,23.15,0.0,60.37,Holt_Winters,20250106
2025-01-06,FC-East,SKU-ELEC-003,6,23.15,0.0,60.37,Holt_Winters,20250106
2025-01-07,FC-East,SKU-ELEC-003,7,23.59,0.0,61.3,Holt_Winters,20250107
2025-01-07,FC-East,SKU-ELEC-003,7,23.59,0.0,61.3,Holt_Winters,20250107
2025-01-08,FC-East,SKU-ELEC-003,8,24.12,0.0,62.3,Holt_Winters,20250108
2025-01-08,FC-East,SKU-ELEC-003,8,24.12,0.0,62.3,Holt_Winters,20250108
2025-01-09,FC-East,SKU-ELEC-003,9,25.07,0.0,63.72,Holt_Winters,20250109
2025-01-09,FC-East,SKU-ELEC-003,9,25.07,0.0,63.72,Holt_Winters,20250109
2025-01-10,FC-East,SKU-ELEC-003,10,27.33,0.0,66.45,Holt_Winters,20250110
2025-01-10,FC-East,SKU-ELEC-003,10,27.33,0.0,66.45,Holt_Winters,20250110
2025-01-11,FC-East,SKU-ELEC-003,11,31.08,0.0,70.65,Holt_Winters,20250111
2025-01-11,FC-East,SKU-ELEC-003,11,31.08,0.0,70.65,Holt_Winters,20250111
2025-01-12,FC-East,SKU-ELEC-003,12,28.13,0.0,68.15,Holt_Winters,20250112
2025-01-12,FC-East,SKU-ELEC-003,12,28.13,0.0,68.15,Holt_Winters,20250112
2025-01-13,FC-East,SKU-ELEC-003,13,23.21,0.0,63.68,Holt_Winters,20250113
2025-01-13,FC-East,SKU-ELEC-003,13,23.21,0.0,63.68,Holt_Winters,20250113
2025-01-14,FC-East,SKU-ELEC-003,14,23.65,0.0,64.57,Holt_Winters,20250114
2025-01-14,FC-East,SKU-ELEC-003,14,23.65,0.0,64.57,Holt_Winters,20250114
2025-01-15,FC-East,SKU-ELEC-003,15,24.19,0.0,65.55,Holt_Winters,20250115
2025-01-15,FC-East,SKU-ELEC-003,15,24.19,0.0,65.55,Holt_Winters,20250115
2025-01-16,FC-East,SKU-ELEC-003,16,25.14,0.0,66.95,Holt_Winters,20250116
2025-01-16,FC-East,SKU-ELEC-003,16,25.14,0.0,66.95,Holt_Winters,20250116
2025-01-17,FC-East,SKU-ELEC-003,17,27.4,0.0,69.64,Holt_Winters,20250117
2025-01-17,FC-East,SKU-ELEC-003,17,27.4,0.0,69.64,Holt_Winters,20250117
2025-01-18,FC-East,SKU-ELEC-003,18,31.15,0.0,73.8,Holt_Winters,20250118
2025-01-18,FC-East,SKU-ELEC-003,18,31.15,0.0,73.8,Holt_Winters,20250118
2025-01-19,FC-East,SKU-ELEC-003,19,28.2,0.0,71.28,Holt_Winters,20250119
2025-01-19,FC-East,SKU-ELEC-003,19,28.2,0.0,71.28,Holt_Winters,20250119
2025-01-20,FC-East,SKU-ELEC-003,20,23.28,0.0,66.77,Holt_Winters,20250120
2025-01-20,FC-East,SKU-ELEC-003,20,23.28,0.0,66.77,Holt_Winters,20250120
2025-01-21,FC-East,SKU-ELEC-003,21,23.72,0.0,67.62,Holt_Winters,20250121
2025-01-21,FC-East,SKU-ELEC-003,21,23.72,0.0,67.62,Holt_Winters,20250121
2025-01-22,FC-East,SKU-ELEC-003,22,24.25,0.0,68.57,Holt_Winters,20250122
2025-01-22,FC-East,SKU-ELEC-003,22,24.25,0.0,68.57,Holt_Winters,20250122
2025-01-23,FC-East,SKU-ELEC-003,23,25.2,0.0,69.93,Holt_Winters,20250123
2025-01-23,FC-East,SKU-ELEC-003,23,25.2,0.0,69.93,Holt_Winters,20250123
2025-01-24,FC-East,SKU-ELEC-003,24,27.46,0.0,72.58,Holt_Winters,20250124
2025-01-24,FC-East,SKU-ELEC-003,24,27.46,0.0,72.58,Holt_Winters,20250124
2025-01-25,FC-East,SKU-ELEC-003,25,31.21,0.0,76.74,Holt_Winters,20250125
2025-01-25,FC-East,SKU-ELEC-003,25,31.21,0.0,76.74,Holt_Winters,20250125
2025-01-26,FC-East,SKU-ELEC-003,26,28.26,0.0,74.18,Holt_Winters,20250126
2025-01-26,FC-East,SKU-ELEC-003,26,28.26,0.0,74.18,Holt_Winters,20250126
2025-01-27,FC-East,SKU-ELEC-003,27,23.35,0.0,69.66,Holt_Winters,20250127
2025-01-27,FC-East,SKU-ELEC-003,27,23.35,0.0,69.66,Holt_Winters,20250127
2025-01-28,FC-East,SKU-ELEC-003,28,23.79,0.0,70.5,Holt_Winters,20250128
2025-01-28,FC-East,SKU-ELEC-003,28,23.79,0.0,70.5,Holt_Winters,20250128
2025-01-01,FC-East,SKU-ELEC-004,1,54.72,20.01,89.43,Holt_Winters,20250101
2025-01-01,FC-East,SKU-ELEC-004,1,54.72,20.01,89.43,Holt_Winters,20250101
2025-01-02,FC-East,SKU-ELEC-004,2,56.9,21.68,92.12,Holt_Winters,20250102
2025-01-02,FC-East,SKU-ELEC-004,2,56.9,21.68,92.12,Holt_Winters,20250102
2025-01-03,FC-East,SKU-ELEC-004,3,67.64,31.91,103.37,Holt_Winters,20250103
2025-01-03,FC-East,SKU-ELEC-004,3,67.64,31.91,103.37,Holt_Winters,20250103
2025-01-04,FC-East,SKU-ELEC-004,4,71.44,35.2,107.68,Holt_Winters,20250104
2025-01-04,FC-East,SKU-ELEC-004,4,71.44,35.2,107.68,Holt_Winters,20250104
2025-01-05,FC-East,SKU-ELEC-004,5,66.36,29.63,103.09,Holt_Winters,20250105
2025-01-05,FC-East,SKU-ELEC-004,5,66.36,29.63,103.09,Holt_Winters,20250105
2025-01-06,FC-East,SKU-ELEC-004,6,55.21,17.99,92.43,Holt_Winters,20250106
2025-01-06,FC-East,SKU-ELEC-004,6,55.21,17.99,92.43,Holt_Winters,20250106
2025-01-07,FC-East,SKU-ELEC-004,7,53.84,16.13,91.55,Holt_Winters,20250107
2025-01-07,FC-East,SKU-ELEC-004,7,53.84,16.13,91.55,Holt_Winters,20250107
2025-01-08,FC-East,SKU-ELEC-004,8,54.75,16.57,92.93,Holt_Winters,20250108
2025-01-08,FC-East,SKU-ELEC-004,8,54.75,16.57,92.93,Holt_Winters,20250108
2025-01-09,FC-East,SKU-ELEC-004,9,56.92,18.27,95.57,Holt_Winters,20250109
2025-01-09,FC-East,SKU-ELEC-004,9,56.92,18.27,95.57,Holt_Winters,20250109
2025-01-10,FC-East,SKU-ELEC-004,10,67.66,28.54,106.78,Holt_Winters,20250110
2025-01-10,FC-East,SKU-ELEC-004,10,67.66,28.54,106.78,Holt_Winters,20250110
2025-01-11,FC-East,SKU-ELEC-004,11,71.46,31.89,111.03,Holt_Winters,20250111
2025-01-11,FC-East,SKU-ELEC-004,11,71.46,31.89,111.03,Holt_Winters,20250111
2025-01-12,FC-East,SKU-ELEC-004,12,66.38,26.36,106.4,Holt_Winters,20250112
2025-01-12,FC-East,SKU-ELEC-004,12,66.38,26.36,106.4,Holt_Winters,20250112
2025-01-13,FC-East,SKU-ELEC-004,13,55.24,14.77,95.71,Holt_Winters,20250113
2025-01-13,FC-East,SKU-ELEC-004,13,55.24,14.77,95.71,Holt_Winters,20250113
2025-01-14,FC-East,SKU-ELEC-004,14,53.86,12.94,94.78,Holt_Winters,20250114
2025-01-14,FC-East,SKU-ELEC-004,14,53.86,12.94,94.78,Holt_Winters,20250114
2025-01-15,FC-East,SKU-ELEC-004,15,54.77,13.41,96.13,Holt_Winters,20250115
2025-01-15,FC-East,SKU-ELEC-004,15,54.77,13.41,96.13,Holt_Winters,20250115
2025-01-16,FC-East,SKU-ELEC-004,16,56.94,15.13,98.75,Holt_Winters,20250116
2025-01-16,FC-East,SKU-ELEC-004,16,56.94,15.13,98.75,Holt_Winters,20250116
2025-01-17,FC-East,SKU-ELEC-004,17,67.68,25.44,109.92,Holt_Winters,20250117
2025-01-17,FC-East,SKU-ELEC-004,17,67.68,25.44,109.92,Holt_Winters,20250117
2025-01-18,FC-East,SKU-ELEC-004,18,71.48,28.83,114.13,Holt_Winters,20250118
2025-01-18,FC-East,SKU-ELEC-004,18,71.48,28.83,114.13,Holt_Winters,20250118
2025-01-19,FC-East,SKU-ELEC-004,19,66.4,23.32,109.48,Holt_Winters,20250119
2025-01-19,FC-East,SKU-ELEC-004,19,66.4,23.32,109.48,Holt_Winters,20250119
2025-01-20,FC-East,SKU-ELEC-004,20,55.26,11.77,98.75,Holt_Winters,20250120
2025-01-20,FC-East,SKU-ELEC-004,20,55.26,11.77,98.75,Holt_Winters,20250120
2025-01-21,FC-East,SKU-ELEC-004,21,53.88,9.98,97.78,Holt_Winters,20250121
2025-01-21,FC-East,SKU-ELEC-004,21,53.88,9.98,97.78,Holt_Winters,20250121
2025-01-22,FC-East,SKU-ELEC-004,22,54.79,10.47,99.11,Holt_Winters,20250122
2025-01-22,FC-East,SKU-ELEC-004,22,54.79,10.47,99.11,Holt_Winters,20250122
2025-01-23,FC-East,SKU-ELEC-004,23,56.96,12.23,101.69,Holt_Winters,20250123
2025-01-23,FC-East,SKU-ELEC-004,23,56.96,12.23,101.69,Holt_Winters,20250123
2025-01-24,FC-East,SKU-ELEC-004,24,67.7,22.58,112.82,Holt_Winters,20250124
2025-01-24,FC-East,SKU-ELEC-004,24,67.7,22.58,112.82,Holt_Winters,20250124
2025-01-25,FC-East,SKU-ELEC-004,25,71.5,25.97,117.03,Holt_Winters,20250125
2025-01-25,FC-East,SKU-ELEC-004,25,71.5,25.97,117.03,Holt_Winters,20250125
2025-01-26,FC-East,SKU-ELEC-004,26,66.42,20.5,112.34,Holt_Winters,20250126
2025-01-26,FC-East,SKU-ELEC-004,26,66.42,20.5,112.34,Holt_Winters,20250126
2025-01-27,FC-East,SKU-ELEC-004,27,55.28,8.97,101.59,Holt_Winters,20250127
2025-01-27,FC-East,SKU-ELEC-004,27,55.28,8.97,101.59,Holt_Winters,20250127
2025-01-28,FC-East,SKU-ELEC-004,28,53.91,7.2,100.62,Holt_Winters,20250128
2025-01-28,FC-East,SKU-ELEC-004,28,53.91,7.2,100.62,Holt_Winters,20250128
2025-01-01,FC-East,SKU-ELEC-005,1,55.31,20.6,90.02,Holt_Winters,20250101
2025-01-01,FC-East,SKU-ELEC-005,1,55.31,20.6,90.02,Holt_Winters,20250101
2025-01-02,FC-East,SKU-ELEC-005,2,58.07,22.85,93.29,Holt_Winters,20250102
2025-01-02,FC-East,SKU-ELEC-005,2,58.07,22.85,93.29,Holt_Winters,20250102
2025-01-03,FC-East,SKU-ELEC-005,3,63.01,27.28,98.74,Holt_Winters,20250103
2025-01-03,FC-East,SKU-ELEC-005,3,63.01,27.28,98.74,Holt_Winters,20250103
2025-01-04,FC-East,SKU-ELEC-005,4,64.48,28.24,100.72,Holt_Winters,20250104
2025-01-04,FC-East,SKU-ELEC-005,4,64.48,28.24,100.72,Holt_Winters,20250104
2025-01-05,FC-East,SKU-ELEC-005,5,61.76,25.03,98.49,Holt_Winters,20250105
2025-01-05,FC-East,SKU-ELEC-005,5,61.76,25.03,98.49,Holt_Winters,20250105
2025-01-06,FC-East,SKU-ELEC-005,6,54.87,17.65,92.09,Holt_Winters,20250106
2025-01-06,FC-East,SKU-ELEC-005,6,54.87,17.65,92.09,Holt_Winters,20250106
2025-01-07,FC-East,SKU-ELEC-005,7,57.34,19.63,95.05,Holt_Winters,20250107
2025-01-07,FC-East,SKU-ELEC-005,7,57.34,19.63,95.05,Holt_Winters,20250107
2025-01-08,FC-East,SKU-ELEC-005,8,55.68,17.5,93.86,Holt_Winters,20250108
2025-01-08,FC-East,SKU-ELEC-005,8,55.68,17.5,93.86,Holt_Winters,20250108
2025-01-09,FC-East,SKU-ELEC-005,9,58.45,19.8,97.1,Holt_Winters,20250109
2025-01-09,FC-East,SKU-ELEC-005,9,58.45,19.8,97.1,Holt_Winters,20250109
2025-01-10,FC-East,SKU-ELEC-005,10,63.38,24.26,102.5,Holt_Winters,20250110
2025-01-10,FC-East,SKU-ELEC-005,10,63.38,24.26,102.5,Holt_Winters,20250110
2025-01-11,FC-East,SKU-ELEC-005,11,64.85,25.28,104.42,Holt_Winters,20250111
2025-01-11,FC-East,SKU-ELEC-005,11,64.85,25.28,104.42,Holt_Winters,20250111
2025-01-12,FC-East,SKU-ELEC-005,12,62.13,22.11,102.15,Holt_Winters,20250112
2025-01-12,FC-East,SKU-ELEC-005,12,62.13,22.11,102.15,Holt_Winters,20250112
2025-01-13,FC-East,SKU-ELEC-005,13,55.24,14.77,95.71,Holt_Winters,20250113
2025-01-13,FC-East,SKU-ELEC-005,13,55.24,14.77,95.71,Holt_Winters,20250113
2025-01-14,FC-East,SKU-ELEC-005,14,57.71,16.79,98.63,Holt_Winters,20250114
2025-01-14,FC-East,SKU-ELEC-005,14,57.71,16.79,98.63,Holt_Winters,20250114
2025-01-15,FC-East,SKU-ELEC-005,15,56.05,14.69,97.41,Holt_Winters,20250115
2025-01-15,FC-East,SKU-ELEC-005,15,56.05,14.69,97.41,Holt_Winters,20250115
2025-01-16,FC-East,SKU-ELEC-005,16,58.82,17.01,100.63,Holt_Winters,20250116
2025-01-16,FC-East,SKU-ELEC-005,16,58.82,17.01,100.63,Holt_Winters,20250116
2025-01-17,FC-East,SKU-ELEC-005,17,63.75,21.51,105.99,Holt_Winters,20250117
2025-01-17,FC-East,SKU-ELEC-005,17,63.75,21.51,105.99,Holt_Winters,20250117
2025-01-18,FC-East,SKU-ELEC-005,18,65.22,22.57,107.87,Holt_Winters,20250118
2025-01-18,FC-East,SKU-ELEC-005,18,65.22,22.57,107.87,Holt_Winters,20250118
2025-01-19,FC-East,SKU-ELEC-005,19,62.51,19.43,105.59,Holt_Winters,20250119
2025-01-19,FC-East,SKU-ELEC-005,19,62.51,19.43,105.59,Holt_Winters,20250119
2025-01-20,FC-East,SKU-ELEC-005,20,55.62,12.13,99.11,Holt_Winters,20250120
2025-01-20,FC-East,SKU-ELEC-005,20,55.62,12.13,99.11,Holt_Winters,20250120
2025-01-21,FC-East,SKU-ELEC-005,21,58.08,14.18,101.98,Holt_Winters,20250121
2025-01-21,FC-East,SKU-ELEC-005,21,58.08,14.18,101.98,Holt_Winters,20250121
2025-01-22,FC-East,SKU-ELEC-005,22,56.42,12.1,100.74,Holt_Winters,20250122
2025-01-22,FC-East,SKU-ELEC-005,22,56.42,12.1,100.74,Holt_Winters,20250122
2025-01-23,FC-East,SKU-ELEC-005,23,59.19,14.46,103.92,Holt_Winters,20250123
2025-01-23,FC-East,SKU-ELEC-005,23,59.19,14.46,103.92,Holt_Winters,20250123
2025-01-24,FC-East,SKU-ELEC-005,24,64.12,19.0,109.24,Holt_Winters,20250124
2025-01-24,FC-East,SKU-ELEC-005,24,64.12,19.0,109.24,Holt_Winters,20250124
2025-01-25,FC-East,SKU-ELEC-005,25,65.59,20.06,111.12,Holt_Winters,20250125
2025-01-25,FC-East,SKU-ELEC-005,25,65.59,20.06,111.12,Holt_Winters,20250125
2025-01-26,FC-East,SKU-ELEC-005,26,62.88,16.96,108.8,Holt_Winters,20250126
2025-01-26,FC-East,SKU-ELEC-005,26,62.88,16.96,108.8,Holt_Winters,20250126
2025-01-27,FC-East,SKU-ELEC-005,27,55.99,9.68,102.3,Holt_Winters,20250127
2025-01-27,FC-East,SKU-ELEC-005,27,55.99,9.68,102.3,Holt_Winters,20250127
2025-01-28,FC-East,SKU-ELEC-005,28,58.46,11.75,105.17,Holt_Winters,20250128
2025-01-28,FC-East,SKU-ELEC-005,28,58.46,11.75,105.17,Holt_Winters,20250128
2025-01-01,FC-East,SKU-ELEC-006,1,22.83,0.0,57.54,Holt_Winters,20250101
2025-01-01,FC-East,SKU-ELEC-006,1,22.83,0.0,57.54,Holt_Winters,20250101
2025-01-02,FC-East,SKU-ELEC-006,2,22.21,0.0,57.43,Holt_Winters,20250102
2025-01-02,FC-East,SKU-ELEC-006,2,22.21,0.0,57.43,Holt_Winters,20250102
2025-01-03,FC-East,SKU-ELEC-006,3,28.25,0.0,63.98,Holt_Winters,20250103
2025-01-03,FC-East,SKU-ELEC-006,3,28.25,0.0,63.98,Holt_Winters,20250103
2025-01-04,FC-East,SKU-ELEC-006,4,30.9,0.0,67.14,Holt_Winters,20250104
2025-01-04,FC-East,SKU-ELEC-006,4,30.9,0.0,67.14,Holt_Winters,20250104
2025-01-05,FC-East,SKU-ELEC-006,5,28.89,0.0,65.62,Holt_Winters,20250105
2025-01-05,FC-East,SKU-ELEC-006,5,28.89,0.0,65.62,Holt_Winters,20250105
2025-01-06,FC-East,SKU-ELEC-006,6,18.2,0.0,55.42,Holt_Winters,20250106
2025-01-06,FC-East,SKU-ELEC-006,6,18.2,0.0,55.42,Holt_Winters,20250106
2025-01-07,FC-East,SKU-ELEC-006,7,19.68,0.0,57.39,Holt_Winters,20250107
2025-01-07,FC-East,SKU-ELEC-006,7,19.68,0.0,57.39,Holt_Winters,20250107
2025-01-08,FC-East,SKU-ELEC-006,8,22.83,0.0,61.01,Holt_Winters,20250108
2025-01-08,FC-East,SKU-ELEC-006,8,22.83,0.0,61.01,Holt_Winters,20250108
2025-01-09,FC-East,SKU-ELEC-006,9,22.21,0.0,60.86,Holt_Winters,20250109
2025-01-09,FC-East,SKU-ELEC-006,9,22.21,0.0,60.86,Holt_Winters,20250109
2025-01-10,FC-East,SKU-ELEC-006,10,28.24,0.0,67.36,Holt_Winters,20250110
2025-01-10,FC-East,SKU-ELEC-006,10,28.24,0.0,67.36,Holt_Winters,20250110
2025-01-11,FC-East,SKU-ELEC-006,11,30.9,0.0,70.47,Holt_Winters,20250111
2025-01-11,FC-East,SKU-ELEC-006,11,30.9,0.0,70.47,Holt_Winters,20250111
2025-01-12,FC-East,SKU-ELEC-006,12,28.89,0.0,68.91,Holt_Winters,20250112
2025-01-12,FC-East,SKU-ELEC-006,12,28.89,0.0,68.91,Holt_Winters,20250112
2025-01-13,FC-East,SKU-ELEC-006,13,18.19,0.0,58.66,Holt_Winters,20250113
2025-01-13,FC-East,SKU-ELEC-006,13,18.19,0.0,58.66,Holt_Winters,20250113
2025-01-14,FC-East,SKU-ELEC-006,14,19.68,0.0,60.6,Holt_Winters,20250114
2025-01-14,FC-East,SKU-ELEC-006,14,19.68,0.0,60.6,Holt_Winters,20250114
2025-01-15,FC-East,SKU-ELEC-006,15,22.82,0.0,64.18,Holt_Winters,20250115
2025-01-15,FC-East,SKU-ELEC-006,15,22.82,0.0,64.18,Holt_Winters,20250115
2025-01-16,FC-East,SKU-ELEC-006,16,22.21,0.0,64.02,Holt_Winters,20250116
2025-01-16,FC-East,SKU-ELEC-006,16,22.21,0.0,64.02,Holt_Winters,20250116
2025-01-17,FC-East,SKU-ELEC-006,17,28.24,0.0,70.48,Holt_Winters,20250117
2025-01-17,FC-East,SKU-ELEC-006,17,28.24,0.0,70.48,Holt_Winters,20250117
2025-01-18,FC-East,SKU-ELEC-006,18,30.89,0.0,73.54,Holt_Winters,20250118
2025-01-18,FC-East,SKU-ELEC-006,18,30.89,0.0,73.54,Holt_Winters,20250118
2025-01-19,FC-East,SKU-ELEC-006,19,28.89,0.0,71.97,Holt_Winters,20250119
2025-01-19,FC-East,SKU-ELEC-006,19,28.89,0.0,71.97,Holt_Winters,20250119
2025-01-20,FC-East,SKU-ELEC-006,20,18.19,0.0,61.68,Holt_Winters,20250120
2025-01-20,FC-East,SKU-ELEC-006,20,18.19,0.0,61.68,Holt_Winters,20250120
2025-01-21,FC-East,SKU-ELEC-006,21,19.67,0.0,63.57,Holt_Winters,20250121
2025-01-21,FC-East,SKU-ELEC-006,21,19.67,0.0,63.57,Holt_Winters,20250121
2025-01-22,FC-East,SKU-ELEC-006,22,22.82,0.0,67.14,Holt_Winters,20250122
2025-01-22,FC-East,SKU-ELEC-006,22,22.82,0.0,67.14,Holt_Winters,20250122
2025-01-23,FC-East,SKU-ELEC-006,23,22.2,0.0,66.93,Holt_Winters,20250123
2025-01-23,FC-East,SKU-ELEC-006,23,22.2,0.0,66.93,Holt_Winters,20250123
2025-01-24,FC-East,SKU-ELEC-006,24,28.24,0.0,73.36,Holt_Winters,20250124
2025-01-24,FC-East,SKU-ELEC-006,24,28.24,0.0,73.36,Holt_Winters,20250124
2025-01-25,FC-East,SKU-ELEC-006,25,30.89,0.0,76.42,Holt_Winters,20250125
2025-01-25,FC-East,SKU-ELEC-006,25,30.89,0.0,76.42,Holt_Winters,20250125
2025-01-26,FC-East,SKU-ELEC-006,26,28.88,0.0,74.8,Holt_Winters,20250126
2025-01-26,FC-East,SKU-ELEC-006,26,28.88,0.0,74.8,Holt_Winters,20250126
2025-01-27,FC-East,SKU-ELEC-006,27,18.19,0.0,64.5,Holt_Winters,20250127
2025-01-27,FC-East,SKU-ELEC-006,27,18.19,0.0,64.5,Holt_Winters,20250127
2025-01-28,FC-East,SKU-ELEC-006,28,19.67,0.0,66.38,Holt_Winters,20250128
2025-01-28,FC-East,SKU-ELEC-006,28,19.67,0.0,66.38,Holt_Winters,20250128
2025-01-01,FC-East,SKU-ELEC-007,1,12.45,0.0,47.16,Holt_Winters,20250101
2025-01-01,FC-East,SKU-ELEC-007,1,12.45,0.0,47.16,Holt_Winters,20250101
2025-01-02,FC-East,SKU-ELEC-007,2,11.84,0.0,47.06,Holt_Winters,20250102
2025-01-02,FC-East,SKU-ELEC-007,2,11.84,0.0,47.06,Holt_Winters,20250102
2025-01-03,FC-East,SKU-ELEC-007,3,15.03,0.0,50.76,Holt_Winters,20250103
2025-01-03,FC-East,SKU-ELEC-007,3,15.03,0.0,50.76,Holt_Winters,20250103
2025-01-04,FC-East,SKU-ELEC-007,4,17.45,0.0,53.69,Holt_Winters,20250104
2025-01-04,FC-East,SKU-ELEC-007,4,17.45,0.0,53.69,Holt_Winters,20250104
2025-01-05,FC-East,SKU-ELEC-007,5,15.52,0.0,52.25,Holt_Winters,20250105
2025-01-05,FC-East,SKU-ELEC-007,5,15.52,0.0,52.25,Holt_Winters,20250105
2025-01-06,FC-East,SKU-ELEC-007,6,9.99,0.0,47.21,Holt_Winters,20250106
2025-01-06,FC-East,SKU-ELEC-007,6,9.99,0.0,47.21,Holt_Winters,20250106
2025-01-07,FC-East,SKU-ELEC-007,7,11.72,0.0,49.43,Holt_Winters,20250107
2025-01-07,FC-East,SKU-ELEC-007,7,11.72,0.0,49.43,Holt_Winters,20250107
2025-01-08,FC-East,SKU-ELEC-007,8,12.37,0.0,50.55,Holt_Winters,20250108
2025-01-08,FC-East,SKU-ELEC-007,8,12.37,0.0,50.55,Holt_Winters,20250108
2025-01-09,FC-East,SKU-ELEC-007,9,11.76,0.0,50.41,Holt_Winters,20250109
2025-01-09,FC-East,SKU-ELEC-007,9,11.76,0.0,50.41,Holt_Winters,20250109
2025-01-10,FC-East,SKU-ELEC-007,10,14.95,0.0,54.07,Holt_Winters,20250110
2025-01-10,FC-East,SKU-ELEC-007,10,14.95,0.0,54.07,Holt_Winters,20250110
2025-01-11,FC-East,SKU-ELEC-007,11,17.37,0.0,56.94,Holt_Winters,20250111
2025-01-11,FC-East,SKU-ELEC-007,11,17.37,0.0,56.94,Holt_Winters,20250111
2025-01-12,FC-East,SKU-ELEC-007,12,15.44,0.0,55.46,Holt_Winters,20250112
2025-01-12,FC-East,SKU-ELEC-007,12,15.44,0.0,55.46,Holt_Winters,20250112
2025-01-13,FC-East,SKU-ELEC-007,13,9.91,0.0,50.38,Holt_Winters,20250113
2025-01-13,FC-East,SKU-ELEC-007,13,9.91,0.0,50.38,Holt_Winters,20250113
2025-01-14,FC-East,SKU-ELEC-007,14,11.64,0.0,52.56,Holt_Winters,20250114
2025-01-14,FC-East,SKU-ELEC-007,14,11.64,0.0,52.56,Holt_Winters,20250114
2025-01-15,FC-East,SKU-ELEC-007,15,12.29,0.0,53.65,Holt_Winters,20250115
2025-01-15,FC-East,SKU-ELEC-007,15,12.29,0.0,53.65,Holt_Winters,20250115
2025-01-16,FC-East,SKU-ELEC-007,16,11.68,0.0,53.49,Holt_Winters,20250116
2025-01-16,FC-East,SKU-ELEC-007,16,11.68,0.0,53.49,Holt_Winters,20250116
2025-01-17,FC-East,SKU-ELEC-007,17,14.87,0.0,57.11,Holt_Winters,20250117
2025-01-17,FC-East,SKU-ELEC-007,17,14.87,0.0,57.11,Holt_Winters,20250117
2025-01-18,FC-East,SKU-ELEC-007,18,17.29,0.0,59.94,Holt_Winters,20250118
2025-01-18,FC-East,SKU-ELEC-007,18,17.29,0.0,59.94,Holt_Winters,20250118
2025-01-19,FC-East,SKU-ELEC-007,19,15.36,0.0,58.44,Holt_Winters,20250119
2025-01-19,FC-East,SKU-ELEC-007,19,15.36,0.0,58.44,Holt_Winters,20250119
2025-01-20,FC-East,SKU-ELEC-007,20,9.83,0.0,53.32,Holt_Winters,20250120
2025-01-20,FC-East,SKU-ELEC-007,20,9.83,0.0,53.32,Holt_Winters,20250120
2025-01-21,FC-East,SKU-ELEC-007,21,11.56,0.0,55.46,Holt_Winters,20250121
2025-01-21,FC-East,SKU-ELEC-007,21,11.56,0.0,55.46,Holt_Winters,20250121
2025-01-22,FC-East,SKU-ELEC-007,22,12.21,0.0,56.53,Holt_Winters,20250122
2025-01-22,FC-East,SKU-ELEC-007,22,12.21,0.0,56.53,Holt_Winters,20250122
2025-01-23,FC-East,SKU-ELEC-007,23,11.6,0.0,56.33,Holt_Winters,20250123
2025-01-23,FC-East,SKU-ELEC-007,23,11.6,0.0,56.33,Holt_Winters,20250123
2025-01-24,FC-East,SKU-ELEC-007,24,14.79,0.0,59.91,Holt_Winters,20250124
2025-01-24,FC-East,SKU-ELEC-007,24,14.79,0.0,59.91,Holt_Winters,20250124
2025-01-25,FC-East,SKU-ELEC-007,25,17.21,0.0,62.74,Holt_Winters,20250125
2025-01-25,FC-East,SKU-ELEC-007,25,17.21,0.0,62.74,Holt_Winters,20250125
2025-01-26,FC-East,SKU-ELEC-007,26,15.28,0.0,61.2,Holt_Winters,20250126
2025-01-26,FC-East,SKU-ELEC-007,26,15.28,0.0,61.2,Holt_Winters,20250126
2025-01-27,FC-East,SKU-ELEC-007,27,9.75,0.0,56.06,Holt_Winters,20250127
2025-01-27,FC-East,SKU-ELEC-007,27,9.75,0.0,56.06,Holt_Winters,20250127
2025-01-28,FC-East,SKU-ELEC-007,28,11.48,0.0,58.19,Holt_Winters,20250128
2025-01-28,FC-East,SKU-ELEC-007,28,11.48,0.0,58.19,Holt_Winters,20250128
2025-01-01,FC-East,SKU-ELEC-008,1,86.55,51.84,121.26,Holt_Winters,20250101
2025-01-01,FC-East,SKU-ELEC-008,1,86.55,51.84,121.26,Holt_Winters,20250101
2025-01-02,FC-East,SKU-ELEC-008,2,85.5,50.28,120.72,Holt_Winters,20250102
2025-01-02,FC-East,SKU-ELEC-008,2,85.5,50.28,120.72,Holt_Winters,20250102
2025-01-03,FC-East,SKU-ELEC-008,3,92.0,56.27,127.73,Holt_Winters,20250103
2025-01-03,FC-East,SKU-ELEC-008,3,92.0,56.27,127.73,Holt_Winters,20250103
2025-01-04,FC-East,SKU-ELEC-008,4,103.35,67.11,139.59,Holt_Winters,20250104
2025-01-04,FC-East,SKU-ELEC-008,4,103.35,67.11,139.59,Holt_Winters,20250104
2025-01-05,FC-East,SKU-ELEC-008,5,97.98,61.25,134.71,Holt_Winters,20250105
2025-01-05,FC-East,SKU-ELEC-008,5,97.98,61.25,134.71,Holt_Winters,20250105
2025-01-06,FC-East,SKU-ELEC-008,6,85.73,48.51,122.95,Holt_Winters,20250106
2025-01-06,FC-East,SKU-ELEC-008,6,85.73,48.51,122.95,Holt_Winters,20250106
2025-01-07,FC-East,SKU-ELEC-008,7,87.19,49.48,124.9,Holt_Winters,20250107
2025-01-07,FC-East,SKU-ELEC-008,7,87.19,49.48,124.9,Holt_Winters,20250107
2025-01-08,FC-East,SKU-ELEC-008,8,87.02,48.84,125.2,Holt_Winters,20250108
2025-01-08,FC-East,SKU-ELEC-008,8,87.02,48.84,125.2,Holt_Winters,20250108
2025-01-09,FC-East,SKU-ELEC-008,9,85.97,47.32,124.62,Holt_Winters,20250109
2025-01-09,FC-East,SKU-ELEC-008,9,85.97,47.32,124.62,Holt_Winters,20250109
2025-01-10,FC-East,SKU-ELEC-008,10,92.47,53.35,131.59,Holt_Winters,20250110
2025-01-10,FC-East,SKU-ELEC-008,10,92.47,53.35,131.59,Holt_Winters,20250110
2025-01-11,FC-East,SKU-ELEC-008,11,103.82,64.25,143.39,Holt_Winters,20250111
2025-01-11,FC-East,SKU-ELEC-008,11,103.82,64.25,143.39,Holt_Winters,20250111
2025-01-12,FC-East,SKU-ELEC-008,12,98.45,58.43,138.47,Holt_Winters,20250112
2025-01-12,FC-East,SKU-ELEC-008,12,98.45,58.43,138.47,Holt_Winters,20250112
2025-01-13,FC-East,SKU-ELEC-008,13,86.21,45.74,126.68,Holt_Winters,20250113
2025-01-13,FC-East,SKU-ELEC-008,13,86.21,45.74,126.68,Holt_Winters,20250113
2025-01-14,FC-East,SKU-ELEC-008,14,87.66,46.74,128.58,Holt_Winters,20250114
2025-01-14,FC-East,SKU-ELEC-008,14,87.66,46.74,128.58,Holt_Winters,20250114
2025-01-15,FC-East,SKU-ELEC-008,15,87.5,46.14,128.86,Holt_Winters,20250115
2025-01-15,FC-East,SKU-ELEC-008,15,87.5,46.14,128.86,Holt_Winters,20250115
2025-01-16,FC-East,SKU-ELEC-008,16,86.44,44.63,128.25,Holt_Winters,20250116
2025-01-16,FC-East,SKU-ELEC-008,16,86.44,44.63,128.25,Holt_Winters,20250116
2025-01-17,FC-East,SKU-ELEC-008,17,92.94,50.7,135.18,Holt_Winters,20250117
2025-01-17,FC-East,SKU-ELEC-008,17,92.94,50.7,135.18,Holt_Winters,20250117
2025-01-18,FC-East,SKU-ELEC-008,18,104.29,61.64,146.94,Holt_Winters,20250118
2025-01-18,FC-East,SKU-ELEC-008,18,104.29,61.64,146.94,Holt_Winters,20250118
2025-01-19,FC-East,SKU-ELEC-008,19,98.92,55.84,142.0,Holt_Winters,20250119
2025-01-19,FC-East,SKU-ELEC-008,19,98.92,55.84,142.0,Holt_Winters,20250119
2025-01-20,FC-East,SKU-ELEC-008,20,86.68,43.19,130.17,Holt_Winters,20250120
2025-01-20,FC-East,SKU-ELEC-008,20,86.68,43.19,130.17,Holt_Winters,20250120
2025-01-21,FC-East,SKU-ELEC-008,21,88.13,44.23,132.03,Holt_Winters,20250121
2025-01-21,FC-East,SKU-ELEC-008,21,88.13,44.23,132.03,Holt_Winters,20250121
2025-01-22,FC-East,SKU-ELEC-008,22,87.97,43.65,132.29,Holt_Winters,20250122
2025-01-22,FC-East,SKU-ELEC-008,22,87.97,43.65,132.29,Holt_Winters,20250122
2025-01-23,FC-East,SKU-ELEC-008,23,86.91,42.18,131.64,Holt_Winters,20250123
2025-01-23,FC-East,SKU-ELEC-008,23,86.91,42.18,131.64,Holt_Winters,20250123
2025-01-24,FC-East,SKU-ELEC-008,24,93.41,48.29,138.53,Holt_Winters,20250124
2025-01-24,FC-East,SKU-ELEC-008,24,93.41,48.29,138.53,Holt_Winters,20250124
2025-01-25,FC-East,SKU-ELEC-008,25,104.76,59.23,150.29,Holt_Winters,20250125
2025-01-25,FC-East,SKU-ELEC-008,25,104.76,59.23,150.29,Holt_Winters,20250125
2025-01-26,FC-East,SKU-ELEC-008,26,99.39,53.47,145.31,Holt_Winters,20250126
2025-01-26,FC-East,SKU-ELEC-008,26,99.39,53.47,145.31,Holt_Winters,20250126
2025-01-27,FC-East,SKU-ELEC-008,27,87.15,40.84,133.46,Holt_Winters,20250127
2025-01-27,FC-East,SKU-ELEC-008,27,87.15,40.84,133.46,Holt_Winters,20250127
2025-01-28,FC-East,SKU-ELEC-008,28,88.6,41.89,135.31,Holt_Winters,20250128
2025-01-28,FC-East,SKU-ELEC-008,28,88.6,41.89,135.31,Holt_Winters,20250128
2025-01-01,FC-East,SKU-ELEC-009,1,2.28,0.0,36.99,Holt_Winters,20250101
2025-01-01,FC-East,SKU-ELEC-009,1,2.28,0.0,36.99,Holt_Winters,20250101
2025-01-02,FC-East,SKU-ELEC-009,2,2.19,0.0,37.41,Holt_Winters,20250102
2025-01-02,FC-East,SKU-ELEC-009,2,2.19,0.0,37.41,Holt_Winters,20250102
2025-01-03,FC-East,SKU-ELEC-009,3,3.87,0.0,39.6,Holt_Winters,20250103
2025-01-03,FC-East,SKU-ELEC-009,3,3.87,0.0,39.6,Holt_Winters,20250103
2025-01-04,FC-East,SKU-ELEC-009,4,3.48,0.0,39.72,Holt_Winters,20250104
2025-01-04,FC-East,SKU-ELEC-009,4,3.48,0.0,39.72,Holt_Winters,20250104
2025-01-05,FC-East,SKU-ELEC-009,5,3.58,0.0,40.31,Holt_Winters,20250105
2025-01-05,FC-East,SKU-ELEC-009,5,3.58,0.0,40.31,Holt_Winters,20250105
2025-01-06,FC-East,SKU-ELEC-009,6,3.97,0.0,41.19,Holt_Winters,20250106
2025-01-06,FC-East,SKU-ELEC-009,6,3.97,0.0,41.19,Holt_Winters,20250106
2025-01-07,FC-East,SKU-ELEC-009,7,3.05,0.0,40.76,Holt_Winters,20250107
2025-01-07,FC-East,SKU-ELEC-009,7,3.05,0.0,40.76,Holt_Winters,20250107
2025-01-08,FC-East,SKU-ELEC-009,8,2.27,0.0,40.45,Holt_Winters,20250108
2025-01-08,FC-East,SKU-ELEC-009,8,2.27,0.0,40.45,Holt_Winters,20250108
2025-01-09,FC-East,SKU-ELEC-009,9,2.18,0.0,40.83,Holt_Winters,20250109
2025-01-09,FC-East,SKU-ELEC-009,9,2.18,0.0,40.83,Holt_Winters,20250109
2025-01-10,FC-East,SKU-ELEC-009,10,3.87,0.0,42.99,Holt_Winters,20250110
2025-01-10,FC-East,SKU-ELEC-009,10,3.87,0.0,42.99,Holt_Winters,20250110
2025-01-11,FC-East,SKU-ELEC-009,11,3.48,0.0,43.05,Holt_Winters,20250111
2025-01-11,FC-East,SKU-ELEC-009,11,3.48,0.0,43.05,Holt_Winters,20250111
2025-01-12,FC-East,SKU-ELEC-009,12,3.57,0.0,43.59,Holt_Winters,20250112
2025-01-12,FC-East,SKU-ELEC-009,12,3.57,0.0,43.59,Holt_Winters,20250112
2025-01-13,FC-East,SKU-ELEC-009,13,3.96,0.0,44.43,Holt_Winters,20250113
2025-01-13,FC-East,SKU-ELEC-009,13,3.96,0.0,44.43,Holt_Winters,20250113
2025-01-14,FC-East,SKU-ELEC-009,14,3.04,0.0,43.96,Holt_Winters,20250114
2025-01-14,FC-East,SKU-ELEC-009,14,3.04,0.0,43.96,Holt_Winters,20250114
2025-01-15,FC-East,SKU-ELEC-009,15,2.27,0.0,43.63,Holt_Winters,20250115
2025-01-15,FC-East,SKU-ELEC-009,15,2.27,0.0,43.63,Holt_Winters,20250115
2025-01-16,FC-East,SKU-ELEC-009,16,2.18,0.0,43.99,Holt_Winters,20250116
2025-01-16,FC-East,SKU-ELEC-009,16,2.18,0.0,43.99,Holt_Winters,20250116
2025-01-17,FC-East,SKU-ELEC-009,17,3.86,0.0,46.1,Holt_Winters,20250117
2025-01-17,FC-East,SKU-ELEC-009,17,3.86,0.0,46.1,Holt_Winters,20250117
2025-01-18,FC-East,SKU-ELEC-009,18,3.47,0.0,46.12,Holt_Winters,20250118
2025-01-18,FC-East,SKU-ELEC-009,18,3.47,0.0,46.12,Holt_Winters,20250118
2025-01-19,FC-East,SKU-ELEC-009,19,3.57,0.0,46.65,Holt_Winters,20250119
2025-01-19,FC-East,SKU-ELEC-009,19,3.57,0.0,46.65,Holt_Winters,20250119
2025-01-20,FC-East,SKU-ELEC-009,20,3.96,0.0,47.45,Holt_Winters,20250120
2025-01-20,FC-East,SKU-ELEC-009,20,3.96,0.0,47.45,Holt_Winters,20250120
2025-01-21,FC-East,SKU-ELEC-009,21,3.04,0.0,46.94,Holt_Winters,20250121
2025-01-21,FC-East,SKU-ELEC-009,21,3.04,0.0,46.94,Holt_Winters,20250121
2025-01-22,FC-East,SKU-ELEC-009,22,2.26,0.0,46.58,Holt_Winters,20250122
2025-01-22,FC-East,SKU-ELEC-009,22,2.26,0.0,46.58,Holt_Winters,20250122
2025-01-23,FC-East,SKU-ELEC-009,23,2.17,0.0,46.9,Holt_Winters,20250123
2025-01-23,FC-East,SKU-ELEC-009,23,2.17,0.0,46.9,Holt_Winters,20250123
2025-01-24,FC-East,SKU-ELEC-009,24,3.86,0.0,48.98,Holt_Winters,20250124
2025-01-24,FC-East,SKU-ELEC-009,24,3.86,0.0,48.98,Holt_Winters,20250124
2025-01-25,FC-East,SKU-ELEC-009,25,3.47,0.0,49.0,Holt_Winters,20250125
2025-01-25,FC-East,SKU-ELEC-009,25,3.47,0.0,49.0,Holt_Winters,20250125
2025-01-26,FC-East,SKU-ELEC-009,26,3.56,0.0,49.48,Holt_Winters,20250126
2025-01-26,FC-East,SKU-ELEC-009,26,3.56,0.0,49.48,Holt_Winters,20250126
2025-01-27,FC-East,SKU-ELEC-009,27,3.95,0.0,50.26,Holt_Winters,20250127
2025-01-27,FC-East,SKU-ELEC-009,27,3.95,0.0,50.26,Holt_Winters,20250127
2025-01-28,FC-East,SKU-ELEC-009,28,3.03,0.0,49.74,Holt_Winters,20250128
2025-01-28,FC-East,SKU-ELEC-009,28,3.03,0.0,49.74,Holt_Winters,20250128
2025-01-01,FC-East,SKU-ELEC-010,1,7.51,0.0,42.22,Holt_Winters,20250101
2025-01-01,FC-East,SKU-ELEC-010,1,7.51,0.0,42.22,Holt_Winters,20250101
2025-01-02,FC-East,SKU-ELEC-010,2,7.61,0.0,42.83,Holt_Winters,20250102
2025-01-02,FC-East,SKU-ELEC-010,2,7.61,0.0,42.83,Holt_Winters,20250102
2025-01-03,FC-East,SKU-ELEC-010,3,10.04,0.0,45.77,Holt_Winters,20250103
2025-01-03,FC-East,SKU-ELEC-010,3,10.04,0.0,45.77,Holt_Winters,20250103
2025-01-04,FC-East,SKU-ELEC-010,4,10.84,0.0,47.08,Holt_Winters,20250104
2025-01-04,FC-East,SKU-ELEC-010,4,10.84,0.0,47.08,Holt_Winters,20250104
2025-01-05,FC-East,SKU-ELEC-010,5,10.71,0.0,47.44,Holt_Winters,20250105
2025-01-05,FC-East,SKU-ELEC-010,5,10.71,0.0,47.44,Holt_Winters,20250105
2025-01-06,FC-East,SKU-ELEC-010,6,8.22,0.0,45.44,Holt_Winters,20250106
2025-01-06,FC-East,SKU-ELEC-010,6,8.22,0.0,45.44,Holt_Winters,20250106
2025-01-07,FC-East,SKU-ELEC-010,7,8.09,0.0,45.8,Holt_Winters,20250107
2025-01-07,FC-East,SKU-ELEC-010,7,8.09,0.0,45.8,Holt_Winters,20250107
2025-01-08,FC-East,SKU-ELEC-010,8,7.51,0.0,45.69,Holt_Winters,20250108
2025-01-08,FC-East,SKU-ELEC-010,8,7.51,0.0,45.69,Holt_Winters,20250108
2025-01-09,FC-East,SKU-ELEC-010,9,7.61,0.0,46.26,Holt_Winters,20250109
2025-01-09,FC-East,SKU-ELEC-010,9,7.61,0.0,46.26,Holt_Winters,20250109
2025-01-10,FC-East,SKU-ELEC-010,10,10.04,0.0,49.16,Holt_Winters,20250110
2025-01-10,FC-East,SKU-ELEC-010,10,10.04,0.0,49.16,Holt_Winters,20250110
2025-01-11,FC-East,SKU-ELEC-010,11,10.84,0.0,50.41,Holt_Winters,20250111
2025-01-11,FC-East,SKU-ELEC-010,11,10.84,0.0,50.41,Holt_Winters,20250111
2025-01-12,FC-East,SKU-ELEC-010,12,10.71,0.0,50.73,Holt_Winters,20250112
2025-01-12,FC-East,SKU-ELEC-010,12,10.71,0.0,50.73,Holt_Winters,20250112
2025-01-13,FC-East,SKU-ELEC-010,13,8.21,0.0,48.68,Holt_Winters,20250113
2025-01-13,FC-East,SKU-ELEC-010,13,8.21,0.0,48.68,Holt_Winters,20250113
2025-01-14,FC-East,SKU-ELEC-010,14,8.08,0.0,49.0,Holt_Winters,20250114
2025-01-14,FC-East,SKU-ELEC-010,14,8.08,0.0,49.0,Holt_Winters,20250114
2025-01-15,FC-East,SKU-ELEC-010,15,7.51,0.0,48.87,Holt_Winters,20250115
2025-01-15,FC-East,SKU-ELEC-010,15,7.51,0.0,48.87,Holt_Winters,20250115
2025-01-16,FC-East,SKU-ELEC-010,16,7.6,0.0,49.41,Holt_Winters,20250116
2025-01-16,FC-East,SKU-ELEC-010,16,7.6,0.0,49.41,Holt_Winters,20250116
2025-01-17,FC-East,SKU-ELEC-010,17,10.04,0.0,52.28,Holt_Winters,20250117
2025-01-17,FC-East,SKU-ELEC-010,17,10.04,0.0,52.28,Holt_Winters,20250117
2025-01-18,FC-East,SKU-ELEC-010,18,10.84,0.0,53.49,Holt_Winters,20250118
2025-01-18,FC-East,SKU-ELEC-010,18,10.84,0.0,53.49,Holt_Winters,20250118
2025-01-19,FC-East,SKU-ELEC-010,19,10.71,0.0,53.79,Holt_Winters,20250119
2025-01-19,FC-East,SKU-ELEC-010,19,10.71,0.0,53.79,Holt_Winters,20250119
2025-01-20,FC-East,SKU-ELEC-010,20,8.21,0.0,51.7,Holt_Winters,20250120
2025-01-20,FC-East,SKU-ELEC-010,20,8.21,0.0,51.7,Holt_Winters,20250120
2025-01-21,FC-East,SKU-ELEC-010,21,8.08,0.0,51.98,Holt_Winters,20250121
2025-01-21,FC-East,SKU-ELEC-010,21,8.08,0.0,51.98,Holt_Winters,20250121
2025-01-22,FC-East,SKU-ELEC-010,22,7.51,0.0,51.83,Holt_Winters,20250122
2025-01-22,FC-East,SKU-ELEC-010,22,7.51,0.0,51.83,Holt_Winters,20250122
2025-01-23,FC-East,SKU-ELEC-010,23,7.6,0.0,52.33,Holt_Winters,20250123
2025-01-23,FC-East,SKU-ELEC-010,23,7.6,0.0,52.33,Holt_Winters,20250123
2025-01-24,FC-East,SKU-ELEC-010,24,10.03,0.0,55.15,Holt_Winters,20250124
2025-01-24,FC-East,SKU-ELEC-010,24,10.03,0.0,55.15,Holt_Winters,20250124
2025-01-25,FC-East,SKU-ELEC-010,25,10.84,0.0,56.37,Holt_Winters,20250125
2025-01-25,FC-East,SKU-ELEC-010,25,10.84,0.0,56.37,Holt_Winters,20250125
2025-01-26,FC-East,SKU-ELEC-010,26,10.71,0.0,56.63,Holt_Winters,20250126
2025-01-26,FC-East,SKU-ELEC-010,26,10.71,0.0,56.63,Holt_Winters,20250126
2025-01-27,FC-East,SKU-ELEC-010,27,8.21,0.0,54.52,Holt_Winters,20250127
2025-01-27,FC-East,SKU-ELEC-010,27,8.21,0.0,54.52,Holt_Winters,20250127
2025-01-28,FC-East,SKU-ELEC-010,28,8.08,0.0,54.79,Holt_Winters,20250128
2025-01-28,FC-East,SKU-ELEC-010,28,8.08,0.0,54.79,Holt_Winters,20250128
2025-01-01,FC-East,SKU-GROC-001,1,78.5,43.79,113.21,Holt_Winters,20250101
2025-01-01,FC-East,SKU-GROC-001,1,78.5,43.79,113.21,Holt_Winters,20250101
2025-01-02,FC-East,SKU-GROC-001,2,83.79,48.57,119.01,Holt_Winters,20250102
2025-01-02,FC-East,SKU-GROC-001,2,83.79,48.57,119.01,Holt_Winters,20250102
2025-01-03,FC-East,SKU-GROC-001,3,97.02,61.29,132.75,Holt_Winters,20250103
2025-01-03,FC-East,SKU-GROC-001,3,97.02,61.29,132.75,Holt_Winters,20250103
2025-01-04,FC-East,SKU-GROC-001,4,106.56,70.32,142.8,Holt_Winters,20250104
2025-01-04,FC-East,SKU-GROC-001,4,106.56,70.32,142.8,Holt_Winters,20250104
2025-01-05,FC-East,SKU-GROC-001,5,100.67,63.94,137.4,Holt_Winters,20250105
2025-01-05,FC-East,SKU-GROC-001,5,100.67,63.94,137.4,Holt_Winters,20250105
2025-01-06,FC-East,SKU-GROC-001,6,75.76,38.54,112.98,Holt_Winters,20250106
2025-01-06,FC-East,SKU-GROC-001,6,75.76,38.54,112.98,Holt_Winters,20250106
2025-01-07,FC-East,SKU-GROC-001,7,77.3,39.59,115.01,Holt_Winters,20250107
2025-01-07,FC-East,SKU-GROC-001,7,77.3,39.59,115.01,Holt_Winters,20250107
2025-01-08,FC-East,SKU-GROC-001,8,78.55,40.37,116.73,Holt_Winters,20250108
2025-01-08,FC-East,SKU-GROC-001,8,78.55,40.37,116.73,Holt_Winters,20250108
2025-01-09,FC-East,SKU-GROC-001,9,83.83,45.18,122.48,Holt_Winters,20250109
2025-01-09,FC-East,SKU-GROC-001,9,83.83,45.18,122.48,Holt_Winters,20250109
2025-01-10,FC-East,SKU-GROC-001,10,97.07,57.95,136.19,Holt_Winters,20250110
2025-01-10,FC-East,SKU-GROC-001,10,97.07,57.95,136.19,Holt_Winters,20250110
2025-01-11,FC-East,SKU-GROC-001,11,106.6,67.03,146.17,Holt_Winters,20250111
2025-01-11,FC-East,SKU-GROC-001,11,106.6,67.03,146.17,Holt_Winters,20250111
2025-01-12,FC-East,SKU-GROC-001,12,100.71,60.69,140.73,Holt_Winters,20250112
2025-01-12,FC-East,SKU-GROC-001,12,100.71,60.69,140.73,Holt_Winters,20250112
2025-01-13,FC-East,SKU-GROC-001,13,75.81,35.34,116.28,Holt_Winters,20250113
2025-01-13,FC-East,SKU-GROC-001,13,75.81,35.34,116.28,Holt_Winters,20250113
2025-01-14,FC-East,SKU-GROC-001,14,77.35,36.43,118.27,Holt_Winters,20250114
2025-01-14,FC-East,SKU-GROC-001,14,77.35,36.43,118.27,Holt_Winters,20250114
2025-01-15,FC-East,SKU-GROC-001,15,78.59,37.23,119.95,Holt_Winters,20250115
2025-01-15,FC-East,SKU-GROC-001,15,78.59,37.23,119.95,Holt_Winters,20250115
2025-01-16,FC-East,SKU-GROC-001,16,83.88,42.07,125.69,Holt_Winters,20250116
2025-01-16,FC-East,SKU-GROC-001,16,83.88,42.07,125.69,Holt_Winters,20250116
2025-01-17,FC-East,SKU-GROC-001,17,97.11,54.87,139.35,Holt_Winters,20250117
2025-01-17,FC-East,SKU-GROC-001,17,97.11,54.87,139.35,Holt_Winters,20250117
2025-01-18,FC-East,SKU-GROC-001,18,106.65,64.0,149.3,Holt_Winters,20250118
2025-01-18,FC-East,SKU-GROC-001,18,106.65,64.0,149.3,Holt_Winters,20250118
2025-01-19,FC-East,SKU-GROC-001,19,100.76,57.68,143.84,Holt_Winters,20250119
2025-01-19,FC-East,SKU-GROC-001,19,100.76,57.68,143.84,Holt_Winters,20250119
2025-01-20,FC-East,SKU-GROC-001,20,75.85,32.36,119.34,Holt_Winters,20250120
2025-01-20,FC-East,SKU-GROC-001,20,75.85,32.36,119.34,Holt_Winters,20250120
2025-01-21,FC-East,SKU-GROC-001,21,77.39,33.49,121.29,Holt_Winters,20250121
2025-01-21,FC-East,SKU-GROC-001,21,77.39,33.49,121.29,Holt_Winters,20250121
2025-01-22,FC-East,SKU-GROC-001,22,78.64,34.32,122.96,Holt_Winters,20250122
2025-01-22,FC-East,SKU-GROC-001,22,78.64,34.32,122.96,Holt_Winters,20250122
2025-01-23,FC-East,SKU-GROC-001,23,83.93,39.2,128.66,Holt_Winters,20250123
2025-01-23,FC-East,SKU-GROC-001,23,83.93,39.2,128.66,Holt_Winters,20250123
2025-01-24,FC-East,SKU-GROC-001,24,97.16,52.04,142.28,Holt_Winters,20250124
2025-01-24,FC-East,SKU-GROC-001,24,97.16,52.04,142.28,Holt_Winters,20250124
2025-01-25,FC-East,SKU-GROC-001,25,106.69,61.16,152.22,Holt_Winters,20250125
2025-01-25,FC-East,SKU-GROC-001,25,106.69,61.16,152.22,Holt_Winters,20250125
2025-01-26,FC-East,SKU-GROC-001,26,100.8,54.88,146.72,Holt_Winters,20250126
2025-01-26,FC-East,SKU-GROC-001,26,100.8,54.88,146.72,Holt_Winters,20250126
2025-01-27,FC-East,SKU-GROC-001,27,75.9,29.59,122.21,Holt_Winters,20250127
2025-01-27,FC-East,SKU-GROC-001,27,75.9,29.59,122.21,Holt_Winters,20250127
2025-01-28,FC-East,SKU-GROC-001,28,77.44,30.73,124.15,Holt_Winters,20250128
2025-01-28,FC-East,SKU-GROC-001,28,77.44,30.73,124.15,Holt_Winters,20250128
2025-01-01,FC-East,SKU-GROC-002,1,59.74,25.03,94.45,Holt_Winters,20250101
2025-01-01,FC-East,SKU-GROC-002,1,59.74,25.03,94.45,Holt_Winters,20250101
2025-01-02,FC-East,SKU-GROC-002,2,61.4,26.18,96.62,Holt_Winters,20250102
2025-01-02,FC-East,SKU-GROC-002,2,61.4,26.18,96.62,Holt_Winters,20250102
2025-01-03,FC-East,SKU-GROC-002,3,68.99,33.26,104.72,Holt_Winters,20250103
2025-01-03,FC-East,SKU-GROC-002,3,68.99,33.26,104.72,Holt_Winters,20250103
2025-01-04,FC-East,SKU-GROC-002,4,78.88,42.64,115.12,Holt_Winters,20250104
2025-01-04,FC-East,SKU-GROC-002,4,78.88,42.64,115.12,Holt_Winters,20250104
2025-01-05,FC-East,SKU-GROC-002,5,74.65,37.92,111.38,Holt_Winters,20250105
2025-01-05,FC-East,SKU-GROC-002,5,74.65,37.92,111.38,Holt_Winters,20250105
2025-01-06,FC-East,SKU-GROC-002,6,56.25,19.03,93.47,Holt_Winters,20250106
2025-01-06,FC-East,SKU-GROC-002,6,56.25,19.03,93.47,Holt_Winters,20250106
2025-01-07,FC-East,SKU-GROC-002,7,58.8,21.09,96.51,Holt_Winters,20250107
2025-01-07,FC-East,SKU-GROC-002,7,58.8,21.09,96.51,Holt_Winters,20250107
2025-01-08,FC-East,SKU-GROC-002,8,59.76,21.58,97.94,Holt_Winters,20250108
2025-01-08,FC-East,SKU-GROC-002,8,59.76,21.58,97.94,Holt_Winters,20250108
2025-01-09,FC-East,SKU-GROC-002,9,61.42,22.77,100.07,Holt_Winters,20250109
2025-01-09,FC-East,SKU-GROC-002,9,61.42,22.77,100.07,Holt_Winters,20250109
2025-01-10,FC-East,SKU-GROC-002,10,69.01,29.89,108.13,Holt_Winters,20250110
2025-01-10,FC-East,SKU-GROC-002,10,69.01,29.89,108.13,Holt_Winters,20250110
2025-01-11,FC-East,SKU-GROC-002,11,78.9,39.33,118.47,Holt_Winters,20250111
2025-01-11,FC-East,SKU-GROC-002,11,78.9,39.33,118.47,Holt_Winters,20250111
2025-01-12,FC-East,SKU-GROC-002,12,74.67,34.65,114.69,Holt_Winters,20250112
2025-01-12,FC-East,SKU-GROC-002,12,74.67,34.65,114.69,Holt_Winters,20250112
2025-01-13,FC-East,SKU-GROC-002,13,56.27,15.8,96.74,Holt_Winters,20250113
2025-01-13,FC-East,SKU-GROC-002,13,56.27,15.8,96.74,Holt_Winters,20250113
2025-01-14,FC-East,SKU-GROC-002,14,58.82,17.9,99.74,Holt_Winters,20250114
2025-01-14,FC-East,SKU-GROC-002,14,58.82,17.9,99.74,Holt_Winters,20250114
2025-01-15,FC-East,SKU-GROC-002,15,59.78,18.42,101.14,Holt_Winters,20250115
2025-01-15,FC-East,SKU-GROC-002,15,59.78,18.42,101.14,Holt_Winters,20250115
2025-01-16,FC-East,SKU-GROC-002,16,61.45,19.64,103.26,Holt_Winters,20250116
2025-01-16,FC-East,SKU-GROC-002,16,61.45,19.64,103.26,Holt_Winters,20250116
2025-01-17,FC-East,SKU-GROC-002,17,69.03,26.79,111.27,Holt_Winters,20250117
2025-01-17,FC-East,SKU-GROC-002,17,69.03,26.79,111.27,Holt_Winters,20250117
2025-01-18,FC-East,SKU-GROC-002,18,78.93,36.28,121.58,Holt_Winters,20250118
2025-01-18,FC-East,SKU-GROC-002,18,78.93,36.28,121.58,Holt_Winters,20250118
2025-01-19,FC-East,SKU-GROC-002,19,74.69,31.61,117.77,Holt_Winters,20250119
2025-01-19,FC-East,SKU-GROC-002,19,74.69,31.61,117.77,Holt_Winters,20250119
2025-01-20,FC-East,SKU-GROC-002,20,56.29,12.8,99.78,Holt_Winters,20250120
2025-01-20,FC-East,SKU-GROC-002,20,56.29,12.8,99.78,Holt_Winters,20250120
2025-01-21,FC-East,SKU-GROC-002,21,58.84,14.94,102.74,Holt_Winters,20250121
2025-01-21,FC-East,SKU-GROC-002,21,58.84,14.94,102.74,Holt_Winters,20250121
2025-01-22,FC-East,SKU-GROC-002,22,59.81,15.49,104.13,Holt_Winters,20250122
2025-01-22,FC-East,SKU-GROC-002,22,59.81,15.49,104.13,Holt_Winters,20250122
2025-01-23,FC-East,SKU-GROC-002,23,61.47,16.74,106.2,Holt_Winters,20250123
2025-01-23,FC-East,SKU-GROC-002,23,61.47,16.74,106.2,Holt_Winters,20250123
2025-01-24,FC-East,SKU-GROC-002,24,69.05,23.93,114.17,Holt_Winters,20250124
2025-01-24,FC-East,SKU-GROC-002,24,69.05,23.93,114.17,Holt_Winters,20250124
2025-01-25,FC-East,SKU-GROC-002,25,78.95,33.42,124.48,Holt_Winters,20250125
2025-01-25,FC-East,SKU-GROC-002,25,78.95,33.42,124.48,Holt_Winters,20250125
2025-01-26,FC-East,SKU-GROC-002,26,74.72,28.8,120.64,Holt_Winters,20250126
2025-01-26,FC-East,SKU-GROC-002,26,74.72,28.8,120.64,Holt_Winters,20250126
2025-01-27,FC-East,SKU-GROC-002,27,56.32,10.01,102.63,Holt_Winters,20250127
2025-01-27,FC-East,SKU-GROC-002,27,56.32,10.01,102.63,Holt_Winters,20250127
2025-01-28,FC-East,SKU-GROC-002,28,58.87,12.16,105.58,Holt_Winters,20250128
2025-01-28,FC-East,SKU-GROC-002,28,58.87,12.16,105.58,Holt_Winters,20250128
2025-01-01,FC-East,SKU-GROC-003,1,63.69,28.98,98.4,Holt_Winters,20250101
2025-01-01,FC-East,SKU-GROC-003,1,63.69,28.98,98.4,Holt_Winters,20250101
2025-01-02,FC-East,SKU-GROC-003,2,65.93,30.71,101.15,Holt_Winters,20250102
2025-01-02,FC-East,SKU-GROC-003,2,65.93,30.71,101.15,Holt_Winters,20250102
2025-01-03,FC-East,SKU-GROC-003,3,73.83,38.1,109.56,Holt_Winters,20250103
2025-01-03,FC-East,SKU-GROC-003,3,73.83,38.1,109.56,Holt_Winters,20250103
2025-01-04,FC-East,SKU-GROC-003,4,82.88,46.64,119.12,Holt_Winters,20250104
2025-01-04,FC-East,SKU-GROC-003,4,82.88,46.64,119.12,Holt_Winters,20250104
2025-01-05,FC-East,SKU-GROC-003,5,74.58,37.85,111.31,Holt_Winters,20250105
2025-01-05,FC-East,SKU-GROC-003,5,74.58,37.85,111.31,Holt_Winters,20250105
2025-01-06,FC-East,SKU-GROC-003,6,61.64,24.42,98.86,Holt_Winters,20250106
2025-01-06,FC-East,SKU-GROC-003,6,61.64,24.42,98.86,Holt_Winters,20250106
2025-01-07,FC-East,SKU-GROC-003,7,61.63,23.92,99.34,Holt_Winters,20250107
2025-01-07,FC-East,SKU-GROC-003,7,61.63,23.92,99.34,Holt_Winters,20250107
2025-01-08,FC-East,SKU-GROC-003,8,63.91,25.73,102.09,Holt_Winters,20250108
2025-01-08,FC-East,SKU-GROC-003,8,63.91,25.73,102.09,Holt_Winters,20250108
2025-01-09,FC-East,SKU-GROC-003,9,66.15,27.5,104.8,Holt_Winters,20250109
2025-01-09,FC-East,SKU-GROC-003,9,66.15,27.5,104.8,Holt_Winters,20250109
2025-01-10,FC-East,SKU-GROC-003,10,74.05,34.93,113.17,Holt_Winters,20250110
2025-01-10,FC-East,SKU-GROC-003,10,74.05,34.93,113.17,Holt_Winters,20250110
2025-01-11,FC-East,SKU-GROC-003,11,83.1,43.53,122.67,Holt_Winters,20250111
2025-01-11,FC-East,SKU-GROC-003,11,83.1,43.53,122.67,Holt_Winters,20250111
2025-01-12,FC-East,SKU-GROC-003,12,74.8,34.78,114.82,Holt_Winters,20250112
2025-01-12,FC-East,SKU-GROC-003,12,74.8,34.78,114.82,Holt_Winters,20250112
2025-01-13,FC-East,SKU-GROC-003,13,61.86,21.39,102.33,Holt_Winters,20250113
2025-01-13,FC-East,SKU-GROC-003,13,61.86,21.39,102.33,Holt_Winters,20250113
2025-01-14,FC-East,SKU-GROC-003,14,61.85,20.93,102.77,Holt_Winters,20250114
2025-01-14,FC-East,SKU-GROC-003,14,61.85,20.93,102.77,Holt_Winters,20250114
2025-01-15,FC-East,SKU-GROC-003,15,64.13,22.77,105.49,Holt_Winters,20250115
2025-01-15,FC-East,SKU-GROC-003,15,64.13,22.77,105.49,Holt_Winters,20250115
2025-01-16,FC-East,SKU-GROC-003,16,66.37,24.56,108.18,Holt_Winters,20250116
2025-01-16,FC-East,SKU-GROC-003,16,66.37,24.56,108.18,Holt_Winters,20250116
2025-01-17,FC-East,SKU-GROC-003,17,74.27,32.03,116.51,Holt_Winters,20250117
2025-01-17,FC-East,SKU-GROC-003,17,74.27,32.03,116.51,Holt_Winters,20250117
2025-01-18,FC-East,SKU-GROC-003,18,83.32,40.67,125.97,Holt_Winters,20250118
2025-01-18,FC-East,SKU-GROC-003,18,83.32,40.67,125.97,Holt_Winters,20250118
2025-01-19,FC-East,SKU-GROC-003,19,75.01,31.93,118.09,Holt_Winters,20250119
2025-01-19,FC-East,SKU-GROC-003,19,75.01,31.93,118.09,Holt_Winters,20250119
2025-01-20,FC-East,SKU-GROC-003,20,62.08,18.59,105.57,Holt_Winters,20250120
2025-01-20,FC-East,SKU-GROC-003,20,62.08,18.59,105.57,Holt_Winters,20250120
2025-01-21,FC-East,SKU-GROC-003,21,62.06,18.16,105.96,Holt_Winters,20250121
2025-01-21,FC-East,SKU-GROC-003,21,62.06,18.16,105.96,Holt_Winters,20250121
2025-01-22,FC-East,SKU-GROC-003,22,64.34,20.02,108.66,Holt_Winters,20250122
2025-01-22,FC-East,SKU-GROC-003,22,64.34,20.02,108.66,Holt_Winters,20250122
2025-01-23,FC-East,SKU-GROC-003,23,66.59,21.86,111.32,Holt_Winters,20250123
2025-01-23,FC-East,SKU-GROC-003,23,66.59,21.86,111.32,Holt_Winters,20250123
2025-01-24,FC-East,SKU-GROC-003,24,74.49,29.37,119.61,Holt_Winters,20250124
2025-01-24,FC-East,SKU-GROC-003,24,74.49,29.37,119.61,Holt_Winters,20250124
2025-01-25,FC-East,SKU-GROC-003,25,83.53,38.0,129.06,Holt_Winters,20250125
2025-01-25,FC-East,SKU-GROC-003,25,83.53,38.0,129.06,Holt_Winters,20250125
2025-01-26,FC-East,SKU-GROC-003,26,75.23,29.31,121.15,Holt_Winters,20250126
2025-01-26,FC-East,SKU-GROC-003,26,75.23,29.31,121.15,Holt_Winters,20250126
2025-01-27,FC-East,SKU-GROC-003,27,62.3,15.99,108.61,Holt_Winters,20250127
2025-01-27,FC-East,SKU-GROC-003,27,62.3,15.99,108.61,Holt_Winters,20250127
2025-01-28,FC-East,SKU-GROC-003,28,62.28,15.57,108.99,Holt_Winters,20250128
2025-01-28,FC-East,SKU-GROC-003,28,62.28,15.57,108.99,Holt_Winters,20250128
2025-01-01,FC-East,SKU-GROC-004,1,41.28,6.57,75.99,Holt_Winters,20250101
2025-01-01,FC-East,SKU-GROC-004,1,41.28,6.57,75.99,Holt_Winters,20250101
2025-01-02,FC-East,SKU-GROC-004,2,42.78,7.56,78.0,Holt_Winters,20250102
2025-01-02,FC-East,SKU-GROC-004,2,42.78,7.56,78.0,Holt_Winters,20250102
2025-01-03,FC-East,SKU-GROC-004,3,48.8,13.07,84.53,Holt_Winters,20250103
2025-01-03,FC-East,SKU-GROC-004,3,48.8,13.07,84.53,Holt_Winters,20250103
2025-01-04,FC-East,SKU-GROC-004,4,53.73,17.49,89.97,Holt_Winters,20250104
2025-01-04,FC-East,SKU-GROC-004,4,53.73,17.49,89.97,Holt_Winters,20250104
2025-01-05,FC-East,SKU-GROC-004,5,49.02,12.29,85.75,Holt_Winters,20250105
2025-01-05,FC-East,SKU-GROC-004,5,49.02,12.29,85.75,Holt_Winters,20250105
2025-01-06,FC-East,SKU-GROC-004,6,38.86,1.64,76.08,Holt_Winters,20250106
2025-01-06,FC-East,SKU-GROC-004,6,38.86,1.64,76.08,Holt_Winters,20250106
2025-01-07,FC-East,SKU-GROC-004,7,42.17,4.46,79.88,Holt_Winters,20250107
2025-01-07,FC-East,SKU-GROC-004,7,42.17,4.46,79.88,Holt_Winters,20250107
2025-01-08,FC-East,SKU-GROC-004,8,41.42,3.24,79.6,Holt_Winters,20250108
2025-01-08,FC-East,SKU-GROC-004,8,41.42,3.24,79.6,Holt_Winters,20250108
2025-01-09,FC-East,SKU-GROC-004,9,42.91,4.26,81.56,Holt_Winters,20250109
2025-01-09,FC-East,SKU-GROC-004,9,42.91,4.26,81.56,Holt_Winters,20250109
2025-01-10,FC-East,SKU-GROC-004,10,48.93,9.81,88.05,Holt_Winters,20250110
2025-01-10,FC-East,SKU-GROC-004,10,48.93,9.81,88.05,Holt_Winters,20250110
2025-01-11,FC-East,SKU-GROC-004,11,53.87,14.3,93.44,Holt_Winters,20250111
2025-01-11,FC-East,SKU-GROC-004,11,53.87,14.3,93.44,Holt_Winters,20250111
2025-01-12,FC-East,SKU-GROC-004,12,49.16,9.14,89.18,Holt_Winters,20250112
2025-01-12,FC-East,SKU-GROC-004,12,49.16,9.14,89.18,Holt_Winters,20250112
2025-01-13,FC-East,SKU-GROC-004,13,38.99,0.0,79.46,Holt_Winters,20250113
2025-01-13,FC-East,SKU-GROC-004,13,38.99,0.0,79.46,Holt_Winters,20250113
2025-01-14,FC-East,SKU-GROC-004,14,42.31,1.39,83.23,Holt_Winters,20250114
2025-01-14,FC-East,SKU-GROC-004,14,42.31,1.39,83.23,Holt_Winters,20250114
2025-01-15,FC-East,SKU-GROC-004,15,41.55,0.19,82.91,Holt_Winters,20250115
2025-01-15,FC-East,SKU-GROC-004,15,41.55,0.19,82.91,Holt_Winters,20250115
2025-01-16,FC-East,SKU-GROC-004,16,43.04,1.23,84.85,Holt_Winters,20250116
2025-01-16,FC-East,SKU-GROC-004,16,43.04,1.23,84.85,Holt_Winters,20250116
2025-01-17,FC-East,SKU-GROC-004,17,49.06,6.82,91.3,Holt_Winters,20250117
2025-01-17,FC-East,SKU-GROC-004,17,49.06,6.82,91.3,Holt_Winters,20250117
2025-01-18,FC-East,SKU-GROC-004,18,54.0,11.35,96.65,Holt_Winters,20250118
2025-01-18,FC-East,SKU-GROC-004,18,54.0,11.35,96.65,Holt_Winters,20250118
2025-01-19,FC-East,SKU-GROC-004,19,49.29,6.21,92.37,Holt_Winters,20250119
2025-01-19,FC-East,SKU-GROC-004,19,49.29,6.21,92.37,Holt_Winters,20250119
2025-01-20,FC-East,SKU-GROC-004,20,39.13,0.0,82.62,Holt_Winters,20250120
2025-01-20,FC-East,SKU-GROC-004,20,39.13,0.0,82.62,Holt_Winters,20250120
2025-01-21,FC-East,SKU-GROC-004,21,42.44,0.0,86.34,Holt_Winters,20250121
2025-01-21,FC-East,SKU-GROC-004,21,42.44,0.0,86.34,Holt_Winters,20250121
2025-01-22,FC-East,SKU-GROC-004,22,41.68,0.0,86.0,Holt_Winters,20250122
2025-01-22,FC-East,SKU-GROC-004,22,41.68,0.0,86.0,Holt_Winters,20250122
2025-01-23,FC-East,SKU-GROC-004,23,43.18,0.0,87.91,Holt_Winters,20250123
2025-01-23,FC-East,SKU-GROC-004,23,43.18,0.0,87.91,Holt_Winters,20250123
2025-01-24,FC-East,SKU-GROC-004,24,49.19,4.07,94.31,Holt_Winters,20250124
2025-01-24,FC-East,SKU-GROC-004,24,49.19,4.07,94.31,Holt_Winters,20250124
2025-01-25,FC-East,SKU-GROC-004,25,54.13,8.6,99.66,Holt_Winters,20250125
2025-01-25,FC-East,SKU-GROC-004,25,54.13,8.6,99.66,Holt_Winters,20250125
2025-01-26,FC-East,SKU-GROC-004,26,49.42,3.5,95.34,Holt_Winters,20250126
2025-01-26,FC-East,SKU-GROC-004,26,49.42,3.5,95.34,Holt_Winters,20250126
2025-01-27,FC-East,SKU-GROC-004,27,39.26,0.0,85.57,Holt_Winters,20250127
2025-01-27,FC-East,SKU-GROC-004,27,39.26,0.0,85.57,Holt_Winters,20250127
2025-01-28,FC-East,SKU-GROC-004,28,42.57,0.0,89.28,Holt_Winters,20250128
2025-01-28,FC-East,SKU-GROC-004,28,42.57,0.0,89.28,Holt_Winters,20250128
2025-01-01,FC-East,SKU-GROC-005,1,98.29,63.58,133.0,Holt_Winters,20250101
2025-01-01,FC-East,SKU-GROC-005,1,98.29,63.58,133.0,Holt_Winters,20250101
2025-01-02,FC-East,SKU-GROC-005,2,97.76,62.54,132.98,Holt_Winters,20250102
2025-01-02,FC-East,SKU-GROC-005,2,97.76,62.54,132.98,Holt_Winters,20250102
2025-01-03,FC-East,SKU-GROC-005,3,100.45,64.72,136.18,Holt_Winters,20250103
2025-01-03,FC-East,SKU-GROC-005,3,100.45,64.72,136.18,Holt_Winters,20250103
2025-01-04,FC-East,SKU-GROC-005,4,110.44,74.2,146.68,Holt_Winters,20250104
2025-01-04,FC-East,SKU-GROC-005,4,110.44,74.2,146.68,Holt_Winters,20250104
2025-01-05,FC-East,SKU-GROC-005,5,101.82,65.09,138.55,Holt_Winters,20250105
2025-01-05,FC-East,SKU-GROC-005,5,101.82,65.09,138.55,Holt_Winters,20250105
2025-01-06,FC-East,SKU-GROC-005,6,91.6,54.38,128.82,Holt_Winters,20250106
2025-01-06,FC-East,SKU-GROC-005,6,91.6,54.38,128.82,Holt_Winters,20250106
2025-01-07,FC-East,SKU-GROC-005,7,93.15,55.44,130.86,Holt_Winters,20250107
2025-01-07,FC-East,SKU-GROC-005,7,93.15,55.44,130.86,Holt_Winters,20250107
2025-01-08,FC-East,SKU-GROC-005,8,98.78,60.6,136.96,Holt_Winters,20250108
2025-01-08,FC-East,SKU-GROC-005,8,98.78,60.6,136.96,Holt_Winters,20250108
2025-01-09,FC-East,SKU-GROC-005,9,98.26,59.61,136.91,Holt_Winters,20250109
2025-01-09,FC-East,SKU-GROC-005,9,98.26,59.61,136.91,Holt_Winters,20250109
2025-01-10,FC-East,SKU-GROC-005,10,100.94,61.82,140.06,Holt_Winters,20250110
2025-01-10,FC-East,SKU-GROC-005,10,100.94,61.82,140.06,Holt_Winters,20250110
2025-01-11,FC-East,SKU-GROC-005,11,110.94,71.37,150.51,Holt_Winters,20250111
2025-01-11,FC-East,SKU-GROC-005,11,110.94,71.37,150.51,Holt_Winters,20250111
2025-01-12,FC-East,SKU-GROC-005,12,102.31,62.29,142.33,Holt_Winters,20250112
2025-01-12,FC-East,SKU-GROC-005,12,102.31,62.29,142.33,Holt_Winters,20250112
2025-01-13,FC-East,SKU-GROC-005,13,92.09,51.62,132.56,Holt_Winters,20250113
2025-01-13,FC-East,SKU-GROC-005,13,92.09,51.62,132.56,Holt_Winters,20250113
2025-01-14,FC-East,SKU-GROC-005,14,93.64,52.72,134.56,Holt_Winters,20250114
2025-01-14,FC-East,SKU-GROC-005,14,93.64,52.72,134.56,Holt_Winters,20250114
2025-01-15,FC-East,SKU-GROC-005,15,99.27,57.91,140.63,Holt_Winters,20250115
2025-01-15,FC-East,SKU-GROC-005,15,99.27,57.91,140.63,Holt_Winters,20250115
2025-01-16,FC-East,SKU-GROC-005,16,98.75,56.94,140.56,Holt_Winters,20250116
2025-01-16,FC-East,SKU-GROC-005,16,98.75,56.94,140.56,Holt_Winters,20250116
2025-01-17,FC-East,SKU-GROC-005,17,101.43,59.19,143.67,Holt_Winters,20250117
2025-01-17,FC-East,SKU-GROC-005,17,101.43,59.19,143.67,Holt_Winters,20250117
2025-01-18,FC-East,SKU-GROC-005,18,111.43,68.78,154.08,Holt_Winters,20250118
2025-01-18,FC-East,SKU-GROC-005,18,111.43,68.78,154.08,Holt_Winters,20250118
2025-01-19,FC-East,SKU-GROC-005,19,102.8,59.72,145.88,Holt_Winters,20250119
2025-01-19,FC-East,SKU-GROC-005,19,102.8,59.72,145.88,Holt_Winters,20250119
2025-01-20,FC-East,SKU-GROC-005,20,92.58,49.09,136.07,Holt_Winters,20250120
2025-01-20,FC-East,SKU-GROC-005,20,92.58,49.09,136.07,Holt_Winters,20250120
2025-01-21,FC-East,SKU-GROC-005,21,94.13,50.23,138.03,Holt_Winters,20250121
2025-01-21,FC-East,SKU-GROC-005,21,94.13,50.23,138.03,Holt_Winters,20250121
2025-01-22,FC-East,SKU-GROC-005,22,99.76,55.44,144.08,Holt_Winters,20250122
2025-01-22,FC-East,SKU-GROC-005,22,99.76,55.44,144.08,Holt_Winters,20250122
2025-01-23,FC-East,SKU-GROC-005,23,99.24,54.51,143.97,Holt_Winters,20250123
2025-01-23,FC-East,SKU-GROC-005,23,99.24,54.51,143.97,Holt_Winters,20250123
2025-01-24,FC-East,SKU-GROC-005,24,101.92,56.8,147.04,Holt_Winters,20250124
2025-01-24,FC-East,SKU-GROC-005,24,101.92,56.8,147.04,Holt_Winters,20250124
2025-01-25,FC-East,SKU-GROC-005,25,111.92,66.39,157.45,Holt_Winters,20250125
2025-01-25,FC-East,SKU-GROC-005,25,111.92,66.39,157.45,Holt_Winters,20250125
2025-01-26,FC-East,SKU-GROC-005,26,103.29,57.37,149.21,Holt_Winters,20250126
2025-01-26,FC-East,SKU-GROC-005,26,103.29,57.37,149.21,Holt_Winters,20250126
2025-01-27,FC-East,SKU-GROC-005,27,93.07,46.76,139.38,Holt_Winters,20250127
2025-01-27,FC-East,SKU-GROC-005,27,93.07,46.76,139.38,Holt_Winters,20250127
2025-01-28,FC-East,SKU-GROC-005,28,94.62,47.91,141.33,Holt_Winters,20250128
2025-01-28,FC-East,SKU-GROC-005,28,94.62,47.91,141.33,Holt_Winters,20250128
2025-01-01,FC-East,SKU-GROC-006,1,40.62,5.91,75.33,Holt_Winters,20250101
2025-01-01,FC-East,SKU-GROC-006,1,40.62,5.91,75.33,Holt_Winters,20250101
2025-01-02,FC-East,SKU-GROC-006,2,40.69,5.47,75.91,Holt_Winters,20250102
2025-01-02,FC-East,SKU-GROC-006,2,40.69,5.47,75.91,Holt_Winters,20250102
2025-01-03,FC-East,SKU-GROC-006,3,51.86,16.13,87.59,Holt_Winters,20250103
2025-01-03,FC-East,SKU-GROC-006,3,51.86,16.13,87.59,Holt_Winters,20250103
2025-01-04,FC-East,SKU-GROC-006,4,58.42,22.18,94.66,Holt_Winters,20250104
2025-01-04,FC-East,SKU-GROC-006,4,58.42,22.18,94.66,Holt_Winters,20250104
2025-01-05,FC-East,SKU-GROC-006,5,50.97,14.24,87.7,Holt_Winters,20250105
2025-01-05,FC-East,SKU-GROC-006,5,50.97,14.24,87.7,Holt_Winters,20250105
2025-01-06,FC-East,SKU-GROC-006,6,31.39,0.0,68.61,Holt_Winters,20250106
2025-01-06,FC-East,SKU-GROC-006,6,31.39,0.0,68.61,Holt_Winters,20250106
2025-01-07,FC-East,SKU-GROC-006,7,34.71,0.0,72.42,Holt_Winters,20250107
2025-01-07,FC-East,SKU-GROC-006,7,34.71,0.0,72.42,Holt_Winters,20250107
2025-01-08,FC-East,SKU-GROC-006,8,37.95,0.0,76.13,Holt_Winters,20250108
2025-01-08,FC-East,SKU-GROC-006,8,37.95,0.0,76.13,Holt_Winters,20250108
2025-01-09,FC-East,SKU-GROC-006,9,38.01,0.0,76.66,Holt_Winters,20250109
2025-01-09,FC-East,SKU-GROC-006,9,38.01,0.0,76.66,Holt_Winters,20250109
2025-01-10,FC-East,SKU-GROC-006,10,49.18,10.06,88.3,Holt_Winters,20250110
2025-01-10,FC-East,SKU-GROC-006,10,49.18,10.06,88.3,Holt_Winters,20250110
2025-01-11,FC-East,SKU-GROC-006,11,55.75,16.18,95.32,Holt_Winters,20250111
2025-01-11,FC-East,SKU-GROC-006,11,55.75,16.18,95.32,Holt_Winters,20250111
2025-01-12,FC-East,SKU-GROC-006,12,48.3,8.28,88.32,Holt_Winters,20250112
2025-01-12,FC-East,SKU-GROC-006,12,48.3,8.28,88.32,Holt_Winters,20250112
2025-01-13,FC-East,SKU-GROC-006,13,28.72,0.0,69.19,Holt_Winters,20250113
2025-01-13,FC-East,SKU-GROC-006,13,28.72,0.0,69.19,Holt_Winters,20250113
2025-01-14,FC-East,SKU-GROC-006,14,32.04,0.0,72.96,Holt_Winters,20250114
2025-01-14,FC-East,SKU-GROC-006,14,32.04,0.0,72.96,Holt_Winters,20250114
2025-01-15,FC-East,SKU-GROC-006,15,35.28,0.0,76.64,Holt_Winters,20250115
2025-01-15,FC-East,SKU-GROC-006,15,35.28,0.0,76.64,Holt_Winters,20250115
2025-01-16,FC-East,SKU-GROC-006,16,35.34,0.0,77.15,Holt_Winters,20250116
2025-01-16,FC-East,SKU-GROC-006,16,35.34,0.0,77.15,Holt_Winters,20250116
2025-01-17,FC-East,SKU-GROC-006,17,46.51,4.27,88.75,Holt_Winters,20250117
2025-01-17,FC-East,SKU-GROC-006,17,46.51,4.27,88.75,Holt_Winters,20250117
2025-01-18,FC-East,SKU-GROC-006,18,53.08,10.43,95.73,Holt_Winters,20250118
2025-01-18,FC-East,SKU-GROC-006,18,53.08,10.43,95.73,Holt_Winters,20250118
2025-01-19,FC-East,SKU-GROC-006,19,45.63,2.55,88.71,Holt_Winters,20250119
2025-01-19,FC-East,SKU-GROC-006,19,45.63,2.55,88.71,Holt_Winters,20250119
2025-01-20,FC-East,SKU-GROC-006,20,26.05,0.0,69.54,Holt_Winters,20250120
2025-01-20,FC-East,SKU-GROC-006,20,26.05,0.0,69.54,Holt_Winters,20250120
2025-01-21,FC-East,SKU-GROC-006,21,29.37,0.0,73.27,Holt_Winters,20250121
2025-01-21,FC-East,SKU-GROC-006,21,29.37,0.0,73.27,Holt_Winters,20250121
2025-01-22,FC-East,SKU-GROC-006,22,32.61,0.0,76.93,Holt_Winters,20250122
2025-01-22,FC-East,SKU-GROC-006,22,32.61,0.0,76.93,Holt_Winters,20250122
2025-01-23,FC-East,SKU-GROC-006,23,32.67,0.0,77.4,Holt_Winters,20250123
2025-01-23,FC-East,SKU-GROC-006,23,32.67,0.0,77.4,Holt_Winters,20250123
2025-01-24,FC-East,SKU-GROC-006,24,43.84,0.0,88.96,Holt_Winters,20250124
2025-01-24,FC-East,SKU-GROC-006,24,43.84,0.0,88.96,Holt_Winters,20250124
2025-01-25,FC-East,SKU-GROC-006,25,50.41,4.88,95.94,Holt_Winters,20250125
2025-01-25,FC-East,SKU-GROC-006,25,50.41,4.88,95.94,Holt_Winters,20250125
2025-01-26,FC-East,SKU-GROC-006,26,42.96,0.0,88.88,Holt_Winters,20250126
2025-01-26,FC-East,SKU-GROC-006,26,42.96,0.0,88.88,Holt_Winters,20250126
2025-01-27,FC-East,SKU-GROC-006,27,23.38,0.0,69.69,Holt_Winters,20250127
2025-01-27,FC-East,SKU-GROC-006,27,23.38,0.0,69.69,Holt_Winters,20250127
2025-01-28,FC-East,SKU-GROC-006,28,26.7,0.0,73.41,Holt_Winters,20250128
2025-01-28,FC-East,SKU-GROC-006,28,26.7,0.0,73.41,Holt_Winters,20250128
2025-01-01,FC-East,SKU-GROC-007,1,17.25,0.0,51.96,Holt_Winters,20250101
2025-01-01,FC-East,SKU-GROC-007,1,17.25,0.0,51.96,Holt_Winters,20250101
2025-01-02,FC-East,SKU-GROC-007,2,16.3,0.0,51.52,Holt_Winters,20250102
2025-01-02,FC-East,SKU-GROC-007,2,16.3,0.0,51.52,Holt_Winters,20250102
2025-01-03,FC-East,SKU-GROC-007,3,21.21,0.0,56.94,Holt_Winters,20250103
2025-01-03,FC-East,SKU-GROC-007,3,21.21,0.0,56.94,Holt_Winters,20250103
2025-01-04,FC-East,SKU-GROC-007,4,23.89,0.0,60.13,Holt_Winters,20250104
2025-01-04,FC-East,SKU-GROC-007,4,23.89,0.0,60.13,Holt_Winters,20250104
2025-01-05,FC-East,SKU-GROC-007,5,21.1,0.0,57.83,Holt_Winters,20250105
2025-01-05,FC-East,SKU-GROC-007,5,21.1,0.0,57.83,Holt_Winters,20250105
2025-01-06,FC-East,SKU-GROC-007,6,13.72,0.0,50.94,Holt_Winters,20250106
2025-01-06,FC-East,SKU-GROC-007,6,13.72,0.0,50.94,Holt_Winters,20250106
2025-01-07,FC-East,SKU-GROC-007,7,16.21,0.0,53.92,Holt_Winters,20250107
2025-01-07,FC-East,SKU-GROC-007,7,16.21,0.0,53.92,Holt_Winters,20250107
2025-01-08,FC-East,SKU-GROC-007,8,17.16,0.0,55.34,Holt_Winters,20250108
2025-01-08,FC-East,SKU-GROC-007,8,17.16,0.0,55.34,Holt_Winters,20250108
2025-01-09,FC-East,SKU-GROC-007,9,16.2,0.0,54.85,Holt_Winters,20250109
2025-01-09,FC-East,SKU-GROC-007,9,16.2,0.0,54.85,Holt_Winters,20250109
2025-01-10,FC-East,SKU-GROC-007,10,21.11,0.0,60.23,Holt_Winters,20250110
2025-01-10,FC-East,SKU-GROC-007,10,21.11,0.0,60.23,Holt_Winters,20250110
2025-01-11,FC-East,SKU-GROC-007,11,23.79,0.0,63.36,Holt_Winters,20250111
2025-01-11,FC-East,SKU-GROC-007,11,23.79,0.0,63.36,Holt_Winters,20250111
2025-01-12,FC-East,SKU-GROC-007,12,21.0,0.0,61.02,Holt_Winters,20250112
2025-01-12,FC-East,SKU-GROC-007,12,21.0,0.0,61.02,Holt_Winters,20250112
2025-01-13,FC-East,SKU-GROC-007,13,13.62,0.0,54.09,Holt_Winters,20250113
2025-01-13,FC-East,SKU-GROC-007,13,13.62,0.0,54.09,Holt_Winters,20250113
2025-01-14,FC-East,SKU-GROC-007,14,16.11,0.0,57.03,Holt_Winters,20250114
2025-01-14,FC-East,SKU-GROC-007,14,16.11,0.0,57.03,Holt_Winters,20250114
2025-01-15,FC-East,SKU-GROC-007,15,17.06,0.0,58.42,Holt_Winters,20250115
2025-01-15,FC-East,SKU-GROC-007,15,17.06,0.0,58.42,Holt_Winters,20250115
2025-01-16,FC-East,SKU-GROC-007,16,16.11,0.0,57.92,Holt_Winters,20250116
2025-01-16,FC-East,SKU-GROC-007,16,16.11,0.0,57.92,Holt_Winters,20250116
2025-01-17,FC-East,SKU-GROC-007,17,21.01,0.0,63.25,Holt_Winters,20250117
2025-01-17,FC-East,SKU-GROC-007,17,21.01,0.0,63.25,Holt_Winters,20250117
2025-01-18,FC-East,SKU-GROC-007,18,23.69,0.0,66.34,Holt_Winters,20250118
2025-01-18,FC-East,SKU-GROC-007,18,23.69,0.0,66.34,Holt_Winters,20250118
2025-01-19,FC-East,SKU-GROC-007,19,20.9,0.0,63.98,Holt_Winters,20250119
2025-01-19,FC-East,SKU-GROC-007,19,20.9,0.0,63.98,Holt_Winters,20250119
2025-01-20,FC-East,SKU-GROC-007,20,13.52,0.0,57.01,Holt_Winters,20250120
2025-01-20,FC-East,SKU-GROC-007,20,13.52,0.0,57.01,Holt_Winters,20250120
2025-01-21,FC-East,SKU-GROC-007,21,16.01,0.0,59.91,Holt_Winters,20250121
2025-01-21,FC-East,SKU-GROC-007,21,16.01,0.0,59.91,Holt_Winters,20250121
2025-01-22,FC-East,SKU-GROC-007,22,16.96,0.0,61.28,Holt_Winters,20250122
2025-01-22,FC-East,SKU-GROC-007,22,16.96,0.0,61.28,Holt_Winters,20250122
2025-01-23,FC-East,SKU-GROC-007,23,16.01,0.0,60.74,Holt_Winters,20250123
2025-01-23,FC-East,SKU-GROC-007,23,16.01,0.0,60.74,Holt_Winters,20250123
2025-01-24,FC-East,SKU-GROC-007,24,20.91,0.0,66.03,Holt_Winters,20250124
2025-01-24,FC-East,SKU-GROC-007,24,20.91,0.0,66.03,Holt_Winters,20250124
2025-01-25,FC-East,SKU-GROC-007,25,23.59,0.0,69.12,Holt_Winters,20250125
2025-01-25,FC-East,SKU-GROC-007,25,23.59,0.0,69.12,Holt_Winters,20250125
2025-01-26,FC-East,SKU-GROC-007,26,20.8,0.0,66.72,Holt_Winters,20250126
2025-01-26,FC-East,SKU-GROC-007,26,20.8,0.0,66.72,Holt_Winters,20250126
2025-01-27,FC-East,SKU-GROC-007,27,13.42,0.0,59.73,Holt_Winters,20250127
2025-01-27,FC-East,SKU-GROC-007,27,13.42,0.0,59.73,Holt_Winters,20250127
2025-01-28,FC-East,SKU-GROC-007,28,15.91,0.0,62.62,Holt_Winters,20250128
2025-01-28,FC-East,SKU-GROC-007,28,15.91,0.0,62.62,Holt_Winters,20250128
2025-01-01,FC-East,SKU-GROC-008,1,68.0,33.29,102.71,Holt_Winters,20250101
2025-01-01,FC-East,SKU-GROC-008,1,68.0,33.29,102.71,Holt_Winters,20250101
2025-01-02,FC-East,SKU-GROC-008,2,70.48,35.26,105.7,Holt_Winters,20250102
2025-01-02,FC-East,SKU-GROC-008,2,70.48,35.26,105.7,Holt_Winters,20250102
2025-01-03,FC-East,SKU-GROC-008,3,76.47,40.74,112.2,Holt_Winters,20250103
2025-01-03,FC-East,SKU-GROC-008,3,76.47,40.74,112.2,Holt_Winters,20250103
2025-01-04,FC-East,SKU-GROC-008,4,83.41,47.17,119.65,Holt_Winters,20250104
2025-01-04,FC-East,SKU-GROC-008,4,83.41,47.17,119.65,Holt_Winters,20250104
2025-01-05,FC-East,SKU-GROC-008,5,80.8,44.07,117.53,Holt_Winters,20250105
2025-01-05,FC-East,SKU-GROC-008,5,80.8,44.07,117.53,Holt_Winters,20250105
2025-01-06,FC-East,SKU-GROC-008,6,67.17,29.95,104.39,Holt_Winters,20250106
2025-01-06,FC-East,SKU-GROC-008,6,67.17,29.95,104.39,Holt_Winters,20250106
2025-01-07,FC-East,SKU-GROC-008,7,69.64,31.93,107.35,Holt_Winters,20250107
2025-01-07,FC-East,SKU-GROC-008,7,69.64,31.93,107.35,Holt_Winters,20250107
2025-01-08,FC-East,SKU-GROC-008,8,68.37,30.19,106.55,Holt_Winters,20250108
2025-01-08,FC-East,SKU-GROC-008,8,68.37,30.19,106.55,Holt_Winters,20250108
2025-01-09,FC-East,SKU-GROC-008,9,70.85,32.2,109.5,Holt_Winters,20250109
2025-01-09,FC-East,SKU-GROC-008,9,70.85,32.2,109.5,Holt_Winters,20250109
2025-01-10,FC-East,SKU-GROC-008,10,76.84,37.72,115.96,Holt_Winters,20250110
2025-01-10,FC-East,SKU-GROC-008,10,76.84,37.72,115.96,Holt_Winters,20250110
2025-01-11,FC-East,SKU-GROC-008,11,83.78,44.21,123.35,Holt_Winters,20250111
2025-01-11,FC-East,SKU-GROC-008,11,83.78,44.21,123.35,Holt_Winters,20250111
2025-01-12,FC-East,SKU-GROC-008,12,81.17,41.15,121.19,Holt_Winters,20250112
2025-01-12,FC-East,SKU-GROC-008,12,81.17,41.15,121.19,Holt_Winters,20250112
2025-01-13,FC-East,SKU-GROC-008,13,67.54,27.07,108.01,Holt_Winters,20250113
2025-01-13,FC-East,SKU-GROC-008,13,67.54,27.07,108.01,Holt_Winters,20250113
2025-01-14,FC-East,SKU-GROC-008,14,70.01,29.09,110.93,Holt_Winters,20250114
2025-01-14,FC-East,SKU-GROC-008,14,70.01,29.09,110.93,Holt_Winters,20250114
2025-01-15,FC-East,SKU-GROC-008,15,68.74,27.38,110.1,Holt_Winters,20250115
2025-01-15,FC-East,SKU-GROC-008,15,68.74,27.38,110.1,Holt_Winters,20250115
2025-01-16,FC-East,SKU-GROC-008,16,71.22,29.41,113.03,Holt_Winters,20250116
2025-01-16,FC-East,SKU-GROC-008,16,71.22,29.41,113.03,Holt_Winters,20250116
2025-01-17,FC-East,SKU-GROC-008,17,77.21,34.97,119.45,Holt_Winters,20250117
2025-01-17,FC-East,SKU-GROC-008,17,77.21,34.97,119.45,Holt_Winters,20250117
2025-01-18,FC-East,SKU-GROC-008,18,84.15,41.5,126.8,Holt_Winters,20250118
2025-01-18,FC-East,SKU-GROC-008,18,84.15,41.5,126.8,Holt_Winters,20250118
2025-01-19,FC-East,SKU-GROC-008,19,81.54,38.46,124.62,Holt_Winters,20250119
2025-01-19,FC-East,SKU-GROC-008,19,81.54,38.46,124.62,Holt_Winters,20250119
2025-01-20,FC-East,SKU-GROC-008,20,67.91,24.42,111.4,Holt_Winters,20250120
2025-01-20,FC-East,SKU-GROC-008,20,67.91,24.42,111.4,Holt_Winters,20250120
2025-01-21,FC-East,SKU-GROC-008,21,70.38,26.48,114.28,Holt_Winters,20250121
2025-01-21,FC-East,SKU-GROC-008,21,70.38,26.48,114.28,Holt_Winters,20250121
2025-01-22,FC-East,SKU-GROC-008,22,69.11,24.79,113.43,Holt_Winters,20250122
2025-01-22,FC-East,SKU-GROC-008,22,69.11,24.79,113.43,Holt_Winters,20250122
2025-01-23,FC-East,SKU-GROC-008,23,71.59,26.86,116.32,Holt_Winters,20250123
2025-01-23,FC-East,SKU-GROC-008,23,71.59,26.86,116.32,Holt_Winters,20250123
2025-01-24,FC-East,SKU-GROC-008,24,77.58,32.46,122.7,Holt_Winters,20250124
2025-01-24,FC-East,SKU-GROC-008,24,77.58,32.46,122.7,Holt_Winters,20250124
2025-01-25,FC-East,SKU-GROC-008,25,84.52,38.99,130.05,Holt_Winters,20250125
2025-01-25,FC-East,SKU-GROC-008,25,84.52,38.99,130.05,Holt_Winters,20250125
2025-01-26,FC-East,SKU-GROC-008,26,81.91,35.99,127.83,Holt_Winters,20250126
2025-01-26,FC-East,SKU-GROC-008,26,81.91,35.99,127.83,Holt_Winters,20250126
2025-01-27,FC-East,SKU-GROC-008,27,68.28,21.97,114.59,Holt_Winters,20250127
2025-01-27,FC-East,SKU-GROC-008,27,68.28,21.97,114.59,Holt_Winters,20250127
2025-01-28,FC-East,SKU-GROC-008,28,70.75,24.04,117.46,Holt_Winters,20250128
2025-01-28,FC-East,SKU-GROC-008,28,70.75,24.04,117.46,Holt_Winters,20250128
2025-01-01,FC-East,SKU-GROC-009,1,3.51,0.0,38.22,Holt_Winters,20250101
2025-01-01,FC-East,SKU-GROC-009,1,3.51,0.0,38.22,Holt_Winters,20250101
2025-01-02,FC-East,SKU-GROC-009,2,2.76,0.0,37.98,Holt_Winters,20250102
2025-01-02,FC-East,SKU-GROC-009,2,2.76,0.0,37.98,Holt_Winters,20250102
2025-01-03,FC-East,SKU-GROC-009,3,3.12,0.0,38.85,Holt_Winters,20250103
2025-01-03,FC-East,SKU-GROC-009,3,3.12,0.0,38.85,Holt_Winters,20250103
2025-01-04,FC-East,SKU-GROC-009,4,3.86,0.0,40.1,Holt_Winters,20250104
2025-01-04,FC-East,SKU-GROC-009,4,3.86,0.0,40.1,Holt_Winters,20250104
2025-01-05,FC-East,SKU-GROC-009,5,3.46,0.0,40.19,Holt_Winters,20250105
2025-01-05,FC-East,SKU-GROC-009,5,3.46,0.0,40.19,Holt_Winters,20250105
2025-01-06,FC-East,SKU-GROC-009,6,4.05,0.0,41.27,Holt_Winters,20250106
2025-01-06,FC-East,SKU-GROC-009,6,4.05,0.0,41.27,Holt_Winters,20250106
2025-01-07,FC-East,SKU-GROC-009,7,3.17,0.0,40.88,Holt_Winters,20250107
2025-01-07,FC-East,SKU-GROC-009,7,3.17,0.0,40.88,Holt_Winters,20250107
2025-01-08,FC-East,SKU-GROC-009,8,3.5,0.0,41.68,Holt_Winters,20250108
2025-01-08,FC-East,SKU-GROC-009,8,3.5,0.0,41.68,Holt_Winters,20250108
2025-01-09,FC-East,SKU-GROC-009,9,2.75,0.0,41.4,Holt_Winters,20250109
2025-01-09,FC-East,SKU-GROC-009,9,2.75,0.0,41.4,Holt_Winters,20250109
2025-01-10,FC-East,SKU-GROC-009,10,3.11,0.0,42.23,Holt_Winters,20250110
2025-01-10,FC-East,SKU-GROC-009,10,3.11,0.0,42.23,Holt_Winters,20250110
2025-01-11,FC-East,SKU-GROC-009,11,3.85,0.0,43.42,Holt_Winters,20250111
2025-01-11,FC-East,SKU-GROC-009,11,3.85,0.0,43.42,Holt_Winters,20250111
2025-01-12,FC-East,SKU-GROC-009,12,3.45,0.0,43.47,Holt_Winters,20250112
2025-01-12,FC-East,SKU-GROC-009,12,3.45,0.0,43.47,Holt_Winters,20250112
2025-01-13,FC-East,SKU-GROC-009,13,4.04,0.0,44.51,Holt_Winters,20250113
2025-01-13,FC-East,SKU-GROC-009,13,4.04,0.0,44.51,Holt_Winters,20250113
2025-01-14,FC-East,SKU-GROC-009,14,3.16,0.0,44.08,Holt_Winters,20250114
2025-01-14,FC-East,SKU-GROC-009,14,3.16,0.0,44.08,Holt_Winters,20250114
2025-01-15,FC-East,SKU-GROC-009,15,3.5,0.0,44.86,Holt_Winters,20250115
2025-01-15,FC-East,SKU-GROC-009,15,3.5,0.0,44.86,Holt_Winters,20250115
2025-01-16,FC-East,SKU-GROC-009,16,2.75,0.0,44.56,Holt_Winters,20250116
2025-01-16,FC-East,SKU-GROC-009,16,2.75,0.0,44.56,Holt_Winters,20250116
2025-01-17,FC-East,SKU-GROC-009,17,3.11,0.0,45.35,Holt_Winters,20250117
2025-01-17,FC-East,SKU-GROC-009,17,3.11,0.0,45.35,Holt_Winters,20250117
2025-01-18,FC-East,SKU-GROC-009,18,3.85,0.0,46.5,Holt_Winters,20250118
2025-01-18,FC-East,SKU-GROC-009,18,3.85,0.0,46.5,Holt_Winters,20250118
2025-01-19,FC-East,SKU-GROC-009,19,3.45,0.0,46.53,Holt_Winters,20250119
2025-01-19,FC-East,SKU-GROC-009,19,3.45,0.0,46.53,Holt_Winters,20250119
2025-01-20,FC-East,SKU-GROC-009,20,4.04,0.0,47.53,Holt_Winters,20250120
2025-01-20,FC-East,SKU-GROC-009,20,4.04,0.0,47.53,Holt_Winters,20250120
2025-01-21,FC-East,SKU-GROC-009,21,3.16,0.0,47.06,Holt_Winters,20250121
2025-01-21,FC-East,SKU-GROC-009,21,3.16,0.0,47.06,Holt_Winters,20250121
2025-01-22,FC-East,SKU-GROC-009,22,3.49,0.0,47.81,Holt_Winters,20250122
2025-01-22,FC-East,SKU-GROC-009,22,3.49,0.0,47.81,Holt_Winters,20250122
2025-01-23,FC-East,SKU-GROC-009,23,2.74,0.0,47.47,Holt_Winters,20250123
2025-01-23,FC-East,SKU-GROC-009,23,2.74,0.0,47.47,Holt_Winters,20250123
2025-01-24,FC-East,SKU-GROC-009,24,3.1,0.0,48.22,Holt_Winters,20250124
2025-01-24,FC-East,SKU-GROC-009,24,3.1,0.0,48.22,Holt_Winters,20250124
2025-01-25,FC-East,SKU-GROC-009,25,3.85,0.0,49.38,Holt_Winters,20250125
2025-01-25,FC-East,SKU-GROC-009,25,3.85,0.0,49.38,Holt_Winters,20250125
2025-01-26,FC-East,SKU-GROC-009,26,3.45,0.0,49.37,Holt_Winters,20250126
2025-01-26,FC-East,SKU-GROC-009,26,3.45,0.0,49.37,Holt_Winters,20250126
2025-01-27,FC-East,SKU-GROC-009,27,4.04,0.0,50.35,Holt_Winters,20250127
2025-01-27,FC-East,SKU-GROC-009,27,4.04,0.0,50.35,Holt_Winters,20250127
2025-01-28,FC-East,SKU-GROC-009,28,3.16,0.0,49.87,Holt_Winters,20250128
2025-01-28,FC-East,SKU-GROC-009,28,3.16,0.0,49.87,Holt_Winters,20250128
2025-01-01,FC-East,SKU-GROC-010,1,6.91,0.0,41.62,Holt_Winters,20250101
2025-01-01,FC-East,SKU-GROC-010,1,6.91,0.0,41.62,Holt_Winters,20250101
2025-01-02,FC-East,SKU-GROC-010,2,9.14,0.0,44.36,Holt_Winters,20250102
2025-01-02,FC-East,SKU-GROC-010,2,9.14,0.0,44.36,Holt_Winters,20250102
2025-01-03,FC-East,SKU-GROC-010,3,8.67,0.0,44.4,Holt_Winters,20250103
2025-01-03,FC-East,SKU-GROC-010,3,8.67,0.0,44.4,Holt_Winters,20250103
2025-01-04,FC-East,SKU-GROC-010,4,9.15,0.0,45.39,Holt_Winters,20250104
2025-01-04,FC-East,SKU-GROC-010,4,9.15,0.0,45.39,Holt_Winters,20250104
2025-01-05,FC-East,SKU-GROC-010,5,9.66,0.0,46.39,Holt_Winters,20250105
2025-01-05,FC-East,SKU-GROC-010,5,9.66,0.0,46.39,Holt_Winters,20250105
2025-01-06,FC-East,SKU-GROC-010,6,6.06,0.0,43.28,Holt_Winters,20250106
2025-01-06,FC-East,SKU-GROC-010,6,6.06,0.0,43.28,Holt_Winters,20250106
2025-01-07,FC-East,SKU-GROC-010,7,7.16,0.0,44.87,Holt_Winters,20250107
2025-01-07,FC-East,SKU-GROC-010,7,7.16,0.0,44.87,Holt_Winters,20250107
2025-01-08,FC-East,SKU-GROC-010,8,6.91,0.0,45.09,Holt_Winters,20250108
2025-01-08,FC-East,SKU-GROC-010,8,6.91,0.0,45.09,Holt_Winters,20250108
2025-01-09,FC-East,SKU-GROC-010,9,9.14,0.0,47.79,Holt_Winters,20250109
2025-01-09,FC-East,SKU-GROC-010,9,9.14,0.0,47.79,Holt_Winters,20250109
2025-01-10,FC-East,SKU-GROC-010,10,8.68,0.0,47.8,Holt_Winters,20250110
2025-01-10,FC-East,SKU-GROC-010,10,8.68,0.0,47.8,Holt_Winters,20250110
2025-01-11,FC-East,SKU-GROC-010,11,9.15,0.0,48.72,Holt_Winters,20250111
2025-01-11,FC-East,SKU-GROC-010,11,9.15,0.0,48.72,Holt_Winters,20250111
2025-01-12,FC-East,SKU-GROC-010,12,9.66,0.0,49.68,Holt_Winters,20250112
2025-01-12,FC-East,SKU-GROC-010,12,9.66,0.0,49.68,Holt_Winters,20250112
2025-01-13,FC-East,SKU-GROC-010,13,6.06,0.0,46.53,Holt_Winters,20250113
2025-01-13,FC-East,SKU-GROC-010,13,6.06,0.0,46.53,Holt_Winters,20250113
2025-01-14,FC-East,SKU-GROC-010,14,7.16,0.0,48.08,Holt_Winters,20250114
2025-01-14,FC-East,SKU-GROC-010,14,7.16,0.0,48.08,Holt_Winters,20250114
2025-01-15,FC-East,SKU-GROC-010,15,6.91,0.0,48.27,Holt_Winters,20250115
2025-01-15,FC-East,SKU-GROC-010,15,6.91,0.0,48.27,Holt_Winters,20250115
2025-01-16,FC-East,SKU-GROC-010,16,9.14,0.0,50.95,Holt_Winters,20250116
2025-01-16,FC-East,SKU-GROC-010,16,9.14,0.0,50.95,Holt_Winters,20250116
2025-01-17,FC-East,SKU-GROC-010,17,8.68,0.0,50.92,Holt_Winters,20250117
2025-01-17,FC-East,SKU-GROC-010,17,8.68,0.0,50.92,Holt_Winters,20250117
2025-01-18,FC-East,SKU-GROC-010,18,9.15,0.0,51.8,Holt_Winters,20250118
2025-01-18,FC-East,SKU-GROC-010,18,9.15,0.0,51.8,Holt_Winters,20250118
2025-01-19,FC-East,SKU-GROC-010,19,9.67,0.0,52.75,Holt_Winters,20250119
2025-01-19,FC-East,SKU-GROC-010,19,9.67,0.0,52.75,Holt_Winters,20250119
2025-01-20,FC-East,SKU-GROC-010,20,6.07,0.0,49.56,Holt_Winters,20250120
2025-01-20,FC-East,SKU-GROC-010,20,6.07,0.0,49.56,Holt_Winters,20250120
2025-01-21,FC-East,SKU-GROC-010,21,7.16,0.0,51.06,Holt_Winters,20250121
2025-01-21,FC-East,SKU-GROC-010,21,7.16,0.0,51.06,Holt_Winters,20250121
2025-01-22,FC-East,SKU-GROC-010,22,6.91,0.0,51.23,Holt_Winters,20250122
2025-01-22,FC-East,SKU-GROC-010,22,6.91,0.0,51.23,Holt_Winters,20250122
2025-01-23,FC-East,SKU-GROC-010,23,9.14,0.0,53.87,Holt_Winters,20250123
2025-01-23,FC-East,SKU-GROC-010,23,9.14,0.0,53.87,Holt_Winters,20250123
2025-01-24,FC-East,SKU-GROC-010,24,8.68,0.0,53.8,Holt_Winters,20250124
2025-01-24,FC-East,SKU-GROC-010,24,8.68,0.0,53.8,Holt_Winters,20250124
2025-01-25,FC-East,SKU-GROC-010,25,9.15,0.0,54.68,Holt_Winters,20250125
2025-01-25,FC-East,SKU-GROC-010,25,9.15,0.0,54.68,Holt_Winters,20250125
2025-01-26,FC-East,SKU-GROC-010,26,9.67,0.0,55.59,Holt_Winters,20250126
2025-01-26,FC-East,SKU-GROC-010,26,9.67,0.0,55.59,Holt_Winters,20250126
2025-01-27,FC-East,SKU-GROC-010,27,6.07,0.0,52.38,Holt_Winters,20250127
2025-01-27,FC-East,SKU-GROC-010,27,6.07,0.0,52.38,Holt_Winters,20250127
2025-01-28,FC-East,SKU-GROC-010,28,7.16,0.0,53.87,Holt_Winters,20250128
2025-01-28,FC-East,SKU-GROC-010,28,7.16,0.0,53.87,Holt_Winters,20250128
2025-01-01,FC-East,SKU-HLTH-001,1,71.39,36.68,106.1,Holt_Winters,20250101
2025-01-01,FC-East,SKU-HLTH-001,1,71.39,36.68,106.1,Holt_Winters,20250101
2025-01-02,FC-East,SKU-HLTH-001,2,70.71,35.49,105.93,Holt_Winters,20250102
2025-01-02,FC-East,SKU-HLTH-001,2,70.71,35.49,105.93,Holt_Winters,20250102
2025-01-03,FC-East,SKU-HLTH-001,3,82.4,46.67,118.13,Holt_Winters,20250103
2025-01-03,FC-East,SKU-HLTH-001,3,82.4,46.67,118.13,Holt_Winters,20250103
2025-01-04,FC-East,SKU-HLTH-001,4,89.5,53.26,125.74,Holt_Winters,20250104
2025-01-04,FC-East,SKU-HLTH-001,4,89.5,53.26,125.74,Holt_Winters,20250104
2025-01-05,FC-East,SKU-HLTH-001,5,86.52,49.79,123.25,Holt_Winters,20250105
2025-01-05,FC-East,SKU-HLTH-001,5,86.52,49.79,123.25,Holt_Winters,20250105
2025-01-06,FC-East,SKU-HLTH-001,6,67.19,29.97,104.41,Holt_Winters,20250106
2025-01-06,FC-East,SKU-HLTH-001,6,67.19,29.97,104.41,Holt_Winters,20250106
2025-01-07,FC-East,SKU-HLTH-001,7,65.11,27.4,102.82,Holt_Winters,20250107
2025-01-07,FC-East,SKU-HLTH-001,7,65.11,27.4,102.82,Holt_Winters,20250107
2025-01-08,FC-East,SKU-HLTH-001,8,71.45,33.27,109.63,Holt_Winters,20250108
2025-01-08,FC-East,SKU-HLTH-001,8,71.45,33.27,109.63,Holt_Winters,20250108
2025-01-09,FC-East,SKU-HLTH-001,9,70.76,32.11,109.41,Holt_Winters,20250109
2025-01-09,FC-East,SKU-HLTH-001,9,70.76,32.11,109.41,Holt_Winters,20250109
2025-01-10,FC-East,SKU-HLTH-001,10,82.45,43.33,121.57,Holt_Winters,20250110
2025-01-10,FC-East,SKU-HLTH-001,10,82.45,43.33,121.57,Holt_Winters,20250110
2025-01-11,FC-East,SKU-HLTH-001,11,89.56,49.99,129.13,Holt_Winters,20250111
2025-01-11,FC-East,SKU-HLTH-001,11,89.56,49.99,129.13,Holt_Winters,20250111
2025-01-12,FC-East,SKU-HLTH-001,12,86.58,46.56,126.6,Holt_Winters,20250112
2025-01-12,FC-East,SKU-HLTH-001,12,86.58,46.56,126.6,Holt_Winters,20250112
2025-01-13,FC-East,SKU-HLTH-001,13,67.25,26.78,107.72,Holt_Winters,20250113
2025-01-13,FC-East,SKU-HLTH-001,13,67.25,26.78,107.72,Holt_Winters,20250113
2025-01-14,FC-East,SKU-HLTH-001,14,65.17,24.25,106.09,Holt_Winters,20250114
2025-01-14,FC-East,SKU-HLTH-001,14,65.17,24.25,106.09,Holt_Winters,20250114
2025-01-15,FC-East,SKU-HLTH-001,15,71.51,30.15,112.87,Holt_Winters,20250115
2025-01-15,FC-East,SKU-HLTH-001,15,71.51,30.15,112.87,Holt_Winters,20250115
2025-01-16,FC-East,SKU-HLTH-001,16,70.82,29.01,112.63,Holt_Winters,20250116
2025-01-16,FC-East,SKU-HLTH-001,16,70.82,29.01,112.63,Holt_Winters,20250116
2025-01-17,FC-East,SKU-HLTH-001,17,82.51,40.27,124.75,Holt_Winters,20250117
2025-01-17,FC-East,SKU-HLTH-001,17,82.51,40.27,124.75,Holt_Winters,20250117
2025-01-18,FC-East,SKU-HLTH-001,18,89.61,46.96,132.26,Holt_Winters,20250118
2025-01-18,FC-East,SKU-HLTH-001,18,89.61,46.96,132.26,Holt_Winters,20250118
2025-01-19,FC-East,SKU-HLTH-001,19,86.64,43.56,129.72,Holt_Winters,20250119
2025-01-19,FC-East,SKU-HLTH-001,19,86.64,43.56,129.72,Holt_Winters,20250119
2025-01-20,FC-East,SKU-HLTH-001,20,67.31,23.82,110.8,Holt_Winters,20250120
2025-01-20,FC-East,SKU-HLTH-001,20,67.31,23.82,110.8,Holt_Winters,20250120
2025-01-21,FC-East,SKU-HLTH-001,21,65.23,21.33,109.13,Holt_Winters,20250121
2025-01-21,FC-East,SKU-HLTH-001,21,65.23,21.33,109.13,Holt_Winters,20250121
2025-01-22,FC-East,SKU-HLTH-001,22,71.56,27.24,115.88,Holt_Winters,20250122
2025-01-22,FC-East,SKU-HLTH-001,22,71.56,27.24,115.88,Holt_Winters,20250122
2025-01-23,FC-East,SKU-HLTH-001,23,70.88,26.15,115.61,Holt_Winters,20250123
2025-01-23,FC-East,SKU-HLTH-001,23,70.88,26.15,115.61,Holt_Winters,20250123
2025-01-24,FC-East,SKU-HLTH-001,24,82.57,37.45,127.69,Holt_Winters,20250124
2025-01-24,FC-East,SKU-HLTH-001,24,82.57,37.45,127.69,Holt_Winters,20250124
2025-01-25,FC-East,SKU-HLTH-001,25,89.67,44.14,135.2,Holt_Winters,20250125
2025-01-25,FC-East,SKU-HLTH-001,25,89.67,44.14,135.2,Holt_Winters,20250125
2025-01-26,FC-East,SKU-HLTH-001,26,86.7,40.78,132.62,Holt_Winters,20250126
2025-01-26,FC-East,SKU-HLTH-001,26,86.7,40.78,132.62,Holt_Winters,20250126
2025-01-27,FC-East,SKU-HLTH-001,27,67.36,21.05,113.67,Holt_Winters,20250127
2025-01-27,FC-East,SKU-HLTH-001,27,67.36,21.05,113.67,Holt_Winters,20250127
2025-01-28,FC-East,SKU-HLTH-001,28,65.29,18.58,112.0,Holt_Winters,20250128
2025-01-28,FC-East,SKU-HLTH-001,28,65.29,18.58,112.0,Holt_Winters,20250128
2025-01-01,FC-East,SKU-HLTH-002,1,41.17,6.46,75.88,Holt_Winters,20250101
2025-01-01,FC-East,SKU-HLTH-002,1,41.17,6.46,75.88,Holt_Winters,20250101
2025-01-02,FC-East,SKU-HLTH-002,2,42.26,7.04,77.48,Holt_Winters,20250102
2025-01-02,FC-East,SKU-HLTH-002,2,42.26,7.04,77.48,Holt_Winters,20250102
2025-01-03,FC-East,SKU-HLTH-002,3,58.8,23.07,94.53,Holt_Winters,20250103
2025-01-03,FC-East,SKU-HLTH-002,3,58.8,23.07,94.53,Holt_Winters,20250103
2025-01-04,FC-East,SKU-HLTH-002,4,65.23,28.99,101.47,Holt_Winters,20250104
2025-01-04,FC-East,SKU-HLTH-002,4,65.23,28.99,101.47,Holt_Winters,20250104
2025-01-05,FC-East,SKU-HLTH-002,5,52.5,15.77,89.23,Holt_Winters,20250105
2025-01-05,FC-East,SKU-HLTH-002,5,52.5,15.77,89.23,Holt_Winters,20250105
2025-01-06,FC-East,SKU-HLTH-002,6,44.18,6.96,81.4,Holt_Winters,20250106
2025-01-06,FC-East,SKU-HLTH-002,6,44.18,6.96,81.4,Holt_Winters,20250106
2025-01-07,FC-East,SKU-HLTH-002,7,40.58,2.87,78.29,Holt_Winters,20250107
2025-01-07,FC-East,SKU-HLTH-002,7,40.58,2.87,78.29,Holt_Winters,20250107
2025-01-08,FC-East,SKU-HLTH-002,8,41.33,3.15,79.51,Holt_Winters,20250108
2025-01-08,FC-East,SKU-HLTH-002,8,41.33,3.15,79.51,Holt_Winters,20250108
2025-01-09,FC-East,SKU-HLTH-002,9,42.42,3.77,81.07,Holt_Winters,20250109
2025-01-09,FC-East,SKU-HLTH-002,9,42.42,3.77,81.07,Holt_Winters,20250109
2025-01-10,FC-East,SKU-HLTH-002,10,58.95,19.83,98.07,Holt_Winters,20250110
2025-01-10,FC-East,SKU-HLTH-002,10,58.95,19.83,98.07,Holt_Winters,20250110
2025-01-11,FC-East,SKU-HLTH-002,11,65.39,25.82,104.96,Holt_Winters,20250111
2025-01-11,FC-East,SKU-HLTH-002,11,65.39,25.82,104.96,Holt_Winters,20250111
2025-01-12,FC-East,SKU-HLTH-002,12,52.66,12.64,92.68,Holt_Winters,20250112
2025-01-12,FC-East,SKU-HLTH-002,12,52.66,12.64,92.68,Holt_Winters,20250112
2025-01-13,FC-East,SKU-HLTH-002,13,44.34,3.87,84.81,Holt_Winters,20250113
2025-01-13,FC-East,SKU-HLTH-002,13,44.34,3.87,84.81,Holt_Winters,20250113
2025-01-14,FC-East,SKU-HLTH-002,14,40.73,0.0,81.65,Holt_Winters,20250114
2025-01-14,FC-East,SKU-HLTH-002,14,40.73,0.0,81.65,Holt_Winters,20250114
2025-01-15,FC-East,SKU-HLTH-002,15,41.48,0.12,82.84,Holt_Winters,20250115
2025-01-15,FC-East,SKU-HLTH-002,15,41.48,0.12,82.84,Holt_Winters,20250115
2025-01-16,FC-East,SKU-HLTH-002,16,42.57,0.76,84.38,Holt_Winters,20250116
2025-01-16,FC-East,SKU-HLTH-002,16,42.57,0.76,84.38,Holt_Winters,20250116
2025-01-17,FC-East,SKU-HLTH-002,17,59.11,16.87,101.35,Holt_Winters,20250117
2025-01-17,FC-East,SKU-HLTH-002,17,59.11,16.87,101.35,Holt_Winters,20250117
2025-01-18,FC-East,SKU-HLTH-002,18,65.54,22.89,108.19,Holt_Winters,20250118
2025-01-18,FC-East,SKU-HLTH-002,18,65.54,22.89,108.19,Holt_Winters,20250118
2025-01-19,FC-East,SKU-HLTH-002,19,52.81,9.73,95.89,Holt_Winters,20250119
2025-01-19,FC-East,SKU-HLTH-002,19,52.81,9.73,95.89,Holt_Winters,20250119
2025-01-20,FC-East,SKU-HLTH-002,20,44.49,1.0,87.98,Holt_Winters,20250120
2025-01-20,FC-East,SKU-HLTH-002,20,44.49,1.0,87.98,Holt_Winters,20250120
2025-01-21,FC-East,SKU-HLTH-002,21,40.89,0.0,84.79,Holt_Winters,20250121
2025-01-21,FC-East,SKU-HLTH-002,21,40.89,0.0,84.79,Holt_Winters,20250121
2025-01-22,FC-East,SKU-HLTH-002,22,41.63,0.0,85.95,Holt_Winters,20250122
2025-01-22,FC-East,SKU-HLTH-002,22,41.63,0.0,85.95,Holt_Winters,20250122
2025-01-23,FC-East,SKU-HLTH-002,23,42.72,0.0,87.45,Holt_Winters,20250123
2025-01-23,FC-East,SKU-HLTH-002,23,42.72,0.0,87.45,Holt_Winters,20250123
2025-01-24,FC-East,SKU-HLTH-002,24,59.26,14.14,104.38,Holt_Winters,20250124
2025-01-24,FC-East,SKU-HLTH-002,24,59.26,14.14,104.38,Holt_Winters,20250124
2025-01-25,FC-East,SKU-HLTH-002,25,65.69,20.16,111.22,Holt_Winters,20250125
2025-01-25,FC-East,SKU-HLTH-002,25,65.69,20.16,111.22,Holt_Winters,20250125
2025-01-26,FC-East,SKU-HLTH-002,26,52.96,7.04,98.88,Holt_Winters,20250126
2025-01-26,FC-East,SKU-HLTH-002,26,52.96,7.04,98.88,Holt_Winters,20250126
2025-01-27,FC-East,SKU-HLTH-002,27,44.64,0.0,90.95,Holt_Winters,20250127
2025-01-27,FC-East,SKU-HLTH-002,27,44.64,0.0,90.95,Holt_Winters,20250127
2025-01-28,FC-East,SKU-HLTH-002,28,41.04,0.0,87.75,Holt_Winters,20250128
2025-01-28,FC-East,SKU-HLTH-002,28,41.04,0.0,87.75,Holt_Winters,20250128
2025-01-01,FC-East,SKU-HLTH-003,1,53.48,18.77,88.19,Holt_Winters,20250101
2025-01-01,FC-East,SKU-HLTH-003,1,53.48,18.77,88.19,Holt_Winters,20250101
2025-01-02,FC-East,SKU-HLTH-003,2,55.66,20.44,90.88,Holt_Winters,20250102
2025-01-02,FC-East,SKU-HLTH-003,2,55.66,20.44,90.88,Holt_Winters,20250102
2025-01-03,FC-East,SKU-HLTH-003,3,61.6,25.87,97.33,Holt_Winters,20250103
2025-01-03,FC-East,SKU-HLTH-003,3,61.6,25.87,97.33,Holt_Winters,20250103
2025-01-04,FC-East,SKU-HLTH-003,4,67.87,31.63,104.11,Holt_Winters,20250104
2025-01-04,FC-East,SKU-HLTH-003,4,67.87,31.63,104.11,Holt_Winters,20250104
2025-01-05,FC-East,SKU-HLTH-003,5,66.88,30.15,103.61,Holt_Winters,20250105
2025-01-05,FC-East,SKU-HLTH-003,5,66.88,30.15,103.61,Holt_Winters,20250105
2025-01-06,FC-East,SKU-HLTH-003,6,50.26,13.04,87.48,Holt_Winters,20250106
2025-01-06,FC-East,SKU-HLTH-003,6,50.26,13.04,87.48,Holt_Winters,20250106
2025-01-07,FC-East,SKU-HLTH-003,7,52.71,15.0,90.42,Holt_Winters,20250107
2025-01-07,FC-East,SKU-HLTH-003,7,52.71,15.0,90.42,Holt_Winters,20250107
2025-01-08,FC-East,SKU-HLTH-003,8,53.67,15.49,91.85,Holt_Winters,20250108
2025-01-08,FC-East,SKU-HLTH-003,8,53.67,15.49,91.85,Holt_Winters,20250108
2025-01-09,FC-East,SKU-HLTH-003,9,55.86,17.21,94.51,Holt_Winters,20250109
2025-01-09,FC-East,SKU-HLTH-003,9,55.86,17.21,94.51,Holt_Winters,20250109
2025-01-10,FC-East,SKU-HLTH-003,10,61.79,22.67,100.91,Holt_Winters,20250110
2025-01-10,FC-East,SKU-HLTH-003,10,61.79,22.67,100.91,Holt_Winters,20250110
2025-01-11,FC-East,SKU-HLTH-003,11,68.07,28.5,107.64,Holt_Winters,20250111
2025-01-11,FC-East,SKU-HLTH-003,11,68.07,28.5,107.64,Holt_Winters,20250111
2025-01-12,FC-East,SKU-HLTH-003,12,67.07,27.05,107.09,Holt_Winters,20250112
2025-01-12,FC-East,SKU-HLTH-003,12,67.07,27.05,107.09,Holt_Winters,20250112
2025-01-13,FC-East,SKU-HLTH-003,13,50.46,9.99,90.93,Holt_Winters,20250113
2025-01-13,FC-East,SKU-HLTH-003,13,50.46,9.99,90.93,Holt_Winters,20250113
2025-01-14,FC-East,SKU-HLTH-003,14,52.9,11.98,93.82,Holt_Winters,20250114
2025-01-14,FC-East,SKU-HLTH-003,14,52.9,11.98,93.82,Holt_Winters,20250114
2025-01-15,FC-East,SKU-HLTH-003,15,53.87,12.51,95.23,Holt_Winters,20250115
2025-01-15,FC-East,SKU-HLTH-003,15,53.87,12.51,95.23,Holt_Winters,20250115
2025-01-16,FC-East,SKU-HLTH-003,16,56.05,14.24,97.86,Holt_Winters,20250116
2025-01-16,FC-East,SKU-HLTH-003,16,56.05,14.24,97.86,Holt_Winters,20250116
2025-01-17,FC-East,SKU-HLTH-003,17,61.99,19.75,104.23,Holt_Winters,20250117
2025-01-17,FC-East,SKU-HLTH-003,17,61.99,19.75,104.23,Holt_Winters,20250117
2025-01-18,FC-East,SKU-HLTH-003,18,68.26,25.61,110.91,Holt_Winters,20250118
2025-01-18,FC-East,SKU-HLTH-003,18,68.26,25.61,110.91,Holt_Winters,20250118
2025-01-19,FC-East,SKU-HLTH-003,19,67.27,24.19,110.35,Holt_Winters,20250119
2025-01-19,FC-East,SKU-HLTH-003,19,67.27,24.19,110.35,Holt_Winters,20250119
2025-01-20,FC-East,SKU-HLTH-003,20,50.65,7.16,94.14,Holt_Winters,20250120
2025-01-20,FC-East,SKU-HLTH-003,20,50.65,7.16,94.14,Holt_Winters,20250120
2025-01-21,FC-East,SKU-HLTH-003,21,53.1,9.2,97.0,Holt_Winters,20250121
2025-01-21,FC-East,SKU-HLTH-003,21,53.1,9.2,97.0,Holt_Winters,20250121
2025-01-22,FC-East,SKU-HLTH-003,22,54.07,9.75,98.39,Holt_Winters,20250122
2025-01-22,FC-East,SKU-HLTH-003,22,54.07,9.75,98.39,Holt_Winters,20250122
2025-01-23,FC-East,SKU-HLTH-003,23,56.25,11.52,100.98,Holt_Winters,20250123
2025-01-23,FC-East,SKU-HLTH-003,23,56.25,11.52,100.98,Holt_Winters,20250123
2025-01-24,FC-East,SKU-HLTH-003,24,62.18,17.06,107.3,Holt_Winters,20250124
2025-01-24,FC-East,SKU-HLTH-003,24,62.18,17.06,107.3,Holt_Winters,20250124
2025-01-25,FC-East,SKU-HLTH-003,25,68.46,22.93,113.99,Holt_Winters,20250125
2025-01-25,FC-East,SKU-HLTH-003,25,68.46,22.93,113.99,Holt_Winters,20250125
2025-01-26,FC-East,SKU-HLTH-003,26,67.47,21.55,113.39,Holt_Winters,20250126
2025-01-26,FC-East,SKU-HLTH-003,26,67.47,21.55,113.39,Holt_Winters,20250126
2025-01-27,FC-East,SKU-HLTH-003,27,50.85,4.54,97.16,Holt_Winters,20250127
2025-01-27,FC-East,SKU-HLTH-003,27,50.85,4.54,97.16,Holt_Winters,20250127
2025-01-28,FC-East,SKU-HLTH-003,28,53.3,6.59,100.01,Holt_Winters,20250128
2025-01-28,FC-East,SKU-HLTH-003,28,53.3,6.59,100.01,Holt_Winters,20250128
2025-01-01,FC-East,SKU-HLTH-004,1,42.54,7.83,77.25,Holt_Winters,20250101
2025-01-01,FC-East,SKU-HLTH-004,1,42.54,7.83,77.25,Holt_Winters,20250101
2025-01-02,FC-East,SKU-HLTH-004,2,43.48,8.26,78.7,Holt_Winters,20250102
2025-01-02,FC-East,SKU-HLTH-004,2,43.48,8.26,78.7,Holt_Winters,20250102
2025-01-03,FC-East,SKU-HLTH-004,3,47.05,11.32,82.78,Holt_Winters,20250103
2025-01-03,FC-East,SKU-HLTH-004,3,47.05,11.32,82.78,Holt_Winters,20250103
2025-01-04,FC-East,SKU-HLTH-004,4,56.22,19.98,92.46,Holt_Winters,20250104
2025-01-04,FC-East,SKU-HLTH-004,4,56.22,19.98,92.46,Holt_Winters,20250104
2025-01-05,FC-East,SKU-HLTH-004,5,50.48,13.75,87.21,Holt_Winters,20250105
2025-01-05,FC-East,SKU-HLTH-004,5,50.48,13.75,87.21,Holt_Winters,20250105
2025-01-06,FC-East,SKU-HLTH-004,6,38.8,1.58,76.02,Holt_Winters,20250106
2025-01-06,FC-East,SKU-HLTH-004,6,38.8,1.58,76.02,Holt_Winters,20250106
2025-01-07,FC-East,SKU-HLTH-004,7,39.77,2.06,77.48,Holt_Winters,20250107
2025-01-07,FC-East,SKU-HLTH-004,7,39.77,2.06,77.48,Holt_Winters,20250107
2025-01-08,FC-East,SKU-HLTH-004,8,42.55,4.37,80.73,Holt_Winters,20250108
2025-01-08,FC-East,SKU-HLTH-004,8,42.55,4.37,80.73,Holt_Winters,20250108
2025-01-09,FC-East,SKU-HLTH-004,9,43.49,4.84,82.14,Holt_Winters,20250109
2025-01-09,FC-East,SKU-HLTH-004,9,43.49,4.84,82.14,Holt_Winters,20250109
2025-01-10,FC-East,SKU-HLTH-004,10,47.06,7.94,86.18,Holt_Winters,20250110
2025-01-10,FC-East,SKU-HLTH-004,10,47.06,7.94,86.18,Holt_Winters,20250110
2025-01-11,FC-East,SKU-HLTH-004,11,56.23,16.66,95.8,Holt_Winters,20250111
2025-01-11,FC-East,SKU-HLTH-004,11,56.23,16.66,95.8,Holt_Winters,20250111
2025-01-12,FC-East,SKU-HLTH-004,12,50.49,10.47,90.51,Holt_Winters,20250112
2025-01-12,FC-East,SKU-HLTH-004,12,50.49,10.47,90.51,Holt_Winters,20250112
2025-01-13,FC-East,SKU-HLTH-004,13,38.81,0.0,79.28,Holt_Winters,20250113
2025-01-13,FC-East,SKU-HLTH-004,13,38.81,0.0,79.28,Holt_Winters,20250113
2025-01-14,FC-East,SKU-HLTH-004,14,39.77,0.0,80.69,Holt_Winters,20250114
2025-01-14,FC-East,SKU-HLTH-004,14,39.77,0.0,80.69,Holt_Winters,20250114
2025-01-15,FC-East,SKU-HLTH-004,15,42.55,1.19,83.91,Holt_Winters,20250115
2025-01-15,FC-East,SKU-HLTH-004,15,42.55,1.19,83.91,Holt_Winters,20250115
2025-01-16,FC-East,SKU-HLTH-004,16,43.5,1.69,85.31,Holt_Winters,20250116
2025-01-16,FC-East,SKU-HLTH-004,16,43.5,1.69,85.31,Holt_Winters,20250116
2025-01-17,FC-East,SKU-HLTH-004,17,47.06,4.82,89.3,Holt_Winters,20250117
2025-01-17,FC-East,SKU-HLTH-004,17,47.06,4.82,89.3,Holt_Winters,20250117
2025-01-18,FC-East,SKU-HLTH-004,18,56.23,13.58,98.88,Holt_Winters,20250118
2025-01-18,FC-East,SKU-HLTH-004,18,56.23,13.58,98.88,Holt_Winters,20250118
2025-01-19,FC-East,SKU-HLTH-004,19,50.5,7.42,93.58,Holt_Winters,20250119
2025-01-19,FC-East,SKU-HLTH-004,19,50.5,7.42,93.58,Holt_Winters,20250119
2025-01-20,FC-East,SKU-HLTH-004,20,38.82,0.0,82.31,Holt_Winters,20250120
2025-01-20,FC-East,SKU-HLTH-004,20,38.82,0.0,82.31,Holt_Winters,20250120
2025-01-21,FC-East,SKU-HLTH-004,21,39.78,0.0,83.68,Holt_Winters,20250121
2025-01-21,FC-East,SKU-HLTH-004,21,39.78,0.0,83.68,Holt_Winters,20250121
2025-01-22,FC-East,SKU-HLTH-004,22,42.56,0.0,86.88,Holt_Winters,20250122
2025-01-22,FC-East,SKU-HLTH-004,22,42.56,0.0,86.88,Holt_Winters,20250122
2025-01-23,FC-East,SKU-HLTH-004,23,43.5,0.0,88.23,Holt_Winters,20250123
2025-01-23,FC-East,SKU-HLTH-004,23,43.5,0.0,88.23,Holt_Winters,20250123
2025-01-24,FC-East,SKU-HLTH-004,24,47.07,1.95,92.19,Holt_Winters,20250124
2025-01-24,FC-East,SKU-HLTH-004,24,47.07,1.95,92.19,Holt_Winters,20250124
2025-01-25,FC-East,SKU-HLTH-004,25,56.24,10.71,101.77,Holt_Winters,20250125
2025-01-25,FC-East,SKU-HLTH-004,25,56.24,10.71,101.77,Holt_Winters,20250125
2025-01-26,FC-East,SKU-HLTH-004,26,50.5,4.58,96.42,Holt_Winters,20250126
2025-01-26,FC-East,SKU-HLTH-004,26,50.5,4.58,96.42,Holt_Winters,20250126
2025-01-27,FC-East,SKU-HLTH-004,27,38.82,0.0,85.13,Holt_Winters,20250127
2025-01-27,FC-East,SKU-HLTH-004,27,38.82,0.0,85.13,Holt_Winters,20250127
2025-01-28,FC-East,SKU-HLTH-004,28,39.79,0.0,86.5,Holt_Winters,20250128
2025-01-28,FC-East,SKU-HLTH-004,28,39.79,0.0,86.5,Holt_Winters,20250128
2025-01-01,FC-East,SKU-HLTH-005,1,68.36,33.65,103.07,Holt_Winters,20250101
2025-01-01,FC-East,SKU-HLTH-005,1,68.36,33.65,103.07,Holt_Winters,20250101
2025-01-02,FC-East,SKU-HLTH-005,2,67.25,32.03,102.47,Holt_Winters,20250102
2025-01-02,FC-East,SKU-HLTH-005,2,67.25,32.03,102.47,Holt_Winters,20250102
2025-01-03,FC-East,SKU-HLTH-005,3,73.58,37.85,109.31,Holt_Winters,20250103
2025-01-03,FC-East,SKU-HLTH-005,3,73.58,37.85,109.31,Holt_Winters,20250103
2025-01-04,FC-East,SKU-HLTH-005,4,76.39,40.15,112.63,Holt_Winters,20250104
2025-01-04,FC-East,SKU-HLTH-005,4,76.39,40.15,112.63,Holt_Winters,20250104
2025-01-05,FC-East,SKU-HLTH-005,5,74.34,37.61,111.07,Holt_Winters,20250105
2025-01-05,FC-East,SKU-HLTH-005,5,74.34,37.61,111.07,Holt_Winters,20250105
2025-01-06,FC-East,SKU-HLTH-005,6,60.15,22.93,97.37,Holt_Winters,20250106
2025-01-06,FC-East,SKU-HLTH-005,6,60.15,22.93,97.37,Holt_Winters,20250106
2025-01-07,FC-East,SKU-HLTH-005,7,64.49,26.78,102.2,Holt_Winters,20250107
2025-01-07,FC-East,SKU-HLTH-005,7,64.49,26.78,102.2,Holt_Winters,20250107
2025-01-08,FC-East,SKU-HLTH-005,8,68.25,30.07,106.43,Holt_Winters,20250108
2025-01-08,FC-East,SKU-HLTH-005,8,68.25,30.07,106.43,Holt_Winters,20250108
2025-01-09,FC-East,SKU-HLTH-005,9,67.14,28.49,105.79,Holt_Winters,20250109
2025-01-09,FC-East,SKU-HLTH-005,9,67.14,28.49,105.79,Holt_Winters,20250109
2025-01-10,FC-East,SKU-HLTH-005,10,73.48,34.36,112.6,Holt_Winters,20250110
2025-01-10,FC-East,SKU-HLTH-005,10,73.48,34.36,112.6,Holt_Winters,20250110
2025-01-11,FC-East,SKU-HLTH-005,11,76.28,36.71,115.85,Holt_Winters,20250111
2025-01-11,FC-East,SKU-HLTH-005,11,76.28,36.71,115.85,Holt_Winters,20250111
2025-01-12,FC-East,SKU-HLTH-005,12,74.23,34.21,114.25,Holt_Winters,20250112
2025-01-12,FC-East,SKU-HLTH-005,12,74.23,34.21,114.25,Holt_Winters,20250112
2025-01-13,FC-East,SKU-HLTH-005,13,60.04,19.57,100.51,Holt_Winters,20250113
2025-01-13,FC-East,SKU-HLTH-005,13,60.04,19.57,100.51,Holt_Winters,20250113
2025-01-14,FC-East,SKU-HLTH-005,14,64.39,23.47,105.31,Holt_Winters,20250114
2025-01-14,FC-East,SKU-HLTH-005,14,64.39,23.47,105.31,Holt_Winters,20250114
2025-01-15,FC-East,SKU-HLTH-005,15,68.15,26.79,109.51,Holt_Winters,20250115
2025-01-15,FC-East,SKU-HLTH-005,15,68.15,26.79,109.51,Holt_Winters,20250115
2025-01-16,FC-East,SKU-HLTH-005,16,67.04,25.23,108.85,Holt_Winters,20250116
2025-01-16,FC-East,SKU-HLTH-005,16,67.04,25.23,108.85,Holt_Winters,20250116
2025-01-17,FC-East,SKU-HLTH-005,17,73.37,31.13,115.61,Holt_Winters,20250117
2025-01-17,FC-East,SKU-HLTH-005,17,73.37,31.13,115.61,Holt_Winters,20250117
2025-01-18,FC-East,SKU-HLTH-005,18,76.18,33.53,118.83,Holt_Winters,20250118
2025-01-18,FC-East,SKU-HLTH-005,18,76.18,33.53,118.83,Holt_Winters,20250118
2025-01-19,FC-East,SKU-HLTH-005,19,74.13,31.05,117.21,Holt_Winters,20250119
2025-01-19,FC-East,SKU-HLTH-005,19,74.13,31.05,117.21,Holt_Winters,20250119
2025-01-20,FC-East,SKU-HLTH-005,20,59.94,16.45,103.43,Holt_Winters,20250120
2025-01-20,FC-East,SKU-HLTH-005,20,59.94,16.45,103.43,Holt_Winters,20250120
2025-01-21,FC-East,SKU-HLTH-005,21,64.28,20.38,108.18,Holt_Winters,20250121
2025-01-21,FC-East,SKU-HLTH-005,21,64.28,20.38,108.18,Holt_Winters,20250121
2025-01-22,FC-East,SKU-HLTH-005,22,68.04,23.72,112.36,Holt_Winters,20250122
2025-01-22,FC-East,SKU-HLTH-005,22,68.04,23.72,112.36,Holt_Winters,20250122
2025-01-23,FC-East,SKU-HLTH-005,23,66.93,22.2,111.66,Holt_Winters,20250123
2025-01-23,FC-East,SKU-HLTH-005,23,66.93,22.2,111.66,Holt_Winters,20250123
2025-01-24,FC-East,SKU-HLTH-005,24,73.27,28.15,118.39,Holt_Winters,20250124
2025-01-24,FC-East,SKU-HLTH-005,24,73.27,28.15,118.39,Holt_Winters,20250124
2025-01-25,FC-East,SKU-HLTH-005,25,76.07,30.54,121.6,Holt_Winters,20250125
2025-01-25,FC-East,SKU-HLTH-005,25,76.07,30.54,121.6,Holt_Winters,20250125
2025-01-26,FC-East,SKU-HLTH-005,26,74.02,28.1,119.94,Holt_Winters,20250126
2025-01-26,FC-East,SKU-HLTH-005,26,74.02,28.1,119.94,Holt_Winters,20250126
2025-01-27,FC-East,SKU-HLTH-005,27,59.83,13.52,106.14,Holt_Winters,20250127
2025-01-27,FC-East,SKU-HLTH-005,27,59.83,13.52,106.14,Holt_Winters,20250127
2025-01-28,FC-East,SKU-HLTH-005,28,64.18,17.47,110.89,Holt_Winters,20250128
2025-01-28,FC-East,SKU-HLTH-005,28,64.18,17.47,110.89,Holt_Winters,20250128
2025-01-01,FC-East,SKU-HLTH-006,1,33.97,0.0,68.68,Holt_Winters,20250101
2025-01-01,FC-East,SKU-HLTH-006,1,33.97,0.0,68.68,Holt_Winters,20250101
2025-01-02,FC-East,SKU-HLTH-006,2,36.7,1.48,71.92,Holt_Winters,20250102
2025-01-02,FC-East,SKU-HLTH-006,2,36.7,1.48,71.92,Holt_Winters,20250102
2025-01-03,FC-East,SKU-HLTH-006,3,40.7,4.97,76.43,Holt_Winters,20250103
2025-01-03,FC-East,SKU-HLTH-006,3,40.7,4.97,76.43,Holt_Winters,20250103
2025-01-04,FC-East,SKU-HLTH-006,4,45.35,9.11,81.59,Holt_Winters,20250104
2025-01-04,FC-East,SKU-HLTH-006,4,45.35,9.11,81.59,Holt_Winters,20250104
2025-01-05,FC-East,SKU-HLTH-006,5,43.42,6.69,80.15,Holt_Winters,20250105
2025-01-05,FC-East,SKU-HLTH-006,5,43.42,6.69,80.15,Holt_Winters,20250105
2025-01-06,FC-East,SKU-HLTH-006,6,35.34,0.0,72.56,Holt_Winters,20250106
2025-01-06,FC-East,SKU-HLTH-006,6,35.34,0.0,72.56,Holt_Winters,20250106
2025-01-07,FC-East,SKU-HLTH-006,7,34.42,0.0,72.13,Holt_Winters,20250107
2025-01-07,FC-East,SKU-HLTH-006,7,34.42,0.0,72.13,Holt_Winters,20250107
2025-01-08,FC-East,SKU-HLTH-006,8,34.08,0.0,72.26,Holt_Winters,20250108
2025-01-08,FC-East,SKU-HLTH-006,8,34.08,0.0,72.26,Holt_Winters,20250108
2025-01-09,FC-East,SKU-HLTH-006,9,36.81,0.0,75.46,Holt_Winters,20250109
2025-01-09,FC-East,SKU-HLTH-006,9,36.81,0.0,75.46,Holt_Winters,20250109
2025-01-10,FC-East,SKU-HLTH-006,10,40.81,1.69,79.93,Holt_Winters,20250110
2025-01-10,FC-East,SKU-HLTH-006,10,40.81,1.69,79.93,Holt_Winters,20250110
2025-01-11,FC-East,SKU-HLTH-006,11,45.46,5.89,85.03,Holt_Winters,20250111
2025-01-11,FC-East,SKU-HLTH-006,11,45.46,5.89,85.03,Holt_Winters,20250111
2025-01-12,FC-East,SKU-HLTH-006,12,43.53,3.51,83.55,Holt_Winters,20250112
2025-01-12,FC-East,SKU-HLTH-006,12,43.53,3.51,83.55,Holt_Winters,20250112
2025-01-13,FC-East,SKU-HLTH-006,13,35.44,0.0,75.91,Holt_Winters,20250113
2025-01-13,FC-East,SKU-HLTH-006,13,35.44,0.0,75.91,Holt_Winters,20250113
2025-01-14,FC-East,SKU-HLTH-006,14,34.53,0.0,75.45,Holt_Winters,20250114
2025-01-14,FC-East,SKU-HLTH-006,14,34.53,0.0,75.45,Holt_Winters,20250114
2025-01-15,FC-East,SKU-HLTH-006,15,34.19,0.0,75.55,Holt_Winters,20250115
2025-01-15,FC-East,SKU-HLTH-006,15,34.19,0.0,75.55,Holt_Winters,20250115
2025-01-16,FC-East,SKU-HLTH-006,16,36.92,0.0,78.73,Holt_Winters,20250116
2025-01-16,FC-East,SKU-HLTH-006,16,36.92,0.0,78.73,Holt_Winters,20250116
2025-01-17,FC-East,SKU-HLTH-006,17,40.92,0.0,83.16,Holt_Winters,20250117
2025-01-17,FC-East,SKU-HLTH-006,17,40.92,0.0,83.16,Holt_Winters,20250117
2025-01-18,FC-East,SKU-HLTH-006,18,45.57,2.92,88.22,Holt_Winters,20250118
2025-01-18,FC-East,SKU-HLTH-006,18,45.57,2.92,88.22,Holt_Winters,20250118
2025-01-19,FC-East,SKU-HLTH-006,19,43.64,0.56,86.72,Holt_Winters,20250119
2025-01-19,FC-East,SKU-HLTH-006,19,43.64,0.56,86.72,Holt_Winters,20250119
2025-01-20,FC-East,SKU-HLTH-006,20,35.55,0.0,79.04,Holt_Winters,20250120
2025-01-20,FC-East,SKU-HLTH-006,20,35.55,0.0,79.04,Holt_Winters,20250120
2025-01-21,FC-East,SKU-HLTH-006,21,34.64,0.0,78.54,Holt_Winters,20250121
2025-01-21,FC-East,SKU-HLTH-006,21,34.64,0.0,78.54,Holt_Winters,20250121
2025-01-22,FC-East,SKU-HLTH-006,22,34.3,0.0,78.62,Holt_Winters,20250122
2025-01-22,FC-East,SKU-HLTH-006,22,34.3,0.0,78.62,Holt_Winters,20250122
2025-01-23,FC-East,SKU-HLTH-006,23,37.02,0.0,81.75,Holt_Winters,20250123
2025-01-23,FC-East,SKU-HLTH-006,23,37.02,0.0,81.75,Holt_Winters,20250123
2025-01-24,FC-East,SKU-HLTH-006,24,41.02,0.0,86.14,Holt_Winters,20250124
2025-01-24,FC-East,SKU-HLTH-006,24,41.02,0.0,86.14,Holt_Winters,20250124
2025-01-25,FC-East,SKU-HLTH-006,25,45.68,0.15,91.21,Holt_Winters,20250125
2025-01-25,FC-East,SKU-HLTH-006,25,45.68,0.15,91.21,Holt_Winters,20250125
2025-01-26,FC-East,SKU-HLTH-006,26,43.75,0.0,89.67,Holt_Winters,20250126
2025-01-26,FC-East,SKU-HLTH-006,26,43.75,0.0,89.67,Holt_Winters,20250126
2025-01-27,FC-East,SKU-HLTH-006,27,35.66,0.0,81.97,Holt_Winters,20250127
2025-01-27,FC-East,SKU-HLTH-006,27,35.66,0.0,81.97,Holt_Winters,20250127
2025-01-28,FC-East,SKU-HLTH-006,28,34.75,0.0,81.46,Holt_Winters,20250128
2025-01-28,FC-East,SKU-HLTH-006,28,34.75,0.0,81.46,Holt_Winters,20250128
2025-01-01,FC-East,SKU-HLTH-007,1,10.79,0.0,45.5,Holt_Winters,20250101
2025-01-01,FC-East,SKU-HLTH-007,1,10.79,0.0,45.5,Holt_Winters,20250101
2025-01-02,FC-East,SKU-HLTH-007,2,10.36,0.0,45.58,Holt_Winters,20250102
2025-01-02,FC-East,SKU-HLTH-007,2,10.36,0.0,45.58,Holt_Winters,20250102
2025-01-03,FC-East,SKU-HLTH-007,3,11.67,0.0,47.4,Holt_Winters,20250103
2025-01-03,FC-East,SKU-HLTH-007,3,11.67,0.0,47.4,Holt_Winters,20250103
2025-01-04,FC-East,SKU-HLTH-007,4,14.16,0.0,50.4,Holt_Winters,20250104
2025-01-04,FC-East,SKU-HLTH-007,4,14.16,0.0,50.4,Holt_Winters,20250104
2025-01-05,FC-East,SKU-HLTH-007,5,13.48,0.0,50.21,Holt_Winters,20250105
2025-01-05,FC-East,SKU-HLTH-007,5,13.48,0.0,50.21,Holt_Winters,20250105
2025-01-06,FC-East,SKU-HLTH-007,6,10.21,0.0,47.43,Holt_Winters,20250106
2025-01-06,FC-East,SKU-HLTH-007,6,10.21,0.0,47.43,Holt_Winters,20250106
2025-01-07,FC-East,SKU-HLTH-007,7,9.23,0.0,46.94,Holt_Winters,20250107
2025-01-07,FC-East,SKU-HLTH-007,7,9.23,0.0,46.94,Holt_Winters,20250107
2025-01-08,FC-East,SKU-HLTH-007,8,10.73,0.0,48.91,Holt_Winters,20250108
2025-01-08,FC-East,SKU-HLTH-007,8,10.73,0.0,48.91,Holt_Winters,20250108
2025-01-09,FC-East,SKU-HLTH-007,9,10.3,0.0,48.95,Holt_Winters,20250109
2025-01-09,FC-East,SKU-HLTH-007,9,10.3,0.0,48.95,Holt_Winters,20250109
2025-01-10,FC-East,SKU-HLTH-007,10,11.61,0.0,50.73,Holt_Winters,20250110
2025-01-10,FC-East,SKU-HLTH-007,10,11.61,0.0,50.73,Holt_Winters,20250110
2025-01-11,FC-East,SKU-HLTH-007,11,14.1,0.0,53.67,Holt_Winters,20250111
2025-01-11,FC-East,SKU-HLTH-007,11,14.1,0.0,53.67,Holt_Winters,20250111
2025-01-12,FC-East,SKU-HLTH-007,12,13.42,0.0,53.44,Holt_Winters,20250112
2025-01-12,FC-East,SKU-HLTH-007,12,13.42,0.0,53.44,Holt_Winters,20250112
2025-01-13,FC-East,SKU-HLTH-007,13,10.15,0.0,50.62,Holt_Winters,20250113
2025-01-13,FC-East,SKU-HLTH-007,13,10.15,0.0,50.62,Holt_Winters,20250113
2025-01-14,FC-East,SKU-HLTH-007,14,9.17,0.0,50.09,Holt_Winters,20250114
2025-01-14,FC-East,SKU-HLTH-007,14,9.17,0.0,50.09,Holt_Winters,20250114
2025-01-15,FC-East,SKU-HLTH-007,15,10.67,0.0,52.03,Holt_Winters,20250115
2025-01-15,FC-East,SKU-HLTH-007,15,10.67,0.0,52.03,Holt_Winters,20250115
2025-01-16,FC-East,SKU-HLTH-007,16,10.24,0.0,52.05,Holt_Winters,20250116
2025-01-16,FC-East,SKU-HLTH-007,16,10.24,0.0,52.05,Holt_Winters,20250116
2025-01-17,FC-East,SKU-HLTH-007,17,11.55,0.0,53.79,Holt_Winters,20250117
2025-01-17,FC-East,SKU-HLTH-007,17,11.55,0.0,53.79,Holt_Winters,20250117
2025-01-18,FC-East,SKU-HLTH-007,18,14.04,0.0,56.69,Holt_Winters,20250118
2025-01-18,FC-East,SKU-HLTH-007,18,14.04,0.0,56.69,Holt_Winters,20250118
2025-01-19,FC-East,SKU-HLTH-007,19,13.36,0.0,56.44,Holt_Winters,20250119
2025-01-19,FC-East,SKU-HLTH-007,19,13.36,0.0,56.44,Holt_Winters,20250119
2025-01-20,FC-East,SKU-HLTH-007,20,10.08,0.0,53.57,Holt_Winters,20250120
2025-01-20,FC-East,SKU-HLTH-007,20,10.08,0.0,53.57,Holt_Winters,20250120
2025-01-21,FC-East,SKU-HLTH-007,21,9.11,0.0,53.01,Holt_Winters,20250121
2025-01-21,FC-East,SKU-HLTH-007,21,9.11,0.0,53.01,Holt_Winters,20250121
2025-01-22,FC-East,SKU-HLTH-007,22,10.61,0.0,54.93,Holt_Winters,20250122
2025-01-22,FC-East,SKU-HLTH-007,22,10.61,0.0,54.93,Holt_Winters,20250122
2025-01-23,FC-East,SKU-HLTH-007,23,10.18,0.0,54.91,Holt_Winters,20250123
2025-01-23,FC-East,SKU-HLTH-007,23,10.18,0.0,54.91,Holt_Winters,20250123
2025-01-24,FC-East,SKU-HLTH-007,24,11.49,0.0,56.61,Holt_Winters,20250124
2025-01-24,FC-East,SKU-HLTH-007,24,11.49,0.0,56.61,Holt_Winters,20250124
2025-01-25,FC-East,SKU-HLTH-007,25,13.98,0.0,59.51,Holt_Winters,20250125
2025-01-25,FC-East,SKU-HLTH-007,25,13.98,0.0,59.51,Holt_Winters,20250125
2025-01-26,FC-East,SKU-HLTH-007,26,13.3,0.0,59.22,Holt_Winters,20250126
2025-01-26,FC-East,SKU-HLTH-007,26,13.3,0.0,59.22,Holt_Winters,20250126
2025-01-27,FC-East,SKU-HLTH-007,27,10.02,0.0,56.33,Holt_Winters,20250127
2025-01-27,FC-East,SKU-HLTH-007,27,10.02,0.0,56.33,Holt_Winters,20250127
2025-01-28,FC-East,SKU-HLTH-007,28,9.05,0.0,55.76,Holt_Winters,20250128
2025-01-28,FC-East,SKU-HLTH-007,28,9.05,0.0,55.76,Holt_Winters,20250128
2025-01-01,FC-East,SKU-HLTH-008,1,50.15,15.44,84.86,Holt_Winters,20250101
2025-01-01,FC-East,SKU-HLTH-008,1,50.15,15.44,84.86,Holt_Winters,20250101
2025-01-02,FC-East,SKU-HLTH-008,2,50.76,15.54,85.98,Holt_Winters,20250102
2025-01-02,FC-East,SKU-HLTH-008,2,50.76,15.54,85.98,Holt_Winters,20250102
2025-01-03,FC-East,SKU-HLTH-008,3,57.66,21.93,93.39,Holt_Winters,20250103
2025-01-03,FC-East,SKU-HLTH-008,3,57.66,21.93,93.39,Holt_Winters,20250103
2025-01-04,FC-East,SKU-HLTH-008,4,60.55,24.31,96.79,Holt_Winters,20250104
2025-01-04,FC-East,SKU-HLTH-008,4,60.55,24.31,96.79,Holt_Winters,20250104
2025-01-05,FC-East,SKU-HLTH-008,5,61.34,24.61,98.07,Holt_Winters,20250105
2025-01-05,FC-East,SKU-HLTH-008,5,61.34,24.61,98.07,Holt_Winters,20250105
2025-01-06,FC-East,SKU-HLTH-008,6,48.54,11.32,85.76,Holt_Winters,20250106
2025-01-06,FC-East,SKU-HLTH-008,6,48.54,11.32,85.76,Holt_Winters,20250106
2025-01-07,FC-East,SKU-HLTH-008,7,49.0,11.29,86.71,Holt_Winters,20250107
2025-01-07,FC-East,SKU-HLTH-008,7,49.0,11.29,86.71,Holt_Winters,20250107
2025-01-08,FC-East,SKU-HLTH-008,8,50.45,12.27,88.63,Holt_Winters,20250108
2025-01-08,FC-East,SKU-HLTH-008,8,50.45,12.27,88.63,Holt_Winters,20250108
2025-01-09,FC-East,SKU-HLTH-008,9,51.07,12.42,89.72,Holt_Winters,20250109
2025-01-09,FC-East,SKU-HLTH-008,9,51.07,12.42,89.72,Holt_Winters,20250109
2025-01-10,FC-East,SKU-HLTH-008,10,57.96,18.84,97.08,Holt_Winters,20250110
2025-01-10,FC-East,SKU-HLTH-008,10,57.96,18.84,97.08,Holt_Winters,20250110
2025-01-11,FC-East,SKU-HLTH-008,11,60.85,21.28,100.42,Holt_Winters,20250111
2025-01-11,FC-East,SKU-HLTH-008,11,60.85,21.28,100.42,Holt_Winters,20250111
2025-01-12,FC-East,SKU-HLTH-008,12,61.64,21.62,101.66,Holt_Winters,20250112
2025-01-12,FC-East,SKU-HLTH-008,12,61.64,21.62,101.66,Holt_Winters,20250112
2025-01-13,FC-East,SKU-HLTH-008,13,48.84,8.37,89.31,Holt_Winters,20250113
2025-01-13,FC-East,SKU-HLTH-008,13,48.84,8.37,89.31,Holt_Winters,20250113
2025-01-14,FC-East,SKU-HLTH-008,14,49.3,8.38,90.22,Holt_Winters,20250114
2025-01-14,FC-East,SKU-HLTH-008,14,49.3,8.38,90.22,Holt_Winters,20250114
2025-01-15,FC-East,SKU-HLTH-008,15,50.75,9.39,92.11,Holt_Winters,20250115
2025-01-15,FC-East,SKU-HLTH-008,15,50.75,9.39,92.11,Holt_Winters,20250115
2025-01-16,FC-East,SKU-HLTH-008,16,51.37,9.56,93.18,Holt_Winters,20250116
2025-01-16,FC-East,SKU-HLTH-008,16,51.37,9.56,93.18,Holt_Winters,20250116
2025-01-17,FC-East,SKU-HLTH-008,17,58.26,16.02,100.5,Holt_Winters,20250117
2025-01-17,FC-East,SKU-HLTH-008,17,58.26,16.02,100.5,Holt_Winters,20250117
2025-01-18,FC-East,SKU-HLTH-008,18,61.16,18.51,103.81,Holt_Winters,20250118
2025-01-18,FC-East,SKU-HLTH-008,18,61.16,18.51,103.81,Holt_Winters,20250118
2025-01-19,FC-East,SKU-HLTH-008,19,61.94,18.86,105.02,Holt_Winters,20250119
2025-01-19,FC-East,SKU-HLTH-008,19,61.94,18.86,105.02,Holt_Winters,20250119
2025-01-20,FC-East,SKU-HLTH-008,20,49.14,5.65,92.63,Holt_Winters,20250120
2025-01-20,FC-East,SKU-HLTH-008,20,49.14,5.65,92.63,Holt_Winters,20250120
2025-01-21,FC-East,SKU-HLTH-008,21,49.6,5.7,93.5,Holt_Winters,20250121
2025-01-21,FC-East,SKU-HLTH-008,21,49.6,5.7,93.5,Holt_Winters,20250121
2025-01-22,FC-East,SKU-HLTH-008,22,51.06,6.74,95.38,Holt_Winters,20250122
2025-01-22,FC-East,SKU-HLTH-008,22,51.06,6.74,95.38,Holt_Winters,20250122
2025-01-23,FC-East,SKU-HLTH-008,23,51.67,6.94,96.4,Holt_Winters,20250123
2025-01-23,FC-East,SKU-HLTH-008,23,51.67,6.94,96.4,Holt_Winters,20250123
2025-01-24,FC-East,SKU-HLTH-008,24,58.57,13.45,103.69,Holt_Winters,20250124
2025-01-24,FC-East,SKU-HLTH-008,24,58.57,13.45,103.69,Holt_Winters,20250124
2025-01-25,FC-East,SKU-HLTH-008,25,61.46,15.93,106.99,Holt_Winters,20250125
2025-01-25,FC-East,SKU-HLTH-008,25,61.46,15.93,106.99,Holt_Winters,20250125
2025-01-26,FC-East,SKU-HLTH-008,26,62.25,16.33,108.17,Holt_Winters,20250126
2025-01-26,FC-East,SKU-HLTH-008,26,62.25,16.33,108.17,Holt_Winters,20250126
2025-01-27,FC-East,SKU-HLTH-008,27,49.45,3.14,95.76,Holt_Winters,20250127
2025-01-27,FC-East,SKU-HLTH-008,27,49.45,3.14,95.76,Holt_Winters,20250127
2025-01-28,FC-East,SKU-HLTH-008,28,49.91,3.2,96.62,Holt_Winters,20250128
2025-01-28,FC-East,SKU-HLTH-008,28,49.91,3.2,96.62,Holt_Winters,20250128
2025-01-01,FC-East,SKU-HLTH-009,1,2.21,0.0,36.92,Holt_Winters,20250101
2025-01-01,FC-East,SKU-HLTH-009,1,2.21,0.0,36.92,Holt_Winters,20250101
2025-01-02,FC-East,SKU-HLTH-009,2,2.58,0.0,37.8,Holt_Winters,20250102
2025-01-02,FC-East,SKU-HLTH-009,2,2.58,0.0,37.8,Holt_Winters,20250102
2025-01-03,FC-East,SKU-HLTH-009,3,2.01,0.0,37.74,Holt_Winters,20250103
2025-01-03,FC-East,SKU-HLTH-009,3,2.01,0.0,37.74,Holt_Winters,20250103
2025-01-04,FC-East,SKU-HLTH-009,4,2.53,0.0,38.77,Holt_Winters,20250104
2025-01-04,FC-East,SKU-HLTH-009,4,2.53,0.0,38.77,Holt_Winters,20250104
2025-01-05,FC-East,SKU-HLTH-009,5,2.79,0.0,39.52,Holt_Winters,20250105
2025-01-05,FC-East,SKU-HLTH-009,5,2.79,0.0,39.52,Holt_Winters,20250105
2025-01-06,FC-East,SKU-HLTH-009,6,3.01,0.0,40.23,Holt_Winters,20250106
2025-01-06,FC-East,SKU-HLTH-009,6,3.01,0.0,40.23,Holt_Winters,20250106
2025-01-07,FC-East,SKU-HLTH-009,7,2.34,0.0,40.05,Holt_Winters,20250107
2025-01-07,FC-East,SKU-HLTH-009,7,2.34,0.0,40.05,Holt_Winters,20250107
2025-01-08,FC-East,SKU-HLTH-009,8,2.22,0.0,40.4,Holt_Winters,20250108
2025-01-08,FC-East,SKU-HLTH-009,8,2.22,0.0,40.4,Holt_Winters,20250108
2025-01-09,FC-East,SKU-HLTH-009,9,2.58,0.0,41.23,Holt_Winters,20250109
2025-01-09,FC-East,SKU-HLTH-009,9,2.58,0.0,41.23,Holt_Winters,20250109
2025-01-10,FC-East,SKU-HLTH-009,10,2.01,0.0,41.13,Holt_Winters,20250110
2025-01-10,FC-East,SKU-HLTH-009,10,2.01,0.0,41.13,Holt_Winters,20250110
2025-01-11,FC-East,SKU-HLTH-009,11,2.53,0.0,42.1,Holt_Winters,20250111
2025-01-11,FC-East,SKU-HLTH-009,11,2.53,0.0,42.1,Holt_Winters,20250111
2025-01-12,FC-East,SKU-HLTH-009,12,2.79,0.0,42.81,Holt_Winters,20250112
2025-01-12,FC-East,SKU-HLTH-009,12,2.79,0.0,42.81,Holt_Winters,20250112
2025-01-13,FC-East,SKU-HLTH-009,13,3.01,0.0,43.48,Holt_Winters,20250113
2025-01-13,FC-East,SKU-HLTH-009,13,3.01,0.0,43.48,Holt_Winters,20250113
2025-01-14,FC-East,SKU-HLTH-009,14,2.34,0.0,43.26,Holt_Winters,20250114
2025-01-14,FC-East,SKU-HLTH-009,14,2.34,0.0,43.26,Holt_Winters,20250114
2025-01-15,FC-East,SKU-HLTH-009,15,2.22,0.0,43.58,Holt_Winters,20250115
2025-01-15,FC-East,SKU-HLTH-009,15,2.22,0.0,43.58,Holt_Winters,20250115
2025-01-16,FC-East,SKU-HLTH-009,16,2.58,0.0,44.39,Holt_Winters,20250116
2025-01-16,FC-East,SKU-HLTH-009,16,2.58,0.0,44.39,Holt_Winters,20250116
2025-01-17,FC-East,SKU-HLTH-009,17,2.01,0.0,44.25,Holt_Winters,20250117
2025-01-17,FC-East,SKU-HLTH-009,17,2.01,0.0,44.25,Holt_Winters,20250117
2025-01-18,FC-East,SKU-HLTH-009,18,2.53,0.0,45.18,Holt_Winters,20250118
2025-01-18,FC-East,SKU-HLTH-009,18,2.53,0.0,45.18,Holt_Winters,20250118
2025-01-19,FC-East,SKU-HLTH-009,19,2.79,0.0,45.87,Holt_Winters,20250119
2025-01-19,FC-East,SKU-HLTH-009,19,2.79,0.0,45.87,Holt_Winters,20250119
2025-01-20,FC-East,SKU-HLTH-009,20,3.01,0.0,46.5,Holt_Winters,20250120
2025-01-20,FC-East,SKU-HLTH-009,20,3.01,0.0,46.5,Holt_Winters,20250120
2025-01-21,FC-East,SKU-HLTH-009,21,2.34,0.0,46.24,Holt_Winters,20250121
2025-01-21,FC-East,SKU-HLTH-009,21,2.34,0.0,46.24,Holt_Winters,20250121
2025-01-22,FC-East,SKU-HLTH-009,22,2.22,0.0,46.54,Holt_Winters,20250122
2025-01-22,FC-East,SKU-HLTH-009,22,2.22,0.0,46.54,Holt_Winters,20250122
2025-01-23,FC-East,SKU-HLTH-009,23,2.58,0.0,47.31,Holt_Winters,20250123
2025-01-23,FC-East,SKU-HLTH-009,23,2.58,0.0,47.31,Holt_Winters,20250123
2025-01-24,FC-East,SKU-HLTH-009,24,2.01,0.0,47.13,Holt_Winters,20250124
2025-01-24,FC-East,SKU-HLTH-009,24,2.01,0.0,47.13,Holt_Winters,20250124
2025-01-25,FC-East,SKU-HLTH-009,25,2.53,0.0,48.06,Holt_Winters,20250125
2025-01-25,FC-East,SKU-HLTH-009,25,2.53,0.0,48.06,Holt_Winters,20250125
2025-01-26,FC-East,SKU-HLTH-009,26,2.79,0.0,48.71,Holt_Winters,20250126
2025-01-26,FC-East,SKU-HLTH-009,26,2.79,0.0,48.71,Holt_Winters,20250126
2025-01-27,FC-East,SKU-HLTH-009,27,3.01,0.0,49.32,Holt_Winters,20250127
2025-01-27,FC-East,SKU-HLTH-009,27,3.01,0.0,49.32,Holt_Winters,20250127
2025-01-28,FC-East,SKU-HLTH-009,28,2.34,0.0,49.05,Holt_Winters,20250128
2025-01-28,FC-East,SKU-HLTH-009,28,2.34,0.0,49.05,Holt_Winters,20250128
2025-01-01,FC-East,SKU-HLTH-010,1,6.72,0.0,41.43,Holt_Winters,20250101
2025-01-01,FC-East,SKU-HLTH-010,1,6.72,0.0,41.43,Holt_Winters,20250101
2025-01-02,FC-East,SKU-HLTH-010,2,7.92,0.0,43.14,Holt_Winters,20250102
2025-01-02,FC-East,SKU-HLTH-010,2,7.92,0.0,43.14,Holt_Winters,20250102
2025-01-03,FC-East,SKU-HLTH-010,3,7.65,0.0,43.38,Holt_Winters,20250103
2025-01-03,FC-East,SKU-HLTH-010,3,7.65,0.0,43.38,Holt_Winters,20250103
2025-01-04,FC-East,SKU-HLTH-010,4,9.71,0.0,45.95,Holt_Winters,20250104
2025-01-04,FC-East,SKU-HLTH-010,4,9.71,0.0,45.95,Holt_Winters,20250104
2025-01-05,FC-East,SKU-HLTH-010,5,9.67,0.0,46.4,Holt_Winters,20250105
2025-01-05,FC-East,SKU-HLTH-010,5,9.67,0.0,46.4,Holt_Winters,20250105
2025-01-06,FC-East,SKU-HLTH-010,6,6.28,0.0,43.5,Holt_Winters,20250106
2025-01-06,FC-East,SKU-HLTH-010,6,6.28,0.0,43.5,Holt_Winters,20250106
2025-01-07,FC-East,SKU-HLTH-010,7,7.54,0.0,45.25,Holt_Winters,20250107
2025-01-07,FC-East,SKU-HLTH-010,7,7.54,0.0,45.25,Holt_Winters,20250107
2025-01-08,FC-East,SKU-HLTH-010,8,6.71,0.0,44.89,Holt_Winters,20250108
2025-01-08,FC-East,SKU-HLTH-010,8,6.71,0.0,44.89,Holt_Winters,20250108
2025-01-09,FC-East,SKU-HLTH-010,9,7.92,0.0,46.57,Holt_Winters,20250109
2025-01-09,FC-East,SKU-HLTH-010,9,7.92,0.0,46.57,Holt_Winters,20250109
2025-01-10,FC-East,SKU-HLTH-010,10,7.65,0.0,46.77,Holt_Winters,20250110
2025-01-10,FC-East,SKU-HLTH-010,10,7.65,0.0,46.77,Holt_Winters,20250110
2025-01-11,FC-East,SKU-HLTH-010,11,9.7,0.0,49.27,Holt_Winters,20250111
2025-01-11,FC-East,SKU-HLTH-010,11,9.7,0.0,49.27,Holt_Winters,20250111
2025-01-12,FC-East,SKU-HLTH-010,12,9.66,0.0,49.68,Holt_Winters,20250112
2025-01-12,FC-East,SKU-HLTH-010,12,9.66,0.0,49.68,Holt_Winters,20250112
2025-01-13,FC-East,SKU-HLTH-010,13,6.27,0.0,46.74,Holt_Winters,20250113
2025-01-13,FC-East,SKU-HLTH-010,13,6.27,0.0,46.74,Holt_Winters,20250113
2025-01-14,FC-East,SKU-HLTH-010,14,7.53,0.0,48.45,Holt_Winters,20250114
2025-01-14,FC-East,SKU-HLTH-010,14,7.53,0.0,48.45,Holt_Winters,20250114
2025-01-15,FC-East,SKU-HLTH-010,15,6.71,0.0,48.07,Holt_Winters,20250115
2025-01-15,FC-East,SKU-HLTH-010,15,6.71,0.0,48.07,Holt_Winters,20250115
2025-01-16,FC-East,SKU-HLTH-010,16,7.91,0.0,49.72,Holt_Winters,20250116
2025-01-16,FC-East,SKU-HLTH-010,16,7.91,0.0,49.72,Holt_Winters,20250116
2025-01-17,FC-East,SKU-HLTH-010,17,7.64,0.0,49.88,Holt_Winters,20250117
2025-01-17,FC-East,SKU-HLTH-010,17,7.64,0.0,49.88,Holt_Winters,20250117
2025-01-18,FC-East,SKU-HLTH-010,18,9.7,0.0,52.35,Holt_Winters,20250118
2025-01-18,FC-East,SKU-HLTH-010,18,9.7,0.0,52.35,Holt_Winters,20250118
2025-01-19,FC-East,SKU-HLTH-010,19,9.66,0.0,52.74,Holt_Winters,20250119
2025-01-19,FC-East,SKU-HLTH-010,19,9.66,0.0,52.74,Holt_Winters,20250119
2025-01-20,FC-East,SKU-HLTH-010,20,6.27,0.0,49.76,Holt_Winters,20250120
2025-01-20,FC-East,SKU-HLTH-010,20,6.27,0.0,49.76,Holt_Winters,20250120
2025-01-21,FC-East,SKU-HLTH-010,21,7.53,0.0,51.43,Holt_Winters,20250121
2025-01-21,FC-East,SKU-HLTH-010,21,7.53,0.0,51.43,Holt_Winters,20250121
2025-01-22,FC-East,SKU-HLTH-010,22,6.71,0.0,51.03,Holt_Winters,20250122
2025-01-22,FC-East,SKU-HLTH-010,22,6.71,0.0,51.03,Holt_Winters,20250122
2025-01-23,FC-East,SKU-HLTH-010,23,7.91,0.0,52.64,Holt_Winters,20250123
2025-01-23,FC-East,SKU-HLTH-010,23,7.91,0.0,52.64,Holt_Winters,20250123
2025-01-24,FC-East,SKU-HLTH-010,24,7.64,0.0,52.76,Holt_Winters,20250124
2025-01-24,FC-East,SKU-HLTH-010,24,7.64,0.0,52.76,Holt_Winters,20250124
2025-01-25,FC-East,SKU-HLTH-010,25,9.7,0.0,55.23,Holt_Winters,20250125
2025-01-25,FC-East,SKU-HLTH-010,25,9.7,0.0,55.23,Holt_Winters,20250125
2025-01-26,FC-East,SKU-HLTH-010,26,9.66,0.0,55.58,Holt_Winters,20250126
2025-01-26,FC-East,SKU-HLTH-010,26,9.66,0.0,55.58,Holt_Winters,20250126
2025-01-27,FC-East,SKU-HLTH-010,27,6.27,0.0,52.58,Holt_Winters,20250127
2025-01-27,FC-East,SKU-HLTH-010,27,6.27,0.0,52.58,Holt_Winters,20250127
2025-01-28,FC-East,SKU-HLTH-010,28,7.52,0.0,54.23,Holt_Winters,20250128
2025-01-28,FC-East,SKU-HLTH-010,28,7.52,0.0,54.23,Holt_Winters,20250128
2025-01-01,FC-East,SKU-HOME-001,1,31.53,0.0,66.24,Holt_Winters,20250101
2025-01-01,FC-East,SKU-HOME-001,1,31.53,0.0,66.24,Holt_Winters,20250101
2025-01-02,FC-East,SKU-HOME-001,2,30.67,0.0,65.89,Holt_Winters,20250102
2025-01-02,FC-East,SKU-HOME-001,2,30.67,0.0,65.89,Holt_Winters,20250102
2025-01-03,FC-East,SKU-HOME-001,3,36.15,0.42,71.88,Holt_Winters,20250103
2025-01-03,FC-East,SKU-HOME-001,3,36.15,0.42,71.88,Holt_Winters,20250103
2025-01-04,FC-East,SKU-HOME-001,4,40.25,4.01,76.49,Holt_Winters,20250104
2025-01-04,FC-East,SKU-HOME-001,4,40.25,4.01,76.49,Holt_Winters,20250104
2025-01-05,FC-East,SKU-HOME-001,5,39.26,2.53,75.99,Holt_Winters,20250105
2025-01-05,FC-East,SKU-HOME-001,5,39.26,2.53,75.99,Holt_Winters,20250105
2025-01-06,FC-East,SKU-HOME-001,6,28.53,0.0,65.75,Holt_Winters,20250106
2025-01-06,FC-East,SKU-HOME-001,6,28.53,0.0,65.75,Holt_Winters,20250106
2025-01-07,FC-East,SKU-HOME-001,7,29.18,0.0,66.89,Holt_Winters,20250107
2025-01-07,FC-East,SKU-HOME-001,7,29.18,0.0,66.89,Holt_Winters,20250107
2025-01-08,FC-East,SKU-HOME-001,8,31.55,0.0,69.73,Holt_Winters,20250108
2025-01-08,FC-East,SKU-HOME-001,8,31.55,0.0,69.73,Holt_Winters,20250108
2025-01-09,FC-East,SKU-HOME-001,9,30.68,0.0,69.33,Holt_Winters,20250109
2025-01-09,FC-East,SKU-HOME-001,9,30.68,0.0,69.33,Holt_Winters,20250109
2025-01-10,FC-East,SKU-HOME-001,10,36.16,0.0,75.28,Holt_Winters,20250110
2025-01-10,FC-East,SKU-HOME-001,10,36.16,0.0,75.28,Holt_Winters,20250110
2025-01-11,FC-East,SKU-HOME-001,11,40.27,0.7,79.84,Holt_Winters,20250111
2025-01-11,FC-East,SKU-HOME-001,11,40.27,0.7,79.84,Holt_Winters,20250111
2025-01-12,FC-East,SKU-HOME-001,12,39.27,0.0,79.29,Holt_Winters,20250112
2025-01-12,FC-East,SKU-HOME-001,12,39.27,0.0,79.29,Holt_Winters,20250112
2025-01-13,FC-East,SKU-HOME-001,13,28.55,0.0,69.02,Holt_Winters,20250113
2025-01-13,FC-East,SKU-HOME-001,13,28.55,0.0,69.02,Holt_Winters,20250113
2025-01-14,FC-East,SKU-HOME-001,14,29.2,0.0,70.12,Holt_Winters,20250114
2025-01-14,FC-East,SKU-HOME-001,14,29.2,0.0,70.12,Holt_Winters,20250114
2025-01-15,FC-East,SKU-HOME-001,15,31.56,0.0,72.92,Holt_Winters,20250115
2025-01-15,FC-East,SKU-HOME-001,15,31.56,0.0,72.92,Holt_Winters,20250115
2025-01-16,FC-East,SKU-HOME-001,16,30.7,0.0,72.51,Holt_Winters,20250116
2025-01-16,FC-East,SKU-HOME-001,16,30.7,0.0,72.51,Holt_Winters,20250116
2025-01-17,FC-East,SKU-HOME-001,17,36.18,0.0,78.42,Holt_Winters,20250117
2025-01-17,FC-East,SKU-HOME-001,17,36.18,0.0,78.42,Holt_Winters,20250117
2025-01-18,FC-East,SKU-HOME-001,18,40.28,0.0,82.93,Holt_Winters,20250118
2025-01-18,FC-East,SKU-HOME-001,18,40.28,0.0,82.93,Holt_Winters,20250118
2025-01-19,FC-East,SKU-HOME-001,19,39.29,0.0,82.37,Holt_Winters,20250119
2025-01-19,FC-East,SKU-HOME-001,19,39.29,0.0,82.37,Holt_Winters,20250119
2025-01-20,FC-East,SKU-HOME-001,20,28.56,0.0,72.05,Holt_Winters,20250120
2025-01-20,FC-East,SKU-HOME-001,20,28.56,0.0,72.05,Holt_Winters,20250120
2025-01-21,FC-East,SKU-HOME-001,21,29.21,0.0,73.11,Holt_Winters,20250121
2025-01-21,FC-East,SKU-HOME-001,21,29.21,0.0,73.11,Holt_Winters,20250121
2025-01-22,FC-East,SKU-HOME-001,22,31.58,0.0,75.9,Holt_Winters,20250122
2025-01-22,FC-East,SKU-HOME-001,22,31.58,0.0,75.9,Holt_Winters,20250122
2025-01-23,FC-East,SKU-HOME-001,23,30.71,0.0,75.44,Holt_Winters,20250123
2025-01-23,FC-East,SKU-HOME-001,23,30.71,0.0,75.44,Holt_Winters,20250123
2025-01-24,FC-East,SKU-HOME-001,24,36.19,0.0,81.31,Holt_Winters,20250124
2025-01-24,FC-East,SKU-HOME-001,24,36.19,0.0,81.31,Holt_Winters,20250124
2025-01-25,FC-East,SKU-HOME-001,25,40.3,0.0,85.83,Holt_Winters,20250125
2025-01-25,FC-East,SKU-HOME-001,25,40.3,0.0,85.83,Holt_Winters,20250125
2025-01-26,FC-East,SKU-HOME-001,26,39.3,0.0,85.22,Holt_Winters,20250126
2025-01-26,FC-East,SKU-HOME-001,26,39.3,0.0,85.22,Holt_Winters,20250126
2025-01-27,FC-East,SKU-HOME-001,27,28.58,0.0,74.89,Holt_Winters,20250127
2025-01-27,FC-East,SKU-HOME-001,27,28.58,0.0,74.89,Holt_Winters,20250127
2025-01-28,FC-East,SKU-HOME-001,28,29.23,0.0,75.94,Holt_Winters,20250128
2025-01-28,FC-East,SKU-HOME-001,28,29.23,0.0,75.94,Holt_Winters,20250128
2025-01-01,FC-East,SKU-HOME-002,1,102.39,67.68,137.1,Holt_Winters,20250101
2025-01-01,FC-East,SKU-HOME-002,1,102.39,67.68,137.1,Holt_Winters,20250101
2025-01-02,FC-East,SKU-HOME-002,2,101.69,66.47,136.91,Holt_Winters,20250102
2025-01-02,FC-East,SKU-HOME-002,2,101.69,66.47,136.91,Holt_Winters,20250102
2025-01-03,FC-East,SKU-HOME-002,3,111.8,76.07,147.53,Holt_Winters,20250103
2025-01-03,FC-East,SKU-HOME-002,3,111.8,76.07,147.53,Holt_Winters,20250103
2025-01-04,FC-East,SKU-HOME-002,4,119.23,82.99,155.47,Holt_Winters,20250104
2025-01-04,FC-East,SKU-HOME-002,4,119.23,82.99,155.47,Holt_Winters,20250104
2025-01-05,FC-East,SKU-HOME-002,5,116.09,79.36,152.82,Holt_Winters,20250105
2025-01-05,FC-East,SKU-HOME-002,5,116.09,79.36,152.82,Holt_Winters,20250105
2025-01-06,FC-East,SKU-HOME-002,6,102.59,65.37,139.81,Holt_Winters,20250106
2025-01-06,FC-East,SKU-HOME-002,6,102.59,65.37,139.81,Holt_Winters,20250106
2025-01-07,FC-East,SKU-HOME-002,7,103.4,65.69,141.11,Holt_Winters,20250107
2025-01-07,FC-East,SKU-HOME-002,7,103.4,65.69,141.11,Holt_Winters,20250107
2025-01-08,FC-East,SKU-HOME-002,8,106.51,68.33,144.69,Holt_Winters,20250108
2025-01-08,FC-East,SKU-HOME-002,8,106.51,68.33,144.69,Holt_Winters,20250108
2025-01-09,FC-East,SKU-HOME-002,9,105.82,67.17,144.47,Holt_Winters,20250109
2025-01-09,FC-East,SKU-HOME-002,9,105.82,67.17,144.47,Holt_Winters,20250109
2025-01-10,FC-East,SKU-HOME-002,10,115.93,76.81,155.05,Holt_Winters,20250110
2025-01-10,FC-East,SKU-HOME-002,10,115.93,76.81,155.05,Holt_Winters,20250110
2025-01-11,FC-East,SKU-HOME-002,11,123.35,83.78,162.92,Holt_Winters,20250111
2025-01-11,FC-East,SKU-HOME-002,11,123.35,83.78,162.92,Holt_Winters,20250111
2025-01-12,FC-East,SKU-HOME-002,12,120.22,80.2,160.24,Holt_Winters,20250112
2025-01-12,FC-East,SKU-HOME-002,12,120.22,80.2,160.24,Holt_Winters,20250112
2025-01-13,FC-East,SKU-HOME-002,13,106.72,66.25,147.19,Holt_Winters,20250113
2025-01-13,FC-East,SKU-HOME-002,13,106.72,66.25,147.19,Holt_Winters,20250113
2025-01-14,FC-East,SKU-HOME-002,14,107.53,66.61,148.45,Holt_Winters,20250114
2025-01-14,FC-East,SKU-HOME-002,14,107.53,66.61,148.45,Holt_Winters,20250114
2025-01-15,FC-East,SKU-HOME-002,15,110.64,69.28,152.0,Holt_Winters,20250115
2025-01-15,FC-East,SKU-HOME-002,15,110.64,69.28,152.0,Holt_Winters,20250115
2025-01-16,FC-East,SKU-HOME-002,16,109.95,68.14,151.76,Holt_Winters,20250116
2025-01-16,FC-East,SKU-HOME-002,16,109.95,68.14,151.76,Holt_Winters,20250116
2025-01-17,FC-East,SKU-HOME-002,17,120.06,77.82,162.3,Holt_Winters,20250117
2025-01-17,FC-East,SKU-HOME-002,17,120.06,77.82,162.3,Holt_Winters,20250117
2025-01-18,FC-East,SKU-HOME-002,18,127.48,84.83,170.13,Holt_Winters,20250118
2025-01-18,FC-East,SKU-HOME-002,18,127.48,84.83,170.13,Holt_Winters,20250118
2025-01-19,FC-East,SKU-HOME-002,19,124.34,81.26,167.42,Holt_Winters,20250119
2025-01-19,FC-East,SKU-HOME-002,19,124.34,81.26,167.42,Holt_Winters,20250119
2025-01-20,FC-East,SKU-HOME-002,20,110.84,67.35,154.33,Holt_Winters,20250120
2025-01-20,FC-East,SKU-HOME-002,20,110.84,67.35,154.33,Holt_Winters,20250120
2025-01-21,FC-East,SKU-HOME-002,21,111.66,67.76,155.56,Holt_Winters,20250121
2025-01-21,FC-East,SKU-HOME-002,21,111.66,67.76,155.56,Holt_Winters,20250121
2025-01-22,FC-East,SKU-HOME-002,22,114.77,70.45,159.09,Holt_Winters,20250122
2025-01-22,FC-East,SKU-HOME-002,22,114.77,70.45,159.09,Holt_Winters,20250122
2025-01-23,FC-East,SKU-HOME-002,23,114.08,69.35,158.81,Holt_Winters,20250123
2025-01-23,FC-East,SKU-HOME-002,23,114.08,69.35,158.81,Holt_Winters,20250123
2025-01-24,FC-East,SKU-HOME-002,24,124.19,79.07,169.31,Holt_Winters,20250124
2025-01-24,FC-East,SKU-HOME-002,24,124.19,79.07,169.31,Holt_Winters,20250124
2025-01-25,FC-East,SKU-HOME-002,25,131.61,86.08,177.14,Holt_Winters,20250125
2025-01-25,FC-East,SKU-HOME-002,25,131.61,86.08,177.14,Holt_Winters,20250125
2025-01-26,FC-East,SKU-HOME-002,26,128.47,82.55,174.39,Holt_Winters,20250126
2025-01-26,FC-East,SKU-HOME-002,26,128.47,82.55,174.39,Holt_Winters,20250126
2025-01-27,FC-East,SKU-HOME-002,27,114.97,68.66,161.28,Holt_Winters,20250127
2025-01-27,FC-East,SKU-HOME-002,27,114.97,68.66,161.28,Holt_Winters,20250127
2025-01-28,FC-East,SKU-HOME-002,28,115.78,69.07,162.49,Holt_Winters,20250128
2025-01-28,FC-East,SKU-HOME-002,28,115.78,69.07,162.49,Holt_Winters,20250128
2025-01-01,FC-East,SKU-HOME-003,1,33.36,0.0,68.07,Holt_Winters,20250101
2025-01-01,FC-East,SKU-HOME-003,1,33.36,0.0,68.07,Holt_Winters,20250101
2025-01-02,FC-East,SKU-HOME-003,2,35.71,0.49,70.93,Holt_Winters,20250102
2025-01-02,FC-East,SKU-HOME-003,2,35.71,0.49,70.93,Holt_Winters,20250102
2025-01-03,FC-East,SKU-HOME-003,3,38.57,2.84,74.3,Holt_Winters,20250103
2025-01-03,FC-East,SKU-HOME-003,3,38.57,2.84,74.3,Holt_Winters,20250103
2025-01-04,FC-East,SKU-HOME-003,4,40.58,4.34,76.82,Holt_Winters,20250104
2025-01-04,FC-East,SKU-HOME-003,4,40.58,4.34,76.82,Holt_Winters,20250104
2025-01-05,FC-East,SKU-HOME-003,5,41.21,4.48,77.94,Holt_Winters,20250105
2025-01-05,FC-East,SKU-HOME-003,5,41.21,4.48,77.94,Holt_Winters,20250105
2025-01-06,FC-East,SKU-HOME-003,6,30.58,0.0,67.8,Holt_Winters,20250106
2025-01-06,FC-East,SKU-HOME-003,6,30.58,0.0,67.8,Holt_Winters,20250106
2025-01-07,FC-East,SKU-HOME-003,7,33.05,0.0,70.76,Holt_Winters,20250107
2025-01-07,FC-East,SKU-HOME-003,7,33.05,0.0,70.76,Holt_Winters,20250107
2025-01-08,FC-East,SKU-HOME-003,8,33.46,0.0,71.64,Holt_Winters,20250108
2025-01-08,FC-East,SKU-HOME-003,8,33.46,0.0,71.64,Holt_Winters,20250108
2025-01-09,FC-East,SKU-HOME-003,9,35.82,0.0,74.47,Holt_Winters,20250109
2025-01-09,FC-East,SKU-HOME-003,9,35.82,0.0,74.47,Holt_Winters,20250109
2025-01-10,FC-East,SKU-HOME-003,10,38.67,0.0,77.79,Holt_Winters,20250110
2025-01-10,FC-East,SKU-HOME-003,10,38.67,0.0,77.79,Holt_Winters,20250110
2025-01-11,FC-East,SKU-HOME-003,11,40.68,1.11,80.25,Holt_Winters,20250111
2025-01-11,FC-East,SKU-HOME-003,11,40.68,1.11,80.25,Holt_Winters,20250111
2025-01-12,FC-East,SKU-HOME-003,12,41.32,1.3,81.34,Holt_Winters,20250112
2025-01-12,FC-East,SKU-HOME-003,12,41.32,1.3,81.34,Holt_Winters,20250112
2025-01-13,FC-East,SKU-HOME-003,13,30.69,0.0,71.16,Holt_Winters,20250113
2025-01-13,FC-East,SKU-HOME-003,13,30.69,0.0,71.16,Holt_Winters,20250113
2025-01-14,FC-East,SKU-HOME-003,14,33.15,0.0,74.07,Holt_Winters,20250114
2025-01-14,FC-East,SKU-HOME-003,14,33.15,0.0,74.07,Holt_Winters,20250114
2025-01-15,FC-East,SKU-HOME-003,15,33.57,0.0,74.93,Holt_Winters,20250115
2025-01-15,FC-East,SKU-HOME-003,15,33.57,0.0,74.93,Holt_Winters,20250115
2025-01-16,FC-East,SKU-HOME-003,16,35.92,0.0,77.73,Holt_Winters,20250116
2025-01-16,FC-East,SKU-HOME-003,16,35.92,0.0,77.73,Holt_Winters,20250116
2025-01-17,FC-East,SKU-HOME-003,17,38.78,0.0,81.02,Holt_Winters,20250117
2025-01-17,FC-East,SKU-HOME-003,17,38.78,0.0,81.02,Holt_Winters,20250117
2025-01-18,FC-East,SKU-HOME-003,18,40.79,0.0,83.44,Holt_Winters,20250118
2025-01-18,FC-East,SKU-HOME-003,18,40.79,0.0,83.44,Holt_Winters,20250118
2025-01-19,FC-East,SKU-HOME-003,19,41.42,0.0,84.5,Holt_Winters,20250119
2025-01-19,FC-East,SKU-HOME-003,19,41.42,0.0,84.5,Holt_Winters,20250119
2025-01-20,FC-East,SKU-HOME-003,20,30.79,0.0,74.28,Holt_Winters,20250120
2025-01-20,FC-East,SKU-HOME-003,20,30.79,0.0,74.28,Holt_Winters,20250120
2025-01-21,FC-East,SKU-HOME-003,21,33.26,0.0,77.16,Holt_Winters,20250121
2025-01-21,FC-East,SKU-HOME-003,21,33.26,0.0,77.16,Holt_Winters,20250121
2025-01-22,FC-East,SKU-HOME-003,22,33.67,0.0,77.99,Holt_Winters,20250122
2025-01-22,FC-East,SKU-HOME-003,22,33.67,0.0,77.99,Holt_Winters,20250122
2025-01-23,FC-East,SKU-HOME-003,23,36.03,0.0,80.76,Holt_Winters,20250123
2025-01-23,FC-East,SKU-HOME-003,23,36.03,0.0,80.76,Holt_Winters,20250123
2025-01-24,FC-East,SKU-HOME-003,24,38.88,0.0,84.0,Holt_Winters,20250124
2025-01-24,FC-East,SKU-HOME-003,24,38.88,0.0,84.0,Holt_Winters,20250124
2025-01-25,FC-East,SKU-HOME-003,25,40.89,0.0,86.42,Holt_Winters,20250125
2025-01-25,FC-East,SKU-HOME-003,25,40.89,0.0,86.42,Holt_Winters,20250125
2025-01-26,FC-East,SKU-HOME-003,26,41.52,0.0,87.44,Holt_Winters,20250126
2025-01-26,FC-East,SKU-HOME-003,26,41.52,0.0,87.44,Holt_Winters,20250126
2025-01-27,FC-East,SKU-HOME-003,27,30.89,0.0,77.2,Holt_Winters,20250127
2025-01-27,FC-East,SKU-HOME-003,27,30.89,0.0,77.2,Holt_Winters,20250127
2025-01-28,FC-East,SKU-HOME-003,28,33.36,0.0,80.07,Holt_Winters,20250128
2025-01-28,FC-East,SKU-HOME-003,28,33.36,0.0,80.07,Holt_Winters,20250128
2025-01-01,FC-East,SKU-HOME-004,1,23.78,0.0,58.49,Holt_Winters,20250101
2025-01-01,FC-East,SKU-HOME-004,1,23.78,0.0,58.49,Holt_Winters,20250101
2025-01-02,FC-East,SKU-HOME-004,2,25.54,0.0,60.76,Holt_Winters,20250102
2025-01-02,FC-East,SKU-HOME-004,2,25.54,0.0,60.76,Holt_Winters,20250102
2025-01-03,FC-East,SKU-HOME-004,3,32.69,0.0,68.42,Holt_Winters,20250103
2025-01-03,FC-East,SKU-HOME-004,3,32.69,0.0,68.42,Holt_Winters,20250103
2025-01-04,FC-East,SKU-HOME-004,4,38.1,1.86,74.34,Holt_Winters,20250104
2025-01-04,FC-East,SKU-HOME-004,4,38.1,1.86,74.34,Holt_Winters,20250104
2025-01-05,FC-East,SKU-HOME-004,5,32.97,0.0,69.7,Holt_Winters,20250105
2025-01-05,FC-East,SKU-HOME-004,5,32.97,0.0,69.7,Holt_Winters,20250105
2025-01-06,FC-East,SKU-HOME-004,6,22.52,0.0,59.74,Holt_Winters,20250106
2025-01-06,FC-East,SKU-HOME-004,6,22.52,0.0,59.74,Holt_Winters,20250106
2025-01-07,FC-East,SKU-HOME-004,7,23.75,0.0,61.46,Holt_Winters,20250107
2025-01-07,FC-East,SKU-HOME-004,7,23.75,0.0,61.46,Holt_Winters,20250107
2025-01-08,FC-East,SKU-HOME-004,8,23.79,0.0,61.97,Holt_Winters,20250108
2025-01-08,FC-East,SKU-HOME-004,8,23.79,0.0,61.97,Holt_Winters,20250108
2025-01-09,FC-East,SKU-HOME-004,9,25.55,0.0,64.2,Holt_Winters,20250109
2025-01-09,FC-East,SKU-HOME-004,9,25.55,0.0,64.2,Holt_Winters,20250109
2025-01-10,FC-East,SKU-HOME-004,10,32.7,0.0,71.82,Holt_Winters,20250110
2025-01-10,FC-East,SKU-HOME-004,10,32.7,0.0,71.82,Holt_Winters,20250110
2025-01-11,FC-East,SKU-HOME-004,11,38.11,0.0,77.68,Holt_Winters,20250111
2025-01-11,FC-East,SKU-HOME-004,11,38.11,0.0,77.68,Holt_Winters,20250111
2025-01-12,FC-East,SKU-HOME-004,12,32.98,0.0,73.0,Holt_Winters,20250112
2025-01-12,FC-East,SKU-HOME-004,12,32.98,0.0,73.0,Holt_Winters,20250112
2025-01-13,FC-East,SKU-HOME-004,13,22.53,0.0,63.0,Holt_Winters,20250113
2025-01-13,FC-East,SKU-HOME-004,13,22.53,0.0,63.0,Holt_Winters,20250113
2025-01-14,FC-East,SKU-HOME-004,14,23.75,0.0,64.67,Holt_Winters,20250114
2025-01-14,FC-East,SKU-HOME-004,14,23.75,0.0,64.67,Holt_Winters,20250114
2025-01-15,FC-East,SKU-HOME-004,15,23.8,0.0,65.16,Holt_Winters,20250115
2025-01-15,FC-East,SKU-HOME-004,15,23.8,0.0,65.16,Holt_Winters,20250115
2025-01-16,FC-East,SKU-HOME-004,16,25.56,0.0,67.37,Holt_Winters,20250116
2025-01-16,FC-East,SKU-HOME-004,16,25.56,0.0,67.37,Holt_Winters,20250116
2025-01-17,FC-East,SKU-HOME-004,17,32.7,0.0,74.94,Holt_Winters,20250117
2025-01-17,FC-East,SKU-HOME-004,17,32.7,0.0,74.94,Holt_Winters,20250117
2025-01-18,FC-East,SKU-HOME-004,18,38.12,0.0,80.77,Holt_Winters,20250118
2025-01-18,FC-East,SKU-HOME-004,18,38.12,0.0,80.77,Holt_Winters,20250118
2025-01-19,FC-East,SKU-HOME-004,19,32.99,0.0,76.07,Holt_Winters,20250119
2025-01-19,FC-East,SKU-HOME-004,19,32.99,0.0,76.07,Holt_Winters,20250119
2025-01-20,FC-East,SKU-HOME-004,20,22.53,0.0,66.02,Holt_Winters,20250120
2025-01-20,FC-East,SKU-HOME-004,20,22.53,0.0,66.02,Holt_Winters,20250120
2025-01-21,FC-East,SKU-HOME-004,21,23.76,0.0,67.66,Holt_Winters,20250121
2025-01-21,FC-East,SKU-HOME-004,21,23.76,0.0,67.66,Holt_Winters,20250121
2025-01-22,FC-East,SKU-HOME-004,22,23.81,0.0,68.13,Holt_Winters,20250122
2025-01-22,FC-East,SKU-HOME-004,22,23.81,0.0,68.13,Holt_Winters,20250122
2025-01-23,FC-East,SKU-HOME-004,23,25.57,0.0,70.3,Holt_Winters,20250123
2025-01-23,FC-East,SKU-HOME-004,23,25.57,0.0,70.3,Holt_Winters,20250123
2025-01-24,FC-East,SKU-HOME-004,24,32.71,0.0,77.83,Holt_Winters,20250124
2025-01-24,FC-East,SKU-HOME-004,24,32.71,0.0,77.83,Holt_Winters,20250124
2025-01-25,FC-East,SKU-HOME-004,25,38.12,0.0,83.65,Holt_Winters,20250125
2025-01-25,FC-East,SKU-HOME-004,25,38.12,0.0,83.65,Holt_Winters,20250125
2025-01-26,FC-East,SKU-HOME-004,26,33.0,0.0,78.92,Holt_Winters,20250126
2025-01-26,FC-East,SKU-HOME-004,26,33.0,0.0,78.92,Holt_Winters,20250126
2025-01-27,FC-East,SKU-HOME-004,27,22.54,0.0,68.85,Holt_Winters,20250127
2025-01-27,FC-East,SKU-HOME-004,27,22.54,0.0,68.85,Holt_Winters,20250127
2025-01-28,FC-East,SKU-HOME-004,28,23.77,0.0,70.48,Holt_Winters,20250128
2025-01-28,FC-East,SKU-HOME-004,28,23.77,0.0,70.48,Holt_Winters,20250128
2025-01-01,FC-East,SKU-HOME-005,1,33.22,0.0,67.93,Holt_Winters,20250101
2025-01-01,FC-East,SKU-HOME-005,1,33.22,0.0,67.93,Holt_Winters,20250101
2025-01-02,FC-East,SKU-HOME-005,2,32.96,0.0,68.18,Holt_Winters,20250102
2025-01-02,FC-East,SKU-HOME-005,2,32.96,0.0,68.18,Holt_Winters,20250102
2025-01-03,FC-East,SKU-HOME-005,3,37.86,2.13,73.59,Holt_Winters,20250103
2025-01-03,FC-East,SKU-HOME-005,3,37.86,2.13,73.59,Holt_Winters,20250103
2025-01-04,FC-East,SKU-HOME-005,4,44.67,8.43,80.91,Holt_Winters,20250104
2025-01-04,FC-East,SKU-HOME-005,4,44.67,8.43,80.91,Holt_Winters,20250104
2025-01-05,FC-East,SKU-HOME-005,5,39.53,2.8,76.26,Holt_Winters,20250105
2025-01-05,FC-East,SKU-HOME-005,5,39.53,2.8,76.26,Holt_Winters,20250105
2025-01-06,FC-East,SKU-HOME-005,6,32.16,0.0,69.38,Holt_Winters,20250106
2025-01-06,FC-East,SKU-HOME-005,6,32.16,0.0,69.38,Holt_Winters,20250106
2025-01-07,FC-East,SKU-HOME-005,7,32.83,0.0,70.54,Holt_Winters,20250107
2025-01-07,FC-East,SKU-HOME-005,7,32.83,0.0,70.54,Holt_Winters,20250107
2025-01-08,FC-East,SKU-HOME-005,8,33.23,0.0,71.41,Holt_Winters,20250108
2025-01-08,FC-East,SKU-HOME-005,8,33.23,0.0,71.41,Holt_Winters,20250108
2025-01-09,FC-East,SKU-HOME-005,9,32.97,0.0,71.62,Holt_Winters,20250109
2025-01-09,FC-East,SKU-HOME-005,9,32.97,0.0,71.62,Holt_Winters,20250109
2025-01-10,FC-East,SKU-HOME-005,10,37.87,0.0,76.99,Holt_Winters,20250110
2025-01-10,FC-East,SKU-HOME-005,10,37.87,0.0,76.99,Holt_Winters,20250110
2025-01-11,FC-East,SKU-HOME-005,11,44.68,5.11,84.25,Holt_Winters,20250111
2025-01-11,FC-East,SKU-HOME-005,11,44.68,5.11,84.25,Holt_Winters,20250111
2025-01-12,FC-East,SKU-HOME-005,12,39.54,0.0,79.56,Holt_Winters,20250112
2025-01-12,FC-East,SKU-HOME-005,12,39.54,0.0,79.56,Holt_Winters,20250112
2025-01-13,FC-East,SKU-HOME-005,13,32.17,0.0,72.64,Holt_Winters,20250113
2025-01-13,FC-East,SKU-HOME-005,13,32.17,0.0,72.64,Holt_Winters,20250113
2025-01-14,FC-East,SKU-HOME-005,14,32.84,0.0,73.76,Holt_Winters,20250114
2025-01-14,FC-East,SKU-HOME-005,14,32.84,0.0,73.76,Holt_Winters,20250114
2025-01-15,FC-East,SKU-HOME-005,15,33.24,0.0,74.6,Holt_Winters,20250115
2025-01-15,FC-East,SKU-HOME-005,15,33.24,0.0,74.6,Holt_Winters,20250115
2025-01-16,FC-East,SKU-HOME-005,16,32.98,0.0,74.79,Holt_Winters,20250116
2025-01-16,FC-East,SKU-HOME-005,16,32.98,0.0,74.79,Holt_Winters,20250116
2025-01-17,FC-East,SKU-HOME-005,17,37.88,0.0,80.12,Holt_Winters,20250117
2025-01-17,FC-East,SKU-HOME-005,17,37.88,0.0,80.12,Holt_Winters,20250117
2025-01-18,FC-East,SKU-HOME-005,18,44.69,2.04,87.34,Holt_Winters,20250118
2025-01-18,FC-East,SKU-HOME-005,18,44.69,2.04,87.34,Holt_Winters,20250118
2025-01-19,FC-East,SKU-HOME-005,19,39.55,0.0,82.63,Holt_Winters,20250119
2025-01-19,FC-East,SKU-HOME-005,19,39.55,0.0,82.63,Holt_Winters,20250119
2025-01-20,FC-East,SKU-HOME-005,20,32.18,0.0,75.67,Holt_Winters,20250120
2025-01-20,FC-East,SKU-HOME-005,20,32.18,0.0,75.67,Holt_Winters,20250120
2025-01-21,FC-East,SKU-HOME-005,21,32.85,0.0,76.75,Holt_Winters,20250121
2025-01-21,FC-East,SKU-HOME-005,21,32.85,0.0,76.75,Holt_Winters,20250121
2025-01-22,FC-East,SKU-HOME-005,22,33.25,0.0,77.57,Holt_Winters,20250122
2025-01-22,FC-East,SKU-HOME-005,22,33.25,0.0,77.57,Holt_Winters,20250122
2025-01-23,FC-East,SKU-HOME-005,23,32.99,0.0,77.72,Holt_Winters,20250123
2025-01-23,FC-East,SKU-HOME-005,23,32.99,0.0,77.72,Holt_Winters,20250123
2025-01-24,FC-East,SKU-HOME-005,24,37.89,0.0,83.01,Holt_Winters,20250124
2025-01-24,FC-East,SKU-HOME-005,24,37.89,0.0,83.01,Holt_Winters,20250124
2025-01-25,FC-East,SKU-HOME-005,25,44.7,0.0,90.23,Holt_Winters,20250125
2025-01-25,FC-East,SKU-HOME-005,25,44.7,0.0,90.23,Holt_Winters,20250125
2025-01-26,FC-East,SKU-HOME-005,26,39.56,0.0,85.48,Holt_Winters,20250126
2025-01-26,FC-East,SKU-HOME-005,26,39.56,0.0,85.48,Holt_Winters,20250126
2025-01-27,FC-East,SKU-HOME-005,27,32.19,0.0,78.5,Holt_Winters,20250127
2025-01-27,FC-East,SKU-HOME-005,27,32.19,0.0,78.5,Holt_Winters,20250127
2025-01-28,FC-East,SKU-HOME-005,28,32.86,0.0,79.57,Holt_Winters,20250128
2025-01-28,FC-East,SKU-HOME-005,28,32.86,0.0,79.57,Holt_Winters,20250128
2025-01-01,FC-East,SKU-HOME-006,1,45.45,10.74,80.16,Holt_Winters,20250101
2025-01-01,FC-East,SKU-HOME-006,1,45.45,10.74,80.16,Holt_Winters,20250101
2025-01-02,FC-East,SKU-HOME-006,2,43.02,7.8,78.24,Holt_Winters,20250102
2025-01-02,FC-East,SKU-HOME-006,2,43.02,7.8,78.24,Holt_Winters,20250102
2025-01-03,FC-East,SKU-HOME-006,3,50.6,14.87,86.33,Holt_Winters,20250103
2025-01-03,FC-East,SKU-HOME-006,3,50.6,14.87,86.33,Holt_Winters,20250103
2025-01-04,FC-East,SKU-HOME-006,4,51.43,15.19,87.67,Holt_Winters,20250104
2025-01-04,FC-East,SKU-HOME-006,4,51.43,15.19,87.67,Holt_Winters,20250104
2025-01-05,FC-East,SKU-HOME-006,5,49.45,12.72,86.18,Holt_Winters,20250105
2025-01-05,FC-East,SKU-HOME-006,5,49.45,12.72,86.18,Holt_Winters,20250105
2025-01-06,FC-East,SKU-HOME-006,6,43.38,6.16,80.6,Holt_Winters,20250106
2025-01-06,FC-East,SKU-HOME-006,6,43.38,6.16,80.6,Holt_Winters,20250106
2025-01-07,FC-East,SKU-HOME-006,7,43.63,5.92,81.34,Holt_Winters,20250107
2025-01-07,FC-East,SKU-HOME-006,7,43.63,5.92,81.34,Holt_Winters,20250107
2025-01-08,FC-East,SKU-HOME-006,8,45.36,7.18,83.54,Holt_Winters,20250108
2025-01-08,FC-East,SKU-HOME-006,8,45.36,7.18,83.54,Holt_Winters,20250108
2025-01-09,FC-East,SKU-HOME-006,9,42.93,4.28,81.58,Holt_Winters,20250109
2025-01-09,FC-East,SKU-HOME-006,9,42.93,4.28,81.58,Holt_Winters,20250109
2025-01-10,FC-East,SKU-HOME-006,10,50.51,11.39,89.63,Holt_Winters,20250110
2025-01-10,FC-East,SKU-HOME-006,10,50.51,11.39,89.63,Holt_Winters,20250110
2025-01-11,FC-East,SKU-HOME-006,11,51.34,11.77,90.91,Holt_Winters,20250111
2025-01-11,FC-East,SKU-HOME-006,11,51.34,11.77,90.91,Holt_Winters,20250111
2025-01-12,FC-East,SKU-HOME-006,12,49.36,9.34,89.38,Holt_Winters,20250112
2025-01-12,FC-East,SKU-HOME-006,12,49.36,9.34,89.38,Holt_Winters,20250112
2025-01-13,FC-East,SKU-HOME-006,13,43.29,2.82,83.76,Holt_Winters,20250113
2025-01-13,FC-East,SKU-HOME-006,13,43.29,2.82,83.76,Holt_Winters,20250113
2025-01-14,FC-East,SKU-HOME-006,14,43.55,2.63,84.47,Holt_Winters,20250114
2025-01-14,FC-East,SKU-HOME-006,14,43.55,2.63,84.47,Holt_Winters,20250114
2025-01-15,FC-East,SKU-HOME-006,15,45.28,3.92,86.64,Holt_Winters,20250115
2025-01-15,FC-East,SKU-HOME-006,15,45.28,3.92,86.64,Holt_Winters,20250115
2025-01-16,FC-East,SKU-HOME-006,16,42.85,1.04,84.66,Holt_Winters,20250116
2025-01-16,FC-East,SKU-HOME-006,16,42.85,1.04,84.66,Holt_Winters,20250116
2025-01-17,FC-East,SKU-HOME-006,17,50.43,8.19,92.67,Holt_Winters,20250117
2025-01-17,FC-East,SKU-HOME-006,17,50.43,8.19,92.67,Holt_Winters,20250117
2025-01-18,FC-East,SKU-HOME-006,18,51.26,8.61,93.91,Holt_Winters,20250118
2025-01-18,FC-East,SKU-HOME-006,18,51.26,8.61,93.91,Holt_Winters,20250118
2025-01-19,FC-East,SKU-HOME-006,19,49.28,6.2,92.36,Holt_Winters,20250119
2025-01-19,FC-East,SKU-HOME-006,19,49.28,6.2,92.36,Holt_Winters,20250119
2025-01-20,FC-East,SKU-HOME-006,20,43.21,0.0,86.7,Holt_Winters,20250120
2025-01-20,FC-East,SKU-HOME-006,20,43.21,0.0,86.7,Holt_Winters,20250120
2025-01-21,FC-East,SKU-HOME-006,21,43.46,0.0,87.36,Holt_Winters,20250121
2025-01-21,FC-East,SKU-HOME-006,21,43.46,0.0,87.36,Holt_Winters,20250121
2025-01-22,FC-East,SKU-HOME-006,22,45.2,0.88,89.52,Holt_Winters,20250122
2025-01-22,FC-East,SKU-HOME-006,22,45.2,0.88,89.52,Holt_Winters,20250122
2025-01-23,FC-East,SKU-HOME-006,23,42.77,0.0,87.5,Holt_Winters,20250123
2025-01-23,FC-East,SKU-HOME-006,23,42.77,0.0,87.5,Holt_Winters,20250123
2025-01-24,FC-East,SKU-HOME-006,24,50.35,5.23,95.47,Holt_Winters,20250124
2025-01-24,FC-East,SKU-HOME-006,24,50.35,5.23,95.47,Holt_Winters,20250124
2025-01-25,FC-East,SKU-HOME-006,25,51.18,5.65,96.71,Holt_Winters,20250125
2025-01-25,FC-East,SKU-HOME-006,25,51.18,5.65,96.71,Holt_Winters,20250125
2025-01-26,FC-East,SKU-HOME-006,26,49.2,3.28,95.12,Holt_Winters,20250126
2025-01-26,FC-East,SKU-HOME-006,26,49.2,3.28,95.12,Holt_Winters,20250126
2025-01-27,FC-East,SKU-HOME-006,27,43.13,0.0,89.44,Holt_Winters,20250127
2025-01-27,FC-East,SKU-HOME-006,27,43.13,0.0,89.44,Holt_Winters,20250127
2025-01-28,FC-East,SKU-HOME-006,28,43.38,0.0,90.09,Holt_Winters,20250128
2025-01-28,FC-East,SKU-HOME-006,28,43.38,0.0,90.09,Holt_Winters,20250128
2025-01-01,FC-East,SKU-HOME-007,1,7.24,0.0,41.95,Holt_Winters,20250101
2025-01-01,FC-East,SKU-HOME-007,1,7.24,0.0,41.95,Holt_Winters,20250101
2025-01-02,FC-East,SKU-HOME-007,2,8.59,0.0,43.81,Holt_Winters,20250102
2025-01-02,FC-East,SKU-HOME-007,2,8.59,0.0,43.81,Holt_Winters,20250102
2025-01-03,FC-East,SKU-HOME-007,3,9.53,0.0,45.26,Holt_Winters,20250103
2025-01-03,FC-East,SKU-HOME-007,3,9.53,0.0,45.26,Holt_Winters,20250103
2025-01-04,FC-East,SKU-HOME-007,4,10.42,0.0,46.66,Holt_Winters,20250104
2025-01-04,FC-East,SKU-HOME-007,4,10.42,0.0,46.66,Holt_Winters,20250104
2025-01-05,FC-East,SKU-HOME-007,5,10.04,0.0,46.77,Holt_Winters,20250105
2025-01-05,FC-East,SKU-HOME-007,5,10.04,0.0,46.77,Holt_Winters,20250105
2025-01-06,FC-East,SKU-HOME-007,6,7.3,0.0,44.52,Holt_Winters,20250106
2025-01-06,FC-East,SKU-HOME-007,6,7.3,0.0,44.52,Holt_Winters,20250106
2025-01-07,FC-East,SKU-HOME-007,7,7.6,0.0,45.31,Holt_Winters,20250107
2025-01-07,FC-East,SKU-HOME-007,7,7.6,0.0,45.31,Holt_Winters,20250107
2025-01-08,FC-East,SKU-HOME-007,8,7.2,0.0,45.38,Holt_Winters,20250108
2025-01-08,FC-East,SKU-HOME-007,8,7.2,0.0,45.38,Holt_Winters,20250108
2025-01-09,FC-East,SKU-HOME-007,9,8.55,0.0,47.2,Holt_Winters,20250109
2025-01-09,FC-East,SKU-HOME-007,9,8.55,0.0,47.2,Holt_Winters,20250109
2025-01-10,FC-East,SKU-HOME-007,10,9.49,0.0,48.61,Holt_Winters,20250110
2025-01-10,FC-East,SKU-HOME-007,10,9.49,0.0,48.61,Holt_Winters,20250110
2025-01-11,FC-East,SKU-HOME-007,11,10.38,0.0,49.95,Holt_Winters,20250111
2025-01-11,FC-East,SKU-HOME-007,11,10.38,0.0,49.95,Holt_Winters,20250111
2025-01-12,FC-East,SKU-HOME-007,12,10.0,0.0,50.02,Holt_Winters,20250112
2025-01-12,FC-East,SKU-HOME-007,12,10.0,0.0,50.02,Holt_Winters,20250112
2025-01-13,FC-East,SKU-HOME-007,13,7.26,0.0,47.73,Holt_Winters,20250113
2025-01-13,FC-East,SKU-HOME-007,13,7.26,0.0,47.73,Holt_Winters,20250113
2025-01-14,FC-East,SKU-HOME-007,14,7.56,0.0,48.48,Holt_Winters,20250114
2025-01-14,FC-East,SKU-HOME-007,14,7.56,0.0,48.48,Holt_Winters,20250114
2025-01-15,FC-East,SKU-HOME-007,15,7.16,0.0,48.52,Holt_Winters,20250115
2025-01-15,FC-East,SKU-HOME-007,15,7.16,0.0,48.52,Holt_Winters,20250115
2025-01-16,FC-East,SKU-HOME-007,16,8.51,0.0,50.32,Holt_Winters,20250116
2025-01-16,FC-East,SKU-HOME-007,16,8.51,0.0,50.32,Holt_Winters,20250116
2025-01-17,FC-East,SKU-HOME-007,17,9.45,0.0,51.69,Holt_Winters,20250117
2025-01-17,FC-East,SKU-HOME-007,17,9.45,0.0,51.69,Holt_Winters,20250117
2025-01-18,FC-East,SKU-HOME-007,18,10.34,0.0,52.99,Holt_Winters,20250118
2025-01-18,FC-East,SKU-HOME-007,18,10.34,0.0,52.99,Holt_Winters,20250118
2025-01-19,FC-East,SKU-HOME-007,19,9.96,0.0,53.04,Holt_Winters,20250119
2025-01-19,FC-East,SKU-HOME-007,19,9.96,0.0,53.04,Holt_Winters,20250119
2025-01-20,FC-East,SKU-HOME-007,20,7.22,0.0,50.71,Holt_Winters,20250120
2025-01-20,FC-East,SKU-HOME-007,20,7.22,0.0,50.71,Holt_Winters,20250120
2025-01-21,FC-East,SKU-HOME-007,21,7.52,0.0,51.42,Holt_Winters,20250121
2025-01-21,FC-East,SKU-HOME-007,21,7.52,0.0,51.42,Holt_Winters,20250121
2025-01-22,FC-East,SKU-HOME-007,22,7.12,0.0,51.44,Holt_Winters,20250122
2025-01-22,FC-East,SKU-HOME-007,22,7.12,0.0,51.44,Holt_Winters,20250122
2025-01-23,FC-East,SKU-HOME-007,23,8.47,0.0,53.2,Holt_Winters,20250123
2025-01-23,FC-East,SKU-HOME-007,23,8.47,0.0,53.2,Holt_Winters,20250123
2025-01-24,FC-East,SKU-HOME-007,24,9.41,0.0,54.53,Holt_Winters,20250124
2025-01-24,FC-East,SKU-HOME-007,24,9.41,0.0,54.53,Holt_Winters,20250124
2025-01-25,FC-East,SKU-HOME-007,25,10.3,0.0,55.83,Holt_Winters,20250125
2025-01-25,FC-East,SKU-HOME-007,25,10.3,0.0,55.83,Holt_Winters,20250125
2025-01-26,FC-East,SKU-HOME-007,26,9.92,0.0,55.84,Holt_Winters,20250126
2025-01-26,FC-East,SKU-HOME-007,26,9.92,0.0,55.84,Holt_Winters,20250126
2025-01-27,FC-East,SKU-HOME-007,27,7.18,0.0,53.49,Holt_Winters,20250127
2025-01-27,FC-East,SKU-HOME-007,27,7.18,0.0,53.49,Holt_Winters,20250127
2025-01-28,FC-East,SKU-HOME-007,28,7.48,0.0,54.19,Holt_Winters,20250128
2025-01-28,FC-East,SKU-HOME-007,28,7.48,0.0,54.19,Holt_Winters,20250128
2025-01-01,FC-East,SKU-HOME-008,1,72.62,37.91,107.33,Holt_Winters,20250101
2025-01-01,FC-East,SKU-HOME-008,1,72.62,37.91,107.33,Holt_Winters,20250101
2025-01-02,FC-East,SKU-HOME-008,2,75.56,40.34,110.78,Holt_Winters,20250102
2025-01-02,FC-East,SKU-HOME-008,2,75.56,40.34,110.78,Holt_Winters,20250102
2025-01-03,FC-East,SKU-HOME-008,3,84.27,48.54,120.0,Holt_Winters,20250103
2025-01-03,FC-East,SKU-HOME-008,3,84.27,48.54,120.0,Holt_Winters,20250103
2025-01-04,FC-East,SKU-HOME-008,4,85.42,49.18,121.66,Holt_Winters,20250104
2025-01-04,FC-East,SKU-HOME-008,4,85.42,49.18,121.66,Holt_Winters,20250104
2025-01-05,FC-East,SKU-HOME-008,5,82.28,45.55,119.01,Holt_Winters,20250105
2025-01-05,FC-East,SKU-HOME-008,5,82.28,45.55,119.01,Holt_Winters,20250105
2025-01-06,FC-East,SKU-HOME-008,6,74.41,37.19,111.63,Holt_Winters,20250106
2025-01-06,FC-East,SKU-HOME-008,6,74.41,37.19,111.63,Holt_Winters,20250106
2025-01-07,FC-East,SKU-HOME-008,7,73.14,35.43,110.85,Holt_Winters,20250107
2025-01-07,FC-East,SKU-HOME-008,7,73.14,35.43,110.85,Holt_Winters,20250107
2025-01-08,FC-East,SKU-HOME-008,8,73.11,34.93,111.29,Holt_Winters,20250108
2025-01-08,FC-East,SKU-HOME-008,8,73.11,34.93,111.29,Holt_Winters,20250108
2025-01-09,FC-East,SKU-HOME-008,9,76.04,37.39,114.69,Holt_Winters,20250109
2025-01-09,FC-East,SKU-HOME-008,9,76.04,37.39,114.69,Holt_Winters,20250109
2025-01-10,FC-East,SKU-HOME-008,10,84.75,45.63,123.87,Holt_Winters,20250110
2025-01-10,FC-East,SKU-HOME-008,10,84.75,45.63,123.87,Holt_Winters,20250110
2025-01-11,FC-East,SKU-HOME-008,11,85.9,46.33,125.47,Holt_Winters,20250111
2025-01-11,FC-East,SKU-HOME-008,11,85.9,46.33,125.47,Holt_Winters,20250111
2025-01-12,FC-East,SKU-HOME-008,12,82.77,42.75,122.79,Holt_Winters,20250112
2025-01-12,FC-East,SKU-HOME-008,12,82.77,42.75,122.79,Holt_Winters,20250112
2025-01-13,FC-East,SKU-HOME-008,13,74.89,34.42,115.36,Holt_Winters,20250113
2025-01-13,FC-East,SKU-HOME-008,13,74.89,34.42,115.36,Holt_Winters,20250113
2025-01-14,FC-East,SKU-HOME-008,14,73.62,32.7,114.54,Holt_Winters,20250114
2025-01-14,FC-East,SKU-HOME-008,14,73.62,32.7,114.54,Holt_Winters,20250114
2025-01-15,FC-East,SKU-HOME-008,15,73.59,32.23,114.95,Holt_Winters,20250115
2025-01-15,FC-East,SKU-HOME-008,15,73.59,32.23,114.95,Holt_Winters,20250115
2025-01-16,FC-East,SKU-HOME-008,16,76.52,34.71,118.33,Holt_Winters,20250116
2025-01-16,FC-East,SKU-HOME-008,16,76.52,34.71,118.33,Holt_Winters,20250116
2025-01-17,FC-East,SKU-HOME-008,17,85.23,42.99,127.47,Holt_Winters,20250117
2025-01-17,FC-East,SKU-HOME-008,17,85.23,42.99,127.47,Holt_Winters,20250117
2025-01-18,FC-East,SKU-HOME-008,18,86.38,43.73,129.03,Holt_Winters,20250118
2025-01-18,FC-East,SKU-HOME-008,18,86.38,43.73,129.03,Holt_Winters,20250118
2025-01-19,FC-East,SKU-HOME-008,19,83.25,40.17,126.33,Holt_Winters,20250119
2025-01-19,FC-East,SKU-HOME-008,19,83.25,40.17,126.33,Holt_Winters,20250119
2025-01-20,FC-East,SKU-HOME-008,20,75.37,31.88,118.86,Holt_Winters,20250120
2025-01-20,FC-East,SKU-HOME-008,20,75.37,31.88,118.86,Holt_Winters,20250120
2025-01-21,FC-East,SKU-HOME-008,21,74.1,30.2,118.0,Holt_Winters,20250121
2025-01-21,FC-East,SKU-HOME-008,21,74.1,30.2,118.0,Holt_Winters,20250121
2025-01-22,FC-East,SKU-HOME-008,22,74.07,29.75,118.39,Holt_Winters,20250122
2025-01-22,FC-East,SKU-HOME-008,22,74.07,29.75,118.39,Holt_Winters,20250122
2025-01-23,FC-East,SKU-HOME-008,23,77.01,32.28,121.74,Holt_Winters,20250123
2025-01-23,FC-East,SKU-HOME-008,23,77.01,32.28,121.74,Holt_Winters,20250123
2025-01-24,FC-East,SKU-HOME-008,24,85.71,40.59,130.83,Holt_Winters,20250124
2025-01-24,FC-East,SKU-HOME-008,24,85.71,40.59,130.83,Holt_Winters,20250124
2025-01-25,FC-East,SKU-HOME-008,25,86.87,41.34,132.4,Holt_Winters,20250125
2025-01-25,FC-East,SKU-HOME-008,25,86.87,41.34,132.4,Holt_Winters,20250125
2025-01-26,FC-East,SKU-HOME-008,26,83.73,37.81,129.65,Holt_Winters,20250126
2025-01-26,FC-East,SKU-HOME-008,26,83.73,37.81,129.65,Holt_Winters,20250126
2025-01-27,FC-East,SKU-HOME-008,27,75.86,29.55,122.17,Holt_Winters,20250127
2025-01-27,FC-East,SKU-HOME-008,27,75.86,29.55,122.17,Holt_Winters,20250127
2025-01-28,FC-East,SKU-HOME-008,28,74.59,27.88,121.3,Holt_Winters,20250128
2025-01-28,FC-East,SKU-HOME-008,28,74.59,27.88,121.3,Holt_Winters,20250128
2025-01-01,FC-East,SKU-HOME-009,1,2.44,0.0,37.15,Holt_Winters,20250101
2025-01-01,FC-East,SKU-HOME-009,1,2.44,0.0,37.15,Holt_Winters,20250101
2025-01-02,FC-East,SKU-HOME-009,2,1.92,0.0,37.14,Holt_Winters,20250102
2025-01-02,FC-East,SKU-HOME-009,2,1.92,0.0,37.14,Holt_Winters,20250102
2025-01-03,FC-East,SKU-HOME-009,3,2.41,0.0,38.14,Holt_Winters,20250103
2025-01-03,FC-East,SKU-HOME-009,3,2.41,0.0,38.14,Holt_Winters,20250103
2025-01-04,FC-East,SKU-HOME-009,4,1.77,0.0,38.01,Holt_Winters,20250104
2025-01-04,FC-East,SKU-HOME-009,4,1.77,0.0,38.01,Holt_Winters,20250104
2025-01-05,FC-East,SKU-HOME-009,5,2.34,0.0,39.07,Holt_Winters,20250105
2025-01-05,FC-East,SKU-HOME-009,5,2.34,0.0,39.07,Holt_Winters,20250105
2025-01-06,FC-East,SKU-HOME-009,6,1.55,0.0,38.77,Holt_Winters,20250106
2025-01-06,FC-East,SKU-HOME-009,6,1.55,0.0,38.77,Holt_Winters,20250106
2025-01-07,FC-East,SKU-HOME-009,7,1.91,0.0,39.62,Holt_Winters,20250107
2025-01-07,FC-East,SKU-HOME-009,7,1.91,0.0,39.62,Holt_Winters,20250107
2025-01-08,FC-East,SKU-HOME-009,8,2.43,0.0,40.61,Holt_Winters,20250108
2025-01-08,FC-East,SKU-HOME-009,8,2.43,0.0,40.61,Holt_Winters,20250108
2025-01-09,FC-East,SKU-HOME-009,9,1.91,0.0,40.56,Holt_Winters,20250109
2025-01-09,FC-East,SKU-HOME-009,9,1.91,0.0,40.56,Holt_Winters,20250109
2025-01-10,FC-East,SKU-HOME-009,10,2.4,0.0,41.52,Holt_Winters,20250110
2025-01-10,FC-East,SKU-HOME-009,10,2.4,0.0,41.52,Holt_Winters,20250110
2025-01-11,FC-East,SKU-HOME-009,11,1.76,0.0,41.33,Holt_Winters,20250111
2025-01-11,FC-East,SKU-HOME-009,11,1.76,0.0,41.33,Holt_Winters,20250111
2025-01-12,FC-East,SKU-HOME-009,12,2.33,0.0,42.35,Holt_Winters,20250112
2025-01-12,FC-East,SKU-HOME-009,12,2.33,0.0,42.35,Holt_Winters,20250112
2025-01-13,FC-East,SKU-HOME-009,13,1.54,0.0,42.01,Holt_Winters,20250113
2025-01-13,FC-East,SKU-HOME-009,13,1.54,0.0,42.01,Holt_Winters,20250113
2025-01-14,FC-East,SKU-HOME-009,14,1.9,0.0,42.82,Holt_Winters,20250114
2025-01-14,FC-East,SKU-HOME-009,14,1.9,0.0,42.82,Holt_Winters,20250114
2025-01-15,FC-East,SKU-HOME-009,15,2.42,0.0,43.78,Holt_Winters,20250115
2025-01-15,FC-East,SKU-HOME-009,15,2.42,0.0,43.78,Holt_Winters,20250115
2025-01-16,FC-East,SKU-HOME-009,16,1.9,0.0,43.71,Holt_Winters,20250116
2025-01-16,FC-East,SKU-HOME-009,16,1.9,0.0,43.71,Holt_Winters,20250116
2025-01-17,FC-East,SKU-HOME-009,17,2.39,0.0,44.63,Holt_Winters,20250117
2025-01-17,FC-East,SKU-HOME-009,17,2.39,0.0,44.63,Holt_Winters,20250117
2025-01-18,FC-East,SKU-HOME-009,18,1.76,0.0,44.41,Holt_Winters,20250118
2025-01-18,FC-East,SKU-HOME-009,18,1.76,0.0,44.41,Holt_Winters,20250118
2025-01-19,FC-East,SKU-HOME-009,19,2.32,0.0,45.4,Holt_Winters,20250119
2025-01-19,FC-East,SKU-HOME-009,19,2.32,0.0,45.4,Holt_Winters,20250119
2025-01-20,FC-East,SKU-HOME-009,20,1.53,0.0,45.02,Holt_Winters,20250120
2025-01-20,FC-East,SKU-HOME-009,20,1.53,0.0,45.02,Holt_Winters,20250120
2025-01-21,FC-East,SKU-HOME-009,21,1.89,0.0,45.79,Holt_Winters,20250121
2025-01-21,FC-East,SKU-HOME-009,21,1.89,0.0,45.79,Holt_Winters,20250121
2025-01-22,FC-East,SKU-HOME-009,22,2.41,0.0,46.73,Holt_Winters,20250122
2025-01-22,FC-East,SKU-HOME-009,22,2.41,0.0,46.73,Holt_Winters,20250122
2025-01-23,FC-East,SKU-HOME-009,23,1.9,0.0,46.63,Holt_Winters,20250123
2025-01-23,FC-East,SKU-HOME-009,23,1.9,0.0,46.63,Holt_Winters,20250123
2025-01-24,FC-East,SKU-HOME-009,24,2.38,0.0,47.5,Holt_Winters,20250124
2025-01-24,FC-East,SKU-HOME-009,24,2.38,0.0,47.5,Holt_Winters,20250124
2025-01-25,FC-East,SKU-HOME-009,25,1.75,0.0,47.28,Holt_Winters,20250125
2025-01-25,FC-East,SKU-HOME-009,25,1.75,0.0,47.28,Holt_Winters,20250125
2025-01-26,FC-East,SKU-HOME-009,26,2.31,0.0,48.23,Holt_Winters,20250126
2025-01-26,FC-East,SKU-HOME-009,26,2.31,0.0,48.23,Holt_Winters,20250126
2025-01-27,FC-East,SKU-HOME-009,27,1.53,0.0,47.84,Holt_Winters,20250127
2025-01-27,FC-East,SKU-HOME-009,27,1.53,0.0,47.84,Holt_Winters,20250127
2025-01-28,FC-East,SKU-HOME-009,28,1.88,0.0,48.59,Holt_Winters,20250128
2025-01-28,FC-East,SKU-HOME-009,28,1.88,0.0,48.59,Holt_Winters,20250128
2025-01-01,FC-East,SKU-HOME-010,1,13.8,0.0,48.51,Holt_Winters,20250101
2025-01-01,FC-East,SKU-HOME-010,1,13.8,0.0,48.51,Holt_Winters,20250101
2025-01-02,FC-East,SKU-HOME-010,2,15.71,0.0,50.93,Holt_Winters,20250102
2025-01-02,FC-East,SKU-HOME-010,2,15.71,0.0,50.93,Holt_Winters,20250102
2025-01-03,FC-East,SKU-HOME-010,3,16.01,0.0,51.74,Holt_Winters,20250103
2025-01-03,FC-East,SKU-HOME-010,3,16.01,0.0,51.74,Holt_Winters,20250103
2025-01-04,FC-East,SKU-HOME-010,4,20.33,0.0,56.57,Holt_Winters,20250104
2025-01-04,FC-East,SKU-HOME-010,4,20.33,0.0,56.57,Holt_Winters,20250104
2025-01-05,FC-East,SKU-HOME-010,5,16.97,0.0,53.7,Holt_Winters,20250105
2025-01-05,FC-East,SKU-HOME-010,5,16.97,0.0,53.7,Holt_Winters,20250105
2025-01-06,FC-East,SKU-HOME-010,6,13.35,0.0,50.57,Holt_Winters,20250106
2025-01-06,FC-East,SKU-HOME-010,6,13.35,0.0,50.57,Holt_Winters,20250106
2025-01-07,FC-East,SKU-HOME-010,7,13.53,0.0,51.24,Holt_Winters,20250107
2025-01-07,FC-East,SKU-HOME-010,7,13.53,0.0,51.24,Holt_Winters,20250107
2025-01-08,FC-East,SKU-HOME-010,8,13.81,0.0,51.99,Holt_Winters,20250108
2025-01-08,FC-East,SKU-HOME-010,8,13.81,0.0,51.99,Holt_Winters,20250108
2025-01-09,FC-East,SKU-HOME-010,9,15.72,0.0,54.37,Holt_Winters,20250109
2025-01-09,FC-East,SKU-HOME-010,9,15.72,0.0,54.37,Holt_Winters,20250109
2025-01-10,FC-East,SKU-HOME-010,10,16.02,0.0,55.14,Holt_Winters,20250110
2025-01-10,FC-East,SKU-HOME-010,10,16.02,0.0,55.14,Holt_Winters,20250110
2025-01-11,FC-East,SKU-HOME-010,11,20.34,0.0,59.91,Holt_Winters,20250111
2025-01-11,FC-East,SKU-HOME-010,11,20.34,0.0,59.91,Holt_Winters,20250111
2025-01-12,FC-East,SKU-HOME-010,12,16.98,0.0,57.0,Holt_Winters,20250112
2025-01-12,FC-East,SKU-HOME-010,12,16.98,0.0,57.0,Holt_Winters,20250112
2025-01-13,FC-East,SKU-HOME-010,13,13.36,0.0,53.83,Holt_Winters,20250113
2025-01-13,FC-East,SKU-HOME-010,13,13.36,0.0,53.83,Holt_Winters,20250113
2025-01-14,FC-East,SKU-HOME-010,14,13.54,0.0,54.46,Holt_Winters,20250114
2025-01-14,FC-East,SKU-HOME-010,14,13.54,0.0,54.46,Holt_Winters,20250114
2025-01-15,FC-East,SKU-HOME-010,15,13.83,0.0,55.19,Holt_Winters,20250115
2025-01-15,FC-East,SKU-HOME-010,15,13.83,0.0,55.19,Holt_Winters,20250115
2025-01-16,FC-East,SKU-HOME-010,16,15.73,0.0,57.54,Holt_Winters,20250116
2025-01-16,FC-East,SKU-HOME-010,16,15.73,0.0,57.54,Holt_Winters,20250116
2025-01-17,FC-East,SKU-HOME-010,17,16.03,0.0,58.27,Holt_Winters,20250117
2025-01-17,FC-East,SKU-HOME-010,17,16.03,0.0,58.27,Holt_Winters,20250117
2025-01-18,FC-East,SKU-HOME-010,18,20.35,0.0,63.0,Holt_Winters,20250118
2025-01-18,FC-East,SKU-HOME-010,18,20.35,0.0,63.0,Holt_Winters,20250118
2025-01-19,FC-East,SKU-HOME-010,19,17.0,0.0,60.08,Holt_Winters,20250119
2025-01-19,FC-East,SKU-HOME-010,19,17.0,0.0,60.08,Holt_Winters,20250119
2025-01-20,FC-East,SKU-HOME-010,20,13.38,0.0,56.87,Holt_Winters,20250120
2025-01-20,FC-East,SKU-HOME-010,20,13.38,0.0,56.87,Holt_Winters,20250120
2025-01-21,FC-East,SKU-HOME-010,21,13.55,0.0,57.45,Holt_Winters,20250121
2025-01-21,FC-East,SKU-HOME-010,21,13.55,0.0,57.45,Holt_Winters,20250121
2025-01-22,FC-East,SKU-HOME-010,22,13.84,0.0,58.16,Holt_Winters,20250122
2025-01-22,FC-East,SKU-HOME-010,22,13.84,0.0,58.16,Holt_Winters,20250122
2025-01-23,FC-East,SKU-HOME-010,23,15.75,0.0,60.48,Holt_Winters,20250123
2025-01-23,FC-East,SKU-HOME-010,23,15.75,0.0,60.48,Holt_Winters,20250123
2025-01-24,FC-East,SKU-HOME-010,24,16.05,0.0,61.17,Holt_Winters,20250124
2025-01-24,FC-East,SKU-HOME-010,24,16.05,0.0,61.17,Holt_Winters,20250124
2025-01-25,FC-East,SKU-HOME-010,25,20.37,0.0,65.9,Holt_Winters,20250125
2025-01-25,FC-East,SKU-HOME-010,25,20.37,0.0,65.9,Holt_Winters,20250125
2025-01-26,FC-East,SKU-HOME-010,26,17.01,0.0,62.93,Holt_Winters,20250126
2025-01-26,FC-East,SKU-HOME-010,26,17.01,0.0,62.93,Holt_Winters,20250126
2025-01-27,FC-East,SKU-HOME-010,27,13.39,0.0,59.7,Holt_Winters,20250127
2025-01-27,FC-East,SKU-HOME-010,27,13.39,0.0,59.7,Holt_Winters,20250127
2025-01-28,FC-East,SKU-HOME-010,28,13.57,0.0,60.28,Holt_Winters,20250128
2025-01-28,FC-East,SKU-HOME-010,28,13.57,0.0,60.28,Holt_Winters,20250128
2025-01-01,FC-West,SKU-APPR-001,1,52.73,18.02,87.44,Holt_Winters,20250101
2025-01-01,FC-West,SKU-APPR-001,1,52.73,18.02,87.44,Holt_Winters,20250101
2025-01-02,FC-West,SKU-APPR-001,2,55.24,20.02,90.46,Holt_Winters,20250102
2025-01-02,FC-West,SKU-APPR-001,2,55.24,20.02,90.46,Holt_Winters,20250102
2025-01-03,FC-West,SKU-APPR-001,3,65.39,29.66,101.12,Holt_Winters,20250103
2025-01-03,FC-West,SKU-APPR-001,3,65.39,29.66,101.12,Holt_Winters,20250103
2025-01-04,FC-West,SKU-APPR-001,4,73.2,36.96,109.44,Holt_Winters,20250104
2025-01-04,FC-West,SKU-APPR-001,4,73.2,36.96,109.44,Holt_Winters,20250104
2025-01-05,FC-West,SKU-APPR-001,5,69.34,32.61,106.07,Holt_Winters,20250105
2025-01-05,FC-West,SKU-APPR-001,5,69.34,32.61,106.07,Holt_Winters,20250105
2025-01-06,FC-West,SKU-APPR-001,6,51.25,14.03,88.47,Holt_Winters,20250106
2025-01-06,FC-West,SKU-APPR-001,6,51.25,14.03,88.47,Holt_Winters,20250106
2025-01-07,FC-West,SKU-APPR-001,7,51.38,13.67,89.09,Holt_Winters,20250107
2025-01-07,FC-West,SKU-APPR-001,7,51.38,13.67,89.09,Holt_Winters,20250107
2025-01-08,FC-West,SKU-APPR-001,8,52.74,14.56,90.92,Holt_Winters,20250108
2025-01-08,FC-West,SKU-APPR-001,8,52.74,14.56,90.92,Holt_Winters,20250108
2025-01-09,FC-West,SKU-APPR-001,9,55.25,16.6,93.9,Holt_Winters,20250109
2025-01-09,FC-West,SKU-APPR-001,9,55.25,16.6,93.9,Holt_Winters,20250109
2025-01-10,FC-West,SKU-APPR-001,10,65.4,26.28,104.52,Holt_Winters,20250110
2025-01-10,FC-West,SKU-APPR-001,10,65.4,26.28,104.52,Holt_Winters,20250110
2025-01-11,FC-West,SKU-APPR-001,11,73.21,33.64,112.78,Holt_Winters,20250111
2025-01-11,FC-West,SKU-APPR-001,11,73.21,33.64,112.78,Holt_Winters,20250111
2025-01-12,FC-West,SKU-APPR-001,12,69.36,29.34,109.38,Holt_Winters,20250112
2025-01-12,FC-West,SKU-APPR-001,12,69.36,29.34,109.38,Holt_Winters,20250112
2025-01-13,FC-West,SKU-APPR-001,13,51.26,10.79,91.73,Holt_Winters,20250113
2025-01-13,FC-West,SKU-APPR-001,13,51.26,10.79,91.73,Holt_Winters,20250113
2025-01-14,FC-West,SKU-APPR-001,14,51.4,10.48,92.32,Holt_Winters,20250114
2025-01-14,FC-West,SKU-APPR-001,14,51.4,10.48,92.32,Holt_Winters,20250114
2025-01-15,FC-West,SKU-APPR-001,15,52.76,11.4,94.12,Holt_Winters,20250115
2025-01-15,FC-West,SKU-APPR-001,15,52.76,11.4,94.12,Holt_Winters,20250115
2025-01-16,FC-West,SKU-APPR-001,16,55.27,13.46,97.08,Holt_Winters,20250116
2025-01-16,FC-West,SKU-APPR-001,16,55.27,13.46,97.08,Holt_Winters,20250116
2025-01-17,FC-West,SKU-APPR-001,17,65.42,23.18,107.66,Holt_Winters,20250117
2025-01-17,FC-West,SKU-APPR-001,17,65.42,23.18,107.66,Holt_Winters,20250117
2025-01-18,FC-West,SKU-APPR-001,18,73.23,30.58,115.88,Holt_Winters,20250118
2025-01-18,FC-West,SKU-APPR-001,18,73.23,30.58,115.88,Holt_Winters,20250118
2025-01-19,FC-West,SKU-APPR-001,19,69.37,26.29,112.45,Holt_Winters,20250119
2025-01-19,FC-West,SKU-APPR-001,19,69.37,26.29,112.45,Holt_Winters,20250119
2025-01-20,FC-West,SKU-APPR-001,20,51.28,7.79,94.77,Holt_Winters,20250120
2025-01-20,FC-West,SKU-APPR-001,20,51.28,7.79,94.77,Holt_Winters,20250120
2025-01-21,FC-West,SKU-APPR-001,21,51.41,7.51,95.31,Holt_Winters,20250121
2025-01-21,FC-West,SKU-APPR-001,21,51.41,7.51,95.31,Holt_Winters,20250121
2025-01-22,FC-West,SKU-APPR-001,22,52.77,8.45,97.09,Holt_Winters,20250122
2025-01-22,FC-West,SKU-APPR-001,22,52.77,8.45,97.09,Holt_Winters,20250122
2025-01-23,FC-West,SKU-APPR-001,23,55.28,10.55,100.01,Holt_Winters,20250123
2025-01-23,FC-West,SKU-APPR-001,23,55.28,10.55,100.01,Holt_Winters,20250123
2025-01-24,FC-West,SKU-APPR-001,24,65.44,20.32,110.56,Holt_Winters,20250124
2025-01-24,FC-West,SKU-APPR-001,24,65.44,20.32,110.56,Holt_Winters,20250124
2025-01-25,FC-West,SKU-APPR-001,25,73.24,27.71,118.77,Holt_Winters,20250125
2025-01-25,FC-West,SKU-APPR-001,25,73.24,27.71,118.77,Holt_Winters,20250125
2025-01-26,FC-West,SKU-APPR-001,26,69.39,23.47,115.31,Holt_Winters,20250126
2025-01-26,FC-West,SKU-APPR-001,26,69.39,23.47,115.31,Holt_Winters,20250126
2025-01-27,FC-West,SKU-APPR-001,27,51.3,4.99,97.61,Holt_Winters,20250127
2025-01-27,FC-West,SKU-APPR-001,27,51.3,4.99,97.61,Holt_Winters,20250127
2025-01-28,FC-West,SKU-APPR-001,28,51.43,4.72,98.14,Holt_Winters,20250128
2025-01-28,FC-West,SKU-APPR-001,28,51.43,4.72,98.14,Holt_Winters,20250128
2025-01-01,FC-West,SKU-APPR-002,1,58.08,23.37,92.79,Holt_Winters,20250101
2025-01-01,FC-West,SKU-APPR-002,1,58.08,23.37,92.79,Holt_Winters,20250101
2025-01-02,FC-West,SKU-APPR-002,2,58.48,23.26,93.7,Holt_Winters,20250102
2025-01-02,FC-West,SKU-APPR-002,2,58.48,23.26,93.7,Holt_Winters,20250102
2025-01-03,FC-West,SKU-APPR-002,3,64.68,28.95,100.41,Holt_Winters,20250103
2025-01-03,FC-West,SKU-APPR-002,3,64.68,28.95,100.41,Holt_Winters,20250103
2025-01-04,FC-West,SKU-APPR-002,4,67.17,30.93,103.41,Holt_Winters,20250104
2025-01-04,FC-West,SKU-APPR-002,4,67.17,30.93,103.41,Holt_Winters,20250104
2025-01-05,FC-West,SKU-APPR-002,5,66.5,29.77,103.23,Holt_Winters,20250105
2025-01-05,FC-West,SKU-APPR-002,5,66.5,29.77,103.23,Holt_Winters,20250105
2025-01-06,FC-West,SKU-APPR-002,6,54.98,17.76,92.2,Holt_Winters,20250106
2025-01-06,FC-West,SKU-APPR-002,6,54.98,17.76,92.2,Holt_Winters,20250106
2025-01-07,FC-West,SKU-APPR-002,7,56.19,18.48,93.9,Holt_Winters,20250107
2025-01-07,FC-West,SKU-APPR-002,7,56.19,18.48,93.9,Holt_Winters,20250107
2025-01-08,FC-West,SKU-APPR-002,8,55.71,17.53,93.89,Holt_Winters,20250108
2025-01-08,FC-West,SKU-APPR-002,8,55.71,17.53,93.89,Holt_Winters,20250108
2025-01-09,FC-West,SKU-APPR-002,9,56.11,17.46,94.76,Holt_Winters,20250109
2025-01-09,FC-West,SKU-APPR-002,9,56.11,17.46,94.76,Holt_Winters,20250109
2025-01-10,FC-West,SKU-APPR-002,10,62.31,23.19,101.43,Holt_Winters,20250110
2025-01-10,FC-West,SKU-APPR-002,10,62.31,23.19,101.43,Holt_Winters,20250110
2025-01-11,FC-West,SKU-APPR-002,11,64.8,25.23,104.37,Holt_Winters,20250111
2025-01-11,FC-West,SKU-APPR-002,11,64.8,25.23,104.37,Holt_Winters,20250111
2025-01-12,FC-West,SKU-APPR-002,12,64.13,24.11,104.15,Holt_Winters,20250112
2025-01-12,FC-West,SKU-APPR-002,12,64.13,24.11,104.15,Holt_Winters,20250112
2025-01-13,FC-West,SKU-APPR-002,13,52.62,12.15,93.09,Holt_Winters,20250113
2025-01-13,FC-West,SKU-APPR-002,13,52.62,12.15,93.09,Holt_Winters,20250113
2025-01-14,FC-West,SKU-APPR-002,14,53.82,12.9,94.74,Holt_Winters,20250114
2025-01-14,FC-West,SKU-APPR-002,14,53.82,12.9,94.74,Holt_Winters,20250114
2025-01-15,FC-West,SKU-APPR-002,15,53.34,11.98,94.7,Holt_Winters,20250115
2025-01-15,FC-West,SKU-APPR-002,15,53.34,11.98,94.7,Holt_Winters,20250115
2025-01-16,FC-West,SKU-APPR-002,16,53.74,11.93,95.55,Holt_Winters,20250116
2025-01-16,FC-West,SKU-APPR-002,16,53.74,11.93,95.55,Holt_Winters,20250116
2025-01-17,FC-West,SKU-APPR-002,17,59.94,17.7,102.18,Holt_Winters,20250117
2025-01-17,FC-West,SKU-APPR-002,17,59.94,17.7,102.18,Holt_Winters,20250117
2025-01-18,FC-West,SKU-APPR-002,18,62.43,19.78,105.08,Holt_Winters,20250118
2025-01-18,FC-West,SKU-APPR-002,18,62.43,19.78,105.08,Holt_Winters,20250118
2025-01-19,FC-West,SKU-APPR-002,19,61.76,18.68,104.84,Holt_Winters,20250119
2025-01-19,FC-West,SKU-APPR-002,19,61.76,18.68,104.84,Holt_Winters,20250119
2025-01-20,FC-West,SKU-APPR-002,20,50.25,6.76,93.74,Holt_Winters,20250120
2025-01-20,FC-West,SKU-APPR-002,20,50.25,6.76,93.74,Holt_Winters,20250120
2025-01-21,FC-West,SKU-APPR-002,21,51.45,7.55,95.35,Holt_Winters,20250121
2025-01-21,FC-West,SKU-APPR-002,21,51.45,7.55,95.35,Holt_Winters,20250121
2025-01-22,FC-West,SKU-APPR-002,22,50.97,6.65,95.29,Holt_Winters,20250122
2025-01-22,FC-West,SKU-APPR-002,22,50.97,6.65,95.29,Holt_Winters,20250122
2025-01-23,FC-West,SKU-APPR-002,23,51.37,6.64,96.1,Holt_Winters,20250123
2025-01-23,FC-West,SKU-APPR-002,23,51.37,6.64,96.1,Holt_Winters,20250123
2025-01-24,FC-West,SKU-APPR-002,24,57.57,12.45,102.69,Holt_Winters,20250124
2025-01-24,FC-West,SKU-APPR-002,24,57.57,12.45,102.69,Holt_Winters,20250124
2025-01-25,FC-West,SKU-APPR-002,25,60.06,14.53,105.59,Holt_Winters,20250125
2025-01-25,FC-West,SKU-APPR-002,25,60.06,14.53,105.59,Holt_Winters,20250125
2025-01-26,FC-West,SKU-APPR-002,26,59.4,13.48,105.32,Holt_Winters,20250126
2025-01-26,FC-West,SKU-APPR-002,26,59.4,13.48,105.32,Holt_Winters,20250126
2025-01-27,FC-West,SKU-APPR-002,27,47.88,1.57,94.19,Holt_Winters,20250127
2025-01-27,FC-West,SKU-APPR-002,27,47.88,1.57,94.19,Holt_Winters,20250127
2025-01-28,FC-West,SKU-APPR-002,28,49.08,2.37,95.79,Holt_Winters,20250128
2025-01-28,FC-West,SKU-APPR-002,28,49.08,2.37,95.79,Holt_Winters,20250128
2025-01-01,FC-West,SKU-APPR-003,1,45.43,10.72,80.14,Holt_Winters,20250101
2025-01-01,FC-West,SKU-APPR-003,1,45.43,10.72,80.14,Holt_Winters,20250101
2025-01-02,FC-West,SKU-APPR-003,2,42.84,7.62,78.06,Holt_Winters,20250102
2025-01-02,FC-West,SKU-APPR-003,2,42.84,7.62,78.06,Holt_Winters,20250102
2025-01-03,FC-West,SKU-APPR-003,3,55.92,20.19,91.65,Holt_Winters,20250103
2025-01-03,FC-West,SKU-APPR-003,3,55.92,20.19,91.65,Holt_Winters,20250103
2025-01-04,FC-West,SKU-APPR-003,4,57.67,21.43,93.91,Holt_Winters,20250104
2025-01-04,FC-West,SKU-APPR-003,4,57.67,21.43,93.91,Holt_Winters,20250104
2025-01-05,FC-West,SKU-APPR-003,5,56.17,19.44,92.9,Holt_Winters,20250105
2025-01-05,FC-West,SKU-APPR-003,5,56.17,19.44,92.9,Holt_Winters,20250105
2025-01-06,FC-West,SKU-APPR-003,6,39.57,2.35,76.79,Holt_Winters,20250106
2025-01-06,FC-West,SKU-APPR-003,6,39.57,2.35,76.79,Holt_Winters,20250106
2025-01-07,FC-West,SKU-APPR-003,7,42.76,5.05,80.47,Holt_Winters,20250107
2025-01-07,FC-West,SKU-APPR-003,7,42.76,5.05,80.47,Holt_Winters,20250107
2025-01-08,FC-West,SKU-APPR-003,8,45.54,7.36,83.72,Holt_Winters,20250108
2025-01-08,FC-West,SKU-APPR-003,8,45.54,7.36,83.72,Holt_Winters,20250108
2025-01-09,FC-West,SKU-APPR-003,9,42.95,4.3,81.6,Holt_Winters,20250109
2025-01-09,FC-West,SKU-APPR-003,9,42.95,4.3,81.6,Holt_Winters,20250109
2025-01-10,FC-West,SKU-APPR-003,10,56.03,16.91,95.15,Holt_Winters,20250110
2025-01-10,FC-West,SKU-APPR-003,10,56.03,16.91,95.15,Holt_Winters,20250110
2025-01-11,FC-West,SKU-APPR-003,11,57.78,18.21,97.35,Holt_Winters,20250111
2025-01-11,FC-West,SKU-APPR-003,11,57.78,18.21,97.35,Holt_Winters,20250111
2025-01-12,FC-West,SKU-APPR-003,12,56.28,16.26,96.3,Holt_Winters,20250112
2025-01-12,FC-West,SKU-APPR-003,12,56.28,16.26,96.3,Holt_Winters,20250112
2025-01-13,FC-West,SKU-APPR-003,13,39.68,0.0,80.15,Holt_Winters,20250113
2025-01-13,FC-West,SKU-APPR-003,13,39.68,0.0,80.15,Holt_Winters,20250113
2025-01-14,FC-West,SKU-APPR-003,14,42.87,1.95,83.79,Holt_Winters,20250114
2025-01-14,FC-West,SKU-APPR-003,14,42.87,1.95,83.79,Holt_Winters,20250114
2025-01-15,FC-West,SKU-APPR-003,15,45.66,4.3,87.02,Holt_Winters,20250115
2025-01-15,FC-West,SKU-APPR-003,15,45.66,4.3,87.02,Holt_Winters,20250115
2025-01-16,FC-West,SKU-APPR-003,16,43.06,1.25,84.87,Holt_Winters,20250116
2025-01-16,FC-West,SKU-APPR-003,16,43.06,1.25,84.87,Holt_Winters,20250116
2025-01-17,FC-West,SKU-APPR-003,17,56.15,13.91,98.39,Holt_Winters,20250117
2025-01-17,FC-West,SKU-APPR-003,17,56.15,13.91,98.39,Holt_Winters,20250117
2025-01-18,FC-West,SKU-APPR-003,18,57.9,15.25,100.55,Holt_Winters,20250118
2025-01-18,FC-West,SKU-APPR-003,18,57.9,15.25,100.55,Holt_Winters,20250118
2025-01-19,FC-West,SKU-APPR-003,19,56.39,13.31,99.47,Holt_Winters,20250119
2025-01-19,FC-West,SKU-APPR-003,19,56.39,13.31,99.47,Holt_Winters,20250119
2025-01-20,FC-West,SKU-APPR-003,20,39.79,0.0,83.28,Holt_Winters,20250120
2025-01-20,FC-West,SKU-APPR-003,20,39.79,0.0,83.28,Holt_Winters,20250120
2025-01-21,FC-West,SKU-APPR-003,21,42.98,0.0,86.88,Holt_Winters,20250121
2025-01-21,FC-West,SKU-APPR-003,21,42.98,0.0,86.88,Holt_Winters,20250121
2025-01-22,FC-West,SKU-APPR-003,22,45.77,1.45,90.09,Holt_Winters,20250122
2025-01-22,FC-West,SKU-APPR-003,22,45.77,1.45,90.09,Holt_Winters,20250122
2025-01-23,FC-West,SKU-APPR-003,23,43.17,0.0,87.9,Holt_Winters,20250123
2025-01-23,FC-West,SKU-APPR-003,23,43.17,0.0,87.9,Holt_Winters,20250123
2025-01-24,FC-West,SKU-APPR-003,24,56.26,11.14,101.38,Holt_Winters,20250124
2025-01-24,FC-West,SKU-APPR-003,24,56.26,11.14,101.38,Holt_Winters,20250124
2025-01-25,FC-West,SKU-APPR-003,25,58.01,12.48,103.54,Holt_Winters,20250125
2025-01-25,FC-West,SKU-APPR-003,25,58.01,12.48,103.54,Holt_Winters,20250125
2025-01-26,FC-West,SKU-APPR-003,26,56.5,10.58,102.42,Holt_Winters,20250126
2025-01-26,FC-West,SKU-APPR-003,26,56.5,10.58,102.42,Holt_Winters,20250126
2025-01-27,FC-West,SKU-APPR-003,27,39.9,0.0,86.21,Holt_Winters,20250127
2025-01-27,FC-West,SKU-APPR-003,27,39.9,0.0,86.21,Holt_Winters,20250127
2025-01-28,FC-West,SKU-APPR-003,28,43.09,0.0,89.8,Holt_Winters,20250128
2025-01-28,FC-West,SKU-APPR-003,28,43.09,0.0,89.8,Holt_Winters,20250128
2025-01-01,FC-West,SKU-APPR-004,1,63.81,29.1,98.52,Holt_Winters,20250101
2025-01-01,FC-West,SKU-APPR-004,1,63.81,29.1,98.52,Holt_Winters,20250101
2025-01-02,FC-West,SKU-APPR-004,2,66.08,30.86,101.3,Holt_Winters,20250102
2025-01-02,FC-West,SKU-APPR-004,2,66.08,30.86,101.3,Holt_Winters,20250102
2025-01-03,FC-West,SKU-APPR-004,3,72.35,36.62,108.08,Holt_Winters,20250103
2025-01-03,FC-West,SKU-APPR-004,3,72.35,36.62,108.08,Holt_Winters,20250103
2025-01-04,FC-West,SKU-APPR-004,4,82.02,45.78,118.26,Holt_Winters,20250104
2025-01-04,FC-West,SKU-APPR-004,4,82.02,45.78,118.26,Holt_Winters,20250104
2025-01-05,FC-West,SKU-APPR-004,5,77.43,40.7,114.16,Holt_Winters,20250105
2025-01-05,FC-West,SKU-APPR-004,5,77.43,40.7,114.16,Holt_Winters,20250105
2025-01-06,FC-West,SKU-APPR-004,6,60.33,23.11,97.55,Holt_Winters,20250106
2025-01-06,FC-West,SKU-APPR-004,6,60.33,23.11,97.55,Holt_Winters,20250106
2025-01-07,FC-West,SKU-APPR-004,7,63.12,25.41,100.83,Holt_Winters,20250107
2025-01-07,FC-West,SKU-APPR-004,7,63.12,25.41,100.83,Holt_Winters,20250107
2025-01-08,FC-West,SKU-APPR-004,8,64.01,25.83,102.19,Holt_Winters,20250108
2025-01-08,FC-West,SKU-APPR-004,8,64.01,25.83,102.19,Holt_Winters,20250108
2025-01-09,FC-West,SKU-APPR-004,9,66.28,27.63,104.93,Holt_Winters,20250109
2025-01-09,FC-West,SKU-APPR-004,9,66.28,27.63,104.93,Holt_Winters,20250109
2025-01-10,FC-West,SKU-APPR-004,10,72.55,33.43,111.67,Holt_Winters,20250110
2025-01-10,FC-West,SKU-APPR-004,10,72.55,33.43,111.67,Holt_Winters,20250110
2025-01-11,FC-West,SKU-APPR-004,11,82.22,42.65,121.79,Holt_Winters,20250111
2025-01-11,FC-West,SKU-APPR-004,11,82.22,42.65,121.79,Holt_Winters,20250111
2025-01-12,FC-West,SKU-APPR-004,12,77.63,37.61,117.65,Holt_Winters,20250112
2025-01-12,FC-West,SKU-APPR-004,12,77.63,37.61,117.65,Holt_Winters,20250112
2025-01-13,FC-West,SKU-APPR-004,13,60.53,20.06,101.0,Holt_Winters,20250113
2025-01-13,FC-West,SKU-APPR-004,13,60.53,20.06,101.0,Holt_Winters,20250113
2025-01-14,FC-West,SKU-APPR-004,14,63.32,22.4,104.24,Holt_Winters,20250114
2025-01-14,FC-West,SKU-APPR-004,14,63.32,22.4,104.24,Holt_Winters,20250114
2025-01-15,FC-West,SKU-APPR-004,15,64.21,22.85,105.57,Holt_Winters,20250115
2025-01-15,FC-West,SKU-APPR-004,15,64.21,22.85,105.57,Holt_Winters,20250115
2025-01-16,FC-West,SKU-APPR-004,16,66.48,24.67,108.29,Holt_Winters,20250116
2025-01-16,FC-West,SKU-APPR-004,16,66.48,24.67,108.29,Holt_Winters,20250116
2025-01-17,FC-West,SKU-APPR-004,17,72.75,30.51,114.99,Holt_Winters,20250117
2025-01-17,FC-West,SKU-APPR-004,17,72.75,30.51,114.99,Holt_Winters,20250117
2025-01-18,FC-West,SKU-APPR-004,18,82.42,39.77,125.07,Holt_Winters,20250118
2025-01-18,FC-West,SKU-APPR-004,18,82.42,39.77,125.07,Holt_Winters,20250118
2025-01-19,FC-West,SKU-APPR-004,19,77.84,34.76,120.92,Holt_Winters,20250119
2025-01-19,FC-West,SKU-APPR-004,19,77.84,34.76,120.92,Holt_Winters,20250119
2025-01-20,FC-West,SKU-APPR-004,20,60.73,17.24,104.22,Holt_Winters,20250120
2025-01-20,FC-West,SKU-APPR-004,20,60.73,17.24,104.22,Holt_Winters,20250120
2025-01-21,FC-West,SKU-APPR-004,21,63.52,19.62,107.42,Holt_Winters,20250121
2025-01-21,FC-West,SKU-APPR-004,21,63.52,19.62,107.42,Holt_Winters,20250121
2025-01-22,FC-West,SKU-APPR-004,22,64.41,20.09,108.73,Holt_Winters,20250122
2025-01-22,FC-West,SKU-APPR-004,22,64.41,20.09,108.73,Holt_Winters,20250122
2025-01-23,FC-West,SKU-APPR-004,23,66.68,21.95,111.41,Holt_Winters,20250123
2025-01-23,FC-West,SKU-APPR-004,23,66.68,21.95,111.41,Holt_Winters,20250123
2025-01-24,FC-West,SKU-APPR-004,24,72.95,27.83,118.07,Holt_Winters,20250124
2025-01-24,FC-West,SKU-APPR-004,24,72.95,27.83,118.07,Holt_Winters,20250124
2025-01-25,FC-West,SKU-APPR-004,25,82.62,37.09,128.15,Holt_Winters,20250125
2025-01-25,FC-West,SKU-APPR-004,25,82.62,37.09,128.15,Holt_Winters,20250125
2025-01-26,FC-West,SKU-APPR-004,26,78.04,32.12,123.96,Holt_Winters,20250126
2025-01-26,FC-West,SKU-APPR-004,26,78.04,32.12,123.96,Holt_Winters,20250126
2025-01-27,FC-West,SKU-APPR-004,27,60.93,14.62,107.24,Holt_Winters,20250127
2025-01-27,FC-West,SKU-APPR-004,27,60.93,14.62,107.24,Holt_Winters,20250127
2025-01-28,FC-West,SKU-APPR-004,28,63.72,17.01,110.43,Holt_Winters,20250128
2025-01-28,FC-West,SKU-APPR-004,28,63.72,17.01,110.43,Holt_Winters,20250128
2025-01-01,FC-West,SKU-APPR-005,1,30.59,0.0,65.3,Holt_Winters,20250101
2025-01-01,FC-West,SKU-APPR-005,1,30.59,0.0,65.3,Holt_Winters,20250101
2025-01-02,FC-West,SKU-APPR-005,2,33.32,0.0,68.54,Holt_Winters,20250102
2025-01-02,FC-West,SKU-APPR-005,2,33.32,0.0,68.54,Holt_Winters,20250102
2025-01-03,FC-West,SKU-APPR-005,3,34.04,0.0,69.77,Holt_Winters,20250103
2025-01-03,FC-West,SKU-APPR-005,3,34.04,0.0,69.77,Holt_Winters,20250103
2025-01-04,FC-West,SKU-APPR-005,4,39.24,3.0,75.48,Holt_Winters,20250104
2025-01-04,FC-West,SKU-APPR-005,4,39.24,3.0,75.48,Holt_Winters,20250104
2025-01-05,FC-West,SKU-APPR-005,5,37.75,1.02,74.48,Holt_Winters,20250105
2025-01-05,FC-West,SKU-APPR-005,5,37.75,1.02,74.48,Holt_Winters,20250105
2025-01-06,FC-West,SKU-APPR-005,6,26.68,0.0,63.9,Holt_Winters,20250106
2025-01-06,FC-West,SKU-APPR-005,6,26.68,0.0,63.9,Holt_Winters,20250106
2025-01-07,FC-West,SKU-APPR-005,7,27.65,0.0,65.36,Holt_Winters,20250107
2025-01-07,FC-West,SKU-APPR-005,7,27.65,0.0,65.36,Holt_Winters,20250107
2025-01-08,FC-West,SKU-APPR-005,8,30.6,0.0,68.78,Holt_Winters,20250108
2025-01-08,FC-West,SKU-APPR-005,8,30.6,0.0,68.78,Holt_Winters,20250108
2025-01-09,FC-West,SKU-APPR-005,9,33.32,0.0,71.97,Holt_Winters,20250109
2025-01-09,FC-West,SKU-APPR-005,9,33.32,0.0,71.97,Holt_Winters,20250109
2025-01-10,FC-West,SKU-APPR-005,10,34.04,0.0,73.16,Holt_Winters,20250110
2025-01-10,FC-West,SKU-APPR-005,10,34.04,0.0,73.16,Holt_Winters,20250110
2025-01-11,FC-West,SKU-APPR-005,11,39.25,0.0,78.82,Holt_Winters,20250111
2025-01-11,FC-West,SKU-APPR-005,11,39.25,0.0,78.82,Holt_Winters,20250111
2025-01-12,FC-West,SKU-APPR-005,12,37.75,0.0,77.77,Holt_Winters,20250112
2025-01-12,FC-West,SKU-APPR-005,12,37.75,0.0,77.77,Holt_Winters,20250112
2025-01-13,FC-West,SKU-APPR-005,13,26.69,0.0,67.16,Holt_Winters,20250113
2025-01-13,FC-West,SKU-APPR-005,13,26.69,0.0,67.16,Holt_Winters,20250113
2025-01-14,FC-West,SKU-APPR-005,14,27.65,0.0,68.57,Holt_Winters,20250114
2025-01-14,FC-West,SKU-APPR-005,14,27.65,0.0,68.57,Holt_Winters,20250114
2025-01-15,FC-West,SKU-APPR-005,15,30.6,0.0,71.96,Holt_Winters,20250115
2025-01-15,FC-West,SKU-APPR-005,15,30.6,0.0,71.96,Holt_Winters,20250115
2025-01-16,FC-West,SKU-APPR-005,16,33.33,0.0,75.14,Holt_Winters,20250116
2025-01-16,FC-West,SKU-APPR-005,16,33.33,0.0,75.14,Holt_Winters,20250116
2025-01-17,FC-West,SKU-APPR-005,17,34.05,0.0,76.29,Holt_Winters,20250117
2025-01-17,FC-West,SKU-APPR-005,17,34.05,0.0,76.29,Holt_Winters,20250117
2025-01-18,FC-West,SKU-APPR-005,18,39.25,0.0,81.9,Holt_Winters,20250118
2025-01-18,FC-West,SKU-APPR-005,18,39.25,0.0,81.9,Holt_Winters,20250118
2025-01-19,FC-West,SKU-APPR-005,19,37.76,0.0,80.84,Holt_Winters,20250119
2025-01-19,FC-West,SKU-APPR-005,19,37.76,0.0,80.84,Holt_Winters,20250119
2025-01-20,FC-West,SKU-APPR-005,20,26.69,0.0,70.18,Holt_Winters,20250120
2025-01-20,FC-West,SKU-APPR-005,20,26.69,0.0,70.18,Holt_Winters,20250120
2025-01-21,FC-West,SKU-APPR-005,21,27.66,0.0,71.56,Holt_Winters,20250121
2025-01-21,FC-West,SKU-APPR-005,21,27.66,0.0,71.56,Holt_Winters,20250121
2025-01-22,FC-West,SKU-APPR-005,22,30.6,0.0,74.92,Holt_Winters,20250122
2025-01-22,FC-West,SKU-APPR-005,22,30.6,0.0,74.92,Holt_Winters,20250122
2025-01-23,FC-West,SKU-APPR-005,23,33.33,0.0,78.06,Holt_Winters,20250123
2025-01-23,FC-West,SKU-APPR-005,23,33.33,0.0,78.06,Holt_Winters,20250123
2025-01-24,FC-West,SKU-APPR-005,24,34.05,0.0,79.17,Holt_Winters,20250124
2025-01-24,FC-West,SKU-APPR-005,24,34.05,0.0,79.17,Holt_Winters,20250124
2025-01-25,FC-West,SKU-APPR-005,25,39.25,0.0,84.78,Holt_Winters,20250125
2025-01-25,FC-West,SKU-APPR-005,25,39.25,0.0,84.78,Holt_Winters,20250125
2025-01-26,FC-West,SKU-APPR-005,26,37.76,0.0,83.68,Holt_Winters,20250126
2025-01-26,FC-West,SKU-APPR-005,26,37.76,0.0,83.68,Holt_Winters,20250126
2025-01-27,FC-West,SKU-APPR-005,27,26.69,0.0,73.0,Holt_Winters,20250127
2025-01-27,FC-West,SKU-APPR-005,27,26.69,0.0,73.0,Holt_Winters,20250127
2025-01-28,FC-West,SKU-APPR-005,28,27.66,0.0,74.37,Holt_Winters,20250128
2025-01-28,FC-West,SKU-APPR-005,28,27.66,0.0,74.37,Holt_Winters,20250128
2025-01-01,FC-West,SKU-APPR-006,1,31.46,0.0,66.17,Holt_Winters,20250101
2025-01-01,FC-West,SKU-APPR-006,1,31.46,0.0,66.17,Holt_Winters,20250101
2025-01-02,FC-West,SKU-APPR-006,2,29.22,0.0,64.44,Holt_Winters,20250102
2025-01-02,FC-West,SKU-APPR-006,2,29.22,0.0,64.44,Holt_Winters,20250102
2025-01-03,FC-West,SKU-APPR-006,3,34.71,0.0,70.44,Holt_Winters,20250103
2025-01-03,FC-West,SKU-APPR-006,3,34.71,0.0,70.44,Holt_Winters,20250103
2025-01-04,FC-West,SKU-APPR-006,4,38.5,2.26,74.74,Holt_Winters,20250104
2025-01-04,FC-West,SKU-APPR-006,4,38.5,2.26,74.74,Holt_Winters,20250104
2025-01-05,FC-West,SKU-APPR-006,5,37.81,1.08,74.54,Holt_Winters,20250105
2025-01-05,FC-West,SKU-APPR-006,5,37.81,1.08,74.54,Holt_Winters,20250105
2025-01-06,FC-West,SKU-APPR-006,6,27.73,0.0,64.95,Holt_Winters,20250106
2025-01-06,FC-West,SKU-APPR-006,6,27.73,0.0,64.95,Holt_Winters,20250106
2025-01-07,FC-West,SKU-APPR-006,7,29.07,0.0,66.78,Holt_Winters,20250107
2025-01-07,FC-West,SKU-APPR-006,7,29.07,0.0,66.78,Holt_Winters,20250107
2025-01-08,FC-West,SKU-APPR-006,8,31.53,0.0,69.71,Holt_Winters,20250108
2025-01-08,FC-West,SKU-APPR-006,8,31.53,0.0,69.71,Holt_Winters,20250108
2025-01-09,FC-West,SKU-APPR-006,9,29.29,0.0,67.94,Holt_Winters,20250109
2025-01-09,FC-West,SKU-APPR-006,9,29.29,0.0,67.94,Holt_Winters,20250109
2025-01-10,FC-West,SKU-APPR-006,10,34.78,0.0,73.9,Holt_Winters,20250110
2025-01-10,FC-West,SKU-APPR-006,10,34.78,0.0,73.9,Holt_Winters,20250110
2025-01-11,FC-West,SKU-APPR-006,11,38.57,0.0,78.14,Holt_Winters,20250111
2025-01-11,FC-West,SKU-APPR-006,11,38.57,0.0,78.14,Holt_Winters,20250111
2025-01-12,FC-West,SKU-APPR-006,12,37.88,0.0,77.9,Holt_Winters,20250112
2025-01-12,FC-West,SKU-APPR-006,12,37.88,0.0,77.9,Holt_Winters,20250112
2025-01-13,FC-West,SKU-APPR-006,13,27.8,0.0,68.27,Holt_Winters,20250113
2025-01-13,FC-West,SKU-APPR-006,13,27.8,0.0,68.27,Holt_Winters,20250113
2025-01-14,FC-West,SKU-APPR-006,14,29.14,0.0,70.06,Holt_Winters,20250114
2025-01-14,FC-West,SKU-APPR-006,14,29.14,0.0,70.06,Holt_Winters,20250114
2025-01-15,FC-West,SKU-APPR-006,15,31.6,0.0,72.96,Holt_Winters,20250115
2025-01-15,FC-West,SKU-APPR-006,15,31.6,0.0,72.96,Holt_Winters,20250115
2025-01-16,FC-West,SKU-APPR-006,16,29.36,0.0,71.17,Holt_Winters,20250116
2025-01-16,FC-West,SKU-APPR-006,16,29.36,0.0,71.17,Holt_Winters,20250116
2025-01-17,FC-West,SKU-APPR-006,17,34.85,0.0,77.09,Holt_Winters,20250117
2025-01-17,FC-West,SKU-APPR-006,17,34.85,0.0,77.09,Holt_Winters,20250117
2025-01-18,FC-West,SKU-APPR-006,18,38.64,0.0,81.29,Holt_Winters,20250118
2025-01-18,FC-West,SKU-APPR-006,18,38.64,0.0,81.29,Holt_Winters,20250118
2025-01-19,FC-West,SKU-APPR-006,19,37.95,0.0,81.03,Holt_Winters,20250119
2025-01-19,FC-West,SKU-APPR-006,19,37.95,0.0,81.03,Holt_Winters,20250119
2025-01-20,FC-West,SKU-APPR-006,20,27.87,0.0,71.36,Holt_Winters,20250120
2025-01-20,FC-West,SKU-APPR-006,20,27.87,0.0,71.36,Holt_Winters,20250120
2025-01-21,FC-West,SKU-APPR-006,21,29.21,0.0,73.11,Holt_Winters,20250121
2025-01-21,FC-West,SKU-APPR-006,21,29.21,0.0,73.11,Holt_Winters,20250121
2025-01-22,FC-West,SKU-APPR-006,22,31.67,0.0,75.99,Holt_Winters,20250122
2025-01-22,FC-West,SKU-APPR-006,22,31.67,0.0,75.99,Holt_Winters,20250122
2025-01-23,FC-West,SKU-APPR-006,23,29.43,0.0,74.16,Holt_Winters,20250123
2025-01-23,FC-West,SKU-APPR-006,23,29.43,0.0,74.16,Holt_Winters,20250123
2025-01-24,FC-West,SKU-APPR-006,24,34.92,0.0,80.04,Holt_Winters,20250124
2025-01-24,FC-West,SKU-APPR-006,24,34.92,0.0,80.04,Holt_Winters,20250124
2025-01-25,FC-West,SKU-APPR-006,25,38.71,0.0,84.24,Holt_Winters,20250125
2025-01-25,FC-West,SKU-APPR-006,25,38.71,0.0,84.24,Holt_Winters,20250125
2025-01-26,FC-West,SKU-APPR-006,26,38.02,0.0,83.94,Holt_Winters,20250126
2025-01-26,FC-West,SKU-APPR-006,26,38.02,0.0,83.94,Holt_Winters,20250126
2025-01-27,FC-West,SKU-APPR-006,27,27.94,0.0,74.25,Holt_Winters,20250127
2025-01-27,FC-West,SKU-APPR-006,27,27.94,0.0,74.25,Holt_Winters,20250127
2025-01-28,FC-West,SKU-APPR-006,28,29.28,0.0,75.99,Holt_Winters,20250128
2025-01-28,FC-West,SKU-APPR-006,28,29.28,0.0,75.99,Holt_Winters,20250128
2025-01-01,FC-West,SKU-APPR-007,1,8.44,0.0,43.15,Holt_Winters,20250101
2025-01-01,FC-West,SKU-APPR-007,1,8.44,0.0,43.15,Holt_Winters,20250101
2025-01-02,FC-West,SKU-APPR-007,2,8.3,0.0,43.52,Holt_Winters,20250102
2025-01-02,FC-West,SKU-APPR-007,2,8.3,0.0,43.52,Holt_Winters,20250102
2025-01-03,FC-West,SKU-APPR-007,3,10.76,0.0,46.49,Holt_Winters,20250103
2025-01-03,FC-West,SKU-APPR-007,3,10.76,0.0,46.49,Holt_Winters,20250103
2025-01-04,FC-West,SKU-APPR-007,4,12.07,0.0,48.31,Holt_Winters,20250104
2025-01-04,FC-West,SKU-APPR-007,4,12.07,0.0,48.31,Holt_Winters,20250104
2025-01-05,FC-West,SKU-APPR-007,5,10.28,0.0,47.01,Holt_Winters,20250105
2025-01-05,FC-West,SKU-APPR-007,5,10.28,0.0,47.01,Holt_Winters,20250105
2025-01-06,FC-West,SKU-APPR-007,6,7.39,0.0,44.61,Holt_Winters,20250106
2025-01-06,FC-West,SKU-APPR-007,6,7.39,0.0,44.61,Holt_Winters,20250106
2025-01-07,FC-West,SKU-APPR-007,7,6.93,0.0,44.64,Holt_Winters,20250107
2025-01-07,FC-West,SKU-APPR-007,7,6.93,0.0,44.64,Holt_Winters,20250107
2025-01-08,FC-West,SKU-APPR-007,8,8.4,0.0,46.58,Holt_Winters,20250108
2025-01-08,FC-West,SKU-APPR-007,8,8.4,0.0,46.58,Holt_Winters,20250108
2025-01-09,FC-West,SKU-APPR-007,9,8.25,0.0,46.9,Holt_Winters,20250109
2025-01-09,FC-West,SKU-APPR-007,9,8.25,0.0,46.9,Holt_Winters,20250109
2025-01-10,FC-West,SKU-APPR-007,10,10.71,0.0,49.83,Holt_Winters,20250110
2025-01-10,FC-West,SKU-APPR-007,10,10.71,0.0,49.83,Holt_Winters,20250110
2025-01-11,FC-West,SKU-APPR-007,11,12.02,0.0,51.59,Holt_Winters,20250111
2025-01-11,FC-West,SKU-APPR-007,11,12.02,0.0,51.59,Holt_Winters,20250111
2025-01-12,FC-West,SKU-APPR-007,12,10.23,0.0,50.25,Holt_Winters,20250112
2025-01-12,FC-West,SKU-APPR-007,12,10.23,0.0,50.25,Holt_Winters,20250112
2025-01-13,FC-West,SKU-APPR-007,13,7.35,0.0,47.82,Holt_Winters,20250113
2025-01-13,FC-West,SKU-APPR-007,13,7.35,0.0,47.82,Holt_Winters,20250113
2025-01-14,FC-West,SKU-APPR-007,14,6.88,0.0,47.8,Holt_Winters,20250114
2025-01-14,FC-West,SKU-APPR-007,14,6.88,0.0,47.8,Holt_Winters,20250114
2025-01-15,FC-West,SKU-APPR-007,15,8.35,0.0,49.71,Holt_Winters,20250115
2025-01-15,FC-West,SKU-APPR-007,15,8.35,0.0,49.71,Holt_Winters,20250115
2025-01-16,FC-West,SKU-APPR-007,16,8.21,0.0,50.02,Holt_Winters,20250116
2025-01-16,FC-West,SKU-APPR-007,16,8.21,0.0,50.02,Holt_Winters,20250116
2025-01-17,FC-West,SKU-APPR-007,17,10.67,0.0,52.91,Holt_Winters,20250117
2025-01-17,FC-West,SKU-APPR-007,17,10.67,0.0,52.91,Holt_Winters,20250117
2025-01-18,FC-West,SKU-APPR-007,18,11.98,0.0,54.63,Holt_Winters,20250118
2025-01-18,FC-West,SKU-APPR-007,18,11.98,0.0,54.63,Holt_Winters,20250118
2025-01-19,FC-West,SKU-APPR-007,19,10.19,0.0,53.27,Holt_Winters,20250119
2025-01-19,FC-West,SKU-APPR-007,19,10.19,0.0,53.27,Holt_Winters,20250119
2025-01-20,FC-West,SKU-APPR-007,20,7.3,0.0,50.79,Holt_Winters,20250120
2025-01-20,FC-West,SKU-APPR-007,20,7.3,0.0,50.79,Holt_Winters,20250120
2025-01-21,FC-West,SKU-APPR-007,21,6.84,0.0,50.74,Holt_Winters,20250121
2025-01-21,FC-West,SKU-APPR-007,21,6.84,0.0,50.74,Holt_Winters,20250121
2025-01-22,FC-West,SKU-APPR-007,22,8.31,0.0,52.63,Holt_Winters,20250122
2025-01-22,FC-West,SKU-APPR-007,22,8.31,0.0,52.63,Holt_Winters,20250122
2025-01-23,FC-West,SKU-APPR-007,23,8.16,0.0,52.89,Holt_Winters,20250123
2025-01-23,FC-West,SKU-APPR-007,23,8.16,0.0,52.89,Holt_Winters,20250123
2025-01-24,FC-West,SKU-APPR-007,24,10.62,0.0,55.74,Holt_Winters,20250124
2025-01-24,FC-West,SKU-APPR-007,24,10.62,0.0,55.74,Holt_Winters,20250124
2025-01-25,FC-West,SKU-APPR-007,25,11.93,0.0,57.46,Holt_Winters,20250125
2025-01-25,FC-West,SKU-APPR-007,25,11.93,0.0,57.46,Holt_Winters,20250125
2025-01-26,FC-West,SKU-APPR-007,26,10.14,0.0,56.06,Holt_Winters,20250126
2025-01-26,FC-West,SKU-APPR-007,26,10.14,0.0,56.06,Holt_Winters,20250126
2025-01-27,FC-West,SKU-APPR-007,27,7.26,0.0,53.57,Holt_Winters,20250127
2025-01-27,FC-West,SKU-APPR-007,27,7.26,0.0,53.57,Holt_Winters,20250127
2025-01-28,FC-West,SKU-APPR-007,28,6.79,0.0,53.5,Holt_Winters,20250128
2025-01-28,FC-West,SKU-APPR-007,28,6.79,0.0,53.5,Holt_Winters,20250128
2025-01-01,FC-West,SKU-APPR-008,1,74.27,39.56,108.98,Holt_Winters,20250101
2025-01-01,FC-West,SKU-APPR-008,1,74.27,39.56,108.98,Holt_Winters,20250101
2025-01-02,FC-West,SKU-APPR-008,2,72.52,37.3,107.74,Holt_Winters,20250102
2025-01-02,FC-West,SKU-APPR-008,2,72.52,37.3,107.74,Holt_Winters,20250102
2025-01-03,FC-West,SKU-APPR-008,3,81.37,45.64,117.1,Holt_Winters,20250103
2025-01-03,FC-West,SKU-APPR-008,3,81.37,45.64,117.1,Holt_Winters,20250103
2025-01-04,FC-West,SKU-APPR-008,4,85.2,48.96,121.44,Holt_Winters,20250104
2025-01-04,FC-West,SKU-APPR-008,4,85.2,48.96,121.44,Holt_Winters,20250104
2025-01-05,FC-West,SKU-APPR-008,5,79.45,42.72,116.18,Holt_Winters,20250105
2025-01-05,FC-West,SKU-APPR-008,5,79.45,42.72,116.18,Holt_Winters,20250105
2025-01-06,FC-West,SKU-APPR-008,6,70.9,33.68,108.12,Holt_Winters,20250106
2025-01-06,FC-West,SKU-APPR-008,6,70.9,33.68,108.12,Holt_Winters,20250106
2025-01-07,FC-West,SKU-APPR-008,7,69.64,31.93,107.35,Holt_Winters,20250107
2025-01-07,FC-West,SKU-APPR-008,7,69.64,31.93,107.35,Holt_Winters,20250107
2025-01-08,FC-West,SKU-APPR-008,8,73.9,35.72,112.08,Holt_Winters,20250108
2025-01-08,FC-West,SKU-APPR-008,8,73.9,35.72,112.08,Holt_Winters,20250108
2025-01-09,FC-West,SKU-APPR-008,9,72.15,33.5,110.8,Holt_Winters,20250109
2025-01-09,FC-West,SKU-APPR-008,9,72.15,33.5,110.8,Holt_Winters,20250109
2025-01-10,FC-West,SKU-APPR-008,10,81.01,41.89,120.13,Holt_Winters,20250110
2025-01-10,FC-West,SKU-APPR-008,10,81.01,41.89,120.13,Holt_Winters,20250110
2025-01-11,FC-West,SKU-APPR-008,11,84.83,45.26,124.4,Holt_Winters,20250111
2025-01-11,FC-West,SKU-APPR-008,11,84.83,45.26,124.4,Holt_Winters,20250111
2025-01-12,FC-West,SKU-APPR-008,12,79.09,39.07,119.11,Holt_Winters,20250112
2025-01-12,FC-West,SKU-APPR-008,12,79.09,39.07,119.11,Holt_Winters,20250112
2025-01-13,FC-West,SKU-APPR-008,13,70.54,30.07,111.01,Holt_Winters,20250113
2025-01-13,FC-West,SKU-APPR-008,13,70.54,30.07,111.01,Holt_Winters,20250113
2025-01-14,FC-West,SKU-APPR-008,14,69.28,28.36,110.2,Holt_Winters,20250114
2025-01-14,FC-West,SKU-APPR-008,14,69.28,28.36,110.2,Holt_Winters,20250114
2025-01-15,FC-West,SKU-APPR-008,15,73.54,32.18,114.9,Holt_Winters,20250115
2025-01-15,FC-West,SKU-APPR-008,15,73.54,32.18,114.9,Holt_Winters,20250115
2025-01-16,FC-West,SKU-APPR-008,16,71.79,29.98,113.6,Holt_Winters,20250116
2025-01-16,FC-West,SKU-APPR-008,16,71.79,29.98,113.6,Holt_Winters,20250116
2025-01-17,FC-West,SKU-APPR-008,17,80.64,38.4,122.88,Holt_Winters,20250117
2025-01-17,FC-West,SKU-APPR-008,17,80.64,38.4,122.88,Holt_Winters,20250117
2025-01-18,FC-West,SKU-APPR-008,18,84.47,41.82,127.12,Holt_Winters,20250118
2025-01-18,FC-West,SKU-APPR-008,18,84.47,41.82,127.12,Holt_Winters,20250118
2025-01-19,FC-West,SKU-APPR-008,19,78.72,35.64,121.8,Holt_Winters,20250119
2025-01-19,FC-West,SKU-APPR-008,19,78.72,35.64,121.8,Holt_Winters,20250119
2025-01-20,FC-West,SKU-APPR-008,20,70.17,26.68,113.66,Holt_Winters,20250120
2025-01-20,FC-West,SKU-APPR-008,20,70.17,26.68,113.66,Holt_Winters,20250120
2025-01-21,FC-West,SKU-APPR-008,21,68.91,25.01,112.81,Holt_Winters,20250121
2025-01-21,FC-West,SKU-APPR-008,21,68.91,25.01,112.81,Holt_Winters,20250121
2025-01-22,FC-West,SKU-APPR-008,22,73.17,28.85,117.49,Holt_Winters,20250122
2025-01-22,FC-West,SKU-APPR-008,22,73.17,28.85,117.49,Holt_Winters,20250122
2025-01-23,FC-West,SKU-APPR-008,23,71.42,26.69,116.15,Holt_Winters,20250123
2025-01-23,FC-West,SKU-APPR-008,23,71.42,26.69,116.15,Holt_Winters,20250123
2025-01-24,FC-West,SKU-APPR-008,24,80.28,35.16,125.4,Holt_Winters,20250124
2025-01-24,FC-West,SKU-APPR-008,24,80.28,35.16,125.4,Holt_Winters,20250124
2025-01-25,FC-West,SKU-APPR-008,25,84.1,38.57,129.63,Holt_Winters,20250125
2025-01-25,FC-West,SKU-APPR-008,25,84.1,38.57,129.63,Holt_Winters,20250125
2025-01-26,FC-West,SKU-APPR-008,26,78.36,32.44,124.28,Holt_Winters,20250126
2025-01-26,FC-West,SKU-APPR-008,26,78.36,32.44,124.28,Holt_Winters,20250126
2025-01-27,FC-West,SKU-APPR-008,27,69.81,23.5,116.12,Holt_Winters,20250127
2025-01-27,FC-West,SKU-APPR-008,27,69.81,23.5,116.12,Holt_Winters,20250127
2025-01-28,FC-West,SKU-APPR-008,28,68.55,21.84,115.26,Holt_Winters,20250128
2025-01-28,FC-West,SKU-APPR-008,28,68.55,21.84,115.26,Holt_Winters,20250128
2025-01-01,FC-West,SKU-APPR-009,1,2.97,0.0,37.68,Holt_Winters,20250101
2025-01-01,FC-West,SKU-APPR-009,1,2.97,0.0,37.68,Holt_Winters,20250101
2025-01-02,FC-West,SKU-APPR-009,2,2.89,0.0,38.11,Holt_Winters,20250102
2025-01-02,FC-West,SKU-APPR-009,2,2.89,0.0,38.11,Holt_Winters,20250102
2025-01-03,FC-West,SKU-APPR-009,3,1.95,0.0,37.68,Holt_Winters,20250103
2025-01-03,FC-West,SKU-APPR-009,3,1.95,0.0,37.68,Holt_Winters,20250103
2025-01-04,FC-West,SKU-APPR-009,4,2.63,0.0,38.87,Holt_Winters,20250104
2025-01-04,FC-West,SKU-APPR-009,4,2.63,0.0,38.87,Holt_Winters,20250104
2025-01-05,FC-West,SKU-APPR-009,5,2.46,0.0,39.19,Holt_Winters,20250105
2025-01-05,FC-West,SKU-APPR-009,5,2.46,0.0,39.19,Holt_Winters,20250105
2025-01-06,FC-West,SKU-APPR-009,6,2.29,0.0,39.51,Holt_Winters,20250106
2025-01-06,FC-West,SKU-APPR-009,6,2.29,0.0,39.51,Holt_Winters,20250106
2025-01-07,FC-West,SKU-APPR-009,7,2.23,0.0,39.94,Holt_Winters,20250107
2025-01-07,FC-West,SKU-APPR-009,7,2.23,0.0,39.94,Holt_Winters,20250107
2025-01-08,FC-West,SKU-APPR-009,8,2.97,0.0,41.15,Holt_Winters,20250108
2025-01-08,FC-West,SKU-APPR-009,8,2.97,0.0,41.15,Holt_Winters,20250108
2025-01-09,FC-West,SKU-APPR-009,9,2.89,0.0,41.54,Holt_Winters,20250109
2025-01-09,FC-West,SKU-APPR-009,9,2.89,0.0,41.54,Holt_Winters,20250109
2025-01-10,FC-West,SKU-APPR-009,10,1.95,0.0,41.07,Holt_Winters,20250110
2025-01-10,FC-West,SKU-APPR-009,10,1.95,0.0,41.07,Holt_Winters,20250110
2025-01-11,FC-West,SKU-APPR-009,11,2.63,0.0,42.2,Holt_Winters,20250111
2025-01-11,FC-West,SKU-APPR-009,11,2.63,0.0,42.2,Holt_Winters,20250111
2025-01-12,FC-West,SKU-APPR-009,12,2.47,0.0,42.49,Holt_Winters,20250112
2025-01-12,FC-West,SKU-APPR-009,12,2.47,0.0,42.49,Holt_Winters,20250112
2025-01-13,FC-West,SKU-APPR-009,13,2.3,0.0,42.77,Holt_Winters,20250113
2025-01-13,FC-West,SKU-APPR-009,13,2.3,0.0,42.77,Holt_Winters,20250113
2025-01-14,FC-West,SKU-APPR-009,14,2.23,0.0,43.15,Holt_Winters,20250114
2025-01-14,FC-West,SKU-APPR-009,14,2.23,0.0,43.15,Holt_Winters,20250114
2025-01-15,FC-West,SKU-APPR-009,15,2.97,0.0,44.33,Holt_Winters,20250115
2025-01-15,FC-West,SKU-APPR-009,15,2.97,0.0,44.33,Holt_Winters,20250115
2025-01-16,FC-West,SKU-APPR-009,16,2.9,0.0,44.71,Holt_Winters,20250116
2025-01-16,FC-West,SKU-APPR-009,16,2.9,0.0,44.71,Holt_Winters,20250116
2025-01-17,FC-West,SKU-APPR-009,17,1.95,0.0,44.19,Holt_Winters,20250117
2025-01-17,FC-West,SKU-APPR-009,17,1.95,0.0,44.19,Holt_Winters,20250117
2025-01-18,FC-West,SKU-APPR-009,18,2.64,0.0,45.29,Holt_Winters,20250118
2025-01-18,FC-West,SKU-APPR-009,18,2.64,0.0,45.29,Holt_Winters,20250118
2025-01-19,FC-West,SKU-APPR-009,19,2.47,0.0,45.55,Holt_Winters,20250119
2025-01-19,FC-West,SKU-APPR-009,19,2.47,0.0,45.55,Holt_Winters,20250119
2025-01-20,FC-West,SKU-APPR-009,20,2.3,0.0,45.79,Holt_Winters,20250120
2025-01-20,FC-West,SKU-APPR-009,20,2.3,0.0,45.79,Holt_Winters,20250120
2025-01-21,FC-West,SKU-APPR-009,21,2.23,0.0,46.13,Holt_Winters,20250121
2025-01-21,FC-West,SKU-APPR-009,21,2.23,0.0,46.13,Holt_Winters,20250121
2025-01-22,FC-West,SKU-APPR-009,22,2.98,0.0,47.3,Holt_Winters,20250122
2025-01-22,FC-West,SKU-APPR-009,22,2.98,0.0,47.3,Holt_Winters,20250122
2025-01-23,FC-West,SKU-APPR-009,23,2.9,0.0,47.63,Holt_Winters,20250123
2025-01-23,FC-West,SKU-APPR-009,23,2.9,0.0,47.63,Holt_Winters,20250123
2025-01-24,FC-West,SKU-APPR-009,24,1.96,0.0,47.08,Holt_Winters,20250124
2025-01-24,FC-West,SKU-APPR-009,24,1.96,0.0,47.08,Holt_Winters,20250124
2025-01-25,FC-West,SKU-APPR-009,25,2.64,0.0,48.17,Holt_Winters,20250125
2025-01-25,FC-West,SKU-APPR-009,25,2.64,0.0,48.17,Holt_Winters,20250125
2025-01-26,FC-West,SKU-APPR-009,26,2.48,0.0,48.4,Holt_Winters,20250126
2025-01-26,FC-West,SKU-APPR-009,26,2.48,0.0,48.4,Holt_Winters,20250126
2025-01-27,FC-West,SKU-APPR-009,27,2.3,0.0,48.61,Holt_Winters,20250127
2025-01-27,FC-West,SKU-APPR-009,27,2.3,0.0,48.61,Holt_Winters,20250127
2025-01-28,FC-West,SKU-APPR-009,28,2.24,0.0,48.95,Holt_Winters,20250128
2025-01-28,FC-West,SKU-APPR-009,28,2.24,0.0,48.95,Holt_Winters,20250128
2025-01-01,FC-West,SKU-APPR-010,1,5.35,0.0,40.06,Holt_Winters,20250101
2025-01-01,FC-West,SKU-APPR-010,1,5.35,0.0,40.06,Holt_Winters,20250101
2025-01-02,FC-West,SKU-APPR-010,2,5.44,0.0,40.66,Holt_Winters,20250102
2025-01-02,FC-West,SKU-APPR-010,2,5.44,0.0,40.66,Holt_Winters,20250102
2025-01-03,FC-West,SKU-APPR-010,3,6.7,0.0,42.43,Holt_Winters,20250103
2025-01-03,FC-West,SKU-APPR-010,3,6.7,0.0,42.43,Holt_Winters,20250103
2025-01-04,FC-West,SKU-APPR-010,4,8.41,0.0,44.65,Holt_Winters,20250104
2025-01-04,FC-West,SKU-APPR-010,4,8.41,0.0,44.65,Holt_Winters,20250104
2025-01-05,FC-West,SKU-APPR-010,5,8.08,0.0,44.81,Holt_Winters,20250105
2025-01-05,FC-West,SKU-APPR-010,5,8.08,0.0,44.81,Holt_Winters,20250105
2025-01-06,FC-West,SKU-APPR-010,6,6.03,0.0,43.25,Holt_Winters,20250106
2025-01-06,FC-West,SKU-APPR-010,6,6.03,0.0,43.25,Holt_Winters,20250106
2025-01-07,FC-West,SKU-APPR-010,7,5.98,0.0,43.69,Holt_Winters,20250107
2025-01-07,FC-West,SKU-APPR-010,7,5.98,0.0,43.69,Holt_Winters,20250107
2025-01-08,FC-West,SKU-APPR-010,8,5.36,0.0,43.54,Holt_Winters,20250108
2025-01-08,FC-West,SKU-APPR-010,8,5.36,0.0,43.54,Holt_Winters,20250108
2025-01-09,FC-West,SKU-APPR-010,9,5.45,0.0,44.1,Holt_Winters,20250109
2025-01-09,FC-West,SKU-APPR-010,9,5.45,0.0,44.1,Holt_Winters,20250109
2025-01-10,FC-West,SKU-APPR-010,10,6.7,0.0,45.82,Holt_Winters,20250110
2025-01-10,FC-West,SKU-APPR-010,10,6.7,0.0,45.82,Holt_Winters,20250110
2025-01-11,FC-West,SKU-APPR-010,11,8.42,0.0,47.99,Holt_Winters,20250111
2025-01-11,FC-West,SKU-APPR-010,11,8.42,0.0,47.99,Holt_Winters,20250111
2025-01-12,FC-West,SKU-APPR-010,12,8.09,0.0,48.11,Holt_Winters,20250112
2025-01-12,FC-West,SKU-APPR-010,12,8.09,0.0,48.11,Holt_Winters,20250112
2025-01-13,FC-West,SKU-APPR-010,13,6.04,0.0,46.51,Holt_Winters,20250113
2025-01-13,FC-West,SKU-APPR-010,13,6.04,0.0,46.51,Holt_Winters,20250113
2025-01-14,FC-West,SKU-APPR-010,14,5.99,0.0,46.91,Holt_Winters,20250114
2025-01-14,FC-West,SKU-APPR-010,14,5.99,0.0,46.91,Holt_Winters,20250114
2025-01-15,FC-West,SKU-APPR-010,15,5.37,0.0,46.73,Holt_Winters,20250115
2025-01-15,FC-West,SKU-APPR-010,15,5.37,0.0,46.73,Holt_Winters,20250115
2025-01-16,FC-West,SKU-APPR-010,16,5.46,0.0,47.27,Holt_Winters,20250116
2025-01-16,FC-West,SKU-APPR-010,16,5.46,0.0,47.27,Holt_Winters,20250116
2025-01-17,FC-West,SKU-APPR-010,17,6.71,0.0,48.95,Holt_Winters,20250117
2025-01-17,FC-West,SKU-APPR-010,17,6.71,0.0,48.95,Holt_Winters,20250117
2025-01-18,FC-West,SKU-APPR-010,18,8.43,0.0,51.08,Holt_Winters,20250118
2025-01-18,FC-West,SKU-APPR-010,18,8.43,0.0,51.08,Holt_Winters,20250118
2025-01-19,FC-West,SKU-APPR-010,19,8.1,0.0,51.18,Holt_Winters,20250119
2025-01-19,FC-West,SKU-APPR-010,19,8.1,0.0,51.18,Holt_Winters,20250119
2025-01-20,FC-West,SKU-APPR-010,20,6.05,0.0,49.54,Holt_Winters,20250120
2025-01-20,FC-West,SKU-APPR-010,20,6.05,0.0,49.54,Holt_Winters,20250120
2025-01-21,FC-West,SKU-APPR-010,21,6.0,0.0,49.9,Holt_Winters,20250121
2025-01-21,FC-West,SKU-APPR-010,21,6.0,0.0,49.9,Holt_Winters,20250121
2025-01-22,FC-West,SKU-APPR-010,22,5.38,0.0,49.7,Holt_Winters,20250122
2025-01-22,FC-West,SKU-APPR-010,22,5.38,0.0,49.7,Holt_Winters,20250122
2025-01-23,FC-West,SKU-APPR-010,23,5.47,0.0,50.2,Holt_Winters,20250123
2025-01-23,FC-West,SKU-APPR-010,23,5.47,0.0,50.2,Holt_Winters,20250123
2025-01-24,FC-West,SKU-APPR-010,24,6.72,0.0,51.84,Holt_Winters,20250124
2025-01-24,FC-West,SKU-APPR-010,24,6.72,0.0,51.84,Holt_Winters,20250124
2025-01-25,FC-West,SKU-APPR-010,25,8.43,0.0,53.96,Holt_Winters,20250125
2025-01-25,FC-West,SKU-APPR-010,25,8.43,0.0,53.96,Holt_Winters,20250125
2025-01-26,FC-West,SKU-APPR-010,26,8.11,0.0,54.03,Holt_Winters,20250126
2025-01-26,FC-West,SKU-APPR-010,26,8.11,0.0,54.03,Holt_Winters,20250126
2025-01-27,FC-West,SKU-APPR-010,27,6.06,0.0,52.37,Holt_Winters,20250127
2025-01-27,FC-West,SKU-APPR-010,27,6.06,0.0,52.37,Holt_Winters,20250127
2025-01-28,FC-West,SKU-APPR-010,28,6.01,0.0,52.72,Holt_Winters,20250128
2025-01-28,FC-West,SKU-APPR-010,28,6.01,0.0,52.72,Holt_Winters,20250128
2025-01-01,FC-West,SKU-ELEC-001,1,34.07,0.0,68.78,Holt_Winters,20250101
2025-01-01,FC-West,SKU-ELEC-001,1,34.07,0.0,68.78,Holt_Winters,20250101
2025-01-02,FC-West,SKU-ELEC-001,2,35.88,0.66,71.1,Holt_Winters,20250102
2025-01-02,FC-West,SKU-ELEC-001,2,35.88,0.66,71.1,Holt_Winters,20250102
2025-01-03,FC-West,SKU-ELEC-001,3,41.09,5.36,76.82,Holt_Winters,20250103
2025-01-03,FC-West,SKU-ELEC-001,3,41.09,5.36,76.82,Holt_Winters,20250103
2025-01-04,FC-West,SKU-ELEC-001,4,44.07,7.83,80.31,Holt_Winters,20250104
2025-01-04,FC-West,SKU-ELEC-001,4,44.07,7.83,80.31,Holt_Winters,20250104
2025-01-05,FC-West,SKU-ELEC-001,5,39.33,2.6,76.06,Holt_Winters,20250105
2025-01-05,FC-West,SKU-ELEC-001,5,39.33,2.6,76.06,Holt_Winters,20250105
2025-01-06,FC-West,SKU-ELEC-001,6,32.54,0.0,69.76,Holt_Winters,20250106
2025-01-06,FC-West,SKU-ELEC-001,6,32.54,0.0,69.76,Holt_Winters,20250106
2025-01-07,FC-West,SKU-ELEC-001,7,33.63,0.0,71.34,Holt_Winters,20250107
2025-01-07,FC-West,SKU-ELEC-001,7,33.63,0.0,71.34,Holt_Winters,20250107
2025-01-08,FC-West,SKU-ELEC-001,8,34.18,0.0,72.36,Holt_Winters,20250108
2025-01-08,FC-West,SKU-ELEC-001,8,34.18,0.0,72.36,Holt_Winters,20250108
2025-01-09,FC-West,SKU-ELEC-001,9,35.99,0.0,74.64,Holt_Winters,20250109
2025-01-09,FC-West,SKU-ELEC-001,9,35.99,0.0,74.64,Holt_Winters,20250109
2025-01-10,FC-West,SKU-ELEC-001,10,41.2,2.08,80.32,Holt_Winters,20250110
2025-01-10,FC-West,SKU-ELEC-001,10,41.2,2.08,80.32,Holt_Winters,20250110
2025-01-11,FC-West,SKU-ELEC-001,11,44.18,4.61,83.75,Holt_Winters,20250111
2025-01-11,FC-West,SKU-ELEC-001,11,44.18,4.61,83.75,Holt_Winters,20250111
2025-01-12,FC-West,SKU-ELEC-001,12,39.45,0.0,79.47,Holt_Winters,20250112
2025-01-12,FC-West,SKU-ELEC-001,12,39.45,0.0,79.47,Holt_Winters,20250112
2025-01-13,FC-West,SKU-ELEC-001,13,32.65,0.0,73.12,Holt_Winters,20250113
2025-01-13,FC-West,SKU-ELEC-001,13,32.65,0.0,73.12,Holt_Winters,20250113
2025-01-14,FC-West,SKU-ELEC-001,14,33.74,0.0,74.66,Holt_Winters,20250114
2025-01-14,FC-West,SKU-ELEC-001,14,33.74,0.0,74.66,Holt_Winters,20250114
2025-01-15,FC-West,SKU-ELEC-001,15,34.29,0.0,75.65,Holt_Winters,20250115
2025-01-15,FC-West,SKU-ELEC-001,15,34.29,0.0,75.65,Holt_Winters,20250115
2025-01-16,FC-West,SKU-ELEC-001,16,36.11,0.0,77.92,Holt_Winters,20250116
2025-01-16,FC-West,SKU-ELEC-001,16,36.11,0.0,77.92,Holt_Winters,20250116
2025-01-17,FC-West,SKU-ELEC-001,17,41.32,0.0,83.56,Holt_Winters,20250117
2025-01-17,FC-West,SKU-ELEC-001,17,41.32,0.0,83.56,Holt_Winters,20250117
2025-01-18,FC-West,SKU-ELEC-001,18,44.29,1.64,86.94,Holt_Winters,20250118
2025-01-18,FC-West,SKU-ELEC-001,18,44.29,1.64,86.94,Holt_Winters,20250118
2025-01-19,FC-West,SKU-ELEC-001,19,39.56,0.0,82.64,Holt_Winters,20250119
2025-01-19,FC-West,SKU-ELEC-001,19,39.56,0.0,82.64,Holt_Winters,20250119
2025-01-20,FC-West,SKU-ELEC-001,20,32.77,0.0,76.26,Holt_Winters,20250120
2025-01-20,FC-West,SKU-ELEC-001,20,32.77,0.0,76.26,Holt_Winters,20250120
2025-01-21,FC-West,SKU-ELEC-001,21,33.86,0.0,77.76,Holt_Winters,20250121
2025-01-21,FC-West,SKU-ELEC-001,21,33.86,0.0,77.76,Holt_Winters,20250121
2025-01-22,FC-West,SKU-ELEC-001,22,34.41,0.0,78.73,Holt_Winters,20250122
2025-01-22,FC-West,SKU-ELEC-001,22,34.41,0.0,78.73,Holt_Winters,20250122
2025-01-23,FC-West,SKU-ELEC-001,23,36.22,0.0,80.95,Holt_Winters,20250123
2025-01-23,FC-West,SKU-ELEC-001,23,36.22,0.0,80.95,Holt_Winters,20250123
2025-01-24,FC-West,SKU-ELEC-001,24,41.43,0.0,86.55,Holt_Winters,20250124
2025-01-24,FC-West,SKU-ELEC-001,24,41.43,0.0,86.55,Holt_Winters,20250124
2025-01-25,FC-West,SKU-ELEC-001,25,44.41,0.0,89.94,Holt_Winters,20250125
2025-01-25,FC-West,SKU-ELEC-001,25,44.41,0.0,89.94,Holt_Winters,20250125
2025-01-26,FC-West,SKU-ELEC-001,26,39.67,0.0,85.59,Holt_Winters,20250126
2025-01-26,FC-West,SKU-ELEC-001,26,39.67,0.0,85.59,Holt_Winters,20250126
2025-01-27,FC-West,SKU-ELEC-001,27,32.88,0.0,79.19,Holt_Winters,20250127
2025-01-27,FC-West,SKU-ELEC-001,27,32.88,0.0,79.19,Holt_Winters,20250127
2025-01-28,FC-West,SKU-ELEC-001,28,33.97,0.0,80.68,Holt_Winters,20250128
2025-01-28,FC-West,SKU-ELEC-001,28,33.97,0.0,80.68,Holt_Winters,20250128
2025-01-01,FC-West,SKU-ELEC-002,1,41.17,6.46,75.88,Holt_Winters,20250101
2025-01-01,FC-West,SKU-ELEC-002,1,41.17,6.46,75.88,Holt_Winters,20250101
2025-01-02,FC-West,SKU-ELEC-002,2,42.33,7.11,77.55,Holt_Winters,20250102
2025-01-02,FC-West,SKU-ELEC-002,2,42.33,7.11,77.55,Holt_Winters,20250102
2025-01-03,FC-West,SKU-ELEC-002,3,48.18,12.45,83.91,Holt_Winters,20250103
2025-01-03,FC-West,SKU-ELEC-002,3,48.18,12.45,83.91,Holt_Winters,20250103
2025-01-04,FC-West,SKU-ELEC-002,4,54.69,18.45,90.93,Holt_Winters,20250104
2025-01-04,FC-West,SKU-ELEC-002,4,54.69,18.45,90.93,Holt_Winters,20250104
2025-01-05,FC-West,SKU-ELEC-002,5,49.58,12.85,86.31,Holt_Winters,20250105
2025-01-05,FC-West,SKU-ELEC-002,5,49.58,12.85,86.31,Holt_Winters,20250105
2025-01-06,FC-West,SKU-ELEC-002,6,38.43,1.21,75.65,Holt_Winters,20250106
2025-01-06,FC-West,SKU-ELEC-002,6,38.43,1.21,75.65,Holt_Winters,20250106
2025-01-07,FC-West,SKU-ELEC-002,7,39.85,2.14,77.56,Holt_Winters,20250107
2025-01-07,FC-West,SKU-ELEC-002,7,39.85,2.14,77.56,Holt_Winters,20250107
2025-01-08,FC-West,SKU-ELEC-002,8,41.18,3.0,79.36,Holt_Winters,20250108
2025-01-08,FC-West,SKU-ELEC-002,8,41.18,3.0,79.36,Holt_Winters,20250108
2025-01-09,FC-West,SKU-ELEC-002,9,42.34,3.69,80.99,Holt_Winters,20250109
2025-01-09,FC-West,SKU-ELEC-002,9,42.34,3.69,80.99,Holt_Winters,20250109
2025-01-10,FC-West,SKU-ELEC-002,10,48.19,9.07,87.31,Holt_Winters,20250110
2025-01-10,FC-West,SKU-ELEC-002,10,48.19,9.07,87.31,Holt_Winters,20250110
2025-01-11,FC-West,SKU-ELEC-002,11,54.7,15.13,94.27,Holt_Winters,20250111
2025-01-11,FC-West,SKU-ELEC-002,11,54.7,15.13,94.27,Holt_Winters,20250111
2025-01-12,FC-West,SKU-ELEC-002,12,49.59,9.57,89.61,Holt_Winters,20250112
2025-01-12,FC-West,SKU-ELEC-002,12,49.59,9.57,89.61,Holt_Winters,20250112
2025-01-13,FC-West,SKU-ELEC-002,13,38.44,0.0,78.91,Holt_Winters,20250113
2025-01-13,FC-West,SKU-ELEC-002,13,38.44,0.0,78.91,Holt_Winters,20250113
2025-01-14,FC-West,SKU-ELEC-002,14,39.86,0.0,80.78,Holt_Winters,20250114
2025-01-14,FC-West,SKU-ELEC-002,14,39.86,0.0,80.78,Holt_Winters,20250114
2025-01-15,FC-West,SKU-ELEC-002,15,41.19,0.0,82.55,Holt_Winters,20250115
2025-01-15,FC-West,SKU-ELEC-002,15,41.19,0.0,82.55,Holt_Winters,20250115
2025-01-16,FC-West,SKU-ELEC-002,16,42.35,0.54,84.16,Holt_Winters,20250116
2025-01-16,FC-West,SKU-ELEC-002,16,42.35,0.54,84.16,Holt_Winters,20250116
2025-01-17,FC-West,SKU-ELEC-002,17,48.2,5.96,90.44,Holt_Winters,20250117
2025-01-17,FC-West,SKU-ELEC-002,17,48.2,5.96,90.44,Holt_Winters,20250117
2025-01-18,FC-West,SKU-ELEC-002,18,54.71,12.06,97.36,Holt_Winters,20250118
2025-01-18,FC-West,SKU-ELEC-002,18,54.71,12.06,97.36,Holt_Winters,20250118
2025-01-19,FC-West,SKU-ELEC-002,19,49.6,6.52,92.68,Holt_Winters,20250119
2025-01-19,FC-West,SKU-ELEC-002,19,49.6,6.52,92.68,Holt_Winters,20250119
2025-01-20,FC-West,SKU-ELEC-002,20,38.45,0.0,81.94,Holt_Winters,20250120
2025-01-20,FC-West,SKU-ELEC-002,20,38.45,0.0,81.94,Holt_Winters,20250120
2025-01-21,FC-West,SKU-ELEC-002,21,39.87,0.0,83.77,Holt_Winters,20250121
2025-01-21,FC-West,SKU-ELEC-002,21,39.87,0.0,83.77,Holt_Winters,20250121
2025-01-22,FC-West,SKU-ELEC-002,22,41.2,0.0,85.52,Holt_Winters,20250122
2025-01-22,FC-West,SKU-ELEC-002,22,41.2,0.0,85.52,Holt_Winters,20250122
2025-01-23,FC-West,SKU-ELEC-002,23,42.36,0.0,87.09,Holt_Winters,20250123
2025-01-23,FC-West,SKU-ELEC-002,23,42.36,0.0,87.09,Holt_Winters,20250123
2025-01-24,FC-West,SKU-ELEC-002,24,48.21,3.09,93.33,Holt_Winters,20250124
2025-01-24,FC-West,SKU-ELEC-002,24,48.21,3.09,93.33,Holt_Winters,20250124
2025-01-25,FC-West,SKU-ELEC-002,25,54.72,9.19,100.25,Holt_Winters,20250125
2025-01-25,FC-West,SKU-ELEC-002,25,54.72,9.19,100.25,Holt_Winters,20250125
2025-01-26,FC-West,SKU-ELEC-002,26,49.61,3.69,95.53,Holt_Winters,20250126
2025-01-26,FC-West,SKU-ELEC-002,26,49.61,3.69,95.53,Holt_Winters,20250126
2025-01-27,FC-West,SKU-ELEC-002,27,38.46,0.0,84.77,Holt_Winters,20250127
2025-01-27,FC-West,SKU-ELEC-002,27,38.46,0.0,84.77,Holt_Winters,20250127
2025-01-28,FC-West,SKU-ELEC-002,28,39.88,0.0,86.59,Holt_Winters,20250128
2025-01-28,FC-West,SKU-ELEC-002,28,39.88,0.0,86.59,Holt_Winters,20250128
2025-01-01,FC-West,SKU-ELEC-003,1,21.06,0.0,55.77,Holt_Winters,20250101
2025-01-01,FC-West,SKU-ELEC-003,1,21.06,0.0,55.77,Holt_Winters,20250101
2025-01-02,FC-West,SKU-ELEC-003,2,22.93,0.0,58.15,Holt_Winters,20250102
2025-01-02,FC-West,SKU-ELEC-003,2,22.93,0.0,58.15,Holt_Winters,20250102
2025-01-03,FC-West,SKU-ELEC-003,3,24.24,0.0,59.97,Holt_Winters,20250103
2025-01-03,FC-West,SKU-ELEC-003,3,24.24,0.0,59.97,Holt_Winters,20250103
2025-01-04,FC-West,SKU-ELEC-003,4,26.93,0.0,63.17,Holt_Winters,20250104
2025-01-04,FC-West,SKU-ELEC-003,4,26.93,0.0,63.17,Holt_Winters,20250104
2025-01-05,FC-West,SKU-ELEC-003,5,25.38,0.0,62.11,Holt_Winters,20250105
2025-01-05,FC-West,SKU-ELEC-003,5,25.38,0.0,62.11,Holt_Winters,20250105
2025-01-06,FC-West,SKU-ELEC-003,6,20.25,0.0,57.47,Holt_Winters,20250106
2025-01-06,FC-West,SKU-ELEC-003,6,20.25,0.0,57.47,Holt_Winters,20250106
2025-01-07,FC-West,SKU-ELEC-003,7,20.6,0.0,58.31,Holt_Winters,20250107
2025-01-07,FC-West,SKU-ELEC-003,7,20.6,0.0,58.31,Holt_Winters,20250107
2025-01-08,FC-West,SKU-ELEC-003,8,21.12,0.0,59.3,Holt_Winters,20250108
2025-01-08,FC-West,SKU-ELEC-003,8,21.12,0.0,59.3,Holt_Winters,20250108
2025-01-09,FC-West,SKU-ELEC-003,9,23.0,0.0,61.65,Holt_Winters,20250109
2025-01-09,FC-West,SKU-ELEC-003,9,23.0,0.0,61.65,Holt_Winters,20250109
2025-01-10,FC-West,SKU-ELEC-003,10,24.3,0.0,63.42,Holt_Winters,20250110
2025-01-10,FC-West,SKU-ELEC-003,10,24.3,0.0,63.42,Holt_Winters,20250110
2025-01-11,FC-West,SKU-ELEC-003,11,27.0,0.0,66.57,Holt_Winters,20250111
2025-01-11,FC-West,SKU-ELEC-003,11,27.0,0.0,66.57,Holt_Winters,20250111
2025-01-12,FC-West,SKU-ELEC-003,12,25.45,0.0,65.47,Holt_Winters,20250112
2025-01-12,FC-West,SKU-ELEC-003,12,25.45,0.0,65.47,Holt_Winters,20250112
2025-01-13,FC-West,SKU-ELEC-003,13,20.31,0.0,60.78,Holt_Winters,20250113
2025-01-13,FC-West,SKU-ELEC-003,13,20.31,0.0,60.78,Holt_Winters,20250113
2025-01-14,FC-West,SKU-ELEC-003,14,20.66,0.0,61.58,Holt_Winters,20250114
2025-01-14,FC-West,SKU-ELEC-003,14,20.66,0.0,61.58,Holt_Winters,20250114
2025-01-15,FC-West,SKU-ELEC-003,15,21.19,0.0,62.55,Holt_Winters,20250115
2025-01-15,FC-West,SKU-ELEC-003,15,21.19,0.0,62.55,Holt_Winters,20250115
2025-01-16,FC-West,SKU-ELEC-003,16,23.06,0.0,64.87,Holt_Winters,20250116
2025-01-16,FC-West,SKU-ELEC-003,16,23.06,0.0,64.87,Holt_Winters,20250116
2025-01-17,FC-West,SKU-ELEC-003,17,24.37,0.0,66.61,Holt_Winters,20250117
2025-01-17,FC-West,SKU-ELEC-003,17,24.37,0.0,66.61,Holt_Winters,20250117
2025-01-18,FC-West,SKU-ELEC-003,18,27.06,0.0,69.71,Holt_Winters,20250118
2025-01-18,FC-West,SKU-ELEC-003,18,27.06,0.0,69.71,Holt_Winters,20250118
2025-01-19,FC-West,SKU-ELEC-003,19,25.51,0.0,68.59,Holt_Winters,20250119
2025-01-19,FC-West,SKU-ELEC-003,19,25.51,0.0,68.59,Holt_Winters,20250119
2025-01-20,FC-West,SKU-ELEC-003,20,20.37,0.0,63.86,Holt_Winters,20250120
2025-01-20,FC-West,SKU-ELEC-003,20,20.37,0.0,63.86,Holt_Winters,20250120
2025-01-21,FC-West,SKU-ELEC-003,21,20.73,0.0,64.63,Holt_Winters,20250121
2025-01-21,FC-West,SKU-ELEC-003,21,20.73,0.0,64.63,Holt_Winters,20250121
2025-01-22,FC-West,SKU-ELEC-003,22,21.25,0.0,65.57,Holt_Winters,20250122
2025-01-22,FC-West,SKU-ELEC-003,22,21.25,0.0,65.57,Holt_Winters,20250122
2025-01-23,FC-West,SKU-ELEC-003,23,23.13,0.0,67.86,Holt_Winters,20250123
2025-01-23,FC-West,SKU-ELEC-003,23,23.13,0.0,67.86,Holt_Winters,20250123
2025-01-24,FC-West,SKU-ELEC-003,24,24.43,0.0,69.55,Holt_Winters,20250124
2025-01-24,FC-West,SKU-ELEC-003,24,24.43,0.0,69.55,Holt_Winters,20250124
2025-01-25,FC-West,SKU-ELEC-003,25,27.13,0.0,72.66,Holt_Winters,20250125
2025-01-25,FC-West,SKU-ELEC-003,25,27.13,0.0,72.66,Holt_Winters,20250125
2025-01-26,FC-West,SKU-ELEC-003,26,25.58,0.0,71.5,Holt_Winters,20250126
2025-01-26,FC-West,SKU-ELEC-003,26,25.58,0.0,71.5,Holt_Winters,20250126
2025-01-27,FC-West,SKU-ELEC-003,27,20.44,0.0,66.75,Holt_Winters,20250127
2025-01-27,FC-West,SKU-ELEC-003,27,20.44,0.0,66.75,Holt_Winters,20250127
2025-01-28,FC-West,SKU-ELEC-003,28,20.79,0.0,67.5,Holt_Winters,20250128
2025-01-28,FC-West,SKU-ELEC-003,28,20.79,0.0,67.5,Holt_Winters,20250128
2025-01-01,FC-West,SKU-ELEC-004,1,47.97,13.26,82.68,Holt_Winters,20250101
2025-01-01,FC-West,SKU-ELEC-004,1,47.97,13.26,82.68,Holt_Winters,20250101
2025-01-02,FC-West,SKU-ELEC-004,2,50.19,14.97,85.41,Holt_Winters,20250102
2025-01-02,FC-West,SKU-ELEC-004,2,50.19,14.97,85.41,Holt_Winters,20250102
2025-01-03,FC-West,SKU-ELEC-004,3,56.3,20.57,92.03,Holt_Winters,20250103
2025-01-03,FC-West,SKU-ELEC-004,3,56.3,20.57,92.03,Holt_Winters,20250103
2025-01-04,FC-West,SKU-ELEC-004,4,67.88,31.64,104.12,Holt_Winters,20250104
2025-01-04,FC-West,SKU-ELEC-004,4,67.88,31.64,104.12,Holt_Winters,20250104
2025-01-05,FC-West,SKU-ELEC-004,5,58.93,22.2,95.66,Holt_Winters,20250105
2025-01-05,FC-West,SKU-ELEC-004,5,58.93,22.2,95.66,Holt_Winters,20250105
2025-01-06,FC-West,SKU-ELEC-004,6,46.18,8.96,83.4,Holt_Winters,20250106
2025-01-06,FC-West,SKU-ELEC-004,6,46.18,8.96,83.4,Holt_Winters,20250106
2025-01-07,FC-West,SKU-ELEC-004,7,46.01,8.3,83.72,Holt_Winters,20250107
2025-01-07,FC-West,SKU-ELEC-004,7,46.01,8.3,83.72,Holt_Winters,20250107
2025-01-08,FC-West,SKU-ELEC-004,8,47.97,9.79,86.15,Holt_Winters,20250108
2025-01-08,FC-West,SKU-ELEC-004,8,47.97,9.79,86.15,Holt_Winters,20250108
2025-01-09,FC-West,SKU-ELEC-004,9,50.18,11.53,88.83,Holt_Winters,20250109
2025-01-09,FC-West,SKU-ELEC-004,9,50.18,11.53,88.83,Holt_Winters,20250109
2025-01-10,FC-West,SKU-ELEC-004,10,56.3,17.18,95.42,Holt_Winters,20250110
2025-01-10,FC-West,SKU-ELEC-004,10,56.3,17.18,95.42,Holt_Winters,20250110
2025-01-11,FC-West,SKU-ELEC-004,11,67.88,28.31,107.45,Holt_Winters,20250111
2025-01-11,FC-West,SKU-ELEC-004,11,67.88,28.31,107.45,Holt_Winters,20250111
2025-01-12,FC-West,SKU-ELEC-004,12,58.92,18.9,98.94,Holt_Winters,20250112
2025-01-12,FC-West,SKU-ELEC-004,12,58.92,18.9,98.94,Holt_Winters,20250112
2025-01-13,FC-West,SKU-ELEC-004,13,46.18,5.71,86.65,Holt_Winters,20250113
2025-01-13,FC-West,SKU-ELEC-004,13,46.18,5.71,86.65,Holt_Winters,20250113
2025-01-14,FC-West,SKU-ELEC-004,14,46.01,5.09,86.93,Holt_Winters,20250114
2025-01-14,FC-West,SKU-ELEC-004,14,46.01,5.09,86.93,Holt_Winters,20250114
2025-01-15,FC-West,SKU-ELEC-004,15,47.97,6.61,89.33,Holt_Winters,20250115
2025-01-15,FC-West,SKU-ELEC-004,15,47.97,6.61,89.33,Holt_Winters,20250115
2025-01-16,FC-West,SKU-ELEC-004,16,50.18,8.37,91.99,Holt_Winters,20250116
2025-01-16,FC-West,SKU-ELEC-004,16,50.18,8.37,91.99,Holt_Winters,20250116
2025-01-17,FC-West,SKU-ELEC-004,17,56.3,14.06,98.54,Holt_Winters,20250117
2025-01-17,FC-West,SKU-ELEC-004,17,56.3,14.06,98.54,Holt_Winters,20250117
2025-01-18,FC-West,SKU-ELEC-004,18,67.88,25.23,110.53,Holt_Winters,20250118
2025-01-18,FC-West,SKU-ELEC-004,18,67.88,25.23,110.53,Holt_Winters,20250118
2025-01-19,FC-West,SKU-ELEC-004,19,58.92,15.84,102.0,Holt_Winters,20250119
2025-01-19,FC-West,SKU-ELEC-004,19,58.92,15.84,102.0,Holt_Winters,20250119
2025-01-20,FC-West,SKU-ELEC-004,20,46.17,2.68,89.66,Holt_Winters,20250120
2025-01-20,FC-West,SKU-ELEC-004,20,46.17,2.68,89.66,Holt_Winters,20250120
2025-01-21,FC-West,SKU-ELEC-004,21,46.01,2.11,89.91,Holt_Winters,20250121
2025-01-21,FC-West,SKU-ELEC-004,21,46.01,2.11,89.91,Holt_Winters,20250121
2025-01-22,FC-West,SKU-ELEC-004,22,47.96,3.64,92.28,Holt_Winters,20250122
2025-01-22,FC-West,SKU-ELEC-004,22,47.96,3.64,92.28,Holt_Winters,20250122
2025-01-23,FC-West,SKU-ELEC-004,23,50.18,5.45,94.91,Holt_Winters,20250123
2025-01-23,FC-West,SKU-ELEC-004,23,50.18,5.45,94.91,Holt_Winters,20250123
2025-01-24,FC-West,SKU-ELEC-004,24,56.29,11.17,101.41,Holt_Winters,20250124
2025-01-24,FC-West,SKU-ELEC-004,24,56.29,11.17,101.41,Holt_Winters,20250124
2025-01-25,FC-West,SKU-ELEC-004,25,67.87,22.34,113.4,Holt_Winters,20250125
2025-01-25,FC-West,SKU-ELEC-004,25,67.87,22.34,113.4,Holt_Winters,20250125
2025-01-26,FC-West,SKU-ELEC-004,26,58.92,13.0,104.84,Holt_Winters,20250126
2025-01-26,FC-West,SKU-ELEC-004,26,58.92,13.0,104.84,Holt_Winters,20250126
2025-01-27,FC-West,SKU-ELEC-004,27,46.17,0.0,92.48,Holt_Winters,20250127
2025-01-27,FC-West,SKU-ELEC-004,27,46.17,0.0,92.48,Holt_Winters,20250127
2025-01-28,FC-West,SKU-ELEC-004,28,46.0,0.0,92.71,Holt_Winters,20250128
2025-01-28,FC-West,SKU-ELEC-004,28,46.0,0.0,92.71,Holt_Winters,20250128
2025-01-01,FC-West,SKU-ELEC-005,1,54.6,19.89,89.31,Holt_Winters,20250101
2025-01-01,FC-West,SKU-ELEC-005,1,54.6,19.89,89.31,Holt_Winters,20250101
2025-01-02,FC-West,SKU-ELEC-005,2,57.57,22.35,92.79,Holt_Winters,20250102
2025-01-02,FC-West,SKU-ELEC-005,2,57.57,22.35,92.79,Holt_Winters,20250102
2025-01-03,FC-West,SKU-ELEC-005,3,60.32,24.59,96.05,Holt_Winters,20250103
2025-01-03,FC-West,SKU-ELEC-005,3,60.32,24.59,96.05,Holt_Winters,20250103
2025-01-04,FC-West,SKU-ELEC-005,4,63.01,26.77,99.25,Holt_Winters,20250104
2025-01-04,FC-West,SKU-ELEC-005,4,63.01,26.77,99.25,Holt_Winters,20250104
2025-01-05,FC-West,SKU-ELEC-005,5,59.49,22.76,96.22,Holt_Winters,20250105
2025-01-05,FC-West,SKU-ELEC-005,5,59.49,22.76,96.22,Holt_Winters,20250105
2025-01-06,FC-West,SKU-ELEC-005,6,53.82,16.6,91.04,Holt_Winters,20250106
2025-01-06,FC-West,SKU-ELEC-005,6,53.82,16.6,91.04,Holt_Winters,20250106
2025-01-07,FC-West,SKU-ELEC-005,7,55.35,17.64,93.06,Holt_Winters,20250107
2025-01-07,FC-West,SKU-ELEC-005,7,55.35,17.64,93.06,Holt_Winters,20250107
2025-01-08,FC-West,SKU-ELEC-005,8,54.93,16.75,93.11,Holt_Winters,20250108
2025-01-08,FC-West,SKU-ELEC-005,8,54.93,16.75,93.11,Holt_Winters,20250108
2025-01-09,FC-West,SKU-ELEC-005,9,57.9,19.25,96.55,Holt_Winters,20250109
2025-01-09,FC-West,SKU-ELEC-005,9,57.9,19.25,96.55,Holt_Winters,20250109
2025-01-10,FC-West,SKU-ELEC-005,10,60.65,21.53,99.77,Holt_Winters,20250110
2025-01-10,FC-West,SKU-ELEC-005,10,60.65,21.53,99.77,Holt_Winters,20250110
2025-01-11,FC-West,SKU-ELEC-005,11,63.34,23.77,102.91,Holt_Winters,20250111
2025-01-11,FC-West,SKU-ELEC-005,11,63.34,23.77,102.91,Holt_Winters,20250111
2025-01-12,FC-West,SKU-ELEC-005,12,59.82,19.8,99.84,Holt_Winters,20250112
2025-01-12,FC-West,SKU-ELEC-005,12,59.82,19.8,99.84,Holt_Winters,20250112
2025-01-13,FC-West,SKU-ELEC-005,13,54.15,13.68,94.62,Holt_Winters,20250113
2025-01-13,FC-West,SKU-ELEC-005,13,54.15,13.68,94.62,Holt_Winters,20250113
2025-01-14,FC-West,SKU-ELEC-005,14,55.68,14.76,96.6,Holt_Winters,20250114
2025-01-14,FC-West,SKU-ELEC-005,14,55.68,14.76,96.6,Holt_Winters,20250114
2025-01-15,FC-West,SKU-ELEC-005,15,55.26,13.9,96.62,Holt_Winters,20250115
2025-01-15,FC-West,SKU-ELEC-005,15,55.26,13.9,96.62,Holt_Winters,20250115
2025-01-16,FC-West,SKU-ELEC-005,16,58.23,16.42,100.04,Holt_Winters,20250116
2025-01-16,FC-West,SKU-ELEC-005,16,58.23,16.42,100.04,Holt_Winters,20250116
2025-01-17,FC-West,SKU-ELEC-005,17,60.98,18.74,103.22,Holt_Winters,20250117
2025-01-17,FC-West,SKU-ELEC-005,17,60.98,18.74,103.22,Holt_Winters,20250117
2025-01-18,FC-West,SKU-ELEC-005,18,63.67,21.02,106.32,Holt_Winters,20250118
2025-01-18,FC-West,SKU-ELEC-005,18,63.67,21.02,106.32,Holt_Winters,20250118
2025-01-19,FC-West,SKU-ELEC-005,19,60.15,17.07,103.23,Holt_Winters,20250119
2025-01-19,FC-West,SKU-ELEC-005,19,60.15,17.07,103.23,Holt_Winters,20250119
2025-01-20,FC-West,SKU-ELEC-005,20,54.49,11.0,97.98,Holt_Winters,20250120
2025-01-20,FC-West,SKU-ELEC-005,20,54.49,11.0,97.98,Holt_Winters,20250120
2025-01-21,FC-West,SKU-ELEC-005,21,56.01,12.11,99.91,Holt_Winters,20250121
2025-01-21,FC-West,SKU-ELEC-005,21,56.01,12.11,99.91,Holt_Winters,20250121
2025-01-22,FC-West,SKU-ELEC-005,22,55.59,11.27,99.91,Holt_Winters,20250122
2025-01-22,FC-West,SKU-ELEC-005,22,55.59,11.27,99.91,Holt_Winters,20250122
2025-01-23,FC-West,SKU-ELEC-005,23,58.56,13.83,103.29,Holt_Winters,20250123
2025-01-23,FC-West,SKU-ELEC-005,23,58.56,13.83,103.29,Holt_Winters,20250123
2025-01-24,FC-West,SKU-ELEC-005,24,61.31,16.19,106.43,Holt_Winters,20250124
2025-01-24,FC-West,SKU-ELEC-005,24,61.31,16.19,106.43,Holt_Winters,20250124
2025-01-25,FC-West,SKU-ELEC-005,25,64.0,18.47,109.53,Holt_Winters,20250125
2025-01-25,FC-West,SKU-ELEC-005,25,64.0,18.47,109.53,Holt_Winters,20250125
2025-01-26,FC-West,SKU-ELEC-005,26,60.48,14.56,106.4,Holt_Winters,20250126
2025-01-26,FC-West,SKU-ELEC-005,26,60.48,14.56,106.4,Holt_Winters,20250126
2025-01-27,FC-West,SKU-ELEC-005,27,54.82,8.51,101.13,Holt_Winters,20250127
2025-01-27,FC-West,SKU-ELEC-005,27,54.82,8.51,101.13,Holt_Winters,20250127
2025-01-28,FC-West,SKU-ELEC-005,28,56.34,9.63,103.05,Holt_Winters,20250128
2025-01-28,FC-West,SKU-ELEC-005,28,56.34,9.63,103.05,Holt_Winters,20250128
2025-01-01,FC-West,SKU-ELEC-006,1,23.16,0.0,57.87,Holt_Winters,20250101
2025-01-01,FC-West,SKU-ELEC-006,1,23.16,0.0,57.87,Holt_Winters,20250101
2025-01-02,FC-West,SKU-ELEC-006,2,19.95,0.0,55.17,Holt_Winters,20250102
2025-01-02,FC-West,SKU-ELEC-006,2,19.95,0.0,55.17,Holt_Winters,20250102
2025-01-03,FC-West,SKU-ELEC-006,3,25.75,0.0,61.48,Holt_Winters,20250103
2025-01-03,FC-West,SKU-ELEC-006,3,25.75,0.0,61.48,Holt_Winters,20250103
2025-01-04,FC-West,SKU-ELEC-006,4,30.36,0.0,66.6,Holt_Winters,20250104
2025-01-04,FC-West,SKU-ELEC-006,4,30.36,0.0,66.6,Holt_Winters,20250104
2025-01-05,FC-West,SKU-ELEC-006,5,26.56,0.0,63.29,Holt_Winters,20250105
2025-01-05,FC-West,SKU-ELEC-006,5,26.56,0.0,63.29,Holt_Winters,20250105
2025-01-06,FC-West,SKU-ELEC-006,6,17.16,0.0,54.38,Holt_Winters,20250106
2025-01-06,FC-West,SKU-ELEC-006,6,17.16,0.0,54.38,Holt_Winters,20250106
2025-01-07,FC-West,SKU-ELEC-006,7,19.71,0.0,57.42,Holt_Winters,20250107
2025-01-07,FC-West,SKU-ELEC-006,7,19.71,0.0,57.42,Holt_Winters,20250107
2025-01-08,FC-West,SKU-ELEC-006,8,21.72,0.0,59.9,Holt_Winters,20250108
2025-01-08,FC-West,SKU-ELEC-006,8,21.72,0.0,59.9,Holt_Winters,20250108
2025-01-09,FC-West,SKU-ELEC-006,9,18.52,0.0,57.17,Holt_Winters,20250109
2025-01-09,FC-West,SKU-ELEC-006,9,18.52,0.0,57.17,Holt_Winters,20250109
2025-01-10,FC-West,SKU-ELEC-006,10,24.31,0.0,63.43,Holt_Winters,20250110
2025-01-10,FC-West,SKU-ELEC-006,10,24.31,0.0,63.43,Holt_Winters,20250110
2025-01-11,FC-West,SKU-ELEC-006,11,28.93,0.0,68.5,Holt_Winters,20250111
2025-01-11,FC-West,SKU-ELEC-006,11,28.93,0.0,68.5,Holt_Winters,20250111
2025-01-12,FC-West,SKU-ELEC-006,12,25.12,0.0,65.14,Holt_Winters,20250112
2025-01-12,FC-West,SKU-ELEC-006,12,25.12,0.0,65.14,Holt_Winters,20250112
2025-01-13,FC-West,SKU-ELEC-006,13,15.72,0.0,56.19,Holt_Winters,20250113
2025-01-13,FC-West,SKU-ELEC-006,13,15.72,0.0,56.19,Holt_Winters,20250113
2025-01-14,FC-West,SKU-ELEC-006,14,18.27,0.0,59.19,Holt_Winters,20250114
2025-01-14,FC-West,SKU-ELEC-006,14,18.27,0.0,59.19,Holt_Winters,20250114
2025-01-15,FC-West,SKU-ELEC-006,15,20.29,0.0,61.65,Holt_Winters,20250115
2025-01-15,FC-West,SKU-ELEC-006,15,20.29,0.0,61.65,Holt_Winters,20250115
2025-01-16,FC-West,SKU-ELEC-006,16,17.08,0.0,58.89,Holt_Winters,20250116
2025-01-16,FC-West,SKU-ELEC-006,16,17.08,0.0,58.89,Holt_Winters,20250116
2025-01-17,FC-West,SKU-ELEC-006,17,22.87,0.0,65.11,Holt_Winters,20250117
2025-01-17,FC-West,SKU-ELEC-006,17,22.87,0.0,65.11,Holt_Winters,20250117
2025-01-18,FC-West,SKU-ELEC-006,18,27.49,0.0,70.14,Holt_Winters,20250118
2025-01-18,FC-West,SKU-ELEC-006,18,27.49,0.0,70.14,Holt_Winters,20250118
2025-01-19,FC-West,SKU-ELEC-006,19,23.68,0.0,66.76,Holt_Winters,20250119
2025-01-19,FC-West,SKU-ELEC-006,19,23.68,0.0,66.76,Holt_Winters,20250119
2025-01-20,FC-West,SKU-ELEC-006,20,14.29,0.0,57.78,Holt_Winters,20250120
2025-01-20,FC-West,SKU-ELEC-006,20,14.29,0.0,57.78,Holt_Winters,20250120
2025-01-21,FC-West,SKU-ELEC-006,21,16.83,0.0,60.73,Holt_Winters,20250121
2025-01-21,FC-West,SKU-ELEC-006,21,16.83,0.0,60.73,Holt_Winters,20250121
2025-01-22,FC-West,SKU-ELEC-006,22,18.85,0.0,63.17,Holt_Winters,20250122
2025-01-22,FC-West,SKU-ELEC-006,22,18.85,0.0,63.17,Holt_Winters,20250122
2025-01-23,FC-West,SKU-ELEC-006,23,15.64,0.0,60.37,Holt_Winters,20250123
2025-01-23,FC-West,SKU-ELEC-006,23,15.64,0.0,60.37,Holt_Winters,20250123
2025-01-24,FC-West,SKU-ELEC-006,24,21.43,0.0,66.55,Holt_Winters,20250124
2025-01-24,FC-West,SKU-ELEC-006,24,21.43,0.0,66.55,Holt_Winters,20250124
2025-01-25,FC-West,SKU-ELEC-006,25,26.05,0.0,71.58,Holt_Winters,20250125
2025-01-25,FC-West,SKU-ELEC-006,25,26.05,0.0,71.58,Holt_Winters,20250125
2025-01-26,FC-West,SKU-ELEC-006,26,22.25,0.0,68.17,Holt_Winters,20250126
2025-01-26,FC-West,SKU-ELEC-006,26,22.25,0.0,68.17,Holt_Winters,20250126
2025-01-27,FC-West,SKU-ELEC-006,27,12.85,0.0,59.16,Holt_Winters,20250127
2025-01-27,FC-West,SKU-ELEC-006,27,12.85,0.0,59.16,Holt_Winters,20250127
2025-01-28,FC-West,SKU-ELEC-006,28,15.4,0.0,62.11,Holt_Winters,20250128
2025-01-28,FC-West,SKU-ELEC-006,28,15.4,0.0,62.11,Holt_Winters,20250128
2025-01-01,FC-West,SKU-ELEC-007,1,10.22,0.0,44.93,Holt_Winters,20250101
2025-01-01,FC-West,SKU-ELEC-007,1,10.22,0.0,44.93,Holt_Winters,20250101
2025-01-02,FC-West,SKU-ELEC-007,2,11.51,0.0,46.73,Holt_Winters,20250102
2025-01-02,FC-West,SKU-ELEC-007,2,11.51,0.0,46.73,Holt_Winters,20250102
2025-01-03,FC-West,SKU-ELEC-007,3,12.89,0.0,48.62,Holt_Winters,20250103
2025-01-03,FC-West,SKU-ELEC-007,3,12.89,0.0,48.62,Holt_Winters,20250103
2025-01-04,FC-West,SKU-ELEC-007,4,14.95,0.0,51.19,Holt_Winters,20250104
2025-01-04,FC-West,SKU-ELEC-007,4,14.95,0.0,51.19,Holt_Winters,20250104
2025-01-05,FC-West,SKU-ELEC-007,5,14.37,0.0,51.1,Holt_Winters,20250105
2025-01-05,FC-West,SKU-ELEC-007,5,14.37,0.0,51.1,Holt_Winters,20250105
2025-01-06,FC-West,SKU-ELEC-007,6,10.3,0.0,47.52,Holt_Winters,20250106
2025-01-06,FC-West,SKU-ELEC-007,6,10.3,0.0,47.52,Holt_Winters,20250106
2025-01-07,FC-West,SKU-ELEC-007,7,10.74,0.0,48.45,Holt_Winters,20250107
2025-01-07,FC-West,SKU-ELEC-007,7,10.74,0.0,48.45,Holt_Winters,20250107
2025-01-08,FC-West,SKU-ELEC-007,8,10.15,0.0,48.33,Holt_Winters,20250108
2025-01-08,FC-West,SKU-ELEC-007,8,10.15,0.0,48.33,Holt_Winters,20250108
2025-01-09,FC-West,SKU-ELEC-007,9,11.44,0.0,50.09,Holt_Winters,20250109
2025-01-09,FC-West,SKU-ELEC-007,9,11.44,0.0,50.09,Holt_Winters,20250109
2025-01-10,FC-West,SKU-ELEC-007,10,12.83,0.0,51.95,Holt_Winters,20250110
2025-01-10,FC-West,SKU-ELEC-007,10,12.83,0.0,51.95,Holt_Winters,20250110
2025-01-11,FC-West,SKU-ELEC-007,11,14.88,0.0,54.45,Holt_Winters,20250111
2025-01-11,FC-West,SKU-ELEC-007,11,14.88,0.0,54.45,Holt_Winters,20250111
2025-01-12,FC-West,SKU-ELEC-007,12,14.3,0.0,54.32,Holt_Winters,20250112
2025-01-12,FC-West,SKU-ELEC-007,12,14.3,0.0,54.32,Holt_Winters,20250112
2025-01-13,FC-West,SKU-ELEC-007,13,10.24,0.0,50.71,Holt_Winters,20250113
2025-01-13,FC-West,SKU-ELEC-007,13,10.24,0.0,50.71,Holt_Winters,20250113
2025-01-14,FC-West,SKU-ELEC-007,14,10.68,0.0,51.6,Holt_Winters,20250114
2025-01-14,FC-West,SKU-ELEC-007,14,10.68,0.0,51.6,Holt_Winters,20250114
2025-01-15,FC-West,SKU-ELEC-007,15,10.09,0.0,51.45,Holt_Winters,20250115
2025-01-15,FC-West,SKU-ELEC-007,15,10.09,0.0,51.45,Holt_Winters,20250115
2025-01-16,FC-West,SKU-ELEC-007,16,11.38,0.0,53.19,Holt_Winters,20250116
2025-01-16,FC-West,SKU-ELEC-007,16,11.38,0.0,53.19,Holt_Winters,20250116
2025-01-17,FC-West,SKU-ELEC-007,17,12.76,0.0,55.0,Holt_Winters,20250117
2025-01-17,FC-West,SKU-ELEC-007,17,12.76,0.0,55.0,Holt_Winters,20250117
2025-01-18,FC-West,SKU-ELEC-007,18,14.82,0.0,57.47,Holt_Winters,20250118
2025-01-18,FC-West,SKU-ELEC-007,18,14.82,0.0,57.47,Holt_Winters,20250118
2025-01-19,FC-West,SKU-ELEC-007,19,14.24,0.0,57.32,Holt_Winters,20250119
2025-01-19,FC-West,SKU-ELEC-007,19,14.24,0.0,57.32,Holt_Winters,20250119
2025-01-20,FC-West,SKU-ELEC-007,20,10.18,0.0,53.67,Holt_Winters,20250120
2025-01-20,FC-West,SKU-ELEC-007,20,10.18,0.0,53.67,Holt_Winters,20250120
2025-01-21,FC-West,SKU-ELEC-007,21,10.61,0.0,54.51,Holt_Winters,20250121
2025-01-21,FC-West,SKU-ELEC-007,21,10.61,0.0,54.51,Holt_Winters,20250121
2025-01-22,FC-West,SKU-ELEC-007,22,10.02,0.0,54.34,Holt_Winters,20250122
2025-01-22,FC-West,SKU-ELEC-007,22,10.02,0.0,54.34,Holt_Winters,20250122
2025-01-23,FC-West,SKU-ELEC-007,23,11.31,0.0,56.04,Holt_Winters,20250123
2025-01-23,FC-West,SKU-ELEC-007,23,11.31,0.0,56.04,Holt_Winters,20250123
2025-01-24,FC-West,SKU-ELEC-007,24,12.7,0.0,57.82,Holt_Winters,20250124
2025-01-24,FC-West,SKU-ELEC-007,24,12.7,0.0,57.82,Holt_Winters,20250124
2025-01-25,FC-West,SKU-ELEC-007,25,14.75,0.0,60.28,Holt_Winters,20250125
2025-01-25,FC-West,SKU-ELEC-007,25,14.75,0.0,60.28,Holt_Winters,20250125
2025-01-26,FC-West,SKU-ELEC-007,26,14.17,0.0,60.09,Holt_Winters,20250126
2025-01-26,FC-West,SKU-ELEC-007,26,14.17,0.0,60.09,Holt_Winters,20250126
2025-01-27,FC-West,SKU-ELEC-007,27,10.11,0.0,56.42,Holt_Winters,20250127
2025-01-27,FC-West,SKU-ELEC-007,27,10.11,0.0,56.42,Holt_Winters,20250127
2025-01-28,FC-West,SKU-ELEC-007,28,10.55,0.0,57.26,Holt_Winters,20250128
2025-01-28,FC-West,SKU-ELEC-007,28,10.55,0.0,57.26,Holt_Winters,20250128
2025-01-01,FC-West,SKU-ELEC-008,1,74.97,40.26,109.68,Holt_Winters,20250101
2025-01-01,FC-West,SKU-ELEC-008,1,74.97,40.26,109.68,Holt_Winters,20250101
2025-01-02,FC-West,SKU-ELEC-008,2,75.3,40.08,110.52,Holt_Winters,20250102
2025-01-02,FC-West,SKU-ELEC-008,2,75.3,40.08,110.52,Holt_Winters,20250102
2025-01-03,FC-West,SKU-ELEC-008,3,84.43,48.7,120.16,Holt_Winters,20250103
2025-01-03,FC-West,SKU-ELEC-008,3,84.43,48.7,120.16,Holt_Winters,20250103
2025-01-04,FC-West,SKU-ELEC-008,4,87.08,50.84,123.32,Holt_Winters,20250104
2025-01-04,FC-West,SKU-ELEC-008,4,87.08,50.84,123.32,Holt_Winters,20250104
2025-01-05,FC-West,SKU-ELEC-008,5,85.5,48.77,122.23,Holt_Winters,20250105
2025-01-05,FC-West,SKU-ELEC-008,5,85.5,48.77,122.23,Holt_Winters,20250105
2025-01-06,FC-West,SKU-ELEC-008,6,71.49,34.27,108.71,Holt_Winters,20250106
2025-01-06,FC-West,SKU-ELEC-008,6,71.49,34.27,108.71,Holt_Winters,20250106
2025-01-07,FC-West,SKU-ELEC-008,7,72.56,34.85,110.27,Holt_Winters,20250107
2025-01-07,FC-West,SKU-ELEC-008,7,72.56,34.85,110.27,Holt_Winters,20250107
2025-01-08,FC-West,SKU-ELEC-008,8,75.44,37.26,113.62,Holt_Winters,20250108
2025-01-08,FC-West,SKU-ELEC-008,8,75.44,37.26,113.62,Holt_Winters,20250108
2025-01-09,FC-West,SKU-ELEC-008,9,75.76,37.11,114.41,Holt_Winters,20250109
2025-01-09,FC-West,SKU-ELEC-008,9,75.76,37.11,114.41,Holt_Winters,20250109
2025-01-10,FC-West,SKU-ELEC-008,10,84.89,45.77,124.01,Holt_Winters,20250110
2025-01-10,FC-West,SKU-ELEC-008,10,84.89,45.77,124.01,Holt_Winters,20250110
2025-01-11,FC-West,SKU-ELEC-008,11,87.55,47.98,127.12,Holt_Winters,20250111
2025-01-11,FC-West,SKU-ELEC-008,11,87.55,47.98,127.12,Holt_Winters,20250111
2025-01-12,FC-West,SKU-ELEC-008,12,85.97,45.95,125.99,Holt_Winters,20250112
2025-01-12,FC-West,SKU-ELEC-008,12,85.97,45.95,125.99,Holt_Winters,20250112
2025-01-13,FC-West,SKU-ELEC-008,13,71.96,31.49,112.43,Holt_Winters,20250113
2025-01-13,FC-West,SKU-ELEC-008,13,71.96,31.49,112.43,Holt_Winters,20250113
2025-01-14,FC-West,SKU-ELEC-008,14,73.03,32.11,113.95,Holt_Winters,20250114
2025-01-14,FC-West,SKU-ELEC-008,14,73.03,32.11,113.95,Holt_Winters,20250114
2025-01-15,FC-West,SKU-ELEC-008,15,75.91,34.55,117.27,Holt_Winters,20250115
2025-01-15,FC-West,SKU-ELEC-008,15,75.91,34.55,117.27,Holt_Winters,20250115
2025-01-16,FC-West,SKU-ELEC-008,16,76.23,34.42,118.04,Holt_Winters,20250116
2025-01-16,FC-West,SKU-ELEC-008,16,76.23,34.42,118.04,Holt_Winters,20250116
2025-01-17,FC-West,SKU-ELEC-008,17,85.36,43.12,127.6,Holt_Winters,20250117
2025-01-17,FC-West,SKU-ELEC-008,17,85.36,43.12,127.6,Holt_Winters,20250117
2025-01-18,FC-West,SKU-ELEC-008,18,88.02,45.37,130.67,Holt_Winters,20250118
2025-01-18,FC-West,SKU-ELEC-008,18,88.02,45.37,130.67,Holt_Winters,20250118
2025-01-19,FC-West,SKU-ELEC-008,19,86.44,43.36,129.52,Holt_Winters,20250119
2025-01-19,FC-West,SKU-ELEC-008,19,86.44,43.36,129.52,Holt_Winters,20250119
2025-01-20,FC-West,SKU-ELEC-008,20,72.43,28.94,115.92,Holt_Winters,20250120
2025-01-20,FC-West,SKU-ELEC-008,20,72.43,28.94,115.92,Holt_Winters,20250120
2025-01-21,FC-West,SKU-ELEC-008,21,73.5,29.6,117.4,Holt_Winters,20250121
2025-01-21,FC-West,SKU-ELEC-008,21,73.5,29.6,117.4,Holt_Winters,20250121
2025-01-22,FC-West,SKU-ELEC-008,22,76.37,32.05,120.69,Holt_Winters,20250122
2025-01-22,FC-West,SKU-ELEC-008,22,76.37,32.05,120.69,Holt_Winters,20250122
2025-01-23,FC-West,SKU-ELEC-008,23,76.7,31.97,121.43,Holt_Winters,20250123
2025-01-23,FC-West,SKU-ELEC-008,23,76.7,31.97,121.43,Holt_Winters,20250123
2025-01-24,FC-West,SKU-ELEC-008,24,85.83,40.71,130.95,Holt_Winters,20250124
2025-01-24,FC-West,SKU-ELEC-008,24,85.83,40.71,130.95,Holt_Winters,20250124
2025-01-25,FC-West,SKU-ELEC-008,25,88.49,42.96,134.02,Holt_Winters,20250125
2025-01-25,FC-West,SKU-ELEC-008,25,88.49,42.96,134.02,Holt_Winters,20250125
2025-01-26,FC-West,SKU-ELEC-008,26,86.91,40.99,132.83,Holt_Winters,20250126
2025-01-26,FC-West,SKU-ELEC-008,26,86.91,40.99,132.83,Holt_Winters,20250126
2025-01-27,FC-West,SKU-ELEC-008,27,72.9,26.59,119.21,Holt_Winters,20250127
2025-01-27,FC-West,SKU-ELEC-008,27,72.9,26.59,119.21,Holt_Winters,20250127
2025-01-28,FC-West,SKU-ELEC-008,28,73.96,27.25,120.67,Holt_Winters,20250128
2025-01-28,FC-West,SKU-ELEC-008,28,73.96,27.25,120.67,Holt_Winters,20250128
2025-01-01,FC-West,SKU-ELEC-009,1,3.08,0.0,37.79,Holt_Winters,20250101
2025-01-01,FC-West,SKU-ELEC-009,1,3.08,0.0,37.79,Holt_Winters,20250101
2025-01-02,FC-West,SKU-ELEC-009,2,3.25,0.0,38.47,Holt_Winters,20250102
2025-01-02,FC-West,SKU-ELEC-009,2,3.25,0.0,38.47,Holt_Winters,20250102
2025-01-03,FC-West,SKU-ELEC-009,3,2.92,0.0,38.65,Holt_Winters,20250103
2025-01-03,FC-West,SKU-ELEC-009,3,2.92,0.0,38.65,Holt_Winters,20250103
2025-01-04,FC-West,SKU-ELEC-009,4,2.37,0.0,38.61,Holt_Winters,20250104
2025-01-04,FC-West,SKU-ELEC-009,4,2.37,0.0,38.61,Holt_Winters,20250104
2025-01-05,FC-West,SKU-ELEC-009,5,3.41,0.0,40.14,Holt_Winters,20250105
2025-01-05,FC-West,SKU-ELEC-009,5,3.41,0.0,40.14,Holt_Winters,20250105
2025-01-06,FC-West,SKU-ELEC-009,6,3.42,0.0,40.64,Holt_Winters,20250106
2025-01-06,FC-West,SKU-ELEC-009,6,3.42,0.0,40.64,Holt_Winters,20250106
2025-01-07,FC-West,SKU-ELEC-009,7,2.7,0.0,40.41,Holt_Winters,20250107
2025-01-07,FC-West,SKU-ELEC-009,7,2.7,0.0,40.41,Holt_Winters,20250107
2025-01-08,FC-West,SKU-ELEC-009,8,3.07,0.0,41.25,Holt_Winters,20250108
2025-01-08,FC-West,SKU-ELEC-009,8,3.07,0.0,41.25,Holt_Winters,20250108
2025-01-09,FC-West,SKU-ELEC-009,9,3.25,0.0,41.9,Holt_Winters,20250109
2025-01-09,FC-West,SKU-ELEC-009,9,3.25,0.0,41.9,Holt_Winters,20250109
2025-01-10,FC-West,SKU-ELEC-009,10,2.92,0.0,42.04,Holt_Winters,20250110
2025-01-10,FC-West,SKU-ELEC-009,10,2.92,0.0,42.04,Holt_Winters,20250110
2025-01-11,FC-West,SKU-ELEC-009,11,2.36,0.0,41.93,Holt_Winters,20250111
2025-01-11,FC-West,SKU-ELEC-009,11,2.36,0.0,41.93,Holt_Winters,20250111
2025-01-12,FC-West,SKU-ELEC-009,12,3.4,0.0,43.42,Holt_Winters,20250112
2025-01-12,FC-West,SKU-ELEC-009,12,3.4,0.0,43.42,Holt_Winters,20250112
2025-01-13,FC-West,SKU-ELEC-009,13,3.41,0.0,43.88,Holt_Winters,20250113
2025-01-13,FC-West,SKU-ELEC-009,13,3.41,0.0,43.88,Holt_Winters,20250113
2025-01-14,FC-West,SKU-ELEC-009,14,2.7,0.0,43.62,Holt_Winters,20250114
2025-01-14,FC-West,SKU-ELEC-009,14,2.7,0.0,43.62,Holt_Winters,20250114
2025-01-15,FC-West,SKU-ELEC-009,15,3.07,0.0,44.43,Holt_Winters,20250115
2025-01-15,FC-West,SKU-ELEC-009,15,3.07,0.0,44.43,Holt_Winters,20250115
2025-01-16,FC-West,SKU-ELEC-009,16,3.24,0.0,45.05,Holt_Winters,20250116
2025-01-16,FC-West,SKU-ELEC-009,16,3.24,0.0,45.05,Holt_Winters,20250116
2025-01-17,FC-West,SKU-ELEC-009,17,2.92,0.0,45.16,Holt_Winters,20250117
2025-01-17,FC-West,SKU-ELEC-009,17,2.92,0.0,45.16,Holt_Winters,20250117
2025-01-18,FC-West,SKU-ELEC-009,18,2.36,0.0,45.01,Holt_Winters,20250118
2025-01-18,FC-West,SKU-ELEC-009,18,2.36,0.0,45.01,Holt_Winters,20250118
2025-01-19,FC-West,SKU-ELEC-009,19,3.4,0.0,46.48,Holt_Winters,20250119
2025-01-19,FC-West,SKU-ELEC-009,19,3.4,0.0,46.48,Holt_Winters,20250119
2025-01-20,FC-West,SKU-ELEC-009,20,3.41,0.0,46.9,Holt_Winters,20250120
2025-01-20,FC-West,SKU-ELEC-009,20,3.41,0.0,46.9,Holt_Winters,20250120
2025-01-21,FC-West,SKU-ELEC-009,21,2.69,0.0,46.59,Holt_Winters,20250121
2025-01-21,FC-West,SKU-ELEC-009,21,2.69,0.0,46.59,Holt_Winters,20250121
2025-01-22,FC-West,SKU-ELEC-009,22,3.07,0.0,47.39,Holt_Winters,20250122
2025-01-22,FC-West,SKU-ELEC-009,22,3.07,0.0,47.39,Holt_Winters,20250122
2025-01-23,FC-West,SKU-ELEC-009,23,3.24,0.0,47.97,Holt_Winters,20250123
2025-01-23,FC-West,SKU-ELEC-009,23,3.24,0.0,47.97,Holt_Winters,20250123
2025-01-24,FC-West,SKU-ELEC-009,24,2.91,0.0,48.03,Holt_Winters,20250124
2025-01-24,FC-West,SKU-ELEC-009,24,2.91,0.0,48.03,Holt_Winters,20250124
2025-01-25,FC-West,SKU-ELEC-009,25,2.35,0.0,47.88,Holt_Winters,20250125
2025-01-25,FC-West,SKU-ELEC-009,25,2.35,0.0,47.88,Holt_Winters,20250125
2025-01-26,FC-West,SKU-ELEC-009,26,3.39,0.0,49.31,Holt_Winters,20250126
2025-01-26,FC-West,SKU-ELEC-009,26,3.39,0.0,49.31,Holt_Winters,20250126
2025-01-27,FC-West,SKU-ELEC-009,27,3.4,0.0,49.71,Holt_Winters,20250127
2025-01-27,FC-West,SKU-ELEC-009,27,3.4,0.0,49.71,Holt_Winters,20250127
2025-01-28,FC-West,SKU-ELEC-009,28,2.69,0.0,49.4,Holt_Winters,20250128
2025-01-28,FC-West,SKU-ELEC-009,28,2.69,0.0,49.4,Holt_Winters,20250128
2025-01-01,FC-West,SKU-ELEC-010,1,7.23,0.0,41.94,Holt_Winters,20250101
2025-01-01,FC-West,SKU-ELEC-010,1,7.23,0.0,41.94,Holt_Winters,20250101
2025-01-02,FC-West,SKU-ELEC-010,2,7.47,0.0,42.69,Holt_Winters,20250102
2025-01-02,FC-West,SKU-ELEC-010,2,7.47,0.0,42.69,Holt_Winters,20250102
2025-01-03,FC-West,SKU-ELEC-010,3,8.65,0.0,44.38,Holt_Winters,20250103
2025-01-03,FC-West,SKU-ELEC-010,3,8.65,0.0,44.38,Holt_Winters,20250103
2025-01-04,FC-West,SKU-ELEC-010,4,9.95,0.0,46.19,Holt_Winters,20250104
2025-01-04,FC-West,SKU-ELEC-010,4,9.95,0.0,46.19,Holt_Winters,20250104
2025-01-05,FC-West,SKU-ELEC-010,5,8.51,0.0,45.24,Holt_Winters,20250105
2025-01-05,FC-West,SKU-ELEC-010,5,8.51,0.0,45.24,Holt_Winters,20250105
2025-01-06,FC-West,SKU-ELEC-010,6,5.61,0.0,42.83,Holt_Winters,20250106
2025-01-06,FC-West,SKU-ELEC-010,6,5.61,0.0,42.83,Holt_Winters,20250106
2025-01-07,FC-West,SKU-ELEC-010,7,7.07,0.0,44.78,Holt_Winters,20250107
2025-01-07,FC-West,SKU-ELEC-010,7,7.07,0.0,44.78,Holt_Winters,20250107
2025-01-08,FC-West,SKU-ELEC-010,8,7.23,0.0,45.41,Holt_Winters,20250108
2025-01-08,FC-West,SKU-ELEC-010,8,7.23,0.0,45.41,Holt_Winters,20250108
2025-01-09,FC-West,SKU-ELEC-010,9,7.48,0.0,46.13,Holt_Winters,20250109
2025-01-09,FC-West,SKU-ELEC-010,9,7.48,0.0,46.13,Holt_Winters,20250109
2025-01-10,FC-West,SKU-ELEC-010,10,8.65,0.0,47.77,Holt_Winters,20250110
2025-01-10,FC-West,SKU-ELEC-010,10,8.65,0.0,47.77,Holt_Winters,20250110
2025-01-11,FC-West,SKU-ELEC-010,11,9.95,0.0,49.52,Holt_Winters,20250111
2025-01-11,FC-West,SKU-ELEC-010,11,9.95,0.0,49.52,Holt_Winters,20250111
2025-01-12,FC-West,SKU-ELEC-010,12,8.51,0.0,48.53,Holt_Winters,20250112
2025-01-12,FC-West,SKU-ELEC-010,12,8.51,0.0,48.53,Holt_Winters,20250112
2025-01-13,FC-West,SKU-ELEC-010,13,5.61,0.0,46.08,Holt_Winters,20250113
2025-01-13,FC-West,SKU-ELEC-010,13,5.61,0.0,46.08,Holt_Winters,20250113
2025-01-14,FC-West,SKU-ELEC-010,14,7.07,0.0,47.99,Holt_Winters,20250114
2025-01-14,FC-West,SKU-ELEC-010,14,7.07,0.0,47.99,Holt_Winters,20250114
2025-01-15,FC-West,SKU-ELEC-010,15,7.24,0.0,48.6,Holt_Winters,20250115
2025-01-15,FC-West,SKU-ELEC-010,15,7.24,0.0,48.6,Holt_Winters,20250115
2025-01-16,FC-West,SKU-ELEC-010,16,7.48,0.0,49.29,Holt_Winters,20250116
2025-01-16,FC-West,SKU-ELEC-010,16,7.48,0.0,49.29,Holt_Winters,20250116
2025-01-17,FC-West,SKU-ELEC-010,17,8.65,0.0,50.89,Holt_Winters,20250117
2025-01-17,FC-West,SKU-ELEC-010,17,8.65,0.0,50.89,Holt_Winters,20250117
2025-01-18,FC-West,SKU-ELEC-010,18,9.95,0.0,52.6,Holt_Winters,20250118
2025-01-18,FC-West,SKU-ELEC-010,18,9.95,0.0,52.6,Holt_Winters,20250118
2025-01-19,FC-West,SKU-ELEC-010,19,8.51,0.0,51.59,Holt_Winters,20250119
2025-01-19,FC-West,SKU-ELEC-010,19,8.51,0.0,51.59,Holt_Winters,20250119
2025-01-20,FC-West,SKU-ELEC-010,20,5.61,0.0,49.1,Holt_Winters,20250120
2025-01-20,FC-West,SKU-ELEC-010,20,5.61,0.0,49.1,Holt_Winters,20250120
2025-01-21,FC-West,SKU-ELEC-010,21,7.07,0.0,50.97,Holt_Winters,20250121
2025-01-21,FC-West,SKU-ELEC-010,21,7.07,0.0,50.97,Holt_Winters,20250121
2025-01-22,FC-West,SKU-ELEC-010,22,7.24,0.0,51.56,Holt_Winters,20250122
2025-01-22,FC-West,SKU-ELEC-010,22,7.24,0.0,51.56,Holt_Winters,20250122
2025-01-23,FC-West,SKU-ELEC-010,23,7.48,0.0,52.21,Holt_Winters,20250123
2025-01-23,FC-West,SKU-ELEC-010,23,7.48,0.0,52.21,Holt_Winters,20250123
2025-01-24,FC-West,SKU-ELEC-010,24,8.66,0.0,53.78,Holt_Winters,20250124
2025-01-24,FC-West,SKU-ELEC-010,24,8.66,0.0,53.78,Holt_Winters,20250124
2025-01-25,FC-West,SKU-ELEC-010,25,9.95,0.0,55.48,Holt_Winters,20250125
2025-01-25,FC-West,SKU-ELEC-010,25,9.95,0.0,55.48,Holt_Winters,20250125
2025-01-26,FC-West,SKU-ELEC-010,26,8.52,0.0,54.44,Holt_Winters,20250126
2025-01-26,FC-West,SKU-ELEC-010,26,8.52,0.0,54.44,Holt_Winters,20250126
2025-01-27,FC-West,SKU-ELEC-010,27,5.62,0.0,51.93,Holt_Winters,20250127
2025-01-27,FC-West,SKU-ELEC-010,27,5.62,0.0,51.93,Holt_Winters,20250127
2025-01-28,FC-West,SKU-ELEC-010,28,7.08,0.0,53.79,Holt_Winters,20250128
2025-01-28,FC-West,SKU-ELEC-010,28,7.08,0.0,53.79,Holt_Winters,20250128
2025-01-01,FC-West,SKU-GROC-001,1,71.73,37.02,106.44,Holt_Winters,20250101
2025-01-01,FC-West,SKU-GROC-001,1,71.73,37.02,106.44,Holt_Winters,20250101
2025-01-02,FC-West,SKU-GROC-001,2,73.04,37.82,108.26,Holt_Winters,20250102
2025-01-02,FC-West,SKU-GROC-001,2,73.04,37.82,108.26,Holt_Winters,20250102
2025-01-03,FC-West,SKU-GROC-001,3,86.18,50.45,121.91,Holt_Winters,20250103
2025-01-03,FC-West,SKU-GROC-001,3,86.18,50.45,121.91,Holt_Winters,20250103
2025-01-04,FC-West,SKU-GROC-001,4,93.76,57.52,130.0,Holt_Winters,20250104
2025-01-04,FC-West,SKU-GROC-001,4,93.76,57.52,130.0,Holt_Winters,20250104
2025-01-05,FC-West,SKU-GROC-001,5,87.39,50.66,124.12,Holt_Winters,20250105
2025-01-05,FC-West,SKU-GROC-001,5,87.39,50.66,124.12,Holt_Winters,20250105
2025-01-06,FC-West,SKU-GROC-001,6,66.13,28.91,103.35,Holt_Winters,20250106
2025-01-06,FC-West,SKU-GROC-001,6,66.13,28.91,103.35,Holt_Winters,20250106
2025-01-07,FC-West,SKU-GROC-001,7,68.75,31.04,106.46,Holt_Winters,20250107
2025-01-07,FC-West,SKU-GROC-001,7,68.75,31.04,106.46,Holt_Winters,20250107
2025-01-08,FC-West,SKU-GROC-001,8,71.76,33.58,109.94,Holt_Winters,20250108
2025-01-08,FC-West,SKU-GROC-001,8,71.76,33.58,109.94,Holt_Winters,20250108
2025-01-09,FC-West,SKU-GROC-001,9,73.07,34.42,111.72,Holt_Winters,20250109
2025-01-09,FC-West,SKU-GROC-001,9,73.07,34.42,111.72,Holt_Winters,20250109
2025-01-10,FC-West,SKU-GROC-001,10,86.22,47.1,125.34,Holt_Winters,20250110
2025-01-10,FC-West,SKU-GROC-001,10,86.22,47.1,125.34,Holt_Winters,20250110
2025-01-11,FC-West,SKU-GROC-001,11,93.79,54.22,133.36,Holt_Winters,20250111
2025-01-11,FC-West,SKU-GROC-001,11,93.79,54.22,133.36,Holt_Winters,20250111
2025-01-12,FC-West,SKU-GROC-001,12,87.43,47.41,127.45,Holt_Winters,20250112
2025-01-12,FC-West,SKU-GROC-001,12,87.43,47.41,127.45,Holt_Winters,20250112
2025-01-13,FC-West,SKU-GROC-001,13,66.16,25.69,106.63,Holt_Winters,20250113
2025-01-13,FC-West,SKU-GROC-001,13,66.16,25.69,106.63,Holt_Winters,20250113
2025-01-14,FC-West,SKU-GROC-001,14,68.78,27.86,109.7,Holt_Winters,20250114
2025-01-14,FC-West,SKU-GROC-001,14,68.78,27.86,109.7,Holt_Winters,20250114
2025-01-15,FC-West,SKU-GROC-001,15,71.8,30.44,113.16,Holt_Winters,20250115
2025-01-15,FC-West,SKU-GROC-001,15,71.8,30.44,113.16,Holt_Winters,20250115
2025-01-16,FC-West,SKU-GROC-001,16,73.11,31.3,114.92,Holt_Winters,20250116
2025-01-16,FC-West,SKU-GROC-001,16,73.11,31.3,114.92,Holt_Winters,20250116
2025-01-17,FC-West,SKU-GROC-001,17,86.25,44.01,128.49,Holt_Winters,20250117
2025-01-17,FC-West,SKU-GROC-001,17,86.25,44.01,128.49,Holt_Winters,20250117
2025-01-18,FC-West,SKU-GROC-001,18,93.83,51.18,136.48,Holt_Winters,20250118
2025-01-18,FC-West,SKU-GROC-001,18,93.83,51.18,136.48,Holt_Winters,20250118
2025-01-19,FC-West,SKU-GROC-001,19,87.46,44.38,130.54,Holt_Winters,20250119
2025-01-19,FC-West,SKU-GROC-001,19,87.46,44.38,130.54,Holt_Winters,20250119
2025-01-20,FC-West,SKU-GROC-001,20,66.2,22.71,109.69,Holt_Winters,20250120
2025-01-20,FC-West,SKU-GROC-001,20,66.2,22.71,109.69,Holt_Winters,20250120
2025-01-21,FC-West,SKU-GROC-001,21,68.82,24.92,112.72,Holt_Winters,20250121
2025-01-21,FC-West,SKU-GROC-001,21,68.82,24.92,112.72,Holt_Winters,20250121
2025-01-22,FC-West,SKU-GROC-001,22,71.83,27.51,116.15,Holt_Winters,20250122
2025-01-22,FC-West,SKU-GROC-001,22,71.83,27.51,116.15,Holt_Winters,20250122
2025-01-23,FC-West,SKU-GROC-001,23,73.14,28.41,117.87,Holt_Winters,20250123
2025-01-23,FC-West,SKU-GROC-001,23,73.14,28.41,117.87,Holt_Winters,20250123
2025-01-24,FC-West,SKU-GROC-001,24,86.29,41.17,131.41,Holt_Winters,20250124
2025-01-24,FC-West,SKU-GROC-001,24,86.29,41.17,131.41,Holt_Winters,20250124
2025-01-25,FC-West,SKU-GROC-001,25,93.86,48.33,139.39,Holt_Winters,20250125
2025-01-25,FC-West,SKU-GROC-001,25,93.86,48.33,139.39,Holt_Winters,20250125
2025-01-26,FC-West,SKU-GROC-001,26,87.5,41.58,133.42,Holt_Winters,20250126
2025-01-26,FC-West,SKU-GROC-001,26,87.5,41.58,133.42,Holt_Winters,20250126
2025-01-27,FC-West,SKU-GROC-001,27,66.23,19.92,112.54,Holt_Winters,20250127
2025-01-27,FC-West,SKU-GROC-001,27,66.23,19.92,112.54,Holt_Winters,20250127
2025-01-28,FC-West,SKU-GROC-001,28,68.85,22.14,115.56,Holt_Winters,20250128
2025-01-28,FC-West,SKU-GROC-001,28,68.85,22.14,115.56,Holt_Winters,20250128
2025-01-01,FC-West,SKU-GROC-002,1,53.01,18.3,87.72,Holt_Winters,20250101
2025-01-01,FC-West,SKU-GROC-002,1,53.01,18.3,87.72,Holt_Winters,20250101
2025-01-02,FC-West,SKU-GROC-002,2,50.79,15.57,86.01,Holt_Winters,20250102
2025-01-02,FC-West,SKU-GROC-002,2,50.79,15.57,86.01,Holt_Winters,20250102
2025-01-03,FC-West,SKU-GROC-002,3,61.48,25.75,97.21,Holt_Winters,20250103
2025-01-03,FC-West,SKU-GROC-002,3,61.48,25.75,97.21,Holt_Winters,20250103
2025-01-04,FC-West,SKU-GROC-002,4,68.78,32.54,105.02,Holt_Winters,20250104
2025-01-04,FC-West,SKU-GROC-002,4,68.78,32.54,105.02,Holt_Winters,20250104
2025-01-05,FC-West,SKU-GROC-002,5,63.67,26.94,100.4,Holt_Winters,20250105
2025-01-05,FC-West,SKU-GROC-002,5,63.67,26.94,100.4,Holt_Winters,20250105
2025-01-06,FC-West,SKU-GROC-002,6,48.0,10.78,85.22,Holt_Winters,20250106
2025-01-06,FC-West,SKU-GROC-002,6,48.0,10.78,85.22,Holt_Winters,20250106
2025-01-07,FC-West,SKU-GROC-002,7,49.18,11.47,86.89,Holt_Winters,20250107
2025-01-07,FC-West,SKU-GROC-002,7,49.18,11.47,86.89,Holt_Winters,20250107
2025-01-08,FC-West,SKU-GROC-002,8,53.02,14.84,91.2,Holt_Winters,20250108
2025-01-08,FC-West,SKU-GROC-002,8,53.02,14.84,91.2,Holt_Winters,20250108
2025-01-09,FC-West,SKU-GROC-002,9,50.8,12.15,89.45,Holt_Winters,20250109
2025-01-09,FC-West,SKU-GROC-002,9,50.8,12.15,89.45,Holt_Winters,20250109
2025-01-10,FC-West,SKU-GROC-002,10,61.49,22.37,100.61,Holt_Winters,20250110
2025-01-10,FC-West,SKU-GROC-002,10,61.49,22.37,100.61,Holt_Winters,20250110
2025-01-11,FC-West,SKU-GROC-002,11,68.78,29.21,108.35,Holt_Winters,20250111
2025-01-11,FC-West,SKU-GROC-002,11,68.78,29.21,108.35,Holt_Winters,20250111
2025-01-12,FC-West,SKU-GROC-002,12,63.68,23.66,103.7,Holt_Winters,20250112
2025-01-12,FC-West,SKU-GROC-002,12,63.68,23.66,103.7,Holt_Winters,20250112
2025-01-13,FC-West,SKU-GROC-002,13,48.0,7.53,88.47,Holt_Winters,20250113
2025-01-13,FC-West,SKU-GROC-002,13,48.0,7.53,88.47,Holt_Winters,20250113
2025-01-14,FC-West,SKU-GROC-002,14,49.18,8.26,90.1,Holt_Winters,20250114
2025-01-14,FC-West,SKU-GROC-002,14,49.18,8.26,90.1,Holt_Winters,20250114
2025-01-15,FC-West,SKU-GROC-002,15,53.02,11.66,94.38,Holt_Winters,20250115
2025-01-15,FC-West,SKU-GROC-002,15,53.02,11.66,94.38,Holt_Winters,20250115
2025-01-16,FC-West,SKU-GROC-002,16,50.8,8.99,92.61,Holt_Winters,20250116
2025-01-16,FC-West,SKU-GROC-002,16,50.8,8.99,92.61,Holt_Winters,20250116
2025-01-17,FC-West,SKU-GROC-002,17,61.49,19.25,103.73,Holt_Winters,20250117
2025-01-17,FC-West,SKU-GROC-002,17,61.49,19.25,103.73,Holt_Winters,20250117
2025-01-18,FC-West,SKU-GROC-002,18,68.79,26.14,111.44,Holt_Winters,20250118
2025-01-18,FC-West,SKU-GROC-002,18,68.79,26.14,111.44,Holt_Winters,20250118
2025-01-19,FC-West,SKU-GROC-002,19,63.68,20.6,106.76,Holt_Winters,20250119
2025-01-19,FC-West,SKU-GROC-002,19,63.68,20.6,106.76,Holt_Winters,20250119
2025-01-20,FC-West,SKU-GROC-002,20,48.0,4.51,91.49,Holt_Winters,20250120
2025-01-20,FC-West,SKU-GROC-002,20,48.0,4.51,91.49,Holt_Winters,20250120
2025-01-21,FC-West,SKU-GROC-002,21,49.19,5.29,93.09,Holt_Winters,20250121
2025-01-21,FC-West,SKU-GROC-002,21,49.19,5.29,93.09,Holt_Winters,20250121
2025-01-22,FC-West,SKU-GROC-002,22,53.02,8.7,97.34,Holt_Winters,20250122
2025-01-22,FC-West,SKU-GROC-002,22,53.02,8.7,97.34,Holt_Winters,20250122
2025-01-23,FC-West,SKU-GROC-002,23,50.8,6.07,95.53,Holt_Winters,20250123
2025-01-23,FC-West,SKU-GROC-002,23,50.8,6.07,95.53,Holt_Winters,20250123
2025-01-24,FC-West,SKU-GROC-002,24,61.49,16.37,106.61,Holt_Winters,20250124
2025-01-24,FC-West,SKU-GROC-002,24,61.49,16.37,106.61,Holt_Winters,20250124
2025-01-25,FC-West,SKU-GROC-002,25,68.79,23.26,114.32,Holt_Winters,20250125
2025-01-25,FC-West,SKU-GROC-002,25,68.79,23.26,114.32,Holt_Winters,20250125
2025-01-26,FC-West,SKU-GROC-002,26,63.68,17.76,109.6,Holt_Winters,20250126
2025-01-26,FC-West,SKU-GROC-002,26,63.68,17.76,109.6,Holt_Winters,20250126
2025-01-27,FC-West,SKU-GROC-002,27,48.01,1.7,94.32,Holt_Winters,20250127
2025-01-27,FC-West,SKU-GROC-002,27,48.01,1.7,94.32,Holt_Winters,20250127
2025-01-28,FC-West,SKU-GROC-002,28,49.19,2.48,95.9,Holt_Winters,20250128
2025-01-28,FC-West,SKU-GROC-002,28,49.19,2.48,95.9,Holt_Winters,20250128
2025-01-01,FC-West,SKU-GROC-003,1,57.3,22.59,92.01,Holt_Winters,20250101
2025-01-01,FC-West,SKU-GROC-003,1,57.3,22.59,92.01,Holt_Winters,20250101
2025-01-02,FC-West,SKU-GROC-003,2,58.06,22.84,93.28,Holt_Winters,20250102
2025-01-02,FC-West,SKU-GROC-003,2,58.06,22.84,93.28,Holt_Winters,20250102
2025-01-03,FC-West,SKU-GROC-003,3,65.66,29.93,101.39,Holt_Winters,20250103
2025-01-03,FC-West,SKU-GROC-003,3,65.66,29.93,101.39,Holt_Winters,20250103
2025-01-04,FC-West,SKU-GROC-003,4,70.81,34.57,107.05,Holt_Winters,20250104
2025-01-04,FC-West,SKU-GROC-003,4,70.81,34.57,107.05,Holt_Winters,20250104
2025-01-05,FC-West,SKU-GROC-003,5,66.0,29.27,102.73,Holt_Winters,20250105
2025-01-05,FC-West,SKU-GROC-003,5,66.0,29.27,102.73,Holt_Winters,20250105
2025-01-06,FC-West,SKU-GROC-003,6,53.35,16.13,90.57,Holt_Winters,20250106
2025-01-06,FC-West,SKU-GROC-003,6,53.35,16.13,90.57,Holt_Winters,20250106
2025-01-07,FC-West,SKU-GROC-003,7,55.52,17.81,93.23,Holt_Winters,20250107
2025-01-07,FC-West,SKU-GROC-003,7,55.52,17.81,93.23,Holt_Winters,20250107
2025-01-08,FC-West,SKU-GROC-003,8,57.5,19.32,95.68,Holt_Winters,20250108
2025-01-08,FC-West,SKU-GROC-003,8,57.5,19.32,95.68,Holt_Winters,20250108
2025-01-09,FC-West,SKU-GROC-003,9,58.25,19.6,96.9,Holt_Winters,20250109
2025-01-09,FC-West,SKU-GROC-003,9,58.25,19.6,96.9,Holt_Winters,20250109
2025-01-10,FC-West,SKU-GROC-003,10,65.85,26.73,104.97,Holt_Winters,20250110
2025-01-10,FC-West,SKU-GROC-003,10,65.85,26.73,104.97,Holt_Winters,20250110
2025-01-11,FC-West,SKU-GROC-003,11,71.0,31.43,110.57,Holt_Winters,20250111
2025-01-11,FC-West,SKU-GROC-003,11,71.0,31.43,110.57,Holt_Winters,20250111
2025-01-12,FC-West,SKU-GROC-003,12,66.19,26.17,106.21,Holt_Winters,20250112
2025-01-12,FC-West,SKU-GROC-003,12,66.19,26.17,106.21,Holt_Winters,20250112
2025-01-13,FC-West,SKU-GROC-003,13,53.54,13.07,94.01,Holt_Winters,20250113
2025-01-13,FC-West,SKU-GROC-003,13,53.54,13.07,94.01,Holt_Winters,20250113
2025-01-14,FC-West,SKU-GROC-003,14,55.71,14.79,96.63,Holt_Winters,20250114
2025-01-14,FC-West,SKU-GROC-003,14,55.71,14.79,96.63,Holt_Winters,20250114
2025-01-15,FC-West,SKU-GROC-003,15,57.69,16.33,99.05,Holt_Winters,20250115
2025-01-15,FC-West,SKU-GROC-003,15,57.69,16.33,99.05,Holt_Winters,20250115
2025-01-16,FC-West,SKU-GROC-003,16,58.45,16.64,100.26,Holt_Winters,20250116
2025-01-16,FC-West,SKU-GROC-003,16,58.45,16.64,100.26,Holt_Winters,20250116
2025-01-17,FC-West,SKU-GROC-003,17,66.04,23.8,108.28,Holt_Winters,20250117
2025-01-17,FC-West,SKU-GROC-003,17,66.04,23.8,108.28,Holt_Winters,20250117
2025-01-18,FC-West,SKU-GROC-003,18,71.19,28.54,113.84,Holt_Winters,20250118
2025-01-18,FC-West,SKU-GROC-003,18,71.19,28.54,113.84,Holt_Winters,20250118
2025-01-19,FC-West,SKU-GROC-003,19,66.38,23.3,109.46,Holt_Winters,20250119
2025-01-19,FC-West,SKU-GROC-003,19,66.38,23.3,109.46,Holt_Winters,20250119
2025-01-20,FC-West,SKU-GROC-003,20,53.73,10.24,97.22,Holt_Winters,20250120
2025-01-20,FC-West,SKU-GROC-003,20,53.73,10.24,97.22,Holt_Winters,20250120
2025-01-21,FC-West,SKU-GROC-003,21,55.9,12.0,99.8,Holt_Winters,20250121
2025-01-21,FC-West,SKU-GROC-003,21,55.9,12.0,99.8,Holt_Winters,20250121
2025-01-22,FC-West,SKU-GROC-003,22,57.88,13.56,102.2,Holt_Winters,20250122
2025-01-22,FC-West,SKU-GROC-003,22,57.88,13.56,102.2,Holt_Winters,20250122
2025-01-23,FC-West,SKU-GROC-003,23,58.64,13.91,103.37,Holt_Winters,20250123
2025-01-23,FC-West,SKU-GROC-003,23,58.64,13.91,103.37,Holt_Winters,20250123
2025-01-24,FC-West,SKU-GROC-003,24,66.24,21.12,111.36,Holt_Winters,20250124
2025-01-24,FC-West,SKU-GROC-003,24,66.24,21.12,111.36,Holt_Winters,20250124
2025-01-25,FC-West,SKU-GROC-003,25,71.38,25.85,116.91,Holt_Winters,20250125
2025-01-25,FC-West,SKU-GROC-003,25,71.38,25.85,116.91,Holt_Winters,20250125
2025-01-26,FC-West,SKU-GROC-003,26,66.57,20.65,112.49,Holt_Winters,20250126
2025-01-26,FC-West,SKU-GROC-003,26,66.57,20.65,112.49,Holt_Winters,20250126
2025-01-27,FC-West,SKU-GROC-003,27,53.92,7.61,100.23,Holt_Winters,20250127
2025-01-27,FC-West,SKU-GROC-003,27,53.92,7.61,100.23,Holt_Winters,20250127
2025-01-28,FC-West,SKU-GROC-003,28,56.09,9.38,102.8,Holt_Winters,20250128
2025-01-28,FC-West,SKU-GROC-003,28,56.09,9.38,102.8,Holt_Winters,20250128
2025-01-01,FC-West,SKU-GROC-004,1,37.77,3.06,72.48,Holt_Winters,20250101
2025-01-01,FC-West,SKU-GROC-004,1,37.77,3.06,72.48,Holt_Winters,20250101
2025-01-02,FC-West,SKU-GROC-004,2,38.01,2.79,73.23,Holt_Winters,20250102
2025-01-02,FC-West,SKU-GROC-004,2,38.01,2.79,73.23,Holt_Winters,20250102
2025-01-03,FC-West,SKU-GROC-004,3,43.81,8.08,79.54,Holt_Winters,20250103
2025-01-03,FC-West,SKU-GROC-004,3,43.81,8.08,79.54,Holt_Winters,20250103
2025-01-04,FC-West,SKU-GROC-004,4,49.63,13.39,85.87,Holt_Winters,20250104
2025-01-04,FC-West,SKU-GROC-004,4,49.63,13.39,85.87,Holt_Winters,20250104
2025-01-05,FC-West,SKU-GROC-004,5,44.58,7.85,81.31,Holt_Winters,20250105
2025-01-05,FC-West,SKU-GROC-004,5,44.58,7.85,81.31,Holt_Winters,20250105
2025-01-06,FC-West,SKU-GROC-004,6,37.63,0.41,74.85,Holt_Winters,20250106
2025-01-06,FC-West,SKU-GROC-004,6,37.63,0.41,74.85,Holt_Winters,20250106
2025-01-07,FC-West,SKU-GROC-004,7,37.12,0.0,74.83,Holt_Winters,20250107
2025-01-07,FC-West,SKU-GROC-004,7,37.12,0.0,74.83,Holt_Winters,20250107
2025-01-08,FC-West,SKU-GROC-004,8,37.91,0.0,76.09,Holt_Winters,20250108
2025-01-08,FC-West,SKU-GROC-004,8,37.91,0.0,76.09,Holt_Winters,20250108
2025-01-09,FC-West,SKU-GROC-004,9,38.14,0.0,76.79,Holt_Winters,20250109
2025-01-09,FC-West,SKU-GROC-004,9,38.14,0.0,76.79,Holt_Winters,20250109
2025-01-10,FC-West,SKU-GROC-004,10,43.94,4.82,83.06,Holt_Winters,20250110
2025-01-10,FC-West,SKU-GROC-004,10,43.94,4.82,83.06,Holt_Winters,20250110
2025-01-11,FC-West,SKU-GROC-004,11,49.77,10.2,89.34,Holt_Winters,20250111
2025-01-11,FC-West,SKU-GROC-004,11,49.77,10.2,89.34,Holt_Winters,20250111
2025-01-12,FC-West,SKU-GROC-004,12,44.71,4.69,84.73,Holt_Winters,20250112
2025-01-12,FC-West,SKU-GROC-004,12,44.71,4.69,84.73,Holt_Winters,20250112
2025-01-13,FC-West,SKU-GROC-004,13,37.77,0.0,78.24,Holt_Winters,20250113
2025-01-13,FC-West,SKU-GROC-004,13,37.77,0.0,78.24,Holt_Winters,20250113
2025-01-14,FC-West,SKU-GROC-004,14,37.25,0.0,78.17,Holt_Winters,20250114
2025-01-14,FC-West,SKU-GROC-004,14,37.25,0.0,78.17,Holt_Winters,20250114
2025-01-15,FC-West,SKU-GROC-004,15,38.04,0.0,79.4,Holt_Winters,20250115
2025-01-15,FC-West,SKU-GROC-004,15,38.04,0.0,79.4,Holt_Winters,20250115
2025-01-16,FC-West,SKU-GROC-004,16,38.28,0.0,80.09,Holt_Winters,20250116
2025-01-16,FC-West,SKU-GROC-004,16,38.28,0.0,80.09,Holt_Winters,20250116
2025-01-17,FC-West,SKU-GROC-004,17,44.08,1.84,86.32,Holt_Winters,20250117
2025-01-17,FC-West,SKU-GROC-004,17,44.08,1.84,86.32,Holt_Winters,20250117
2025-01-18,FC-West,SKU-GROC-004,18,49.9,7.25,92.55,Holt_Winters,20250118
2025-01-18,FC-West,SKU-GROC-004,18,49.9,7.25,92.55,Holt_Winters,20250118
2025-01-19,FC-West,SKU-GROC-004,19,44.85,1.77,87.93,Holt_Winters,20250119
2025-01-19,FC-West,SKU-GROC-004,19,44.85,1.77,87.93,Holt_Winters,20250119
2025-01-20,FC-West,SKU-GROC-004,20,37.9,0.0,81.39,Holt_Winters,20250120
2025-01-20,FC-West,SKU-GROC-004,20,37.9,0.0,81.39,Holt_Winters,20250120
2025-01-21,FC-West,SKU-GROC-004,21,37.38,0.0,81.28,Holt_Winters,20250121
2025-01-21,FC-West,SKU-GROC-004,21,37.38,0.0,81.28,Holt_Winters,20250121
2025-01-22,FC-West,SKU-GROC-004,22,38.17,0.0,82.49,Holt_Winters,20250122
2025-01-22,FC-West,SKU-GROC-004,22,38.17,0.0,82.49,Holt_Winters,20250122
2025-01-23,FC-West,SKU-GROC-004,23,38.41,0.0,83.14,Holt_Winters,20250123
2025-01-23,FC-West,SKU-GROC-004,23,38.41,0.0,83.14,Holt_Winters,20250123
2025-01-24,FC-West,SKU-GROC-004,24,44.21,0.0,89.33,Holt_Winters,20250124
2025-01-24,FC-West,SKU-GROC-004,24,44.21,0.0,89.33,Holt_Winters,20250124
2025-01-25,FC-West,SKU-GROC-004,25,50.03,4.5,95.56,Holt_Winters,20250125
2025-01-25,FC-West,SKU-GROC-004,25,50.03,4.5,95.56,Holt_Winters,20250125
2025-01-26,FC-West,SKU-GROC-004,26,44.98,0.0,90.9,Holt_Winters,20250126
2025-01-26,FC-West,SKU-GROC-004,26,44.98,0.0,90.9,Holt_Winters,20250126
2025-01-27,FC-West,SKU-GROC-004,27,38.03,0.0,84.34,Holt_Winters,20250127
2025-01-27,FC-West,SKU-GROC-004,27,38.03,0.0,84.34,Holt_Winters,20250127
2025-01-28,FC-West,SKU-GROC-004,28,37.52,0.0,84.23,Holt_Winters,20250128
2025-01-28,FC-West,SKU-GROC-004,28,37.52,0.0,84.23,Holt_Winters,20250128
2025-01-01,FC-West,SKU-GROC-005,1,81.85,47.14,116.56,Holt_Winters,20250101
2025-01-01,FC-West,SKU-GROC-005,1,81.85,47.14,116.56,Holt_Winters,20250101
2025-01-02,FC-West,SKU-GROC-005,2,86.17,50.95,121.39,Holt_Winters,20250102
2025-01-02,FC-West,SKU-GROC-005,2,86.17,50.95,121.39,Holt_Winters,20250102
2025-01-03,FC-West,SKU-GROC-005,3,97.14,61.41,132.87,Holt_Winters,20250103
2025-01-03,FC-West,SKU-GROC-005,3,97.14,61.41,132.87,Holt_Winters,20250103
2025-01-04,FC-West,SKU-GROC-005,4,93.26,57.02,129.5,Holt_Winters,20250104
2025-01-04,FC-West,SKU-GROC-005,4,93.26,57.02,129.5,Holt_Winters,20250104
2025-01-05,FC-West,SKU-GROC-005,5,88.89,52.16,125.62,Holt_Winters,20250105
2025-01-05,FC-West,SKU-GROC-005,5,88.89,52.16,125.62,Holt_Winters,20250105
2025-01-06,FC-West,SKU-GROC-005,6,79.57,42.35,116.79,Holt_Winters,20250106
2025-01-06,FC-West,SKU-GROC-005,6,79.57,42.35,116.79,Holt_Winters,20250106
2025-01-07,FC-West,SKU-GROC-005,7,82.91,45.2,120.62,Holt_Winters,20250107
2025-01-07,FC-West,SKU-GROC-005,7,82.91,45.2,120.62,Holt_Winters,20250107
2025-01-08,FC-West,SKU-GROC-005,8,82.38,44.2,120.56,Holt_Winters,20250108
2025-01-08,FC-West,SKU-GROC-005,8,82.38,44.2,120.56,Holt_Winters,20250108
2025-01-09,FC-West,SKU-GROC-005,9,86.7,48.05,125.35,Holt_Winters,20250109
2025-01-09,FC-West,SKU-GROC-005,9,86.7,48.05,125.35,Holt_Winters,20250109
2025-01-10,FC-West,SKU-GROC-005,10,97.67,58.55,136.79,Holt_Winters,20250110
2025-01-10,FC-West,SKU-GROC-005,10,97.67,58.55,136.79,Holt_Winters,20250110
2025-01-11,FC-West,SKU-GROC-005,11,93.79,54.22,133.36,Holt_Winters,20250111
2025-01-11,FC-West,SKU-GROC-005,11,93.79,54.22,133.36,Holt_Winters,20250111
2025-01-12,FC-West,SKU-GROC-005,12,89.42,49.4,129.44,Holt_Winters,20250112
2025-01-12,FC-West,SKU-GROC-005,12,89.42,49.4,129.44,Holt_Winters,20250112
2025-01-13,FC-West,SKU-GROC-005,13,80.1,39.63,120.57,Holt_Winters,20250113
2025-01-13,FC-West,SKU-GROC-005,13,80.1,39.63,120.57,Holt_Winters,20250113
2025-01-14,FC-West,SKU-GROC-005,14,83.44,42.52,124.36,Holt_Winters,20250114
2025-01-14,FC-West,SKU-GROC-005,14,83.44,42.52,124.36,Holt_Winters,20250114
2025-01-15,FC-West,SKU-GROC-005,15,82.92,41.56,124.28,Holt_Winters,20250115
2025-01-15,FC-West,SKU-GROC-005,15,82.92,41.56,124.28,Holt_Winters,20250115
2025-01-16,FC-West,SKU-GROC-005,16,87.23,45.42,129.04,Holt_Winters,20250116
2025-01-16,FC-West,SKU-GROC-005,16,87.23,45.42,129.04,Holt_Winters,20250116
2025-01-17,FC-West,SKU-GROC-005,17,98.2,55.96,140.44,Holt_Winters,20250117
2025-01-17,FC-West,SKU-GROC-005,17,98.2,55.96,140.44,Holt_Winters,20250117
2025-01-18,FC-West,SKU-GROC-005,18,94.33,51.68,136.98,Holt_Winters,20250118
2025-01-18,FC-West,SKU-GROC-005,18,94.33,51.68,136.98,Holt_Winters,20250118
2025-01-19,FC-West,SKU-GROC-005,19,89.96,46.88,133.04,Holt_Winters,20250119
2025-01-19,FC-West,SKU-GROC-005,19,89.96,46.88,133.04,Holt_Winters,20250119
2025-01-20,FC-West,SKU-GROC-005,20,80.64,37.15,124.13,Holt_Winters,20250120
2025-01-20,FC-West,SKU-GROC-005,20,80.64,37.15,124.13,Holt_Winters,20250120
2025-01-21,FC-West,SKU-GROC-005,21,83.98,40.08,127.88,Holt_Winters,20250121
2025-01-21,FC-West,SKU-GROC-005,21,83.98,40.08,127.88,Holt_Winters,20250121
2025-01-22,FC-West,SKU-GROC-005,22,83.45,39.13,127.77,Holt_Winters,20250122
2025-01-22,FC-West,SKU-GROC-005,22,83.45,39.13,127.77,Holt_Winters,20250122
2025-01-23,FC-West,SKU-GROC-005,23,87.76,43.03,132.49,Holt_Winters,20250123
2025-01-23,FC-West,SKU-GROC-005,23,87.76,43.03,132.49,Holt_Winters,20250123
2025-01-24,FC-West,SKU-GROC-005,24,98.74,53.62,143.86,Holt_Winters,20250124
2025-01-24,FC-West,SKU-GROC-005,24,98.74,53.62,143.86,Holt_Winters,20250124
2025-01-25,FC-West,SKU-GROC-005,25,94.86,49.33,140.39,Holt_Winters,20250125
2025-01-25,FC-West,SKU-GROC-005,25,94.86,49.33,140.39,Holt_Winters,20250125
2025-01-26,FC-West,SKU-GROC-005,26,90.49,44.57,136.41,Holt_Winters,20250126
2025-01-26,FC-West,SKU-GROC-005,26,90.49,44.57,136.41,Holt_Winters,20250126
2025-01-27,FC-West,SKU-GROC-005,27,81.17,34.86,127.48,Holt_Winters,20250127
2025-01-27,FC-West,SKU-GROC-005,27,81.17,34.86,127.48,Holt_Winters,20250127
2025-01-28,FC-West,SKU-GROC-005,28,84.51,37.8,131.22,Holt_Winters,20250128
2025-01-28,FC-West,SKU-GROC-005,28,84.51,37.8,131.22,Holt_Winters,20250128
2025-01-01,FC-West,SKU-GROC-006,1,42.4,7.69,77.11,Holt_Winters,20250101
2025-01-01,FC-West,SKU-GROC-006,1,42.4,7.69,77.11,Holt_Winters,20250101
2025-01-02,FC-West,SKU-GROC-006,2,42.09,6.87,77.31,Holt_Winters,20250102
2025-01-02,FC-West,SKU-GROC-006,2,42.09,6.87,77.31,Holt_Winters,20250102
2025-01-03,FC-West,SKU-GROC-006,3,52.73,17.0,88.46,Holt_Winters,20250103
2025-01-03,FC-West,SKU-GROC-006,3,52.73,17.0,88.46,Holt_Winters,20250103
2025-01-04,FC-West,SKU-GROC-006,4,58.09,21.85,94.33,Holt_Winters,20250104
2025-01-04,FC-West,SKU-GROC-006,4,58.09,21.85,94.33,Holt_Winters,20250104
2025-01-05,FC-West,SKU-GROC-006,5,54.43,17.7,91.16,Holt_Winters,20250105
2025-01-05,FC-West,SKU-GROC-006,5,54.43,17.7,91.16,Holt_Winters,20250105
2025-01-06,FC-West,SKU-GROC-006,6,36.74,0.0,73.96,Holt_Winters,20250106
2025-01-06,FC-West,SKU-GROC-006,6,36.74,0.0,73.96,Holt_Winters,20250106
2025-01-07,FC-West,SKU-GROC-006,7,40.93,3.22,78.64,Holt_Winters,20250107
2025-01-07,FC-West,SKU-GROC-006,7,40.93,3.22,78.64,Holt_Winters,20250107
2025-01-08,FC-West,SKU-GROC-006,8,42.37,4.19,80.55,Holt_Winters,20250108
2025-01-08,FC-West,SKU-GROC-006,8,42.37,4.19,80.55,Holt_Winters,20250108
2025-01-09,FC-West,SKU-GROC-006,9,42.06,3.41,80.71,Holt_Winters,20250109
2025-01-09,FC-West,SKU-GROC-006,9,42.06,3.41,80.71,Holt_Winters,20250109
2025-01-10,FC-West,SKU-GROC-006,10,52.7,13.58,91.82,Holt_Winters,20250110
2025-01-10,FC-West,SKU-GROC-006,10,52.7,13.58,91.82,Holt_Winters,20250110
2025-01-11,FC-West,SKU-GROC-006,11,58.06,18.49,97.63,Holt_Winters,20250111
2025-01-11,FC-West,SKU-GROC-006,11,58.06,18.49,97.63,Holt_Winters,20250111
2025-01-12,FC-West,SKU-GROC-006,12,54.4,14.38,94.42,Holt_Winters,20250112
2025-01-12,FC-West,SKU-GROC-006,12,54.4,14.38,94.42,Holt_Winters,20250112
2025-01-13,FC-West,SKU-GROC-006,13,36.71,0.0,77.18,Holt_Winters,20250113
2025-01-13,FC-West,SKU-GROC-006,13,36.71,0.0,77.18,Holt_Winters,20250113
2025-01-14,FC-West,SKU-GROC-006,14,40.9,0.0,81.82,Holt_Winters,20250114
2025-01-14,FC-West,SKU-GROC-006,14,40.9,0.0,81.82,Holt_Winters,20250114
2025-01-15,FC-West,SKU-GROC-006,15,42.34,0.98,83.7,Holt_Winters,20250115
2025-01-15,FC-West,SKU-GROC-006,15,42.34,0.98,83.7,Holt_Winters,20250115
2025-01-16,FC-West,SKU-GROC-006,16,42.03,0.22,83.84,Holt_Winters,20250116
2025-01-16,FC-West,SKU-GROC-006,16,42.03,0.22,83.84,Holt_Winters,20250116
2025-01-17,FC-West,SKU-GROC-006,17,52.67,10.43,94.91,Holt_Winters,20250117
2025-01-17,FC-West,SKU-GROC-006,17,52.67,10.43,94.91,Holt_Winters,20250117
2025-01-18,FC-West,SKU-GROC-006,18,58.03,15.38,100.68,Holt_Winters,20250118
2025-01-18,FC-West,SKU-GROC-006,18,58.03,15.38,100.68,Holt_Winters,20250118
2025-01-19,FC-West,SKU-GROC-006,19,54.37,11.29,97.45,Holt_Winters,20250119
2025-01-19,FC-West,SKU-GROC-006,19,54.37,11.29,97.45,Holt_Winters,20250119
2025-01-20,FC-West,SKU-GROC-006,20,36.68,0.0,80.17,Holt_Winters,20250120
2025-01-20,FC-West,SKU-GROC-006,20,36.68,0.0,80.17,Holt_Winters,20250120
2025-01-21,FC-West,SKU-GROC-006,21,40.87,0.0,84.77,Holt_Winters,20250121
2025-01-21,FC-West,SKU-GROC-006,21,40.87,0.0,84.77,Holt_Winters,20250121
2025-01-22,FC-West,SKU-GROC-006,22,42.31,0.0,86.63,Holt_Winters,20250122
2025-01-22,FC-West,SKU-GROC-006,22,42.31,0.0,86.63,Holt_Winters,20250122
2025-01-23,FC-West,SKU-GROC-006,23,42.0,0.0,86.73,Holt_Winters,20250123
2025-01-23,FC-West,SKU-GROC-006,23,42.0,0.0,86.73,Holt_Winters,20250123
2025-01-24,FC-West,SKU-GROC-006,24,52.64,7.52,97.76,Holt_Winters,20250124
2025-01-24,FC-West,SKU-GROC-006,24,52.64,7.52,97.76,Holt_Winters,20250124
2025-01-25,FC-West,SKU-GROC-006,25,58.0,12.47,103.53,Holt_Winters,20250125
2025-01-25,FC-West,SKU-GROC-006,25,58.0,12.47,103.53,Holt_Winters,20250125
2025-01-26,FC-West,SKU-GROC-006,26,54.34,8.42,100.26,Holt_Winters,20250126
2025-01-26,FC-West,SKU-GROC-006,26,54.34,8.42,100.26,Holt_Winters,20250126
2025-01-27,FC-West,SKU-GROC-006,27,36.65,0.0,82.96,Holt_Winters,20250127
2025-01-27,FC-West,SKU-GROC-006,27,36.65,0.0,82.96,Holt_Winters,20250127
2025-01-28,FC-West,SKU-GROC-006,28,40.84,0.0,87.55,Holt_Winters,20250128
2025-01-28,FC-West,SKU-GROC-006,28,40.84,0.0,87.55,Holt_Winters,20250128
2025-01-01,FC-West,SKU-GROC-007,1,14.09,0.0,48.8,Holt_Winters,20250101
2025-01-01,FC-West,SKU-GROC-007,1,14.09,0.0,48.8,Holt_Winters,20250101
2025-01-02,FC-West,SKU-GROC-007,2,14.62,0.0,49.84,Holt_Winters,20250102
2025-01-02,FC-West,SKU-GROC-007,2,14.62,0.0,49.84,Holt_Winters,20250102
2025-01-03,FC-West,SKU-GROC-007,3,18.32,0.0,54.05,Holt_Winters,20250103
2025-01-03,FC-West,SKU-GROC-007,3,18.32,0.0,54.05,Holt_Winters,20250103
2025-01-04,FC-West,SKU-GROC-007,4,20.31,0.0,56.55,Holt_Winters,20250104
2025-01-04,FC-West,SKU-GROC-007,4,20.31,0.0,56.55,Holt_Winters,20250104
2025-01-05,FC-West,SKU-GROC-007,5,19.1,0.0,55.83,Holt_Winters,20250105
2025-01-05,FC-West,SKU-GROC-007,5,19.1,0.0,55.83,Holt_Winters,20250105
2025-01-06,FC-West,SKU-GROC-007,6,13.71,0.0,50.93,Holt_Winters,20250106
2025-01-06,FC-West,SKU-GROC-007,6,13.71,0.0,50.93,Holt_Winters,20250106
2025-01-07,FC-West,SKU-GROC-007,7,14.39,0.0,52.1,Holt_Winters,20250107
2025-01-07,FC-West,SKU-GROC-007,7,14.39,0.0,52.1,Holt_Winters,20250107
2025-01-08,FC-West,SKU-GROC-007,8,14.01,0.0,52.19,Holt_Winters,20250108
2025-01-08,FC-West,SKU-GROC-007,8,14.01,0.0,52.19,Holt_Winters,20250108
2025-01-09,FC-West,SKU-GROC-007,9,14.54,0.0,53.19,Holt_Winters,20250109
2025-01-09,FC-West,SKU-GROC-007,9,14.54,0.0,53.19,Holt_Winters,20250109
2025-01-10,FC-West,SKU-GROC-007,10,18.24,0.0,57.36,Holt_Winters,20250110
2025-01-10,FC-West,SKU-GROC-007,10,18.24,0.0,57.36,Holt_Winters,20250110
2025-01-11,FC-West,SKU-GROC-007,11,20.23,0.0,59.8,Holt_Winters,20250111
2025-01-11,FC-West,SKU-GROC-007,11,20.23,0.0,59.8,Holt_Winters,20250111
2025-01-12,FC-West,SKU-GROC-007,12,19.02,0.0,59.04,Holt_Winters,20250112
2025-01-12,FC-West,SKU-GROC-007,12,19.02,0.0,59.04,Holt_Winters,20250112
2025-01-13,FC-West,SKU-GROC-007,13,13.63,0.0,54.1,Holt_Winters,20250113
2025-01-13,FC-West,SKU-GROC-007,13,13.63,0.0,54.1,Holt_Winters,20250113
2025-01-14,FC-West,SKU-GROC-007,14,14.31,0.0,55.23,Holt_Winters,20250114
2025-01-14,FC-West,SKU-GROC-007,14,14.31,0.0,55.23,Holt_Winters,20250114
2025-01-15,FC-West,SKU-GROC-007,15,13.93,0.0,55.29,Holt_Winters,20250115
2025-01-15,FC-West,SKU-GROC-007,15,13.93,0.0,55.29,Holt_Winters,20250115
2025-01-16,FC-West,SKU-GROC-007,16,14.46,0.0,56.27,Holt_Winters,20250116
2025-01-16,FC-West,SKU-GROC-007,16,14.46,0.0,56.27,Holt_Winters,20250116
2025-01-17,FC-West,SKU-GROC-007,17,18.16,0.0,60.4,Holt_Winters,20250117
2025-01-17,FC-West,SKU-GROC-007,17,18.16,0.0,60.4,Holt_Winters,20250117
2025-01-18,FC-West,SKU-GROC-007,18,20.15,0.0,62.8,Holt_Winters,20250118
2025-01-18,FC-West,SKU-GROC-007,18,20.15,0.0,62.8,Holt_Winters,20250118
2025-01-19,FC-West,SKU-GROC-007,19,18.94,0.0,62.02,Holt_Winters,20250119
2025-01-19,FC-West,SKU-GROC-007,19,18.94,0.0,62.02,Holt_Winters,20250119
2025-01-20,FC-West,SKU-GROC-007,20,13.55,0.0,57.04,Holt_Winters,20250120
2025-01-20,FC-West,SKU-GROC-007,20,13.55,0.0,57.04,Holt_Winters,20250120
2025-01-21,FC-West,SKU-GROC-007,21,14.23,0.0,58.13,Holt_Winters,20250121
2025-01-21,FC-West,SKU-GROC-007,21,14.23,0.0,58.13,Holt_Winters,20250121
2025-01-22,FC-West,SKU-GROC-007,22,13.85,0.0,58.17,Holt_Winters,20250122
2025-01-22,FC-West,SKU-GROC-007,22,13.85,0.0,58.17,Holt_Winters,20250122
2025-01-23,FC-West,SKU-GROC-007,23,14.38,0.0,59.11,Holt_Winters,20250123
2025-01-23,FC-West,SKU-GROC-007,23,14.38,0.0,59.11,Holt_Winters,20250123
2025-01-24,FC-West,SKU-GROC-007,24,18.09,0.0,63.21,Holt_Winters,20250124
2025-01-24,FC-West,SKU-GROC-007,24,18.09,0.0,63.21,Holt_Winters,20250124
2025-01-25,FC-West,SKU-GROC-007,25,20.08,0.0,65.61,Holt_Winters,20250125
2025-01-25,FC-West,SKU-GROC-007,25,20.08,0.0,65.61,Holt_Winters,20250125
2025-01-26,FC-West,SKU-GROC-007,26,18.86,0.0,64.78,Holt_Winters,20250126
2025-01-26,FC-West,SKU-GROC-007,26,18.86,0.0,64.78,Holt_Winters,20250126
2025-01-27,FC-West,SKU-GROC-007,27,13.47,0.0,59.78,Holt_Winters,20250127
2025-01-27,FC-West,SKU-GROC-007,27,13.47,0.0,59.78,Holt_Winters,20250127
2025-01-28,FC-West,SKU-GROC-007,28,14.16,0.0,60.87,Holt_Winters,20250128
2025-01-28,FC-West,SKU-GROC-007,28,14.16,0.0,60.87,Holt_Winters,20250128
2025-01-01,FC-West,SKU-GROC-008,1,80.1,45.39,114.81,Holt_Winters,20250101
2025-01-01,FC-West,SKU-GROC-008,1,80.1,45.39,114.81,Holt_Winters,20250101
2025-01-02,FC-West,SKU-GROC-008,2,82.38,47.16,117.6,Holt_Winters,20250102
2025-01-02,FC-West,SKU-GROC-008,2,82.38,47.16,117.6,Holt_Winters,20250102
2025-01-03,FC-West,SKU-GROC-008,3,88.84,53.11,124.57,Holt_Winters,20250103
2025-01-03,FC-West,SKU-GROC-008,3,88.84,53.11,124.57,Holt_Winters,20250103
2025-01-04,FC-West,SKU-GROC-008,4,97.4,61.16,133.64,Holt_Winters,20250104
2025-01-04,FC-West,SKU-GROC-008,4,97.4,61.16,133.64,Holt_Winters,20250104
2025-01-05,FC-West,SKU-GROC-008,5,91.38,54.65,128.11,Holt_Winters,20250105
2025-01-05,FC-West,SKU-GROC-008,5,91.38,54.65,128.11,Holt_Winters,20250105
2025-01-06,FC-West,SKU-GROC-008,6,81.89,44.67,119.11,Holt_Winters,20250106
2025-01-06,FC-West,SKU-GROC-008,6,81.89,44.67,119.11,Holt_Winters,20250106
2025-01-07,FC-West,SKU-GROC-008,7,82.81,45.1,120.52,Holt_Winters,20250107
2025-01-07,FC-West,SKU-GROC-008,7,82.81,45.1,120.52,Holt_Winters,20250107
2025-01-08,FC-West,SKU-GROC-008,8,80.64,42.46,118.82,Holt_Winters,20250108
2025-01-08,FC-West,SKU-GROC-008,8,80.64,42.46,118.82,Holt_Winters,20250108
2025-01-09,FC-West,SKU-GROC-008,9,82.92,44.27,121.57,Holt_Winters,20250109
2025-01-09,FC-West,SKU-GROC-008,9,82.92,44.27,121.57,Holt_Winters,20250109
2025-01-10,FC-West,SKU-GROC-008,10,89.37,50.25,128.49,Holt_Winters,20250110
2025-01-10,FC-West,SKU-GROC-008,10,89.37,50.25,128.49,Holt_Winters,20250110
2025-01-11,FC-West,SKU-GROC-008,11,97.94,58.37,137.51,Holt_Winters,20250111
2025-01-11,FC-West,SKU-GROC-008,11,97.94,58.37,137.51,Holt_Winters,20250111
2025-01-12,FC-West,SKU-GROC-008,12,91.91,51.89,131.93,Holt_Winters,20250112
2025-01-12,FC-West,SKU-GROC-008,12,91.91,51.89,131.93,Holt_Winters,20250112
2025-01-13,FC-West,SKU-GROC-008,13,82.43,41.96,122.9,Holt_Winters,20250113
2025-01-13,FC-West,SKU-GROC-008,13,82.43,41.96,122.9,Holt_Winters,20250113
2025-01-14,FC-West,SKU-GROC-008,14,83.34,42.42,124.26,Holt_Winters,20250114
2025-01-14,FC-West,SKU-GROC-008,14,83.34,42.42,124.26,Holt_Winters,20250114
2025-01-15,FC-West,SKU-GROC-008,15,81.17,39.81,122.53,Holt_Winters,20250115
2025-01-15,FC-West,SKU-GROC-008,15,81.17,39.81,122.53,Holt_Winters,20250115
2025-01-16,FC-West,SKU-GROC-008,16,83.45,41.64,125.26,Holt_Winters,20250116
2025-01-16,FC-West,SKU-GROC-008,16,83.45,41.64,125.26,Holt_Winters,20250116
2025-01-17,FC-West,SKU-GROC-008,17,89.9,47.66,132.14,Holt_Winters,20250117
2025-01-17,FC-West,SKU-GROC-008,17,89.9,47.66,132.14,Holt_Winters,20250117
2025-01-18,FC-West,SKU-GROC-008,18,98.47,55.82,141.12,Holt_Winters,20250118
2025-01-18,FC-West,SKU-GROC-008,18,98.47,55.82,141.12,Holt_Winters,20250118
2025-01-19,FC-West,SKU-GROC-008,19,92.44,49.36,135.52,Holt_Winters,20250119
2025-01-19,FC-West,SKU-GROC-008,19,92.44,49.36,135.52,Holt_Winters,20250119
2025-01-20,FC-West,SKU-GROC-008,20,82.96,39.47,126.45,Holt_Winters,20250120
2025-01-20,FC-West,SKU-GROC-008,20,82.96,39.47,126.45,Holt_Winters,20250120
2025-01-21,FC-West,SKU-GROC-008,21,83.87,39.97,127.77,Holt_Winters,20250121
2025-01-21,FC-West,SKU-GROC-008,21,83.87,39.97,127.77,Holt_Winters,20250121
2025-01-22,FC-West,SKU-GROC-008,22,81.7,37.38,126.02,Holt_Winters,20250122
2025-01-22,FC-West,SKU-GROC-008,22,81.7,37.38,126.02,Holt_Winters,20250122
2025-01-23,FC-West,SKU-GROC-008,23,83.98,39.25,128.71,Holt_Winters,20250123
2025-01-23,FC-West,SKU-GROC-008,23,83.98,39.25,128.71,Holt_Winters,20250123
2025-01-24,FC-West,SKU-GROC-008,24,90.43,45.31,135.55,Holt_Winters,20250124
2025-01-24,FC-West,SKU-GROC-008,24,90.43,45.31,135.55,Holt_Winters,20250124
2025-01-25,FC-West,SKU-GROC-008,25,99.0,53.47,144.53,Holt_Winters,20250125
2025-01-25,FC-West,SKU-GROC-008,25,99.0,53.47,144.53,Holt_Winters,20250125
2025-01-26,FC-West,SKU-GROC-008,26,92.98,47.06,138.9,Holt_Winters,20250126
2025-01-26,FC-West,SKU-GROC-008,26,92.98,47.06,138.9,Holt_Winters,20250126
2025-01-27,FC-West,SKU-GROC-008,27,83.49,37.18,129.8,Holt_Winters,20250127
2025-01-27,FC-West,SKU-GROC-008,27,83.49,37.18,129.8,Holt_Winters,20250127
2025-01-28,FC-West,SKU-GROC-008,28,84.41,37.7,131.12,Holt_Winters,20250128
2025-01-28,FC-West,SKU-GROC-008,28,84.41,37.7,131.12,Holt_Winters,20250128
2025-01-01,FC-West,SKU-GROC-009,1,3.61,0.0,38.32,Holt_Winters,20250101
2025-01-01,FC-West,SKU-GROC-009,1,3.61,0.0,38.32,Holt_Winters,20250101
2025-01-02,FC-West,SKU-GROC-009,2,3.29,0.0,38.51,Holt_Winters,20250102
2025-01-02,FC-West,SKU-GROC-009,2,3.29,0.0,38.51,Holt_Winters,20250102
2025-01-03,FC-West,SKU-GROC-009,3,3.48,0.0,39.21,Holt_Winters,20250103
2025-01-03,FC-West,SKU-GROC-009,3,3.48,0.0,39.21,Holt_Winters,20250103
2025-01-04,FC-West,SKU-GROC-009,4,2.68,0.0,38.92,Holt_Winters,20250104
2025-01-04,FC-West,SKU-GROC-009,4,2.68,0.0,38.92,Holt_Winters,20250104
2025-01-05,FC-West,SKU-GROC-009,5,3.17,0.0,39.9,Holt_Winters,20250105
2025-01-05,FC-West,SKU-GROC-009,5,3.17,0.0,39.9,Holt_Winters,20250105
2025-01-06,FC-West,SKU-GROC-009,6,2.81,0.0,40.03,Holt_Winters,20250106
2025-01-06,FC-West,SKU-GROC-009,6,2.81,0.0,40.03,Holt_Winters,20250106
2025-01-07,FC-West,SKU-GROC-009,7,1.93,0.0,39.64,Holt_Winters,20250107
2025-01-07,FC-West,SKU-GROC-009,7,1.93,0.0,39.64,Holt_Winters,20250107
2025-01-08,FC-West,SKU-GROC-009,8,3.61,0.0,41.79,Holt_Winters,20250108
2025-01-08,FC-West,SKU-GROC-009,8,3.61,0.0,41.79,Holt_Winters,20250108
2025-01-09,FC-West,SKU-GROC-009,9,3.29,0.0,41.94,Holt_Winters,20250109
2025-01-09,FC-West,SKU-GROC-009,9,3.29,0.0,41.94,Holt_Winters,20250109
2025-01-10,FC-West,SKU-GROC-009,10,3.48,0.0,42.6,Holt_Winters,20250110
2025-01-10,FC-West,SKU-GROC-009,10,3.48,0.0,42.6,Holt_Winters,20250110
2025-01-11,FC-West,SKU-GROC-009,11,2.68,0.0,42.25,Holt_Winters,20250111
2025-01-11,FC-West,SKU-GROC-009,11,2.68,0.0,42.25,Holt_Winters,20250111
2025-01-12,FC-West,SKU-GROC-009,12,3.17,0.0,43.19,Holt_Winters,20250112
2025-01-12,FC-West,SKU-GROC-009,12,3.17,0.0,43.19,Holt_Winters,20250112
2025-01-13,FC-West,SKU-GROC-009,13,2.81,0.0,43.28,Holt_Winters,20250113
2025-01-13,FC-West,SKU-GROC-009,13,2.81,0.0,43.28,Holt_Winters,20250113
2025-01-14,FC-West,SKU-GROC-009,14,1.93,0.0,42.85,Holt_Winters,20250114
2025-01-14,FC-West,SKU-GROC-009,14,1.93,0.0,42.85,Holt_Winters,20250114
2025-01-15,FC-West,SKU-GROC-009,15,3.61,0.0,44.97,Holt_Winters,20250115
2025-01-15,FC-West,SKU-GROC-009,15,3.61,0.0,44.97,Holt_Winters,20250115
2025-01-16,FC-West,SKU-GROC-009,16,3.29,0.0,45.1,Holt_Winters,20250116
2025-01-16,FC-West,SKU-GROC-009,16,3.29,0.0,45.1,Holt_Winters,20250116
2025-01-17,FC-West,SKU-GROC-009,17,3.48,0.0,45.72,Holt_Winters,20250117
2025-01-17,FC-West,SKU-GROC-009,17,3.48,0.0,45.72,Holt_Winters,20250117
2025-01-18,FC-West,SKU-GROC-009,18,2.68,0.0,45.33,Holt_Winters,20250118
2025-01-18,FC-West,SKU-GROC-009,18,2.68,0.0,45.33,Holt_Winters,20250118
2025-01-19,FC-West,SKU-GROC-009,19,3.17,0.0,46.25,Holt_Winters,20250119
2025-01-19,FC-West,SKU-GROC-009,19,3.17,0.0,46.25,Holt_Winters,20250119
2025-01-20,FC-West,SKU-GROC-009,20,2.81,0.0,46.3,Holt_Winters,20250120
2025-01-20,FC-West,SKU-GROC-009,20,2.81,0.0,46.3,Holt_Winters,20250120
2025-01-21,FC-West,SKU-GROC-009,21,1.93,0.0,45.83,Holt_Winters,20250121
2025-01-21,FC-West,SKU-GROC-009,21,1.93,0.0,45.83,Holt_Winters,20250121
2025-01-22,FC-West,SKU-GROC-009,22,3.61,0.0,47.93,Holt_Winters,20250122
2025-01-22,FC-West,SKU-GROC-009,22,3.61,0.0,47.93,Holt_Winters,20250122
2025-01-23,FC-West,SKU-GROC-009,23,3.29,0.0,48.02,Holt_Winters,20250123
2025-01-23,FC-West,SKU-GROC-009,23,3.29,0.0,48.02,Holt_Winters,20250123
2025-01-24,FC-West,SKU-GROC-009,24,3.48,0.0,48.6,Holt_Winters,20250124
2025-01-24,FC-West,SKU-GROC-009,24,3.48,0.0,48.6,Holt_Winters,20250124
2025-01-25,FC-West,SKU-GROC-009,25,2.68,0.0,48.21,Holt_Winters,20250125
2025-01-25,FC-West,SKU-GROC-009,25,2.68,0.0,48.21,Holt_Winters,20250125
2025-01-26,FC-West,SKU-GROC-009,26,3.17,0.0,49.09,Holt_Winters,20250126
2025-01-26,FC-West,SKU-GROC-009,26,3.17,0.0,49.09,Holt_Winters,20250126
2025-01-27,FC-West,SKU-GROC-009,27,2.81,0.0,49.12,Holt_Winters,20250127
2025-01-27,FC-West,SKU-GROC-009,27,2.81,0.0,49.12,Holt_Winters,20250127
2025-01-28,FC-West,SKU-GROC-009,28,1.93,0.0,48.64,Holt_Winters,20250128
2025-01-28,FC-West,SKU-GROC-009,28,1.93,0.0,48.64,Holt_Winters,20250128
2025-01-01,FC-West,SKU-GROC-010,1,7.85,0.0,42.56,Holt_Winters,20250101
2025-01-01,FC-West,SKU-GROC-010,1,7.85,0.0,42.56,Holt_Winters,20250101
2025-01-02,FC-West,SKU-GROC-010,2,7.48,0.0,42.7,Holt_Winters,20250102
2025-01-02,FC-West,SKU-GROC-010,2,7.48,0.0,42.7,Holt_Winters,20250102
2025-01-03,FC-West,SKU-GROC-010,3,8.27,0.0,44.0,Holt_Winters,20250103
2025-01-03,FC-West,SKU-GROC-010,3,8.27,0.0,44.0,Holt_Winters,20250103
2025-01-04,FC-West,SKU-GROC-010,4,9.24,0.0,45.48,Holt_Winters,20250104
2025-01-04,FC-West,SKU-GROC-010,4,9.24,0.0,45.48,Holt_Winters,20250104
2025-01-05,FC-West,SKU-GROC-010,5,9.36,0.0,46.09,Holt_Winters,20250105
2025-01-05,FC-West,SKU-GROC-010,5,9.36,0.0,46.09,Holt_Winters,20250105
2025-01-06,FC-West,SKU-GROC-010,6,7.63,0.0,44.85,Holt_Winters,20250106
2025-01-06,FC-West,SKU-GROC-010,6,7.63,0.0,44.85,Holt_Winters,20250106
2025-01-07,FC-West,SKU-GROC-010,7,7.24,0.0,44.95,Holt_Winters,20250107
2025-01-07,FC-West,SKU-GROC-010,7,7.24,0.0,44.95,Holt_Winters,20250107
2025-01-08,FC-West,SKU-GROC-010,8,7.87,0.0,46.05,Holt_Winters,20250108
2025-01-08,FC-West,SKU-GROC-010,8,7.87,0.0,46.05,Holt_Winters,20250108
2025-01-09,FC-West,SKU-GROC-010,9,7.49,0.0,46.14,Holt_Winters,20250109
2025-01-09,FC-West,SKU-GROC-010,9,7.49,0.0,46.14,Holt_Winters,20250109
2025-01-10,FC-West,SKU-GROC-010,10,8.28,0.0,47.4,Holt_Winters,20250110
2025-01-10,FC-West,SKU-GROC-010,10,8.28,0.0,47.4,Holt_Winters,20250110
2025-01-11,FC-West,SKU-GROC-010,11,9.25,0.0,48.82,Holt_Winters,20250111
2025-01-11,FC-West,SKU-GROC-010,11,9.25,0.0,48.82,Holt_Winters,20250111
2025-01-12,FC-West,SKU-GROC-010,12,9.37,0.0,49.39,Holt_Winters,20250112
2025-01-12,FC-West,SKU-GROC-010,12,9.37,0.0,49.39,Holt_Winters,20250112
2025-01-13,FC-West,SKU-GROC-010,13,7.65,0.0,48.12,Holt_Winters,20250113
2025-01-13,FC-West,SKU-GROC-010,13,7.65,0.0,48.12,Holt_Winters,20250113
2025-01-14,FC-West,SKU-GROC-010,14,7.26,0.0,48.18,Holt_Winters,20250114
2025-01-14,FC-West,SKU-GROC-010,14,7.26,0.0,48.18,Holt_Winters,20250114
2025-01-15,FC-West,SKU-GROC-010,15,7.89,0.0,49.25,Holt_Winters,20250115
2025-01-15,FC-West,SKU-GROC-010,15,7.89,0.0,49.25,Holt_Winters,20250115
2025-01-16,FC-West,SKU-GROC-010,16,7.51,0.0,49.32,Holt_Winters,20250116
2025-01-16,FC-West,SKU-GROC-010,16,7.51,0.0,49.32,Holt_Winters,20250116
2025-01-17,FC-West,SKU-GROC-010,17,8.3,0.0,50.54,Holt_Winters,20250117
2025-01-17,FC-West,SKU-GROC-010,17,8.3,0.0,50.54,Holt_Winters,20250117
2025-01-18,FC-West,SKU-GROC-010,18,9.27,0.0,51.92,Holt_Winters,20250118
2025-01-18,FC-West,SKU-GROC-010,18,9.27,0.0,51.92,Holt_Winters,20250118
2025-01-19,FC-West,SKU-GROC-010,19,9.39,0.0,52.47,Holt_Winters,20250119
2025-01-19,FC-West,SKU-GROC-010,19,9.39,0.0,52.47,Holt_Winters,20250119
2025-01-20,FC-West,SKU-GROC-010,20,7.67,0.0,51.16,Holt_Winters,20250120
2025-01-20,FC-West,SKU-GROC-010,20,7.67,0.0,51.16,Holt_Winters,20250120
2025-01-21,FC-West,SKU-GROC-010,21,7.28,0.0,51.18,Holt_Winters,20250121
2025-01-21,FC-West,SKU-GROC-010,21,7.28,0.0,51.18,Holt_Winters,20250121
2025-01-22,FC-West,SKU-GROC-010,22,7.9,0.0,52.22,Holt_Winters,20250122
2025-01-22,FC-West,SKU-GROC-010,22,7.9,0.0,52.22,Holt_Winters,20250122
2025-01-23,FC-West,SKU-GROC-010,23,7.53,0.0,52.26,Holt_Winters,20250123
2025-01-23,FC-West,SKU-GROC-010,23,7.53,0.0,52.26,Holt_Winters,20250123
2025-01-24,FC-West,SKU-GROC-010,24,8.32,0.0,53.44,Holt_Winters,20250124
2025-01-24,FC-West,SKU-GROC-010,24,8.32,0.0,53.44,Holt_Winters,20250124
2025-01-25,FC-West,SKU-GROC-010,25,9.29,0.0,54.82,Holt_Winters,20250125
2025-01-25,FC-West,SKU-GROC-010,25,9.29,0.0,54.82,Holt_Winters,20250125
2025-01-26,FC-West,SKU-GROC-010,26,9.41,0.0,55.33,Holt_Winters,20250126
2025-01-26,FC-West,SKU-GROC-010,26,9.41,0.0,55.33,Holt_Winters,20250126
2025-01-27,FC-West,SKU-GROC-010,27,7.68,0.0,53.99,Holt_Winters,20250127
2025-01-27,FC-West,SKU-GROC-010,27,7.68,0.0,53.99,Holt_Winters,20250127
2025-01-28,FC-West,SKU-GROC-010,28,7.29,0.0,54.0,Holt_Winters,20250128
2025-01-28,FC-West,SKU-GROC-010,28,7.29,0.0,54.0,Holt_Winters,20250128
2025-01-01,FC-West,SKU-HLTH-001,1,60.18,25.47,94.89,Holt_Winters,20250101
2025-01-01,FC-West,SKU-HLTH-001,1,60.18,25.47,94.89,Holt_Winters,20250101
2025-01-02,FC-West,SKU-HLTH-001,2,62.36,27.14,97.58,Holt_Winters,20250102
2025-01-02,FC-West,SKU-HLTH-001,2,62.36,27.14,97.58,Holt_Winters,20250102
2025-01-03,FC-West,SKU-HLTH-001,3,69.91,34.18,105.64,Holt_Winters,20250103
2025-01-03,FC-West,SKU-HLTH-001,3,69.91,34.18,105.64,Holt_Winters,20250103
2025-01-04,FC-West,SKU-HLTH-001,4,77.46,41.22,113.7,Holt_Winters,20250104
2025-01-04,FC-West,SKU-HLTH-001,4,77.46,41.22,113.7,Holt_Winters,20250104
2025-01-05,FC-West,SKU-HLTH-001,5,71.85,35.12,108.58,Holt_Winters,20250105
2025-01-05,FC-West,SKU-HLTH-001,5,71.85,35.12,108.58,Holt_Winters,20250105
2025-01-06,FC-West,SKU-HLTH-001,6,56.66,19.44,93.88,Holt_Winters,20250106
2025-01-06,FC-West,SKU-HLTH-001,6,56.66,19.44,93.88,Holt_Winters,20250106
2025-01-07,FC-West,SKU-HLTH-001,7,55.66,17.95,93.37,Holt_Winters,20250107
2025-01-07,FC-West,SKU-HLTH-001,7,55.66,17.95,93.37,Holt_Winters,20250107
2025-01-08,FC-West,SKU-HLTH-001,8,60.19,22.01,98.37,Holt_Winters,20250108
2025-01-08,FC-West,SKU-HLTH-001,8,60.19,22.01,98.37,Holt_Winters,20250108
2025-01-09,FC-West,SKU-HLTH-001,9,62.37,23.72,101.02,Holt_Winters,20250109
2025-01-09,FC-West,SKU-HLTH-001,9,62.37,23.72,101.02,Holt_Winters,20250109
2025-01-10,FC-West,SKU-HLTH-001,10,69.92,30.8,109.04,Holt_Winters,20250110
2025-01-10,FC-West,SKU-HLTH-001,10,69.92,30.8,109.04,Holt_Winters,20250110
2025-01-11,FC-West,SKU-HLTH-001,11,77.47,37.9,117.04,Holt_Winters,20250111
2025-01-11,FC-West,SKU-HLTH-001,11,77.47,37.9,117.04,Holt_Winters,20250111
2025-01-12,FC-West,SKU-HLTH-001,12,71.86,31.84,111.88,Holt_Winters,20250112
2025-01-12,FC-West,SKU-HLTH-001,12,71.86,31.84,111.88,Holt_Winters,20250112
2025-01-13,FC-West,SKU-HLTH-001,13,56.67,16.2,97.14,Holt_Winters,20250113
2025-01-13,FC-West,SKU-HLTH-001,13,56.67,16.2,97.14,Holt_Winters,20250113
2025-01-14,FC-West,SKU-HLTH-001,14,55.67,14.75,96.59,Holt_Winters,20250114
2025-01-14,FC-West,SKU-HLTH-001,14,55.67,14.75,96.59,Holt_Winters,20250114
2025-01-15,FC-West,SKU-HLTH-001,15,60.19,18.83,101.55,Holt_Winters,20250115
2025-01-15,FC-West,SKU-HLTH-001,15,60.19,18.83,101.55,Holt_Winters,20250115
2025-01-16,FC-West,SKU-HLTH-001,16,62.37,20.56,104.18,Holt_Winters,20250116
2025-01-16,FC-West,SKU-HLTH-001,16,62.37,20.56,104.18,Holt_Winters,20250116
2025-01-17,FC-West,SKU-HLTH-001,17,69.92,27.68,112.16,Holt_Winters,20250117
2025-01-17,FC-West,SKU-HLTH-001,17,69.92,27.68,112.16,Holt_Winters,20250117
2025-01-18,FC-West,SKU-HLTH-001,18,77.47,34.82,120.12,Holt_Winters,20250118
2025-01-18,FC-West,SKU-HLTH-001,18,77.47,34.82,120.12,Holt_Winters,20250118
2025-01-19,FC-West,SKU-HLTH-001,19,71.86,28.78,114.94,Holt_Winters,20250119
2025-01-19,FC-West,SKU-HLTH-001,19,71.86,28.78,114.94,Holt_Winters,20250119
2025-01-20,FC-West,SKU-HLTH-001,20,56.67,13.18,100.16,Holt_Winters,20250120
2025-01-20,FC-West,SKU-HLTH-001,20,56.67,13.18,100.16,Holt_Winters,20250120
2025-01-21,FC-West,SKU-HLTH-001,21,55.67,11.77,99.57,Holt_Winters,20250121
2025-01-21,FC-West,SKU-HLTH-001,21,55.67,11.77,99.57,Holt_Winters,20250121
2025-01-22,FC-West,SKU-HLTH-001,22,60.2,15.88,104.52,Holt_Winters,20250122
2025-01-22,FC-West,SKU-HLTH-001,22,60.2,15.88,104.52,Holt_Winters,20250122
2025-01-23,FC-West,SKU-HLTH-001,23,62.38,17.65,107.11,Holt_Winters,20250123
2025-01-23,FC-West,SKU-HLTH-001,23,62.38,17.65,107.11,Holt_Winters,20250123
2025-01-24,FC-West,SKU-HLTH-001,24,69.93,24.81,115.05,Holt_Winters,20250124
2025-01-24,FC-West,SKU-HLTH-001,24,69.93,24.81,115.05,Holt_Winters,20250124
2025-01-25,FC-West,SKU-HLTH-001,25,77.48,31.95,123.01,Holt_Winters,20250125
2025-01-25,FC-West,SKU-HLTH-001,25,77.48,31.95,123.01,Holt_Winters,20250125
2025-01-26,FC-West,SKU-HLTH-001,26,71.87,25.95,117.79,Holt_Winters,20250126
2025-01-26,FC-West,SKU-HLTH-001,26,71.87,25.95,117.79,Holt_Winters,20250126
2025-01-27,FC-West,SKU-HLTH-001,27,56.68,10.37,102.99,Holt_Winters,20250127
2025-01-27,FC-West,SKU-HLTH-001,27,56.68,10.37,102.99,Holt_Winters,20250127
2025-01-28,FC-West,SKU-HLTH-001,28,55.68,8.97,102.39,Holt_Winters,20250128
2025-01-28,FC-West,SKU-HLTH-001,28,55.68,8.97,102.39,Holt_Winters,20250128
2025-01-01,FC-West,SKU-HLTH-002,1,42.38,7.67,77.09,Holt_Winters,20250101
2025-01-01,FC-West,SKU-HLTH-002,1,42.38,7.67,77.09,Holt_Winters,20250101
2025-01-02,FC-West,SKU-HLTH-002,2,42.09,6.87,77.31,Holt_Winters,20250102
2025-01-02,FC-West,SKU-HLTH-002,2,42.09,6.87,77.31,Holt_Winters,20250102
2025-01-03,FC-West,SKU-HLTH-002,3,50.78,15.05,86.51,Holt_Winters,20250103
2025-01-03,FC-West,SKU-HLTH-002,3,50.78,15.05,86.51,Holt_Winters,20250103
2025-01-04,FC-West,SKU-HLTH-002,4,62.2,25.96,98.44,Holt_Winters,20250104
2025-01-04,FC-West,SKU-HLTH-002,4,62.2,25.96,98.44,Holt_Winters,20250104
2025-01-05,FC-West,SKU-HLTH-002,5,48.68,11.95,85.41,Holt_Winters,20250105
2025-01-05,FC-West,SKU-HLTH-002,5,48.68,11.95,85.41,Holt_Winters,20250105
2025-01-06,FC-West,SKU-HLTH-002,6,42.02,4.8,79.24,Holt_Winters,20250106
2025-01-06,FC-West,SKU-HLTH-002,6,42.02,4.8,79.24,Holt_Winters,20250106
2025-01-07,FC-West,SKU-HLTH-002,7,39.49,1.78,77.2,Holt_Winters,20250107
2025-01-07,FC-West,SKU-HLTH-002,7,39.49,1.78,77.2,Holt_Winters,20250107
2025-01-08,FC-West,SKU-HLTH-002,8,42.33,4.15,80.51,Holt_Winters,20250108
2025-01-08,FC-West,SKU-HLTH-002,8,42.33,4.15,80.51,Holt_Winters,20250108
2025-01-09,FC-West,SKU-HLTH-002,9,42.04,3.39,80.69,Holt_Winters,20250109
2025-01-09,FC-West,SKU-HLTH-002,9,42.04,3.39,80.69,Holt_Winters,20250109
2025-01-10,FC-West,SKU-HLTH-002,10,50.73,11.61,89.85,Holt_Winters,20250110
2025-01-10,FC-West,SKU-HLTH-002,10,50.73,11.61,89.85,Holt_Winters,20250110
2025-01-11,FC-West,SKU-HLTH-002,11,62.15,22.58,101.72,Holt_Winters,20250111
2025-01-11,FC-West,SKU-HLTH-002,11,62.15,22.58,101.72,Holt_Winters,20250111
2025-01-12,FC-West,SKU-HLTH-002,12,48.63,8.61,88.65,Holt_Winters,20250112
2025-01-12,FC-West,SKU-HLTH-002,12,48.63,8.61,88.65,Holt_Winters,20250112
2025-01-13,FC-West,SKU-HLTH-002,13,41.97,1.5,82.44,Holt_Winters,20250113
2025-01-13,FC-West,SKU-HLTH-002,13,41.97,1.5,82.44,Holt_Winters,20250113
2025-01-14,FC-West,SKU-HLTH-002,14,39.44,0.0,80.36,Holt_Winters,20250114
2025-01-14,FC-West,SKU-HLTH-002,14,39.44,0.0,80.36,Holt_Winters,20250114
2025-01-15,FC-West,SKU-HLTH-002,15,42.28,0.92,83.64,Holt_Winters,20250115
2025-01-15,FC-West,SKU-HLTH-002,15,42.28,0.92,83.64,Holt_Winters,20250115
2025-01-16,FC-West,SKU-HLTH-002,16,41.99,0.18,83.8,Holt_Winters,20250116
2025-01-16,FC-West,SKU-HLTH-002,16,41.99,0.18,83.8,Holt_Winters,20250116
2025-01-17,FC-West,SKU-HLTH-002,17,50.68,8.44,92.92,Holt_Winters,20250117
2025-01-17,FC-West,SKU-HLTH-002,17,50.68,8.44,92.92,Holt_Winters,20250117
2025-01-18,FC-West,SKU-HLTH-002,18,62.09,19.44,104.74,Holt_Winters,20250118
2025-01-18,FC-West,SKU-HLTH-002,18,62.09,19.44,104.74,Holt_Winters,20250118
2025-01-19,FC-West,SKU-HLTH-002,19,48.57,5.49,91.65,Holt_Winters,20250119
2025-01-19,FC-West,SKU-HLTH-002,19,48.57,5.49,91.65,Holt_Winters,20250119
2025-01-20,FC-West,SKU-HLTH-002,20,41.92,0.0,85.41,Holt_Winters,20250120
2025-01-20,FC-West,SKU-HLTH-002,20,41.92,0.0,85.41,Holt_Winters,20250120
2025-01-21,FC-West,SKU-HLTH-002,21,39.38,0.0,83.28,Holt_Winters,20250121
2025-01-21,FC-West,SKU-HLTH-002,21,39.38,0.0,83.28,Holt_Winters,20250121
2025-01-22,FC-West,SKU-HLTH-002,22,42.22,0.0,86.54,Holt_Winters,20250122
2025-01-22,FC-West,SKU-HLTH-002,22,42.22,0.0,86.54,Holt_Winters,20250122
2025-01-23,FC-West,SKU-HLTH-002,23,41.94,0.0,86.67,Holt_Winters,20250123
2025-01-23,FC-West,SKU-HLTH-002,23,41.94,0.0,86.67,Holt_Winters,20250123
2025-01-24,FC-West,SKU-HLTH-002,24,50.63,5.51,95.75,Holt_Winters,20250124
2025-01-24,FC-West,SKU-HLTH-002,24,50.63,5.51,95.75,Holt_Winters,20250124
2025-01-25,FC-West,SKU-HLTH-002,25,62.04,16.51,107.57,Holt_Winters,20250125
2025-01-25,FC-West,SKU-HLTH-002,25,62.04,16.51,107.57,Holt_Winters,20250125
2025-01-26,FC-West,SKU-HLTH-002,26,48.52,2.6,94.44,Holt_Winters,20250126
2025-01-26,FC-West,SKU-HLTH-002,26,48.52,2.6,94.44,Holt_Winters,20250126
2025-01-27,FC-West,SKU-HLTH-002,27,41.86,0.0,88.17,Holt_Winters,20250127
2025-01-27,FC-West,SKU-HLTH-002,27,41.86,0.0,88.17,Holt_Winters,20250127
2025-01-28,FC-West,SKU-HLTH-002,28,39.33,0.0,86.04,Holt_Winters,20250128
2025-01-28,FC-West,SKU-HLTH-002,28,39.33,0.0,86.04,Holt_Winters,20250128
2025-01-01,FC-West,SKU-HLTH-003,1,46.16,11.45,80.87,Holt_Winters,20250101
2025-01-01,FC-West,SKU-HLTH-003,1,46.16,11.45,80.87,Holt_Winters,20250101
2025-01-02,FC-West,SKU-HLTH-003,2,44.99,9.77,80.21,Holt_Winters,20250102
2025-01-02,FC-West,SKU-HLTH-003,2,44.99,9.77,80.21,Holt_Winters,20250102
2025-01-03,FC-West,SKU-HLTH-003,3,53.7,17.97,89.43,Holt_Winters,20250103
2025-01-03,FC-West,SKU-HLTH-003,3,53.7,17.97,89.43,Holt_Winters,20250103
2025-01-04,FC-West,SKU-HLTH-003,4,59.89,23.65,96.13,Holt_Winters,20250104
2025-01-04,FC-West,SKU-HLTH-003,4,59.89,23.65,96.13,Holt_Winters,20250104
2025-01-05,FC-West,SKU-HLTH-003,5,53.59,16.86,90.32,Holt_Winters,20250105
2025-01-05,FC-West,SKU-HLTH-003,5,53.59,16.86,90.32,Holt_Winters,20250105
2025-01-06,FC-West,SKU-HLTH-003,6,44.2,6.98,81.42,Holt_Winters,20250106
2025-01-06,FC-West,SKU-HLTH-003,6,44.2,6.98,81.42,Holt_Winters,20250106
2025-01-07,FC-West,SKU-HLTH-003,7,45.74,8.03,83.45,Holt_Winters,20250107
2025-01-07,FC-West,SKU-HLTH-003,7,45.74,8.03,83.45,Holt_Winters,20250107
2025-01-08,FC-West,SKU-HLTH-003,8,46.3,8.12,84.48,Holt_Winters,20250108
2025-01-08,FC-West,SKU-HLTH-003,8,46.3,8.12,84.48,Holt_Winters,20250108
2025-01-09,FC-West,SKU-HLTH-003,9,45.14,6.49,83.79,Holt_Winters,20250109
2025-01-09,FC-West,SKU-HLTH-003,9,45.14,6.49,83.79,Holt_Winters,20250109
2025-01-10,FC-West,SKU-HLTH-003,10,53.85,14.73,92.97,Holt_Winters,20250110
2025-01-10,FC-West,SKU-HLTH-003,10,53.85,14.73,92.97,Holt_Winters,20250110
2025-01-11,FC-West,SKU-HLTH-003,11,60.04,20.47,99.61,Holt_Winters,20250111
2025-01-11,FC-West,SKU-HLTH-003,11,60.04,20.47,99.61,Holt_Winters,20250111
2025-01-12,FC-West,SKU-HLTH-003,12,53.74,13.72,93.76,Holt_Winters,20250112
2025-01-12,FC-West,SKU-HLTH-003,12,53.74,13.72,93.76,Holt_Winters,20250112
2025-01-13,FC-West,SKU-HLTH-003,13,44.34,3.87,84.81,Holt_Winters,20250113
2025-01-13,FC-West,SKU-HLTH-003,13,44.34,3.87,84.81,Holt_Winters,20250113
2025-01-14,FC-West,SKU-HLTH-003,14,45.88,4.96,86.8,Holt_Winters,20250114
2025-01-14,FC-West,SKU-HLTH-003,14,45.88,4.96,86.8,Holt_Winters,20250114
2025-01-15,FC-West,SKU-HLTH-003,15,46.44,5.08,87.8,Holt_Winters,20250115
2025-01-15,FC-West,SKU-HLTH-003,15,46.44,5.08,87.8,Holt_Winters,20250115
2025-01-16,FC-West,SKU-HLTH-003,16,45.28,3.47,87.09,Holt_Winters,20250116
2025-01-16,FC-West,SKU-HLTH-003,16,45.28,3.47,87.09,Holt_Winters,20250116
2025-01-17,FC-West,SKU-HLTH-003,17,53.99,11.75,96.23,Holt_Winters,20250117
2025-01-17,FC-West,SKU-HLTH-003,17,53.99,11.75,96.23,Holt_Winters,20250117
2025-01-18,FC-West,SKU-HLTH-003,18,60.18,17.53,102.83,Holt_Winters,20250118
2025-01-18,FC-West,SKU-HLTH-003,18,60.18,17.53,102.83,Holt_Winters,20250118
2025-01-19,FC-West,SKU-HLTH-003,19,53.88,10.8,96.96,Holt_Winters,20250119
2025-01-19,FC-West,SKU-HLTH-003,19,53.88,10.8,96.96,Holt_Winters,20250119
2025-01-20,FC-West,SKU-HLTH-003,20,44.48,0.99,87.97,Holt_Winters,20250120
2025-01-20,FC-West,SKU-HLTH-003,20,44.48,0.99,87.97,Holt_Winters,20250120
2025-01-21,FC-West,SKU-HLTH-003,21,46.03,2.13,89.93,Holt_Winters,20250121
2025-01-21,FC-West,SKU-HLTH-003,21,46.03,2.13,89.93,Holt_Winters,20250121
2025-01-22,FC-West,SKU-HLTH-003,22,46.59,2.27,90.91,Holt_Winters,20250122
2025-01-22,FC-West,SKU-HLTH-003,22,46.59,2.27,90.91,Holt_Winters,20250122
2025-01-23,FC-West,SKU-HLTH-003,23,45.42,0.69,90.15,Holt_Winters,20250123
2025-01-23,FC-West,SKU-HLTH-003,23,45.42,0.69,90.15,Holt_Winters,20250123
2025-01-24,FC-West,SKU-HLTH-003,24,54.13,9.01,99.25,Holt_Winters,20250124
2025-01-24,FC-West,SKU-HLTH-003,24,54.13,9.01,99.25,Holt_Winters,20250124
2025-01-25,FC-West,SKU-HLTH-003,25,60.32,14.79,105.85,Holt_Winters,20250125
2025-01-25,FC-West,SKU-HLTH-003,25,60.32,14.79,105.85,Holt_Winters,20250125
2025-01-26,FC-West,SKU-HLTH-003,26,54.02,8.1,99.94,Holt_Winters,20250126
2025-01-26,FC-West,SKU-HLTH-003,26,54.02,8.1,99.94,Holt_Winters,20250126
2025-01-27,FC-West,SKU-HLTH-003,27,44.63,0.0,90.94,Holt_Winters,20250127
2025-01-27,FC-West,SKU-HLTH-003,27,44.63,0.0,90.94,Holt_Winters,20250127
2025-01-28,FC-West,SKU-HLTH-003,28,46.17,0.0,92.88,Holt_Winters,20250128
2025-01-28,FC-West,SKU-HLTH-003,28,46.17,0.0,92.88,Holt_Winters,20250128
2025-01-01,FC-West,SKU-HLTH-004,1,36.71,2.0,71.42,Holt_Winters,20250101
2025-01-01,FC-West,SKU-HLTH-004,1,36.71,2.0,71.42,Holt_Winters,20250101
2025-01-02,FC-West,SKU-HLTH-004,2,37.19,1.97,72.41,Holt_Winters,20250102
2025-01-02,FC-West,SKU-HLTH-004,2,37.19,1.97,72.41,Holt_Winters,20250102
2025-01-03,FC-West,SKU-HLTH-004,3,43.62,7.89,79.35,Holt_Winters,20250103
2025-01-03,FC-West,SKU-HLTH-004,3,43.62,7.89,79.35,Holt_Winters,20250103
2025-01-04,FC-West,SKU-HLTH-004,4,49.73,13.49,85.97,Holt_Winters,20250104
2025-01-04,FC-West,SKU-HLTH-004,4,49.73,13.49,85.97,Holt_Winters,20250104
2025-01-05,FC-West,SKU-HLTH-004,5,46.56,9.83,83.29,Holt_Winters,20250105
2025-01-05,FC-West,SKU-HLTH-004,5,46.56,9.83,83.29,Holt_Winters,20250105
2025-01-06,FC-West,SKU-HLTH-004,6,34.95,0.0,72.17,Holt_Winters,20250106
2025-01-06,FC-West,SKU-HLTH-004,6,34.95,0.0,72.17,Holt_Winters,20250106
2025-01-07,FC-West,SKU-HLTH-004,7,34.92,0.0,72.63,Holt_Winters,20250107
2025-01-07,FC-West,SKU-HLTH-004,7,34.92,0.0,72.63,Holt_Winters,20250107
2025-01-08,FC-West,SKU-HLTH-004,8,36.73,0.0,74.91,Holt_Winters,20250108
2025-01-08,FC-West,SKU-HLTH-004,8,36.73,0.0,74.91,Holt_Winters,20250108
2025-01-09,FC-West,SKU-HLTH-004,9,37.21,0.0,75.86,Holt_Winters,20250109
2025-01-09,FC-West,SKU-HLTH-004,9,37.21,0.0,75.86,Holt_Winters,20250109
2025-01-10,FC-West,SKU-HLTH-004,10,43.64,4.52,82.76,Holt_Winters,20250110
2025-01-10,FC-West,SKU-HLTH-004,10,43.64,4.52,82.76,Holt_Winters,20250110
2025-01-11,FC-West,SKU-HLTH-004,11,49.75,10.18,89.32,Holt_Winters,20250111
2025-01-11,FC-West,SKU-HLTH-004,11,49.75,10.18,89.32,Holt_Winters,20250111
2025-01-12,FC-West,SKU-HLTH-004,12,46.58,6.56,86.6,Holt_Winters,20250112
2025-01-12,FC-West,SKU-HLTH-004,12,46.58,6.56,86.6,Holt_Winters,20250112
2025-01-13,FC-West,SKU-HLTH-004,13,34.97,0.0,75.44,Holt_Winters,20250113
2025-01-13,FC-West,SKU-HLTH-004,13,34.97,0.0,75.44,Holt_Winters,20250113
2025-01-14,FC-West,SKU-HLTH-004,14,34.94,0.0,75.86,Holt_Winters,20250114
2025-01-14,FC-West,SKU-HLTH-004,14,34.94,0.0,75.86,Holt_Winters,20250114
2025-01-15,FC-West,SKU-HLTH-004,15,36.75,0.0,78.11,Holt_Winters,20250115
2025-01-15,FC-West,SKU-HLTH-004,15,36.75,0.0,78.11,Holt_Winters,20250115
2025-01-16,FC-West,SKU-HLTH-004,16,37.23,0.0,79.04,Holt_Winters,20250116
2025-01-16,FC-West,SKU-HLTH-004,16,37.23,0.0,79.04,Holt_Winters,20250116
2025-01-17,FC-West,SKU-HLTH-004,17,43.66,1.42,85.9,Holt_Winters,20250117
2025-01-17,FC-West,SKU-HLTH-004,17,43.66,1.42,85.9,Holt_Winters,20250117
2025-01-18,FC-West,SKU-HLTH-004,18,49.77,7.12,92.42,Holt_Winters,20250118
2025-01-18,FC-West,SKU-HLTH-004,18,49.77,7.12,92.42,Holt_Winters,20250118
2025-01-19,FC-West,SKU-HLTH-004,19,46.6,3.52,89.68,Holt_Winters,20250119
2025-01-19,FC-West,SKU-HLTH-004,19,46.6,3.52,89.68,Holt_Winters,20250119
2025-01-20,FC-West,SKU-HLTH-004,20,34.99,0.0,78.48,Holt_Winters,20250120
2025-01-20,FC-West,SKU-HLTH-004,20,34.99,0.0,78.48,Holt_Winters,20250120
2025-01-21,FC-West,SKU-HLTH-004,21,34.96,0.0,78.86,Holt_Winters,20250121
2025-01-21,FC-West,SKU-HLTH-004,21,34.96,0.0,78.86,Holt_Winters,20250121
2025-01-22,FC-West,SKU-HLTH-004,22,36.77,0.0,81.09,Holt_Winters,20250122
2025-01-22,FC-West,SKU-HLTH-004,22,36.77,0.0,81.09,Holt_Winters,20250122
2025-01-23,FC-West,SKU-HLTH-004,23,37.25,0.0,81.98,Holt_Winters,20250123
2025-01-23,FC-West,SKU-HLTH-004,23,37.25,0.0,81.98,Holt_Winters,20250123
2025-01-24,FC-West,SKU-HLTH-004,24,43.68,0.0,88.8,Holt_Winters,20250124
2025-01-24,FC-West,SKU-HLTH-004,24,43.68,0.0,88.8,Holt_Winters,20250124
2025-01-25,FC-West,SKU-HLTH-004,25,49.79,4.26,95.32,Holt_Winters,20250125
2025-01-25,FC-West,SKU-HLTH-004,25,49.79,4.26,95.32,Holt_Winters,20250125
2025-01-26,FC-West,SKU-HLTH-004,26,46.62,0.7,92.54,Holt_Winters,20250126
2025-01-26,FC-West,SKU-HLTH-004,26,46.62,0.7,92.54,Holt_Winters,20250126
2025-01-27,FC-West,SKU-HLTH-004,27,35.02,0.0,81.33,Holt_Winters,20250127
2025-01-27,FC-West,SKU-HLTH-004,27,35.02,0.0,81.33,Holt_Winters,20250127
2025-01-28,FC-West,SKU-HLTH-004,28,34.98,0.0,81.69,Holt_Winters,20250128
2025-01-28,FC-West,SKU-HLTH-004,28,34.98,0.0,81.69,Holt_Winters,20250128
2025-01-01,FC-West,SKU-HLTH-005,1,80.41,45.7,115.12,Holt_Winters,20250101
2025-01-01,FC-West,SKU-HLTH-005,1,80.41,45.7,115.12,Holt_Winters,20250101
2025-01-02,FC-West,SKU-HLTH-005,2,80.43,45.21,115.65,Holt_Winters,20250102
2025-01-02,FC-West,SKU-HLTH-005,2,80.43,45.21,115.65,Holt_Winters,20250102
2025-01-03,FC-West,SKU-HLTH-005,3,87.6,51.87,123.33,Holt_Winters,20250103
2025-01-03,FC-West,SKU-HLTH-005,3,87.6,51.87,123.33,Holt_Winters,20250103
2025-01-04,FC-West,SKU-HLTH-005,4,87.89,51.65,124.13,Holt_Winters,20250104
2025-01-04,FC-West,SKU-HLTH-005,4,87.89,51.65,124.13,Holt_Winters,20250104
2025-01-05,FC-West,SKU-HLTH-005,5,86.5,49.77,123.23,Holt_Winters,20250105
2025-01-05,FC-West,SKU-HLTH-005,5,86.5,49.77,123.23,Holt_Winters,20250105
2025-01-06,FC-West,SKU-HLTH-005,6,80.15,42.93,117.37,Holt_Winters,20250106
2025-01-06,FC-West,SKU-HLTH-005,6,80.15,42.93,117.37,Holt_Winters,20250106
2025-01-07,FC-West,SKU-HLTH-005,7,80.34,42.63,118.05,Holt_Winters,20250107
2025-01-07,FC-West,SKU-HLTH-005,7,80.34,42.63,118.05,Holt_Winters,20250107
2025-01-08,FC-West,SKU-HLTH-005,8,84.54,46.36,122.72,Holt_Winters,20250108
2025-01-08,FC-West,SKU-HLTH-005,8,84.54,46.36,122.72,Holt_Winters,20250108
2025-01-09,FC-West,SKU-HLTH-005,9,84.56,45.91,123.21,Holt_Winters,20250109
2025-01-09,FC-West,SKU-HLTH-005,9,84.56,45.91,123.21,Holt_Winters,20250109
2025-01-10,FC-West,SKU-HLTH-005,10,91.73,52.61,130.85,Holt_Winters,20250110
2025-01-10,FC-West,SKU-HLTH-005,10,91.73,52.61,130.85,Holt_Winters,20250110
2025-01-11,FC-West,SKU-HLTH-005,11,92.01,52.44,131.58,Holt_Winters,20250111
2025-01-11,FC-West,SKU-HLTH-005,11,92.01,52.44,131.58,Holt_Winters,20250111
2025-01-12,FC-West,SKU-HLTH-005,12,90.63,50.61,130.65,Holt_Winters,20250112
2025-01-12,FC-West,SKU-HLTH-005,12,90.63,50.61,130.65,Holt_Winters,20250112
2025-01-13,FC-West,SKU-HLTH-005,13,84.28,43.81,124.75,Holt_Winters,20250113
2025-01-13,FC-West,SKU-HLTH-005,13,84.28,43.81,124.75,Holt_Winters,20250113
2025-01-14,FC-West,SKU-HLTH-005,14,84.47,43.55,125.39,Holt_Winters,20250114
2025-01-14,FC-West,SKU-HLTH-005,14,84.47,43.55,125.39,Holt_Winters,20250114
2025-01-15,FC-West,SKU-HLTH-005,15,88.67,47.31,130.03,Holt_Winters,20250115
2025-01-15,FC-West,SKU-HLTH-005,15,88.67,47.31,130.03,Holt_Winters,20250115
2025-01-16,FC-West,SKU-HLTH-005,16,88.68,46.87,130.49,Holt_Winters,20250116
2025-01-16,FC-West,SKU-HLTH-005,16,88.68,46.87,130.49,Holt_Winters,20250116
2025-01-17,FC-West,SKU-HLTH-005,17,95.86,53.62,138.1,Holt_Winters,20250117
2025-01-17,FC-West,SKU-HLTH-005,17,95.86,53.62,138.1,Holt_Winters,20250117
2025-01-18,FC-West,SKU-HLTH-005,18,96.14,53.49,138.79,Holt_Winters,20250118
2025-01-18,FC-West,SKU-HLTH-005,18,96.14,53.49,138.79,Holt_Winters,20250118
2025-01-19,FC-West,SKU-HLTH-005,19,94.75,51.67,137.83,Holt_Winters,20250119
2025-01-19,FC-West,SKU-HLTH-005,19,94.75,51.67,137.83,Holt_Winters,20250119
2025-01-20,FC-West,SKU-HLTH-005,20,88.41,44.92,131.9,Holt_Winters,20250120
2025-01-20,FC-West,SKU-HLTH-005,20,88.41,44.92,131.9,Holt_Winters,20250120
2025-01-21,FC-West,SKU-HLTH-005,21,88.59,44.69,132.49,Holt_Winters,20250121
2025-01-21,FC-West,SKU-HLTH-005,21,88.59,44.69,132.49,Holt_Winters,20250121
2025-01-22,FC-West,SKU-HLTH-005,22,92.79,48.47,137.11,Holt_Winters,20250122
2025-01-22,FC-West,SKU-HLTH-005,22,92.79,48.47,137.11,Holt_Winters,20250122
2025-01-23,FC-West,SKU-HLTH-005,23,92.81,48.08,137.54,Holt_Winters,20250123
2025-01-23,FC-West,SKU-HLTH-005,23,92.81,48.08,137.54,Holt_Winters,20250123
2025-01-24,FC-West,SKU-HLTH-005,24,99.98,54.86,145.1,Holt_Winters,20250124
2025-01-24,FC-West,SKU-HLTH-005,24,99.98,54.86,145.1,Holt_Winters,20250124
2025-01-25,FC-West,SKU-HLTH-005,25,100.26,54.73,145.79,Holt_Winters,20250125
2025-01-25,FC-West,SKU-HLTH-005,25,100.26,54.73,145.79,Holt_Winters,20250125
2025-01-26,FC-West,SKU-HLTH-005,26,98.88,52.96,144.8,Holt_Winters,20250126
2025-01-26,FC-West,SKU-HLTH-005,26,98.88,52.96,144.8,Holt_Winters,20250126
2025-01-27,FC-West,SKU-HLTH-005,27,92.53,46.22,138.84,Holt_Winters,20250127
2025-01-27,FC-West,SKU-HLTH-005,27,92.53,46.22,138.84,Holt_Winters,20250127
2025-01-28,FC-West,SKU-HLTH-005,28,92.72,46.01,139.43,Holt_Winters,20250128
2025-01-28,FC-West,SKU-HLTH-005,28,92.72,46.01,139.43,Holt_Winters,20250128
2025-01-01,FC-West,SKU-HLTH-006,1,31.9,0.0,66.61,Holt_Winters,20250101
2025-01-01,FC-West,SKU-HLTH-006,1,31.9,0.0,66.61,Holt_Winters,20250101
2025-01-02,FC-West,SKU-HLTH-006,2,33.0,0.0,68.22,Holt_Winters,20250102
2025-01-02,FC-West,SKU-HLTH-006,2,33.0,0.0,68.22,Holt_Winters,20250102
2025-01-03,FC-West,SKU-HLTH-006,3,38.07,2.34,73.8,Holt_Winters,20250103
2025-01-03,FC-West,SKU-HLTH-006,3,38.07,2.34,73.8,Holt_Winters,20250103
2025-01-04,FC-West,SKU-HLTH-006,4,40.17,3.93,76.41,Holt_Winters,20250104
2025-01-04,FC-West,SKU-HLTH-006,4,40.17,3.93,76.41,Holt_Winters,20250104
2025-01-05,FC-West,SKU-HLTH-006,5,38.65,1.92,75.38,Holt_Winters,20250105
2025-01-05,FC-West,SKU-HLTH-006,5,38.65,1.92,75.38,Holt_Winters,20250105
2025-01-06,FC-West,SKU-HLTH-006,6,30.69,0.0,67.91,Holt_Winters,20250106
2025-01-06,FC-West,SKU-HLTH-006,6,30.69,0.0,67.91,Holt_Winters,20250106
2025-01-07,FC-West,SKU-HLTH-006,7,31.27,0.0,68.98,Holt_Winters,20250107
2025-01-07,FC-West,SKU-HLTH-006,7,31.27,0.0,68.98,Holt_Winters,20250107
2025-01-08,FC-West,SKU-HLTH-006,8,32.0,0.0,70.18,Holt_Winters,20250108
2025-01-08,FC-West,SKU-HLTH-006,8,32.0,0.0,70.18,Holt_Winters,20250108
2025-01-09,FC-West,SKU-HLTH-006,9,33.1,0.0,71.75,Holt_Winters,20250109
2025-01-09,FC-West,SKU-HLTH-006,9,33.1,0.0,71.75,Holt_Winters,20250109
2025-01-10,FC-West,SKU-HLTH-006,10,38.16,0.0,77.28,Holt_Winters,20250110
2025-01-10,FC-West,SKU-HLTH-006,10,38.16,0.0,77.28,Holt_Winters,20250110
2025-01-11,FC-West,SKU-HLTH-006,11,40.27,0.7,79.84,Holt_Winters,20250111
2025-01-11,FC-West,SKU-HLTH-006,11,40.27,0.7,79.84,Holt_Winters,20250111
2025-01-12,FC-West,SKU-HLTH-006,12,38.74,0.0,78.76,Holt_Winters,20250112
2025-01-12,FC-West,SKU-HLTH-006,12,38.74,0.0,78.76,Holt_Winters,20250112
2025-01-13,FC-West,SKU-HLTH-006,13,30.79,0.0,71.26,Holt_Winters,20250113
2025-01-13,FC-West,SKU-HLTH-006,13,30.79,0.0,71.26,Holt_Winters,20250113
2025-01-14,FC-West,SKU-HLTH-006,14,31.37,0.0,72.29,Holt_Winters,20250114
2025-01-14,FC-West,SKU-HLTH-006,14,31.37,0.0,72.29,Holt_Winters,20250114
2025-01-15,FC-West,SKU-HLTH-006,15,32.1,0.0,73.46,Holt_Winters,20250115
2025-01-15,FC-West,SKU-HLTH-006,15,32.1,0.0,73.46,Holt_Winters,20250115
2025-01-16,FC-West,SKU-HLTH-006,16,33.19,0.0,75.0,Holt_Winters,20250116
2025-01-16,FC-West,SKU-HLTH-006,16,33.19,0.0,75.0,Holt_Winters,20250116
2025-01-17,FC-West,SKU-HLTH-006,17,38.26,0.0,80.5,Holt_Winters,20250117
2025-01-17,FC-West,SKU-HLTH-006,17,38.26,0.0,80.5,Holt_Winters,20250117
2025-01-18,FC-West,SKU-HLTH-006,18,40.36,0.0,83.01,Holt_Winters,20250118
2025-01-18,FC-West,SKU-HLTH-006,18,40.36,0.0,83.01,Holt_Winters,20250118
2025-01-19,FC-West,SKU-HLTH-006,19,38.84,0.0,81.92,Holt_Winters,20250119
2025-01-19,FC-West,SKU-HLTH-006,19,38.84,0.0,81.92,Holt_Winters,20250119
2025-01-20,FC-West,SKU-HLTH-006,20,30.89,0.0,74.38,Holt_Winters,20250120
2025-01-20,FC-West,SKU-HLTH-006,20,30.89,0.0,74.38,Holt_Winters,20250120
2025-01-21,FC-West,SKU-HLTH-006,21,31.46,0.0,75.36,Holt_Winters,20250121
2025-01-21,FC-West,SKU-HLTH-006,21,31.46,0.0,75.36,Holt_Winters,20250121
2025-01-22,FC-West,SKU-HLTH-006,22,32.19,0.0,76.51,Holt_Winters,20250122
2025-01-22,FC-West,SKU-HLTH-006,22,32.19,0.0,76.51,Holt_Winters,20250122
2025-01-23,FC-West,SKU-HLTH-006,23,33.29,0.0,78.02,Holt_Winters,20250123
2025-01-23,FC-West,SKU-HLTH-006,23,33.29,0.0,78.02,Holt_Winters,20250123
2025-01-24,FC-West,SKU-HLTH-006,24,38.36,0.0,83.48,Holt_Winters,20250124
2025-01-24,FC-West,SKU-HLTH-006,24,38.36,0.0,83.48,Holt_Winters,20250124
2025-01-25,FC-West,SKU-HLTH-006,25,40.46,0.0,85.99,Holt_Winters,20250125
2025-01-25,FC-West,SKU-HLTH-006,25,40.46,0.0,85.99,Holt_Winters,20250125
2025-01-26,FC-West,SKU-HLTH-006,26,38.94,0.0,84.86,Holt_Winters,20250126
2025-01-26,FC-West,SKU-HLTH-006,26,38.94,0.0,84.86,Holt_Winters,20250126
2025-01-27,FC-West,SKU-HLTH-006,27,30.99,0.0,77.3,Holt_Winters,20250127
2025-01-27,FC-West,SKU-HLTH-006,27,30.99,0.0,77.3,Holt_Winters,20250127
2025-01-28,FC-West,SKU-HLTH-006,28,31.56,0.0,78.27,Holt_Winters,20250128
2025-01-28,FC-West,SKU-HLTH-006,28,31.56,0.0,78.27,Holt_Winters,20250128
2025-01-01,FC-West,SKU-HLTH-007,1,10.31,0.0,45.02,Holt_Winters,20250101
2025-01-01,FC-West,SKU-HLTH-007,1,10.31,0.0,45.02,Holt_Winters,20250101
2025-01-02,FC-West,SKU-HLTH-007,2,9.1,0.0,44.32,Holt_Winters,20250102
2025-01-02,FC-West,SKU-HLTH-007,2,9.1,0.0,44.32,Holt_Winters,20250102
2025-01-03,FC-West,SKU-HLTH-007,3,11.13,0.0,46.86,Holt_Winters,20250103
2025-01-03,FC-West,SKU-HLTH-007,3,11.13,0.0,46.86,Holt_Winters,20250103
2025-01-04,FC-West,SKU-HLTH-007,4,13.88,0.0,50.12,Holt_Winters,20250104
2025-01-04,FC-West,SKU-HLTH-007,4,13.88,0.0,50.12,Holt_Winters,20250104
2025-01-05,FC-West,SKU-HLTH-007,5,11.63,0.0,48.36,Holt_Winters,20250105
2025-01-05,FC-West,SKU-HLTH-007,5,11.63,0.0,48.36,Holt_Winters,20250105
2025-01-06,FC-West,SKU-HLTH-007,6,7.96,0.0,45.18,Holt_Winters,20250106
2025-01-06,FC-West,SKU-HLTH-007,6,7.96,0.0,45.18,Holt_Winters,20250106
2025-01-07,FC-West,SKU-HLTH-007,7,8.52,0.0,46.23,Holt_Winters,20250107
2025-01-07,FC-West,SKU-HLTH-007,7,8.52,0.0,46.23,Holt_Winters,20250107
2025-01-08,FC-West,SKU-HLTH-007,8,10.25,0.0,48.43,Holt_Winters,20250108
2025-01-08,FC-West,SKU-HLTH-007,8,10.25,0.0,48.43,Holt_Winters,20250108
2025-01-09,FC-West,SKU-HLTH-007,9,9.04,0.0,47.69,Holt_Winters,20250109
2025-01-09,FC-West,SKU-HLTH-007,9,9.04,0.0,47.69,Holt_Winters,20250109
2025-01-10,FC-West,SKU-HLTH-007,10,11.07,0.0,50.19,Holt_Winters,20250110
2025-01-10,FC-West,SKU-HLTH-007,10,11.07,0.0,50.19,Holt_Winters,20250110
2025-01-11,FC-West,SKU-HLTH-007,11,13.83,0.0,53.4,Holt_Winters,20250111
2025-01-11,FC-West,SKU-HLTH-007,11,13.83,0.0,53.4,Holt_Winters,20250111
2025-01-12,FC-West,SKU-HLTH-007,12,11.57,0.0,51.59,Holt_Winters,20250112
2025-01-12,FC-West,SKU-HLTH-007,12,11.57,0.0,51.59,Holt_Winters,20250112
2025-01-13,FC-West,SKU-HLTH-007,13,7.91,0.0,48.38,Holt_Winters,20250113
2025-01-13,FC-West,SKU-HLTH-007,13,7.91,0.0,48.38,Holt_Winters,20250113
2025-01-14,FC-West,SKU-HLTH-007,14,8.46,0.0,49.38,Holt_Winters,20250114
2025-01-14,FC-West,SKU-HLTH-007,14,8.46,0.0,49.38,Holt_Winters,20250114
2025-01-15,FC-West,SKU-HLTH-007,15,10.2,0.0,51.56,Holt_Winters,20250115
2025-01-15,FC-West,SKU-HLTH-007,15,10.2,0.0,51.56,Holt_Winters,20250115
2025-01-16,FC-West,SKU-HLTH-007,16,8.98,0.0,50.79,Holt_Winters,20250116
2025-01-16,FC-West,SKU-HLTH-007,16,8.98,0.0,50.79,Holt_Winters,20250116
2025-01-17,FC-West,SKU-HLTH-007,17,11.01,0.0,53.25,Holt_Winters,20250117
2025-01-17,FC-West,SKU-HLTH-007,17,11.01,0.0,53.25,Holt_Winters,20250117
2025-01-18,FC-West,SKU-HLTH-007,18,13.77,0.0,56.42,Holt_Winters,20250118
2025-01-18,FC-West,SKU-HLTH-007,18,13.77,0.0,56.42,Holt_Winters,20250118
2025-01-19,FC-West,SKU-HLTH-007,19,11.52,0.0,54.6,Holt_Winters,20250119
2025-01-19,FC-West,SKU-HLTH-007,19,11.52,0.0,54.6,Holt_Winters,20250119
2025-01-20,FC-West,SKU-HLTH-007,20,7.85,0.0,51.34,Holt_Winters,20250120
2025-01-20,FC-West,SKU-HLTH-007,20,7.85,0.0,51.34,Holt_Winters,20250120
2025-01-21,FC-West,SKU-HLTH-007,21,8.4,0.0,52.3,Holt_Winters,20250121
2025-01-21,FC-West,SKU-HLTH-007,21,8.4,0.0,52.3,Holt_Winters,20250121
2025-01-22,FC-West,SKU-HLTH-007,22,10.14,0.0,54.46,Holt_Winters,20250122
2025-01-22,FC-West,SKU-HLTH-007,22,10.14,0.0,54.46,Holt_Winters,20250122
2025-01-23,FC-West,SKU-HLTH-007,23,8.93,0.0,53.66,Holt_Winters,20250123
2025-01-23,FC-West,SKU-HLTH-007,23,8.93,0.0,53.66,Holt_Winters,20250123
2025-01-24,FC-West,SKU-HLTH-007,24,10.96,0.0,56.08,Holt_Winters,20250124
2025-01-24,FC-West,SKU-HLTH-007,24,10.96,0.0,56.08,Holt_Winters,20250124
2025-01-25,FC-West,SKU-HLTH-007,25,13.72,0.0,59.25,Holt_Winters,20250125
2025-01-25,FC-West,SKU-HLTH-007,25,13.72,0.0,59.25,Holt_Winters,20250125
2025-01-26,FC-West,SKU-HLTH-007,26,11.46,0.0,57.38,Holt_Winters,20250126
2025-01-26,FC-West,SKU-HLTH-007,26,11.46,0.0,57.38,Holt_Winters,20250126
2025-01-27,FC-West,SKU-HLTH-007,27,7.8,0.0,54.11,Holt_Winters,20250127
2025-01-27,FC-West,SKU-HLTH-007,27,7.8,0.0,54.11,Holt_Winters,20250127
2025-01-28,FC-West,SKU-HLTH-007,28,8.35,0.0,55.06,Holt_Winters,20250128
2025-01-28,FC-West,SKU-HLTH-007,28,8.35,0.0,55.06,Holt_Winters,20250128
2025-01-01,FC-West,SKU-HLTH-008,1,49.59,14.88,84.3,Holt_Winters,20250101
2025-01-01,FC-West,SKU-HLTH-008,1,49.59,14.88,84.3,Holt_Winters,20250101
2025-01-02,FC-West,SKU-HLTH-008,2,47.36,12.14,82.58,Holt_Winters,20250102
2025-01-02,FC-West,SKU-HLTH-008,2,47.36,12.14,82.58,Holt_Winters,20250102
2025-01-03,FC-West,SKU-HLTH-008,3,52.18,16.45,87.91,Holt_Winters,20250103
2025-01-03,FC-West,SKU-HLTH-008,3,52.18,16.45,87.91,Holt_Winters,20250103
2025-01-04,FC-West,SKU-HLTH-008,4,55.83,19.59,92.07,Holt_Winters,20250104
2025-01-04,FC-West,SKU-HLTH-008,4,55.83,19.59,92.07,Holt_Winters,20250104
2025-01-05,FC-West,SKU-HLTH-008,5,52.2,15.47,88.93,Holt_Winters,20250105
2025-01-05,FC-West,SKU-HLTH-008,5,52.2,15.47,88.93,Holt_Winters,20250105
2025-01-06,FC-West,SKU-HLTH-008,6,46.79,9.57,84.01,Holt_Winters,20250106
2025-01-06,FC-West,SKU-HLTH-008,6,46.79,9.57,84.01,Holt_Winters,20250106
2025-01-07,FC-West,SKU-HLTH-008,7,46.72,9.01,84.43,Holt_Winters,20250107
2025-01-07,FC-West,SKU-HLTH-008,7,46.72,9.01,84.43,Holt_Winters,20250107
2025-01-08,FC-West,SKU-HLTH-008,8,49.85,11.67,88.03,Holt_Winters,20250108
2025-01-08,FC-West,SKU-HLTH-008,8,49.85,11.67,88.03,Holt_Winters,20250108
2025-01-09,FC-West,SKU-HLTH-008,9,47.62,8.97,86.27,Holt_Winters,20250109
2025-01-09,FC-West,SKU-HLTH-008,9,47.62,8.97,86.27,Holt_Winters,20250109
2025-01-10,FC-West,SKU-HLTH-008,10,52.45,13.33,91.57,Holt_Winters,20250110
2025-01-10,FC-West,SKU-HLTH-008,10,52.45,13.33,91.57,Holt_Winters,20250110
2025-01-11,FC-West,SKU-HLTH-008,11,56.1,16.53,95.67,Holt_Winters,20250111
2025-01-11,FC-West,SKU-HLTH-008,11,56.1,16.53,95.67,Holt_Winters,20250111
2025-01-12,FC-West,SKU-HLTH-008,12,52.47,12.45,92.49,Holt_Winters,20250112
2025-01-12,FC-West,SKU-HLTH-008,12,52.47,12.45,92.49,Holt_Winters,20250112
2025-01-13,FC-West,SKU-HLTH-008,13,47.06,6.59,87.53,Holt_Winters,20250113
2025-01-13,FC-West,SKU-HLTH-008,13,47.06,6.59,87.53,Holt_Winters,20250113
2025-01-14,FC-West,SKU-HLTH-008,14,46.98,6.06,87.9,Holt_Winters,20250114
2025-01-14,FC-West,SKU-HLTH-008,14,46.98,6.06,87.9,Holt_Winters,20250114
2025-01-15,FC-West,SKU-HLTH-008,15,50.11,8.75,91.47,Holt_Winters,20250115
2025-01-15,FC-West,SKU-HLTH-008,15,50.11,8.75,91.47,Holt_Winters,20250115
2025-01-16,FC-West,SKU-HLTH-008,16,47.88,6.07,89.69,Holt_Winters,20250116
2025-01-16,FC-West,SKU-HLTH-008,16,47.88,6.07,89.69,Holt_Winters,20250116
2025-01-17,FC-West,SKU-HLTH-008,17,52.71,10.47,94.95,Holt_Winters,20250117
2025-01-17,FC-West,SKU-HLTH-008,17,52.71,10.47,94.95,Holt_Winters,20250117
2025-01-18,FC-West,SKU-HLTH-008,18,56.36,13.71,99.01,Holt_Winters,20250118
2025-01-18,FC-West,SKU-HLTH-008,18,56.36,13.71,99.01,Holt_Winters,20250118
2025-01-19,FC-West,SKU-HLTH-008,19,52.73,9.65,95.81,Holt_Winters,20250119
2025-01-19,FC-West,SKU-HLTH-008,19,52.73,9.65,95.81,Holt_Winters,20250119
2025-01-20,FC-West,SKU-HLTH-008,20,47.32,3.83,90.81,Holt_Winters,20250120
2025-01-20,FC-West,SKU-HLTH-008,20,47.32,3.83,90.81,Holt_Winters,20250120
2025-01-21,FC-West,SKU-HLTH-008,21,47.25,3.35,91.15,Holt_Winters,20250121
2025-01-21,FC-West,SKU-HLTH-008,21,47.25,3.35,91.15,Holt_Winters,20250121
2025-01-22,FC-West,SKU-HLTH-008,22,50.38,6.06,94.7,Holt_Winters,20250122
2025-01-22,FC-West,SKU-HLTH-008,22,50.38,6.06,94.7,Holt_Winters,20250122
2025-01-23,FC-West,SKU-HLTH-008,23,48.15,3.42,92.88,Holt_Winters,20250123
2025-01-23,FC-West,SKU-HLTH-008,23,48.15,3.42,92.88,Holt_Winters,20250123
2025-01-24,FC-West,SKU-HLTH-008,24,52.97,7.85,98.09,Holt_Winters,20250124
2025-01-24,FC-West,SKU-HLTH-008,24,52.97,7.85,98.09,Holt_Winters,20250124
2025-01-25,FC-West,SKU-HLTH-008,25,56.62,11.09,102.15,Holt_Winters,20250125
2025-01-25,FC-West,SKU-HLTH-008,25,56.62,11.09,102.15,Holt_Winters,20250125
2025-01-26,FC-West,SKU-HLTH-008,26,52.99,7.07,98.91,Holt_Winters,20250126
2025-01-26,FC-West,SKU-HLTH-008,26,52.99,7.07,98.91,Holt_Winters,20250126
2025-01-27,FC-West,SKU-HLTH-008,27,47.58,1.27,93.89,Holt_Winters,20250127
2025-01-27,FC-West,SKU-HLTH-008,27,47.58,1.27,93.89,Holt_Winters,20250127
2025-01-28,FC-West,SKU-HLTH-008,28,47.51,0.8,94.22,Holt_Winters,20250128
2025-01-28,FC-West,SKU-HLTH-008,28,47.51,0.8,94.22,Holt_Winters,20250128
2025-01-01,FC-West,SKU-HLTH-009,1,2.78,0.0,37.49,Holt_Winters,20250101
2025-01-01,FC-West,SKU-HLTH-009,1,2.78,0.0,37.49,Holt_Winters,20250101
2025-01-02,FC-West,SKU-HLTH-009,2,3.12,0.0,38.34,Holt_Winters,20250102
2025-01-02,FC-West,SKU-HLTH-009,2,3.12,0.0,38.34,Holt_Winters,20250102
2025-01-03,FC-West,SKU-HLTH-009,3,2.96,0.0,38.69,Holt_Winters,20250103
2025-01-03,FC-West,SKU-HLTH-009,3,2.96,0.0,38.69,Holt_Winters,20250103
2025-01-04,FC-West,SKU-HLTH-009,4,2.67,0.0,38.91,Holt_Winters,20250104
2025-01-04,FC-West,SKU-HLTH-009,4,2.67,0.0,38.91,Holt_Winters,20250104
2025-01-05,FC-West,SKU-HLTH-009,5,2.31,0.0,39.04,Holt_Winters,20250105
2025-01-05,FC-West,SKU-HLTH-009,5,2.31,0.0,39.04,Holt_Winters,20250105
2025-01-06,FC-West,SKU-HLTH-009,6,2.09,0.0,39.31,Holt_Winters,20250106
2025-01-06,FC-West,SKU-HLTH-009,6,2.09,0.0,39.31,Holt_Winters,20250106
2025-01-07,FC-West,SKU-HLTH-009,7,2.57,0.0,40.28,Holt_Winters,20250107
2025-01-07,FC-West,SKU-HLTH-009,7,2.57,0.0,40.28,Holt_Winters,20250107
2025-01-08,FC-West,SKU-HLTH-009,8,2.79,0.0,40.97,Holt_Winters,20250108
2025-01-08,FC-West,SKU-HLTH-009,8,2.79,0.0,40.97,Holt_Winters,20250108
2025-01-09,FC-West,SKU-HLTH-009,9,3.12,0.0,41.77,Holt_Winters,20250109
2025-01-09,FC-West,SKU-HLTH-009,9,3.12,0.0,41.77,Holt_Winters,20250109
2025-01-10,FC-West,SKU-HLTH-009,10,2.97,0.0,42.09,Holt_Winters,20250110
2025-01-10,FC-West,SKU-HLTH-009,10,2.97,0.0,42.09,Holt_Winters,20250110
2025-01-11,FC-West,SKU-HLTH-009,11,2.67,0.0,42.24,Holt_Winters,20250111
2025-01-11,FC-West,SKU-HLTH-009,11,2.67,0.0,42.24,Holt_Winters,20250111
2025-01-12,FC-West,SKU-HLTH-009,12,2.32,0.0,42.34,Holt_Winters,20250112
2025-01-12,FC-West,SKU-HLTH-009,12,2.32,0.0,42.34,Holt_Winters,20250112
2025-01-13,FC-West,SKU-HLTH-009,13,2.1,0.0,42.57,Holt_Winters,20250113
2025-01-13,FC-West,SKU-HLTH-009,13,2.1,0.0,42.57,Holt_Winters,20250113
2025-01-14,FC-West,SKU-HLTH-009,14,2.58,0.0,43.5,Holt_Winters,20250114
2025-01-14,FC-West,SKU-HLTH-009,14,2.58,0.0,43.5,Holt_Winters,20250114
2025-01-15,FC-West,SKU-HLTH-009,15,2.79,0.0,44.15,Holt_Winters,20250115
2025-01-15,FC-West,SKU-HLTH-009,15,2.79,0.0,44.15,Holt_Winters,20250115
2025-01-16,FC-West,SKU-HLTH-009,16,3.13,0.0,44.94,Holt_Winters,20250116
2025-01-16,FC-West,SKU-HLTH-009,16,3.13,0.0,44.94,Holt_Winters,20250116
2025-01-17,FC-West,SKU-HLTH-009,17,2.98,0.0,45.22,Holt_Winters,20250117
2025-01-17,FC-West,SKU-HLTH-009,17,2.98,0.0,45.22,Holt_Winters,20250117
2025-01-18,FC-West,SKU-HLTH-009,18,2.68,0.0,45.33,Holt_Winters,20250118
2025-01-18,FC-West,SKU-HLTH-009,18,2.68,0.0,45.33,Holt_Winters,20250118
2025-01-19,FC-West,SKU-HLTH-009,19,2.32,0.0,45.4,Holt_Winters,20250119
2025-01-19,FC-West,SKU-HLTH-009,19,2.32,0.0,45.4,Holt_Winters,20250119
2025-01-20,FC-West,SKU-HLTH-009,20,2.11,0.0,45.6,Holt_Winters,20250120
2025-01-20,FC-West,SKU-HLTH-009,20,2.11,0.0,45.6,Holt_Winters,20250120
2025-01-21,FC-West,SKU-HLTH-009,21,2.58,0.0,46.48,Holt_Winters,20250121
2025-01-21,FC-West,SKU-HLTH-009,21,2.58,0.0,46.48,Holt_Winters,20250121
2025-01-22,FC-West,SKU-HLTH-009,22,2.8,0.0,47.12,Holt_Winters,20250122
2025-01-22,FC-West,SKU-HLTH-009,22,2.8,0.0,47.12,Holt_Winters,20250122
2025-01-23,FC-West,SKU-HLTH-009,23,3.13,0.0,47.86,Holt_Winters,20250123
2025-01-23,FC-West,SKU-HLTH-009,23,3.13,0.0,47.86,Holt_Winters,20250123
2025-01-24,FC-West,SKU-HLTH-009,24,2.98,0.0,48.1,Holt_Winters,20250124
2025-01-24,FC-West,SKU-HLTH-009,24,2.98,0.0,48.1,Holt_Winters,20250124
2025-01-25,FC-West,SKU-HLTH-009,25,2.68,0.0,48.21,Holt_Winters,20250125
2025-01-25,FC-West,SKU-HLTH-009,25,2.68,0.0,48.21,Holt_Winters,20250125
2025-01-26,FC-West,SKU-HLTH-009,26,2.33,0.0,48.25,Holt_Winters,20250126
2025-01-26,FC-West,SKU-HLTH-009,26,2.33,0.0,48.25,Holt_Winters,20250126
2025-01-27,FC-West,SKU-HLTH-009,27,2.11,0.0,48.42,Holt_Winters,20250127
2025-01-27,FC-West,SKU-HLTH-009,27,2.11,0.0,48.42,Holt_Winters,20250127
2025-01-28,FC-West,SKU-HLTH-009,28,2.59,0.0,49.3,Holt_Winters,20250128
2025-01-28,FC-West,SKU-HLTH-009,28,2.59,0.0,49.3,Holt_Winters,20250128
2025-01-01,FC-West,SKU-HLTH-010,1,6.94,0.0,41.65,Holt_Winters,20250101
2025-01-01,FC-West,SKU-HLTH-010,1,6.94,0.0,41.65,Holt_Winters,20250101
2025-01-02,FC-West,SKU-HLTH-010,2,7.71,0.0,42.93,Holt_Winters,20250102
2025-01-02,FC-West,SKU-HLTH-010,2,7.71,0.0,42.93,Holt_Winters,20250102
2025-01-03,FC-West,SKU-HLTH-010,3,9.43,0.0,45.16,Holt_Winters,20250103
2025-01-03,FC-West,SKU-HLTH-010,3,9.43,0.0,45.16,Holt_Winters,20250103
2025-01-04,FC-West,SKU-HLTH-010,4,9.66,0.0,45.9,Holt_Winters,20250104
2025-01-04,FC-West,SKU-HLTH-010,4,9.66,0.0,45.9,Holt_Winters,20250104
2025-01-05,FC-West,SKU-HLTH-010,5,9.37,0.0,46.1,Holt_Winters,20250105
2025-01-05,FC-West,SKU-HLTH-010,5,9.37,0.0,46.1,Holt_Winters,20250105
2025-01-06,FC-West,SKU-HLTH-010,6,5.95,0.0,43.17,Holt_Winters,20250106
2025-01-06,FC-West,SKU-HLTH-010,6,5.95,0.0,43.17,Holt_Winters,20250106
2025-01-07,FC-West,SKU-HLTH-010,7,6.97,0.0,44.68,Holt_Winters,20250107
2025-01-07,FC-West,SKU-HLTH-010,7,6.97,0.0,44.68,Holt_Winters,20250107
2025-01-08,FC-West,SKU-HLTH-010,8,6.96,0.0,45.14,Holt_Winters,20250108
2025-01-08,FC-West,SKU-HLTH-010,8,6.96,0.0,45.14,Holt_Winters,20250108
2025-01-09,FC-West,SKU-HLTH-010,9,7.73,0.0,46.38,Holt_Winters,20250109
2025-01-09,FC-West,SKU-HLTH-010,9,7.73,0.0,46.38,Holt_Winters,20250109
2025-01-10,FC-West,SKU-HLTH-010,10,9.44,0.0,48.56,Holt_Winters,20250110
2025-01-10,FC-West,SKU-HLTH-010,10,9.44,0.0,48.56,Holt_Winters,20250110
2025-01-11,FC-West,SKU-HLTH-010,11,9.68,0.0,49.25,Holt_Winters,20250111
2025-01-11,FC-West,SKU-HLTH-010,11,9.68,0.0,49.25,Holt_Winters,20250111
2025-01-12,FC-West,SKU-HLTH-010,12,9.38,0.0,49.4,Holt_Winters,20250112
2025-01-12,FC-West,SKU-HLTH-010,12,9.38,0.0,49.4,Holt_Winters,20250112
2025-01-13,FC-West,SKU-HLTH-010,13,5.96,0.0,46.43,Holt_Winters,20250113
2025-01-13,FC-West,SKU-HLTH-010,13,5.96,0.0,46.43,Holt_Winters,20250113
2025-01-14,FC-West,SKU-HLTH-010,14,6.98,0.0,47.9,Holt_Winters,20250114
2025-01-14,FC-West,SKU-HLTH-010,14,6.98,0.0,47.9,Holt_Winters,20250114
2025-01-15,FC-West,SKU-HLTH-010,15,6.97,0.0,48.33,Holt_Winters,20250115
2025-01-15,FC-West,SKU-HLTH-010,15,6.97,0.0,48.33,Holt_Winters,20250115
2025-01-16,FC-West,SKU-HLTH-010,16,7.74,0.0,49.55,Holt_Winters,20250116
2025-01-16,FC-West,SKU-HLTH-010,16,7.74,0.0,49.55,Holt_Winters,20250116
2025-01-17,FC-West,SKU-HLTH-010,17,9.45,0.0,51.69,Holt_Winters,20250117
2025-01-17,FC-West,SKU-HLTH-010,17,9.45,0.0,51.69,Holt_Winters,20250117
2025-01-18,FC-West,SKU-HLTH-010,18,9.69,0.0,52.34,Holt_Winters,20250118
2025-01-18,FC-West,SKU-HLTH-010,18,9.69,0.0,52.34,Holt_Winters,20250118
2025-01-19,FC-West,SKU-HLTH-010,19,9.39,0.0,52.47,Holt_Winters,20250119
2025-01-19,FC-West,SKU-HLTH-010,19,9.39,0.0,52.47,Holt_Winters,20250119
2025-01-20,FC-West,SKU-HLTH-010,20,5.97,0.0,49.46,Holt_Winters,20250120
2025-01-20,FC-West,SKU-HLTH-010,20,5.97,0.0,49.46,Holt_Winters,20250120
2025-01-21,FC-West,SKU-HLTH-010,21,6.99,0.0,50.89,Holt_Winters,20250121
2025-01-21,FC-West,SKU-HLTH-010,21,6.99,0.0,50.89,Holt_Winters,20250121
2025-01-22,FC-West,SKU-HLTH-010,22,6.98,0.0,51.3,Holt_Winters,20250122
2025-01-22,FC-West,SKU-HLTH-010,22,6.98,0.0,51.3,Holt_Winters,20250122
2025-01-23,FC-West,SKU-HLTH-010,23,7.75,0.0,52.48,Holt_Winters,20250123
2025-01-23,FC-West,SKU-HLTH-010,23,7.75,0.0,52.48,Holt_Winters,20250123
2025-01-24,FC-West,SKU-HLTH-010,24,9.46,0.0,54.58,Holt_Winters,20250124
2025-01-24,FC-West,SKU-HLTH-010,24,9.46,0.0,54.58,Holt_Winters,20250124
2025-01-25,FC-West,SKU-HLTH-010,25,9.7,0.0,55.23,Holt_Winters,20250125
2025-01-25,FC-West,SKU-HLTH-010,25,9.7,0.0,55.23,Holt_Winters,20250125
2025-01-26,FC-West,SKU-HLTH-010,26,9.41,0.0,55.33,Holt_Winters,20250126
2025-01-26,FC-West,SKU-HLTH-010,26,9.41,0.0,55.33,Holt_Winters,20250126
2025-01-27,FC-West,SKU-HLTH-010,27,5.99,0.0,52.3,Holt_Winters,20250127
2025-01-27,FC-West,SKU-HLTH-010,27,5.99,0.0,52.3,Holt_Winters,20250127
2025-01-28,FC-West,SKU-HLTH-010,28,7.01,0.0,53.72,Holt_Winters,20250128
2025-01-28,FC-West,SKU-HLTH-010,28,7.01,0.0,53.72,Holt_Winters,20250128
2025-01-01,FC-West,SKU-HOME-001,1,28.65,0.0,63.36,Holt_Winters,20250101
2025-01-01,FC-West,SKU-HOME-001,1,28.65,0.0,63.36,Holt_Winters,20250101
2025-01-02,FC-West,SKU-HOME-001,2,29.06,0.0,64.28,Holt_Winters,20250102
2025-01-02,FC-West,SKU-HOME-001,2,29.06,0.0,64.28,Holt_Winters,20250102
2025-01-03,FC-West,SKU-HOME-001,3,31.38,0.0,67.11,Holt_Winters,20250103
2025-01-03,FC-West,SKU-HOME-001,3,31.38,0.0,67.11,Holt_Winters,20250103
2025-01-04,FC-West,SKU-HOME-001,4,36.18,0.0,72.42,Holt_Winters,20250104
2025-01-04,FC-West,SKU-HOME-001,4,36.18,0.0,72.42,Holt_Winters,20250104
2025-01-05,FC-West,SKU-HOME-001,5,33.45,0.0,70.18,Holt_Winters,20250105
2025-01-05,FC-West,SKU-HOME-001,5,33.45,0.0,70.18,Holt_Winters,20250105
2025-01-06,FC-West,SKU-HOME-001,6,26.03,0.0,63.25,Holt_Winters,20250106
2025-01-06,FC-West,SKU-HOME-001,6,26.03,0.0,63.25,Holt_Winters,20250106
2025-01-07,FC-West,SKU-HOME-001,7,27.62,0.0,65.33,Holt_Winters,20250107
2025-01-07,FC-West,SKU-HOME-001,7,27.62,0.0,65.33,Holt_Winters,20250107
2025-01-08,FC-West,SKU-HOME-001,8,28.67,0.0,66.85,Holt_Winters,20250108
2025-01-08,FC-West,SKU-HOME-001,8,28.67,0.0,66.85,Holt_Winters,20250108
2025-01-09,FC-West,SKU-HOME-001,9,29.08,0.0,67.73,Holt_Winters,20250109
2025-01-09,FC-West,SKU-HOME-001,9,29.08,0.0,67.73,Holt_Winters,20250109
2025-01-10,FC-West,SKU-HOME-001,10,31.4,0.0,70.52,Holt_Winters,20250110
2025-01-10,FC-West,SKU-HOME-001,10,31.4,0.0,70.52,Holt_Winters,20250110
2025-01-11,FC-West,SKU-HOME-001,11,36.19,0.0,75.76,Holt_Winters,20250111
2025-01-11,FC-West,SKU-HOME-001,11,36.19,0.0,75.76,Holt_Winters,20250111
2025-01-12,FC-West,SKU-HOME-001,12,33.47,0.0,73.49,Holt_Winters,20250112
2025-01-12,FC-West,SKU-HOME-001,12,33.47,0.0,73.49,Holt_Winters,20250112
2025-01-13,FC-West,SKU-HOME-001,13,26.05,0.0,66.52,Holt_Winters,20250113
2025-01-13,FC-West,SKU-HOME-001,13,26.05,0.0,66.52,Holt_Winters,20250113
2025-01-14,FC-West,SKU-HOME-001,14,27.63,0.0,68.55,Holt_Winters,20250114
2025-01-14,FC-West,SKU-HOME-001,14,27.63,0.0,68.55,Holt_Winters,20250114
2025-01-15,FC-West,SKU-HOME-001,15,28.68,0.0,70.04,Holt_Winters,20250115
2025-01-15,FC-West,SKU-HOME-001,15,28.68,0.0,70.04,Holt_Winters,20250115
2025-01-16,FC-West,SKU-HOME-001,16,29.09,0.0,70.9,Holt_Winters,20250116
2025-01-16,FC-West,SKU-HOME-001,16,29.09,0.0,70.9,Holt_Winters,20250116
2025-01-17,FC-West,SKU-HOME-001,17,31.41,0.0,73.65,Holt_Winters,20250117
2025-01-17,FC-West,SKU-HOME-001,17,31.41,0.0,73.65,Holt_Winters,20250117
2025-01-18,FC-West,SKU-HOME-001,18,36.21,0.0,78.86,Holt_Winters,20250118
2025-01-18,FC-West,SKU-HOME-001,18,36.21,0.0,78.86,Holt_Winters,20250118
2025-01-19,FC-West,SKU-HOME-001,19,33.48,0.0,76.56,Holt_Winters,20250119
2025-01-19,FC-West,SKU-HOME-001,19,33.48,0.0,76.56,Holt_Winters,20250119
2025-01-20,FC-West,SKU-HOME-001,20,26.06,0.0,69.55,Holt_Winters,20250120
2025-01-20,FC-West,SKU-HOME-001,20,26.06,0.0,69.55,Holt_Winters,20250120
2025-01-21,FC-West,SKU-HOME-001,21,27.65,0.0,71.55,Holt_Winters,20250121
2025-01-21,FC-West,SKU-HOME-001,21,27.65,0.0,71.55,Holt_Winters,20250121
2025-01-22,FC-West,SKU-HOME-001,22,28.7,0.0,73.02,Holt_Winters,20250122
2025-01-22,FC-West,SKU-HOME-001,22,28.7,0.0,73.02,Holt_Winters,20250122
2025-01-23,FC-West,SKU-HOME-001,23,29.11,0.0,73.84,Holt_Winters,20250123
2025-01-23,FC-West,SKU-HOME-001,23,29.11,0.0,73.84,Holt_Winters,20250123
2025-01-24,FC-West,SKU-HOME-001,24,31.43,0.0,76.55,Holt_Winters,20250124
2025-01-24,FC-West,SKU-HOME-001,24,31.43,0.0,76.55,Holt_Winters,20250124
2025-01-25,FC-West,SKU-HOME-001,25,36.22,0.0,81.75,Holt_Winters,20250125
2025-01-25,FC-West,SKU-HOME-001,25,36.22,0.0,81.75,Holt_Winters,20250125
2025-01-26,FC-West,SKU-HOME-001,26,33.5,0.0,79.42,Holt_Winters,20250126
2025-01-26,FC-West,SKU-HOME-001,26,33.5,0.0,79.42,Holt_Winters,20250126
2025-01-27,FC-West,SKU-HOME-001,27,26.08,0.0,72.39,Holt_Winters,20250127
2025-01-27,FC-West,SKU-HOME-001,27,26.08,0.0,72.39,Holt_Winters,20250127
2025-01-28,FC-West,SKU-HOME-001,28,27.67,0.0,74.38,Holt_Winters,20250128
2025-01-28,FC-West,SKU-HOME-001,28,27.67,0.0,74.38,Holt_Winters,20250128
2025-01-01,FC-West,SKU-HOME-002,1,78.53,43.82,113.24,Holt_Winters,20250101
2025-01-01,FC-West,SKU-HOME-002,1,78.53,43.82,113.24,Holt_Winters,20250101
2025-01-02,FC-West,SKU-HOME-002,2,77.56,42.34,112.78,Holt_Winters,20250102
2025-01-02,FC-West,SKU-HOME-002,2,77.56,42.34,112.78,Holt_Winters,20250102
2025-01-03,FC-West,SKU-HOME-002,3,87.6,51.87,123.33,Holt_Winters,20250103
2025-01-03,FC-West,SKU-HOME-002,3,87.6,51.87,123.33,Holt_Winters,20250103
2025-01-04,FC-West,SKU-HOME-002,4,91.13,54.89,127.37,Holt_Winters,20250104
2025-01-04,FC-West,SKU-HOME-002,4,91.13,54.89,127.37,Holt_Winters,20250104
2025-01-05,FC-West,SKU-HOME-002,5,89.17,52.44,125.9,Holt_Winters,20250105
2025-01-05,FC-West,SKU-HOME-002,5,89.17,52.44,125.9,Holt_Winters,20250105
2025-01-06,FC-West,SKU-HOME-002,6,74.37,37.15,111.59,Holt_Winters,20250106
2025-01-06,FC-West,SKU-HOME-002,6,74.37,37.15,111.59,Holt_Winters,20250106
2025-01-07,FC-West,SKU-HOME-002,7,75.7,37.99,113.41,Holt_Winters,20250107
2025-01-07,FC-West,SKU-HOME-002,7,75.7,37.99,113.41,Holt_Winters,20250107
2025-01-08,FC-West,SKU-HOME-002,8,77.3,39.12,115.48,Holt_Winters,20250108
2025-01-08,FC-West,SKU-HOME-002,8,77.3,39.12,115.48,Holt_Winters,20250108
2025-01-09,FC-West,SKU-HOME-002,9,76.33,37.68,114.98,Holt_Winters,20250109
2025-01-09,FC-West,SKU-HOME-002,9,76.33,37.68,114.98,Holt_Winters,20250109
2025-01-10,FC-West,SKU-HOME-002,10,86.37,47.25,125.49,Holt_Winters,20250110
2025-01-10,FC-West,SKU-HOME-002,10,86.37,47.25,125.49,Holt_Winters,20250110
2025-01-11,FC-West,SKU-HOME-002,11,89.9,50.33,129.47,Holt_Winters,20250111
2025-01-11,FC-West,SKU-HOME-002,11,89.9,50.33,129.47,Holt_Winters,20250111
2025-01-12,FC-West,SKU-HOME-002,12,87.94,47.92,127.96,Holt_Winters,20250112
2025-01-12,FC-West,SKU-HOME-002,12,87.94,47.92,127.96,Holt_Winters,20250112
2025-01-13,FC-West,SKU-HOME-002,13,73.14,32.67,113.61,Holt_Winters,20250113
2025-01-13,FC-West,SKU-HOME-002,13,73.14,32.67,113.61,Holt_Winters,20250113
2025-01-14,FC-West,SKU-HOME-002,14,74.47,33.55,115.39,Holt_Winters,20250114
2025-01-14,FC-West,SKU-HOME-002,14,74.47,33.55,115.39,Holt_Winters,20250114
2025-01-15,FC-West,SKU-HOME-002,15,76.07,34.71,117.43,Holt_Winters,20250115
2025-01-15,FC-West,SKU-HOME-002,15,76.07,34.71,117.43,Holt_Winters,20250115
2025-01-16,FC-West,SKU-HOME-002,16,75.1,33.29,116.91,Holt_Winters,20250116
2025-01-16,FC-West,SKU-HOME-002,16,75.1,33.29,116.91,Holt_Winters,20250116
2025-01-17,FC-West,SKU-HOME-002,17,85.14,42.9,127.38,Holt_Winters,20250117
2025-01-17,FC-West,SKU-HOME-002,17,85.14,42.9,127.38,Holt_Winters,20250117
2025-01-18,FC-West,SKU-HOME-002,18,88.67,46.02,131.32,Holt_Winters,20250118
2025-01-18,FC-West,SKU-HOME-002,18,88.67,46.02,131.32,Holt_Winters,20250118
2025-01-19,FC-West,SKU-HOME-002,19,86.71,43.63,129.79,Holt_Winters,20250119
2025-01-19,FC-West,SKU-HOME-002,19,86.71,43.63,129.79,Holt_Winters,20250119
2025-01-20,FC-West,SKU-HOME-002,20,71.91,28.42,115.4,Holt_Winters,20250120
2025-01-20,FC-West,SKU-HOME-002,20,71.91,28.42,115.4,Holt_Winters,20250120
2025-01-21,FC-West,SKU-HOME-002,21,73.24,29.34,117.14,Holt_Winters,20250121
2025-01-21,FC-West,SKU-HOME-002,21,73.24,29.34,117.14,Holt_Winters,20250121
2025-01-22,FC-West,SKU-HOME-002,22,74.84,30.52,119.16,Holt_Winters,20250122
2025-01-22,FC-West,SKU-HOME-002,22,74.84,30.52,119.16,Holt_Winters,20250122
2025-01-23,FC-West,SKU-HOME-002,23,73.87,29.14,118.6,Holt_Winters,20250123
2025-01-23,FC-West,SKU-HOME-002,23,73.87,29.14,118.6,Holt_Winters,20250123
2025-01-24,FC-West,SKU-HOME-002,24,83.9,38.78,129.02,Holt_Winters,20250124
2025-01-24,FC-West,SKU-HOME-002,24,83.9,38.78,129.02,Holt_Winters,20250124
2025-01-25,FC-West,SKU-HOME-002,25,87.44,41.91,132.97,Holt_Winters,20250125
2025-01-25,FC-West,SKU-HOME-002,25,87.44,41.91,132.97,Holt_Winters,20250125
2025-01-26,FC-West,SKU-HOME-002,26,85.48,39.56,131.4,Holt_Winters,20250126
2025-01-26,FC-West,SKU-HOME-002,26,85.48,39.56,131.4,Holt_Winters,20250126
2025-01-27,FC-West,SKU-HOME-002,27,70.68,24.37,116.99,Holt_Winters,20250127
2025-01-27,FC-West,SKU-HOME-002,27,70.68,24.37,116.99,Holt_Winters,20250127
2025-01-28,FC-West,SKU-HOME-002,28,72.0,25.29,118.71,Holt_Winters,20250128
2025-01-28,FC-West,SKU-HOME-002,28,72.0,25.29,118.71,Holt_Winters,20250128
2025-01-01,FC-West,SKU-HOME-003,1,29.12,0.0,63.83,Holt_Winters,20250101
2025-01-01,FC-West,SKU-HOME-003,1,29.12,0.0,63.83,Holt_Winters,20250101
2025-01-02,FC-West,SKU-HOME-003,2,29.72,0.0,64.94,Holt_Winters,20250102
2025-01-02,FC-West,SKU-HOME-003,2,29.72,0.0,64.94,Holt_Winters,20250102
2025-01-03,FC-West,SKU-HOME-003,3,34.11,0.0,69.84,Holt_Winters,20250103
2025-01-03,FC-West,SKU-HOME-003,3,34.11,0.0,69.84,Holt_Winters,20250103
2025-01-04,FC-West,SKU-HOME-003,4,38.91,2.67,75.15,Holt_Winters,20250104
2025-01-04,FC-West,SKU-HOME-003,4,38.91,2.67,75.15,Holt_Winters,20250104
2025-01-05,FC-West,SKU-HOME-003,5,34.83,0.0,71.56,Holt_Winters,20250105
2025-01-05,FC-West,SKU-HOME-003,5,34.83,0.0,71.56,Holt_Winters,20250105
2025-01-06,FC-West,SKU-HOME-003,6,27.83,0.0,65.05,Holt_Winters,20250106
2025-01-06,FC-West,SKU-HOME-003,6,27.83,0.0,65.05,Holt_Winters,20250106
2025-01-07,FC-West,SKU-HOME-003,7,28.24,0.0,65.95,Holt_Winters,20250107
2025-01-07,FC-West,SKU-HOME-003,7,28.24,0.0,65.95,Holt_Winters,20250107
2025-01-08,FC-West,SKU-HOME-003,8,29.22,0.0,67.4,Holt_Winters,20250108
2025-01-08,FC-West,SKU-HOME-003,8,29.22,0.0,67.4,Holt_Winters,20250108
2025-01-09,FC-West,SKU-HOME-003,9,29.82,0.0,68.47,Holt_Winters,20250109
2025-01-09,FC-West,SKU-HOME-003,9,29.82,0.0,68.47,Holt_Winters,20250109
2025-01-10,FC-West,SKU-HOME-003,10,34.21,0.0,73.33,Holt_Winters,20250110
2025-01-10,FC-West,SKU-HOME-003,10,34.21,0.0,73.33,Holt_Winters,20250110
2025-01-11,FC-West,SKU-HOME-003,11,39.01,0.0,78.58,Holt_Winters,20250111
2025-01-11,FC-West,SKU-HOME-003,11,39.01,0.0,78.58,Holt_Winters,20250111
2025-01-12,FC-West,SKU-HOME-003,12,34.93,0.0,74.95,Holt_Winters,20250112
2025-01-12,FC-West,SKU-HOME-003,12,34.93,0.0,74.95,Holt_Winters,20250112
2025-01-13,FC-West,SKU-HOME-003,13,27.93,0.0,68.4,Holt_Winters,20250113
2025-01-13,FC-West,SKU-HOME-003,13,27.93,0.0,68.4,Holt_Winters,20250113
2025-01-14,FC-West,SKU-HOME-003,14,28.34,0.0,69.26,Holt_Winters,20250114
2025-01-14,FC-West,SKU-HOME-003,14,28.34,0.0,69.26,Holt_Winters,20250114
2025-01-15,FC-West,SKU-HOME-003,15,29.32,0.0,70.68,Holt_Winters,20250115
2025-01-15,FC-West,SKU-HOME-003,15,29.32,0.0,70.68,Holt_Winters,20250115
2025-01-16,FC-West,SKU-HOME-003,16,29.91,0.0,71.72,Holt_Winters,20250116
2025-01-16,FC-West,SKU-HOME-003,16,29.91,0.0,71.72,Holt_Winters,20250116
2025-01-17,FC-West,SKU-HOME-003,17,34.31,0.0,76.55,Holt_Winters,20250117
2025-01-17,FC-West,SKU-HOME-003,17,34.31,0.0,76.55,Holt_Winters,20250117
2025-01-18,FC-West,SKU-HOME-003,18,39.11,0.0,81.76,Holt_Winters,20250118
2025-01-18,FC-West,SKU-HOME-003,18,39.11,0.0,81.76,Holt_Winters,20250118
2025-01-19,FC-West,SKU-HOME-003,19,35.03,0.0,78.11,Holt_Winters,20250119
2025-01-19,FC-West,SKU-HOME-003,19,35.03,0.0,78.11,Holt_Winters,20250119
2025-01-20,FC-West,SKU-HOME-003,20,28.02,0.0,71.51,Holt_Winters,20250120
2025-01-20,FC-West,SKU-HOME-003,20,28.02,0.0,71.51,Holt_Winters,20250120
2025-01-21,FC-West,SKU-HOME-003,21,28.44,0.0,72.34,Holt_Winters,20250121
2025-01-21,FC-West,SKU-HOME-003,21,28.44,0.0,72.34,Holt_Winters,20250121
2025-01-22,FC-West,SKU-HOME-003,22,29.41,0.0,73.73,Holt_Winters,20250122
2025-01-22,FC-West,SKU-HOME-003,22,29.41,0.0,73.73,Holt_Winters,20250122
2025-01-23,FC-West,SKU-HOME-003,23,30.01,0.0,74.74,Holt_Winters,20250123
2025-01-23,FC-West,SKU-HOME-003,23,30.01,0.0,74.74,Holt_Winters,20250123
2025-01-24,FC-West,SKU-HOME-003,24,34.41,0.0,79.53,Holt_Winters,20250124
2025-01-24,FC-West,SKU-HOME-003,24,34.41,0.0,79.53,Holt_Winters,20250124
2025-01-25,FC-West,SKU-HOME-003,25,39.21,0.0,84.74,Holt_Winters,20250125
2025-01-25,FC-West,SKU-HOME-003,25,39.21,0.0,84.74,Holt_Winters,20250125
2025-01-26,FC-West,SKU-HOME-003,26,35.13,0.0,81.05,Holt_Winters,20250126
2025-01-26,FC-West,SKU-HOME-003,26,35.13,0.0,81.05,Holt_Winters,20250126
2025-01-27,FC-West,SKU-HOME-003,27,28.12,0.0,74.43,Holt_Winters,20250127
2025-01-27,FC-West,SKU-HOME-003,27,28.12,0.0,74.43,Holt_Winters,20250127
2025-01-28,FC-West,SKU-HOME-003,28,28.54,0.0,75.25,Holt_Winters,20250128
2025-01-28,FC-West,SKU-HOME-003,28,28.54,0.0,75.25,Holt_Winters,20250128
2025-01-01,FC-West,SKU-HOME-004,1,20.52,0.0,55.23,Holt_Winters,20250101
2025-01-01,FC-West,SKU-HOME-004,1,20.52,0.0,55.23,Holt_Winters,20250101
2025-01-02,FC-West,SKU-HOME-004,2,20.35,0.0,55.57,Holt_Winters,20250102
2025-01-02,FC-West,SKU-HOME-004,2,20.35,0.0,55.57,Holt_Winters,20250102
2025-01-03,FC-West,SKU-HOME-004,3,26.37,0.0,62.1,Holt_Winters,20250103
2025-01-03,FC-West,SKU-HOME-004,3,26.37,0.0,62.1,Holt_Winters,20250103
2025-01-04,FC-West,SKU-HOME-004,4,28.71,0.0,64.95,Holt_Winters,20250104
2025-01-04,FC-West,SKU-HOME-004,4,28.71,0.0,64.95,Holt_Winters,20250104
2025-01-05,FC-West,SKU-HOME-004,5,23.83,0.0,60.56,Holt_Winters,20250105
2025-01-05,FC-West,SKU-HOME-004,5,23.83,0.0,60.56,Holt_Winters,20250105
2025-01-06,FC-West,SKU-HOME-004,6,17.34,0.0,54.56,Holt_Winters,20250106
2025-01-06,FC-West,SKU-HOME-004,6,17.34,0.0,54.56,Holt_Winters,20250106
2025-01-07,FC-West,SKU-HOME-004,7,18.23,0.0,55.94,Holt_Winters,20250107
2025-01-07,FC-West,SKU-HOME-004,7,18.23,0.0,55.94,Holt_Winters,20250107
2025-01-08,FC-West,SKU-HOME-004,8,20.22,0.0,58.4,Holt_Winters,20250108
2025-01-08,FC-West,SKU-HOME-004,8,20.22,0.0,58.4,Holt_Winters,20250108
2025-01-09,FC-West,SKU-HOME-004,9,20.05,0.0,58.7,Holt_Winters,20250109
2025-01-09,FC-West,SKU-HOME-004,9,20.05,0.0,58.7,Holt_Winters,20250109
2025-01-10,FC-West,SKU-HOME-004,10,26.07,0.0,65.19,Holt_Winters,20250110
2025-01-10,FC-West,SKU-HOME-004,10,26.07,0.0,65.19,Holt_Winters,20250110
2025-01-11,FC-West,SKU-HOME-004,11,28.41,0.0,67.98,Holt_Winters,20250111
2025-01-11,FC-West,SKU-HOME-004,11,28.41,0.0,67.98,Holt_Winters,20250111
2025-01-12,FC-West,SKU-HOME-004,12,23.52,0.0,63.54,Holt_Winters,20250112
2025-01-12,FC-West,SKU-HOME-004,12,23.52,0.0,63.54,Holt_Winters,20250112
2025-01-13,FC-West,SKU-HOME-004,13,17.04,0.0,57.51,Holt_Winters,20250113
2025-01-13,FC-West,SKU-HOME-004,13,17.04,0.0,57.51,Holt_Winters,20250113
2025-01-14,FC-West,SKU-HOME-004,14,17.93,0.0,58.85,Holt_Winters,20250114
2025-01-14,FC-West,SKU-HOME-004,14,17.93,0.0,58.85,Holt_Winters,20250114
2025-01-15,FC-West,SKU-HOME-004,15,19.92,0.0,61.28,Holt_Winters,20250115
2025-01-15,FC-West,SKU-HOME-004,15,19.92,0.0,61.28,Holt_Winters,20250115
2025-01-16,FC-West,SKU-HOME-004,16,19.75,0.0,61.56,Holt_Winters,20250116
2025-01-16,FC-West,SKU-HOME-004,16,19.75,0.0,61.56,Holt_Winters,20250116
2025-01-17,FC-West,SKU-HOME-004,17,25.77,0.0,68.01,Holt_Winters,20250117
2025-01-17,FC-West,SKU-HOME-004,17,25.77,0.0,68.01,Holt_Winters,20250117
2025-01-18,FC-West,SKU-HOME-004,18,28.1,0.0,70.75,Holt_Winters,20250118
2025-01-18,FC-West,SKU-HOME-004,18,28.1,0.0,70.75,Holt_Winters,20250118
2025-01-19,FC-West,SKU-HOME-004,19,23.22,0.0,66.3,Holt_Winters,20250119
2025-01-19,FC-West,SKU-HOME-004,19,23.22,0.0,66.3,Holt_Winters,20250119
2025-01-20,FC-West,SKU-HOME-004,20,16.73,0.0,60.22,Holt_Winters,20250120
2025-01-20,FC-West,SKU-HOME-004,20,16.73,0.0,60.22,Holt_Winters,20250120
2025-01-21,FC-West,SKU-HOME-004,21,17.63,0.0,61.53,Holt_Winters,20250121
2025-01-21,FC-West,SKU-HOME-004,21,17.63,0.0,61.53,Holt_Winters,20250121
2025-01-22,FC-West,SKU-HOME-004,22,19.62,0.0,63.94,Holt_Winters,20250122
2025-01-22,FC-West,SKU-HOME-004,22,19.62,0.0,63.94,Holt_Winters,20250122
2025-01-23,FC-West,SKU-HOME-004,23,19.44,0.0,64.17,Holt_Winters,20250123
2025-01-23,FC-West,SKU-HOME-004,23,19.44,0.0,64.17,Holt_Winters,20250123
2025-01-24,FC-West,SKU-HOME-004,24,25.46,0.0,70.58,Holt_Winters,20250124
2025-01-24,FC-West,SKU-HOME-004,24,25.46,0.0,70.58,Holt_Winters,20250124
2025-01-25,FC-West,SKU-HOME-004,25,27.8,0.0,73.33,Holt_Winters,20250125
2025-01-25,FC-West,SKU-HOME-004,25,27.8,0.0,73.33,Holt_Winters,20250125
2025-01-26,FC-West,SKU-HOME-004,26,22.92,0.0,68.84,Holt_Winters,20250126
2025-01-26,FC-West,SKU-HOME-004,26,22.92,0.0,68.84,Holt_Winters,20250126
2025-01-27,FC-West,SKU-HOME-004,27,16.43,0.0,62.74,Holt_Winters,20250127
2025-01-27,FC-West,SKU-HOME-004,27,16.43,0.0,62.74,Holt_Winters,20250127
2025-01-28,FC-West,SKU-HOME-004,28,17.32,0.0,64.03,Holt_Winters,20250128
2025-01-28,FC-West,SKU-HOME-004,28,17.32,0.0,64.03,Holt_Winters,20250128
2025-01-01,FC-West,SKU-HOME-005,1,29.18,0.0,63.89,Holt_Winters,20250101
2025-01-01,FC-West,SKU-HOME-005,1,29.18,0.0,63.89,Holt_Winters,20250101
2025-01-02,FC-West,SKU-HOME-005,2,29.4,0.0,64.62,Holt_Winters,20250102
2025-01-02,FC-West,SKU-HOME-005,2,29.4,0.0,64.62,Holt_Winters,20250102
2025-01-03,FC-West,SKU-HOME-005,3,34.78,0.0,70.51,Holt_Winters,20250103
2025-01-03,FC-West,SKU-HOME-005,3,34.78,0.0,70.51,Holt_Winters,20250103
2025-01-04,FC-West,SKU-HOME-005,4,40.01,3.77,76.25,Holt_Winters,20250104
2025-01-04,FC-West,SKU-HOME-005,4,40.01,3.77,76.25,Holt_Winters,20250104
2025-01-05,FC-West,SKU-HOME-005,5,35.94,0.0,72.67,Holt_Winters,20250105
2025-01-05,FC-West,SKU-HOME-005,5,35.94,0.0,72.67,Holt_Winters,20250105
2025-01-06,FC-West,SKU-HOME-005,6,26.85,0.0,64.07,Holt_Winters,20250106
2025-01-06,FC-West,SKU-HOME-005,6,26.85,0.0,64.07,Holt_Winters,20250106
2025-01-07,FC-West,SKU-HOME-005,7,28.23,0.0,65.94,Holt_Winters,20250107
2025-01-07,FC-West,SKU-HOME-005,7,28.23,0.0,65.94,Holt_Winters,20250107
2025-01-08,FC-West,SKU-HOME-005,8,29.2,0.0,67.38,Holt_Winters,20250108
2025-01-08,FC-West,SKU-HOME-005,8,29.2,0.0,67.38,Holt_Winters,20250108
2025-01-09,FC-West,SKU-HOME-005,9,29.42,0.0,68.07,Holt_Winters,20250109
2025-01-09,FC-West,SKU-HOME-005,9,29.42,0.0,68.07,Holt_Winters,20250109
2025-01-10,FC-West,SKU-HOME-005,10,34.79,0.0,73.91,Holt_Winters,20250110
2025-01-10,FC-West,SKU-HOME-005,10,34.79,0.0,73.91,Holt_Winters,20250110
2025-01-11,FC-West,SKU-HOME-005,11,40.02,0.45,79.59,Holt_Winters,20250111
2025-01-11,FC-West,SKU-HOME-005,11,40.02,0.45,79.59,Holt_Winters,20250111
2025-01-12,FC-West,SKU-HOME-005,12,35.95,0.0,75.97,Holt_Winters,20250112
2025-01-12,FC-West,SKU-HOME-005,12,35.95,0.0,75.97,Holt_Winters,20250112
2025-01-13,FC-West,SKU-HOME-005,13,26.86,0.0,67.33,Holt_Winters,20250113
2025-01-13,FC-West,SKU-HOME-005,13,26.86,0.0,67.33,Holt_Winters,20250113
2025-01-14,FC-West,SKU-HOME-005,14,28.25,0.0,69.17,Holt_Winters,20250114
2025-01-14,FC-West,SKU-HOME-005,14,28.25,0.0,69.17,Holt_Winters,20250114
2025-01-15,FC-West,SKU-HOME-005,15,29.21,0.0,70.57,Holt_Winters,20250115
2025-01-15,FC-West,SKU-HOME-005,15,29.21,0.0,70.57,Holt_Winters,20250115
2025-01-16,FC-West,SKU-HOME-005,16,29.43,0.0,71.24,Holt_Winters,20250116
2025-01-16,FC-West,SKU-HOME-005,16,29.43,0.0,71.24,Holt_Winters,20250116
2025-01-17,FC-West,SKU-HOME-005,17,34.81,0.0,77.05,Holt_Winters,20250117
2025-01-17,FC-West,SKU-HOME-005,17,34.81,0.0,77.05,Holt_Winters,20250117
2025-01-18,FC-West,SKU-HOME-005,18,40.03,0.0,82.68,Holt_Winters,20250118
2025-01-18,FC-West,SKU-HOME-005,18,40.03,0.0,82.68,Holt_Winters,20250118
2025-01-19,FC-West,SKU-HOME-005,19,35.97,0.0,79.05,Holt_Winters,20250119
2025-01-19,FC-West,SKU-HOME-005,19,35.97,0.0,79.05,Holt_Winters,20250119
2025-01-20,FC-West,SKU-HOME-005,20,26.88,0.0,70.37,Holt_Winters,20250120
2025-01-20,FC-West,SKU-HOME-005,20,26.88,0.0,70.37,Holt_Winters,20250120
2025-01-21,FC-West,SKU-HOME-005,21,28.26,0.0,72.16,Holt_Winters,20250121
2025-01-21,FC-West,SKU-HOME-005,21,28.26,0.0,72.16,Holt_Winters,20250121
2025-01-22,FC-West,SKU-HOME-005,22,29.22,0.0,73.54,Holt_Winters,20250122
2025-01-22,FC-West,SKU-HOME-005,22,29.22,0.0,73.54,Holt_Winters,20250122
2025-01-23,FC-West,SKU-HOME-005,23,29.44,0.0,74.17,Holt_Winters,20250123
2025-01-23,FC-West,SKU-HOME-005,23,29.44,0.0,74.17,Holt_Winters,20250123
2025-01-24,FC-West,SKU-HOME-005,24,34.82,0.0,79.94,Holt_Winters,20250124
2025-01-24,FC-West,SKU-HOME-005,24,34.82,0.0,79.94,Holt_Winters,20250124
2025-01-25,FC-West,SKU-HOME-005,25,40.05,0.0,85.58,Holt_Winters,20250125
2025-01-25,FC-West,SKU-HOME-005,25,40.05,0.0,85.58,Holt_Winters,20250125
2025-01-26,FC-West,SKU-HOME-005,26,35.98,0.0,81.9,Holt_Winters,20250126
2025-01-26,FC-West,SKU-HOME-005,26,35.98,0.0,81.9,Holt_Winters,20250126
2025-01-27,FC-West,SKU-HOME-005,27,26.89,0.0,73.2,Holt_Winters,20250127
2025-01-27,FC-West,SKU-HOME-005,27,26.89,0.0,73.2,Holt_Winters,20250127
2025-01-28,FC-West,SKU-HOME-005,28,28.27,0.0,74.98,Holt_Winters,20250128
2025-01-28,FC-West,SKU-HOME-005,28,28.27,0.0,74.98,Holt_Winters,20250128
2025-01-01,FC-West,SKU-HOME-006,1,44.18,9.47,78.89,Holt_Winters,20250101
2025-01-01,FC-West,SKU-HOME-006,1,44.18,9.47,78.89,Holt_Winters,20250101
2025-01-02,FC-West,SKU-HOME-006,2,43.88,8.66,79.1,Holt_Winters,20250102
2025-01-02,FC-West,SKU-HOME-006,2,43.88,8.66,79.1,Holt_Winters,20250102
2025-01-03,FC-West,SKU-HOME-006,3,48.98,13.25,84.71,Holt_Winters,20250103
2025-01-03,FC-West,SKU-HOME-006,3,48.98,13.25,84.71,Holt_Winters,20250103
2025-01-04,FC-West,SKU-HOME-006,4,51.29,15.05,87.53,Holt_Winters,20250104
2025-01-04,FC-West,SKU-HOME-006,4,51.29,15.05,87.53,Holt_Winters,20250104
2025-01-05,FC-West,SKU-HOME-006,5,49.6,12.87,86.33,Holt_Winters,20250105
2025-01-05,FC-West,SKU-HOME-006,5,49.6,12.87,86.33,Holt_Winters,20250105
2025-01-06,FC-West,SKU-HOME-006,6,42.96,5.74,80.18,Holt_Winters,20250106
2025-01-06,FC-West,SKU-HOME-006,6,42.96,5.74,80.18,Holt_Winters,20250106
2025-01-07,FC-West,SKU-HOME-006,7,46.32,8.61,84.03,Holt_Winters,20250107
2025-01-07,FC-West,SKU-HOME-006,7,46.32,8.61,84.03,Holt_Winters,20250107
2025-01-08,FC-West,SKU-HOME-006,8,47.4,9.22,85.58,Holt_Winters,20250108
2025-01-08,FC-West,SKU-HOME-006,8,47.4,9.22,85.58,Holt_Winters,20250108
2025-01-09,FC-West,SKU-HOME-006,9,47.11,8.46,85.76,Holt_Winters,20250109
2025-01-09,FC-West,SKU-HOME-006,9,47.11,8.46,85.76,Holt_Winters,20250109
2025-01-10,FC-West,SKU-HOME-006,10,52.2,13.08,91.32,Holt_Winters,20250110
2025-01-10,FC-West,SKU-HOME-006,10,52.2,13.08,91.32,Holt_Winters,20250110
2025-01-11,FC-West,SKU-HOME-006,11,54.51,14.94,94.08,Holt_Winters,20250111
2025-01-11,FC-West,SKU-HOME-006,11,54.51,14.94,94.08,Holt_Winters,20250111
2025-01-12,FC-West,SKU-HOME-006,12,52.82,12.8,92.84,Holt_Winters,20250112
2025-01-12,FC-West,SKU-HOME-006,12,52.82,12.8,92.84,Holt_Winters,20250112
2025-01-13,FC-West,SKU-HOME-006,13,46.18,5.71,86.65,Holt_Winters,20250113
2025-01-13,FC-West,SKU-HOME-006,13,46.18,5.71,86.65,Holt_Winters,20250113
2025-01-14,FC-West,SKU-HOME-006,14,49.55,8.63,90.47,Holt_Winters,20250114
2025-01-14,FC-West,SKU-HOME-006,14,49.55,8.63,90.47,Holt_Winters,20250114
2025-01-15,FC-West,SKU-HOME-006,15,50.62,9.26,91.98,Holt_Winters,20250115
2025-01-15,FC-West,SKU-HOME-006,15,50.62,9.26,91.98,Holt_Winters,20250115
2025-01-16,FC-West,SKU-HOME-006,16,50.33,8.52,92.14,Holt_Winters,20250116
2025-01-16,FC-West,SKU-HOME-006,16,50.33,8.52,92.14,Holt_Winters,20250116
2025-01-17,FC-West,SKU-HOME-006,17,55.42,13.18,97.66,Holt_Winters,20250117
2025-01-17,FC-West,SKU-HOME-006,17,55.42,13.18,97.66,Holt_Winters,20250117
2025-01-18,FC-West,SKU-HOME-006,18,57.73,15.08,100.38,Holt_Winters,20250118
2025-01-18,FC-West,SKU-HOME-006,18,57.73,15.08,100.38,Holt_Winters,20250118
2025-01-19,FC-West,SKU-HOME-006,19,56.05,12.97,99.13,Holt_Winters,20250119
2025-01-19,FC-West,SKU-HOME-006,19,56.05,12.97,99.13,Holt_Winters,20250119
2025-01-20,FC-West,SKU-HOME-006,20,49.41,5.92,92.9,Holt_Winters,20250120
2025-01-20,FC-West,SKU-HOME-006,20,49.41,5.92,92.9,Holt_Winters,20250120
2025-01-21,FC-West,SKU-HOME-006,21,52.77,8.87,96.67,Holt_Winters,20250121
2025-01-21,FC-West,SKU-HOME-006,21,52.77,8.87,96.67,Holt_Winters,20250121
2025-01-22,FC-West,SKU-HOME-006,22,53.85,9.53,98.17,Holt_Winters,20250122
2025-01-22,FC-West,SKU-HOME-006,22,53.85,9.53,98.17,Holt_Winters,20250122
2025-01-23,FC-West,SKU-HOME-006,23,53.55,8.82,98.28,Holt_Winters,20250123
2025-01-23,FC-West,SKU-HOME-006,23,53.55,8.82,98.28,Holt_Winters,20250123
2025-01-24,FC-West,SKU-HOME-006,24,58.65,13.53,103.77,Holt_Winters,20250124
2025-01-24,FC-West,SKU-HOME-006,24,58.65,13.53,103.77,Holt_Winters,20250124
2025-01-25,FC-West,SKU-HOME-006,25,60.96,15.43,106.49,Holt_Winters,20250125
2025-01-25,FC-West,SKU-HOME-006,25,60.96,15.43,106.49,Holt_Winters,20250125
2025-01-26,FC-West,SKU-HOME-006,26,59.27,13.35,105.19,Holt_Winters,20250126
2025-01-26,FC-West,SKU-HOME-006,26,59.27,13.35,105.19,Holt_Winters,20250126
2025-01-27,FC-West,SKU-HOME-006,27,52.63,6.32,98.94,Holt_Winters,20250127
2025-01-27,FC-West,SKU-HOME-006,27,52.63,6.32,98.94,Holt_Winters,20250127
2025-01-28,FC-West,SKU-HOME-006,28,55.99,9.28,102.7,Holt_Winters,20250128
2025-01-28,FC-West,SKU-HOME-006,28,55.99,9.28,102.7,Holt_Winters,20250128
2025-01-01,FC-West,SKU-HOME-007,1,6.54,0.0,41.25,Holt_Winters,20250101
2025-01-01,FC-West,SKU-HOME-007,1,6.54,0.0,41.25,Holt_Winters,20250101
2025-01-02,FC-West,SKU-HOME-007,2,7.48,0.0,42.7,Holt_Winters,20250102
2025-01-02,FC-West,SKU-HOME-007,2,7.48,0.0,42.7,Holt_Winters,20250102
2025-01-03,FC-West,SKU-HOME-007,3,9.39,0.0,45.12,Holt_Winters,20250103
2025-01-03,FC-West,SKU-HOME-007,3,9.39,0.0,45.12,Holt_Winters,20250103
2025-01-04,FC-West,SKU-HOME-007,4,9.01,0.0,45.25,Holt_Winters,20250104
2025-01-04,FC-West,SKU-HOME-007,4,9.01,0.0,45.25,Holt_Winters,20250104
2025-01-05,FC-West,SKU-HOME-007,5,8.04,0.0,44.77,Holt_Winters,20250105
2025-01-05,FC-West,SKU-HOME-007,5,8.04,0.0,44.77,Holt_Winters,20250105
2025-01-06,FC-West,SKU-HOME-007,6,6.07,0.0,43.29,Holt_Winters,20250106
2025-01-06,FC-West,SKU-HOME-007,6,6.07,0.0,43.29,Holt_Winters,20250106
2025-01-07,FC-West,SKU-HOME-007,7,7.05,0.0,44.76,Holt_Winters,20250107
2025-01-07,FC-West,SKU-HOME-007,7,7.05,0.0,44.76,Holt_Winters,20250107
2025-01-08,FC-West,SKU-HOME-007,8,6.51,0.0,44.69,Holt_Winters,20250108
2025-01-08,FC-West,SKU-HOME-007,8,6.51,0.0,44.69,Holt_Winters,20250108
2025-01-09,FC-West,SKU-HOME-007,9,7.45,0.0,46.1,Holt_Winters,20250109
2025-01-09,FC-West,SKU-HOME-007,9,7.45,0.0,46.1,Holt_Winters,20250109
2025-01-10,FC-West,SKU-HOME-007,10,9.35,0.0,48.47,Holt_Winters,20250110
2025-01-10,FC-West,SKU-HOME-007,10,9.35,0.0,48.47,Holt_Winters,20250110
2025-01-11,FC-West,SKU-HOME-007,11,8.98,0.0,48.55,Holt_Winters,20250111
2025-01-11,FC-West,SKU-HOME-007,11,8.98,0.0,48.55,Holt_Winters,20250111
2025-01-12,FC-West,SKU-HOME-007,12,8.01,0.0,48.03,Holt_Winters,20250112
2025-01-12,FC-West,SKU-HOME-007,12,8.01,0.0,48.03,Holt_Winters,20250112
2025-01-13,FC-West,SKU-HOME-007,13,6.04,0.0,46.51,Holt_Winters,20250113
2025-01-13,FC-West,SKU-HOME-007,13,6.04,0.0,46.51,Holt_Winters,20250113
2025-01-14,FC-West,SKU-HOME-007,14,7.02,0.0,47.94,Holt_Winters,20250114
2025-01-14,FC-West,SKU-HOME-007,14,7.02,0.0,47.94,Holt_Winters,20250114
2025-01-15,FC-West,SKU-HOME-007,15,6.47,0.0,47.83,Holt_Winters,20250115
2025-01-15,FC-West,SKU-HOME-007,15,6.47,0.0,47.83,Holt_Winters,20250115
2025-01-16,FC-West,SKU-HOME-007,16,7.41,0.0,49.22,Holt_Winters,20250116
2025-01-16,FC-West,SKU-HOME-007,16,7.41,0.0,49.22,Holt_Winters,20250116
2025-01-17,FC-West,SKU-HOME-007,17,9.32,0.0,51.56,Holt_Winters,20250117
2025-01-17,FC-West,SKU-HOME-007,17,9.32,0.0,51.56,Holt_Winters,20250117
2025-01-18,FC-West,SKU-HOME-007,18,8.94,0.0,51.59,Holt_Winters,20250118
2025-01-18,FC-West,SKU-HOME-007,18,8.94,0.0,51.59,Holt_Winters,20250118
2025-01-19,FC-West,SKU-HOME-007,19,7.97,0.0,51.05,Holt_Winters,20250119
2025-01-19,FC-West,SKU-HOME-007,19,7.97,0.0,51.05,Holt_Winters,20250119
2025-01-20,FC-West,SKU-HOME-007,20,6.0,0.0,49.49,Holt_Winters,20250120
2025-01-20,FC-West,SKU-HOME-007,20,6.0,0.0,49.49,Holt_Winters,20250120
2025-01-21,FC-West,SKU-HOME-007,21,6.98,0.0,50.88,Holt_Winters,20250121
2025-01-21,FC-West,SKU-HOME-007,21,6.98,0.0,50.88,Holt_Winters,20250121
2025-01-22,FC-West,SKU-HOME-007,22,6.43,0.0,50.75,Holt_Winters,20250122
2025-01-22,FC-West,SKU-HOME-007,22,6.43,0.0,50.75,Holt_Winters,20250122
2025-01-23,FC-West,SKU-HOME-007,23,7.37,0.0,52.1,Holt_Winters,20250123
2025-01-23,FC-West,SKU-HOME-007,23,7.37,0.0,52.1,Holt_Winters,20250123
2025-01-24,FC-West,SKU-HOME-007,24,9.28,0.0,54.4,Holt_Winters,20250124
2025-01-24,FC-West,SKU-HOME-007,24,9.28,0.0,54.4,Holt_Winters,20250124
2025-01-25,FC-West,SKU-HOME-007,25,8.91,0.0,54.44,Holt_Winters,20250125
2025-01-25,FC-West,SKU-HOME-007,25,8.91,0.0,54.44,Holt_Winters,20250125
2025-01-26,FC-West,SKU-HOME-007,26,7.94,0.0,53.86,Holt_Winters,20250126
2025-01-26,FC-West,SKU-HOME-007,26,7.94,0.0,53.86,Holt_Winters,20250126
2025-01-27,FC-West,SKU-HOME-007,27,5.97,0.0,52.28,Holt_Winters,20250127
2025-01-27,FC-West,SKU-HOME-007,27,5.97,0.0,52.28,Holt_Winters,20250127
2025-01-28,FC-West,SKU-HOME-007,28,6.94,0.0,53.65,Holt_Winters,20250128
2025-01-28,FC-West,SKU-HOME-007,28,6.94,0.0,53.65,Holt_Winters,20250128
2025-01-01,FC-West,SKU-HOME-008,1,68.4,33.69,103.11,Holt_Winters,20250101
2025-01-01,FC-West,SKU-HOME-008,1,68.4,33.69,103.11,Holt_Winters,20250101
2025-01-02,FC-West,SKU-HOME-008,2,65.36,30.14,100.58,Holt_Winters,20250102
2025-01-02,FC-West,SKU-HOME-008,2,65.36,30.14,100.58,Holt_Winters,20250102
2025-01-03,FC-West,SKU-HOME-008,3,70.21,34.48,105.94,Holt_Winters,20250103
2025-01-03,FC-West,SKU-HOME-008,3,70.21,34.48,105.94,Holt_Winters,20250103
2025-01-04,FC-West,SKU-HOME-008,4,74.25,38.01,110.49,Holt_Winters,20250104
2025-01-04,FC-West,SKU-HOME-008,4,74.25,38.01,110.49,Holt_Winters,20250104
2025-01-05,FC-West,SKU-HOME-008,5,71.69,34.96,108.42,Holt_Winters,20250105
2025-01-05,FC-West,SKU-HOME-008,5,71.69,34.96,108.42,Holt_Winters,20250105
2025-01-06,FC-West,SKU-HOME-008,6,65.09,27.87,102.31,Holt_Winters,20250106
2025-01-06,FC-West,SKU-HOME-008,6,65.09,27.87,102.31,Holt_Winters,20250106
2025-01-07,FC-West,SKU-HOME-008,7,63.25,25.54,100.96,Holt_Winters,20250107
2025-01-07,FC-West,SKU-HOME-008,7,63.25,25.54,100.96,Holt_Winters,20250107
2025-01-08,FC-West,SKU-HOME-008,8,68.85,30.67,107.03,Holt_Winters,20250108
2025-01-08,FC-West,SKU-HOME-008,8,68.85,30.67,107.03,Holt_Winters,20250108
2025-01-09,FC-West,SKU-HOME-008,9,65.81,27.16,104.46,Holt_Winters,20250109
2025-01-09,FC-West,SKU-HOME-008,9,65.81,27.16,104.46,Holt_Winters,20250109
2025-01-10,FC-West,SKU-HOME-008,10,70.66,31.54,109.78,Holt_Winters,20250110
2025-01-10,FC-West,SKU-HOME-008,10,70.66,31.54,109.78,Holt_Winters,20250110
2025-01-11,FC-West,SKU-HOME-008,11,74.7,35.13,114.27,Holt_Winters,20250111
2025-01-11,FC-West,SKU-HOME-008,11,74.7,35.13,114.27,Holt_Winters,20250111
2025-01-12,FC-West,SKU-HOME-008,12,72.14,32.12,112.16,Holt_Winters,20250112
2025-01-12,FC-West,SKU-HOME-008,12,72.14,32.12,112.16,Holt_Winters,20250112
2025-01-13,FC-West,SKU-HOME-008,13,65.54,25.07,106.01,Holt_Winters,20250113
2025-01-13,FC-West,SKU-HOME-008,13,65.54,25.07,106.01,Holt_Winters,20250113
2025-01-14,FC-West,SKU-HOME-008,14,63.7,22.78,104.62,Holt_Winters,20250114
2025-01-14,FC-West,SKU-HOME-008,14,63.7,22.78,104.62,Holt_Winters,20250114
2025-01-15,FC-West,SKU-HOME-008,15,69.29,27.93,110.65,Holt_Winters,20250115
2025-01-15,FC-West,SKU-HOME-008,15,69.29,27.93,110.65,Holt_Winters,20250115
2025-01-16,FC-West,SKU-HOME-008,16,66.26,24.45,108.07,Holt_Winters,20250116
2025-01-16,FC-West,SKU-HOME-008,16,66.26,24.45,108.07,Holt_Winters,20250116
2025-01-17,FC-West,SKU-HOME-008,17,71.11,28.87,113.35,Holt_Winters,20250117
2025-01-17,FC-West,SKU-HOME-008,17,71.11,28.87,113.35,Holt_Winters,20250117
2025-01-18,FC-West,SKU-HOME-008,18,75.15,32.5,117.8,Holt_Winters,20250118
2025-01-18,FC-West,SKU-HOME-008,18,75.15,32.5,117.8,Holt_Winters,20250118
2025-01-19,FC-West,SKU-HOME-008,19,72.59,29.51,115.67,Holt_Winters,20250119
2025-01-19,FC-West,SKU-HOME-008,19,72.59,29.51,115.67,Holt_Winters,20250119
2025-01-20,FC-West,SKU-HOME-008,20,65.98,22.49,109.47,Holt_Winters,20250120
2025-01-20,FC-West,SKU-HOME-008,20,65.98,22.49,109.47,Holt_Winters,20250120
2025-01-21,FC-West,SKU-HOME-008,21,64.15,20.25,108.05,Holt_Winters,20250121
2025-01-21,FC-West,SKU-HOME-008,21,64.15,20.25,108.05,Holt_Winters,20250121
2025-01-22,FC-West,SKU-HOME-008,22,69.74,25.42,114.06,Holt_Winters,20250122
2025-01-22,FC-West,SKU-HOME-008,22,69.74,25.42,114.06,Holt_Winters,20250122
2025-01-23,FC-West,SKU-HOME-008,23,66.7,21.97,111.43,Holt_Winters,20250123
2025-01-23,FC-West,SKU-HOME-008,23,66.7,21.97,111.43,Holt_Winters,20250123
2025-01-24,FC-West,SKU-HOME-008,24,71.56,26.44,116.68,Holt_Winters,20250124
2025-01-24,FC-West,SKU-HOME-008,24,71.56,26.44,116.68,Holt_Winters,20250124
2025-01-25,FC-West,SKU-HOME-008,25,75.6,30.07,121.13,Holt_Winters,20250125
2025-01-25,FC-West,SKU-HOME-008,25,75.6,30.07,121.13,Holt_Winters,20250125
2025-01-26,FC-West,SKU-HOME-008,26,73.03,27.11,118.95,Holt_Winters,20250126
2025-01-26,FC-West,SKU-HOME-008,26,73.03,27.11,118.95,Holt_Winters,20250126
2025-01-27,FC-West,SKU-HOME-008,27,66.43,20.12,112.74,Holt_Winters,20250127
2025-01-27,FC-West,SKU-HOME-008,27,66.43,20.12,112.74,Holt_Winters,20250127
2025-01-28,FC-West,SKU-HOME-008,28,64.6,17.89,111.31,Holt_Winters,20250128
2025-01-28,FC-West,SKU-HOME-008,28,64.6,17.89,111.31,Holt_Winters,20250128
2025-01-01,FC-West,SKU-HOME-009,1,2.47,0.0,37.18,Holt_Winters,20250101
2025-01-01,FC-West,SKU-HOME-009,1,2.47,0.0,37.18,Holt_Winters,20250101
2025-01-02,FC-West,SKU-HOME-009,2,2.36,0.0,37.58,Holt_Winters,20250102
2025-01-02,FC-West,SKU-HOME-009,2,2.36,0.0,37.58,Holt_Winters,20250102
2025-01-03,FC-West,SKU-HOME-009,3,1.72,0.0,37.45,Holt_Winters,20250103
2025-01-03,FC-West,SKU-HOME-009,3,1.72,0.0,37.45,Holt_Winters,20250103
2025-01-04,FC-West,SKU-HOME-009,4,2.49,0.0,38.73,Holt_Winters,20250104
2025-01-04,FC-West,SKU-HOME-009,4,2.49,0.0,38.73,Holt_Winters,20250104
2025-01-05,FC-West,SKU-HOME-009,5,2.19,0.0,38.92,Holt_Winters,20250105
2025-01-05,FC-West,SKU-HOME-009,5,2.19,0.0,38.92,Holt_Winters,20250105
2025-01-06,FC-West,SKU-HOME-009,6,2.34,0.0,39.56,Holt_Winters,20250106
2025-01-06,FC-West,SKU-HOME-009,6,2.34,0.0,39.56,Holt_Winters,20250106
2025-01-07,FC-West,SKU-HOME-009,7,2.16,0.0,39.87,Holt_Winters,20250107
2025-01-07,FC-West,SKU-HOME-009,7,2.16,0.0,39.87,Holt_Winters,20250107
2025-01-08,FC-West,SKU-HOME-009,8,2.47,0.0,40.65,Holt_Winters,20250108
2025-01-08,FC-West,SKU-HOME-009,8,2.47,0.0,40.65,Holt_Winters,20250108
2025-01-09,FC-West,SKU-HOME-009,9,2.36,0.0,41.01,Holt_Winters,20250109
2025-01-09,FC-West,SKU-HOME-009,9,2.36,0.0,41.01,Holt_Winters,20250109
2025-01-10,FC-West,SKU-HOME-009,10,1.71,0.0,40.83,Holt_Winters,20250110
2025-01-10,FC-West,SKU-HOME-009,10,1.71,0.0,40.83,Holt_Winters,20250110
2025-01-11,FC-West,SKU-HOME-009,11,2.49,0.0,42.06,Holt_Winters,20250111
2025-01-11,FC-West,SKU-HOME-009,11,2.49,0.0,42.06,Holt_Winters,20250111
2025-01-12,FC-West,SKU-HOME-009,12,2.18,0.0,42.2,Holt_Winters,20250112
2025-01-12,FC-West,SKU-HOME-009,12,2.18,0.0,42.2,Holt_Winters,20250112
2025-01-13,FC-West,SKU-HOME-009,13,2.34,0.0,42.81,Holt_Winters,20250113
2025-01-13,FC-West,SKU-HOME-009,13,2.34,0.0,42.81,Holt_Winters,20250113
2025-01-14,FC-West,SKU-HOME-009,14,2.16,0.0,43.08,Holt_Winters,20250114
2025-01-14,FC-West,SKU-HOME-009,14,2.16,0.0,43.08,Holt_Winters,20250114
2025-01-15,FC-West,SKU-HOME-009,15,2.47,0.0,43.83,Holt_Winters,20250115
2025-01-15,FC-West,SKU-HOME-009,15,2.47,0.0,43.83,Holt_Winters,20250115
2025-01-16,FC-West,SKU-HOME-009,16,2.35,0.0,44.16,Holt_Winters,20250116
2025-01-16,FC-West,SKU-HOME-009,16,2.35,0.0,44.16,Holt_Winters,20250116
2025-01-17,FC-West,SKU-HOME-009,17,1.71,0.0,43.95,Holt_Winters,20250117
2025-01-17,FC-West,SKU-HOME-009,17,1.71,0.0,43.95,Holt_Winters,20250117
2025-01-18,FC-West,SKU-HOME-009,18,2.49,0.0,45.14,Holt_Winters,20250118
2025-01-18,FC-West,SKU-HOME-009,18,2.49,0.0,45.14,Holt_Winters,20250118
2025-01-19,FC-West,SKU-HOME-009,19,2.18,0.0,45.26,Holt_Winters,20250119
2025-01-19,FC-West,SKU-HOME-009,19,2.18,0.0,45.26,Holt_Winters,20250119
2025-01-20,FC-West,SKU-HOME-009,20,2.33,0.0,45.82,Holt_Winters,20250120
2025-01-20,FC-West,SKU-HOME-009,20,2.33,0.0,45.82,Holt_Winters,20250120
2025-01-21,FC-West,SKU-HOME-009,21,2.16,0.0,46.06,Holt_Winters,20250121
2025-01-21,FC-West,SKU-HOME-009,21,2.16,0.0,46.06,Holt_Winters,20250121
2025-01-22,FC-West,SKU-HOME-009,22,2.46,0.0,46.78,Holt_Winters,20250122
2025-01-22,FC-West,SKU-HOME-009,22,2.46,0.0,46.78,Holt_Winters,20250122
2025-01-23,FC-West,SKU-HOME-009,23,2.35,0.0,47.08,Holt_Winters,20250123
2025-01-23,FC-West,SKU-HOME-009,23,2.35,0.0,47.08,Holt_Winters,20250123
2025-01-24,FC-West,SKU-HOME-009,24,1.71,0.0,46.83,Holt_Winters,20250124
2025-01-24,FC-West,SKU-HOME-009,24,1.71,0.0,46.83,Holt_Winters,20250124
2025-01-25,FC-West,SKU-HOME-009,25,2.49,0.0,48.02,Holt_Winters,20250125
2025-01-25,FC-West,SKU-HOME-009,25,2.49,0.0,48.02,Holt_Winters,20250125
2025-01-26,FC-West,SKU-HOME-009,26,2.18,0.0,48.1,Holt_Winters,20250126
2025-01-26,FC-West,SKU-HOME-009,26,2.18,0.0,48.1,Holt_Winters,20250126
2025-01-27,FC-West,SKU-HOME-009,27,2.33,0.0,48.64,Holt_Winters,20250127
2025-01-27,FC-West,SKU-HOME-009,27,2.33,0.0,48.64,Holt_Winters,20250127
2025-01-28,FC-West,SKU-HOME-009,28,2.16,0.0,48.87,Holt_Winters,20250128
2025-01-28,FC-West,SKU-HOME-009,28,2.16,0.0,48.87,Holt_Winters,20250128
2025-01-01,FC-West,SKU-HOME-010,1,11.11,0.0,45.82,Holt_Winters,20250101
2025-01-01,FC-West,SKU-HOME-010,1,11.11,0.0,45.82,Holt_Winters,20250101
2025-01-02,FC-West,SKU-HOME-010,2,12.29,0.0,47.51,Holt_Winters,20250102
2025-01-02,FC-West,SKU-HOME-010,2,12.29,0.0,47.51,Holt_Winters,20250102
2025-01-03,FC-West,SKU-HOME-010,3,13.14,0.0,48.87,Holt_Winters,20250103
2025-01-03,FC-West,SKU-HOME-010,3,13.14,0.0,48.87,Holt_Winters,20250103
2025-01-04,FC-West,SKU-HOME-010,4,15.13,0.0,51.37,Holt_Winters,20250104
2025-01-04,FC-West,SKU-HOME-010,4,15.13,0.0,51.37,Holt_Winters,20250104
2025-01-05,FC-West,SKU-HOME-010,5,13.08,0.0,49.81,Holt_Winters,20250105
2025-01-05,FC-West,SKU-HOME-010,5,13.08,0.0,49.81,Holt_Winters,20250105
2025-01-06,FC-West,SKU-HOME-010,6,10.99,0.0,48.21,Holt_Winters,20250106
2025-01-06,FC-West,SKU-HOME-010,6,10.99,0.0,48.21,Holt_Winters,20250106
2025-01-07,FC-West,SKU-HOME-010,7,10.67,0.0,48.38,Holt_Winters,20250107
2025-01-07,FC-West,SKU-HOME-010,7,10.67,0.0,48.38,Holt_Winters,20250107
2025-01-08,FC-West,SKU-HOME-010,8,11.1,0.0,49.28,Holt_Winters,20250108
2025-01-08,FC-West,SKU-HOME-010,8,11.1,0.0,49.28,Holt_Winters,20250108
2025-01-09,FC-West,SKU-HOME-010,9,12.28,0.0,50.93,Holt_Winters,20250109
2025-01-09,FC-West,SKU-HOME-010,9,12.28,0.0,50.93,Holt_Winters,20250109
2025-01-10,FC-West,SKU-HOME-010,10,13.13,0.0,52.25,Holt_Winters,20250110
2025-01-10,FC-West,SKU-HOME-010,10,13.13,0.0,52.25,Holt_Winters,20250110
2025-01-11,FC-West,SKU-HOME-010,11,15.12,0.0,54.69,Holt_Winters,20250111
2025-01-11,FC-West,SKU-HOME-010,11,15.12,0.0,54.69,Holt_Winters,20250111
2025-01-12,FC-West,SKU-HOME-010,12,13.08,0.0,53.1,Holt_Winters,20250112
2025-01-12,FC-West,SKU-HOME-010,12,13.08,0.0,53.1,Holt_Winters,20250112
2025-01-13,FC-West,SKU-HOME-010,13,10.98,0.0,51.45,Holt_Winters,20250113
2025-01-13,FC-West,SKU-HOME-010,13,10.98,0.0,51.45,Holt_Winters,20250113
2025-01-14,FC-West,SKU-HOME-010,14,10.66,0.0,51.58,Holt_Winters,20250114
2025-01-14,FC-West,SKU-HOME-010,14,10.66,0.0,51.58,Holt_Winters,20250114
2025-01-15,FC-West,SKU-HOME-010,15,11.1,0.0,52.46,Holt_Winters,20250115
2025-01-15,FC-West,SKU-HOME-010,15,11.1,0.0,52.46,Holt_Winters,20250115
2025-01-16,FC-West,SKU-HOME-010,16,12.28,0.0,54.09,Holt_Winters,20250116
2025-01-16,FC-West,SKU-HOME-010,16,12.28,0.0,54.09,Holt_Winters,20250116
2025-01-17,FC-West,SKU-HOME-010,17,13.13,0.0,55.37,Holt_Winters,20250117
2025-01-17,FC-West,SKU-HOME-010,17,13.13,0.0,55.37,Holt_Winters,20250117
2025-01-18,FC-West,SKU-HOME-010,18,15.11,0.0,57.76,Holt_Winters,20250118
2025-01-18,FC-West,SKU-HOME-010,18,15.11,0.0,57.76,Holt_Winters,20250118
2025-01-19,FC-West,SKU-HOME-010,19,13.07,0.0,56.15,Holt_Winters,20250119
2025-01-19,FC-West,SKU-HOME-010,19,13.07,0.0,56.15,Holt_Winters,20250119
2025-01-20,FC-West,SKU-HOME-010,20,10.98,0.0,54.47,Holt_Winters,20250120
2025-01-20,FC-West,SKU-HOME-010,20,10.98,0.0,54.47,Holt_Winters,20250120
2025-01-21,FC-West,SKU-HOME-010,21,10.66,0.0,54.56,Holt_Winters,20250121
2025-01-21,FC-West,SKU-HOME-010,21,10.66,0.0,54.56,Holt_Winters,20250121
2025-01-22,FC-West,SKU-HOME-010,22,11.09,0.0,55.41,Holt_Winters,20250122
2025-01-22,FC-West,SKU-HOME-010,22,11.09,0.0,55.41,Holt_Winters,20250122
2025-01-23,FC-West,SKU-HOME-010,23,12.27,0.0,57.0,Holt_Winters,20250123
2025-01-23,FC-West,SKU-HOME-010,23,12.27,0.0,57.0,Holt_Winters,20250123
2025-01-24,FC-West,SKU-HOME-010,24,13.12,0.0,58.24,Holt_Winters,20250124
2025-01-24,FC-West,SKU-HOME-010,24,13.12,0.0,58.24,Holt_Winters,20250124
2025-01-25,FC-West,SKU-HOME-010,25,15.11,0.0,60.64,Holt_Winters,20250125
2025-01-25,FC-West,SKU-HOME-010,25,15.11,0.0,60.64,Holt_Winters,20250125
2025-01-26,FC-West,SKU-HOME-010,26,13.06,0.0,58.98,Holt_Winters,20250126
2025-01-26,FC-West,SKU-HOME-010,26,13.06,0.0,58.98,Holt_Winters,20250126
2025-01-27,FC-West,SKU-HOME-010,27,10.97,0.0,57.28,Holt_Winters,20250127
2025-01-27,FC-West,SKU-HOME-010,27,10.97,0.0,57.28,Holt_Winters,20250127
2025-01-28,FC-West,SKU-HOME-010,28,10.65,0.0,57.36,Holt_Winters,20250128
2025-01-28,FC-West,SKU-HOME-010,28,10.65,0.0,57.36,Holt_Winters,20250128
2025-01-01,FC-Central,SKU-APPR-001,1,42.0,7.29,76.71,Holt_Winters,20250101
2025-01-01,FC-Central,SKU-APPR-001,1,42.0,7.29,76.71,Holt_Winters,20250101
2025-01-02,FC-Central,SKU-APPR-001,2,41.94,6.72,77.16,Holt_Winters,20250102
2025-01-02,FC-Central,SKU-APPR-001,2,41.94,6.72,77.16,Holt_Winters,20250102
2025-01-03,FC-Central,SKU-APPR-001,3,49.99,14.26,85.72,Holt_Winters,20250103
2025-01-03,FC-Central,SKU-APPR-001,3,49.99,14.26,85.72,Holt_Winters,20250103
2025-01-04,FC-Central,SKU-APPR-001,4,56.24,20.0,92.48,Holt_Winters,20250104
2025-01-04,FC-Central,SKU-APPR-001,4,56.24,20.0,92.48,Holt_Winters,20250104
2025-01-05,FC-Central,SKU-APPR-001,5,51.4,14.67,88.13,Holt_Winters,20250105
2025-01-05,FC-Central,SKU-APPR-001,5,51.4,14.67,88.13,Holt_Winters,20250105
2025-01-06,FC-Central,SKU-APPR-001,6,40.02,2.8,77.24,Holt_Winters,20250106
2025-01-06,FC-Central,SKU-APPR-001,6,40.02,2.8,77.24,Holt_Winters,20250106
2025-01-07,FC-Central,SKU-APPR-001,7,39.74,2.03,77.45,Holt_Winters,20250107
2025-01-07,FC-Central,SKU-APPR-001,7,39.74,2.03,77.45,Holt_Winters,20250107
2025-01-08,FC-Central,SKU-APPR-001,8,42.01,3.83,80.19,Holt_Winters,20250108
2025-01-08,FC-Central,SKU-APPR-001,8,42.01,3.83,80.19,Holt_Winters,20250108
2025-01-09,FC-Central,SKU-APPR-001,9,41.96,3.31,80.61,Holt_Winters,20250109
2025-01-09,FC-Central,SKU-APPR-001,9,41.96,3.31,80.61,Holt_Winters,20250109
2025-01-10,FC-Central,SKU-APPR-001,10,50.01,10.89,89.13,Holt_Winters,20250110
2025-01-10,FC-Central,SKU-APPR-001,10,50.01,10.89,89.13,Holt_Winters,20250110
2025-01-11,FC-Central,SKU-APPR-001,11,56.26,16.69,95.83,Holt_Winters,20250111
2025-01-11,FC-Central,SKU-APPR-001,11,56.26,16.69,95.83,Holt_Winters,20250111
2025-01-12,FC-Central,SKU-APPR-001,12,51.41,11.39,91.43,Holt_Winters,20250112
2025-01-12,FC-Central,SKU-APPR-001,12,51.41,11.39,91.43,Holt_Winters,20250112
2025-01-13,FC-Central,SKU-APPR-001,13,40.03,0.0,80.5,Holt_Winters,20250113
2025-01-13,FC-Central,SKU-APPR-001,13,40.03,0.0,80.5,Holt_Winters,20250113
2025-01-14,FC-Central,SKU-APPR-001,14,39.75,0.0,80.67,Holt_Winters,20250114
2025-01-14,FC-Central,SKU-APPR-001,14,39.75,0.0,80.67,Holt_Winters,20250114
2025-01-15,FC-Central,SKU-APPR-001,15,42.03,0.67,83.39,Holt_Winters,20250115
2025-01-15,FC-Central,SKU-APPR-001,15,42.03,0.67,83.39,Holt_Winters,20250115
2025-01-16,FC-Central,SKU-APPR-001,16,41.97,0.16,83.78,Holt_Winters,20250116
2025-01-16,FC-Central,SKU-APPR-001,16,41.97,0.16,83.78,Holt_Winters,20250116
2025-01-17,FC-Central,SKU-APPR-001,17,50.02,7.78,92.26,Holt_Winters,20250117
2025-01-17,FC-Central,SKU-APPR-001,17,50.02,7.78,92.26,Holt_Winters,20250117
2025-01-18,FC-Central,SKU-APPR-001,18,56.27,13.62,98.92,Holt_Winters,20250118
2025-01-18,FC-Central,SKU-APPR-001,18,56.27,13.62,98.92,Holt_Winters,20250118
2025-01-19,FC-Central,SKU-APPR-001,19,51.42,8.34,94.5,Holt_Winters,20250119
2025-01-19,FC-Central,SKU-APPR-001,19,51.42,8.34,94.5,Holt_Winters,20250119
2025-01-20,FC-Central,SKU-APPR-001,20,40.04,0.0,83.53,Holt_Winters,20250120
2025-01-20,FC-Central,SKU-APPR-001,20,40.04,0.0,83.53,Holt_Winters,20250120
2025-01-21,FC-Central,SKU-APPR-001,21,39.77,0.0,83.67,Holt_Winters,20250121
2025-01-21,FC-Central,SKU-APPR-001,21,39.77,0.0,83.67,Holt_Winters,20250121
2025-01-22,FC-Central,SKU-APPR-001,22,42.04,0.0,86.36,Holt_Winters,20250122
2025-01-22,FC-Central,SKU-APPR-001,22,42.04,0.0,86.36,Holt_Winters,20250122
2025-01-23,FC-Central,SKU-APPR-001,23,41.98,0.0,86.71,Holt_Winters,20250123
2025-01-23,FC-Central,SKU-APPR-001,23,41.98,0.0,86.71,Holt_Winters,20250123
2025-01-24,FC-Central,SKU-APPR-001,24,50.03,4.91,95.15,Holt_Winters,20250124
2025-01-24,FC-Central,SKU-APPR-001,24,50.03,4.91,95.15,Holt_Winters,20250124
2025-01-25,FC-Central,SKU-APPR-001,25,56.28,10.75,101.81,Holt_Winters,20250125
2025-01-25,FC-Central,SKU-APPR-001,25,56.28,10.75,101.81,Holt_Winters,20250125
2025-01-26,FC-Central,SKU-APPR-001,26,51.44,5.52,97.36,Holt_Winters,20250126
2025-01-26,FC-Central,SKU-APPR-001,26,51.44,5.52,97.36,Holt_Winters,20250126
2025-01-27,FC-Central,SKU-APPR-001,27,40.06,0.0,86.37,Holt_Winters,20250127
2025-01-27,FC-Central,SKU-APPR-001,27,40.06,0.0,86.37,Holt_Winters,20250127
2025-01-28,FC-Central,SKU-APPR-001,28,39.78,0.0,86.49,Holt_Winters,20250128
2025-01-28,FC-Central,SKU-APPR-001,28,39.78,0.0,86.49,Holt_Winters,20250128
2025-01-01,FC-Central,SKU-APPR-002,1,48.25,13.54,82.96,Holt_Winters,20250101
2025-01-01,FC-Central,SKU-APPR-002,1,48.25,13.54,82.96,Holt_Winters,20250101
2025-01-02,FC-Central,SKU-APPR-002,2,52.42,17.2,87.64,Holt_Winters,20250102
2025-01-02,FC-Central,SKU-APPR-002,2,52.42,17.2,87.64,Holt_Winters,20250102
2025-01-03,FC-Central,SKU-APPR-002,3,56.56,20.83,92.29,Holt_Winters,20250103
2025-01-03,FC-Central,SKU-APPR-002,3,56.56,20.83,92.29,Holt_Winters,20250103
2025-01-04,FC-Central,SKU-APPR-002,4,60.64,24.4,96.88,Holt_Winters,20250104
2025-01-04,FC-Central,SKU-APPR-002,4,60.64,24.4,96.88,Holt_Winters,20250104
2025-01-05,FC-Central,SKU-APPR-002,5,59.03,22.3,95.76,Holt_Winters,20250105
2025-01-05,FC-Central,SKU-APPR-002,5,59.03,22.3,95.76,Holt_Winters,20250105
2025-01-06,FC-Central,SKU-APPR-002,6,50.03,12.81,87.25,Holt_Winters,20250106
2025-01-06,FC-Central,SKU-APPR-002,6,50.03,12.81,87.25,Holt_Winters,20250106
2025-01-07,FC-Central,SKU-APPR-002,7,51.85,14.14,89.56,Holt_Winters,20250107
2025-01-07,FC-Central,SKU-APPR-002,7,51.85,14.14,89.56,Holt_Winters,20250107
2025-01-08,FC-Central,SKU-APPR-002,8,48.39,10.21,86.57,Holt_Winters,20250108
2025-01-08,FC-Central,SKU-APPR-002,8,48.39,10.21,86.57,Holt_Winters,20250108
2025-01-09,FC-Central,SKU-APPR-002,9,52.56,13.91,91.21,Holt_Winters,20250109
2025-01-09,FC-Central,SKU-APPR-002,9,52.56,13.91,91.21,Holt_Winters,20250109
2025-01-10,FC-Central,SKU-APPR-002,10,56.7,17.58,95.82,Holt_Winters,20250110
2025-01-10,FC-Central,SKU-APPR-002,10,56.7,17.58,95.82,Holt_Winters,20250110
2025-01-11,FC-Central,SKU-APPR-002,11,60.77,21.2,100.34,Holt_Winters,20250111
2025-01-11,FC-Central,SKU-APPR-002,11,60.77,21.2,100.34,Holt_Winters,20250111
2025-01-12,FC-Central,SKU-APPR-002,12,59.16,19.14,99.18,Holt_Winters,20250112
2025-01-12,FC-Central,SKU-APPR-002,12,59.16,19.14,99.18,Holt_Winters,20250112
2025-01-13,FC-Central,SKU-APPR-002,13,50.17,9.7,90.64,Holt_Winters,20250113
2025-01-13,FC-Central,SKU-APPR-002,13,50.17,9.7,90.64,Holt_Winters,20250113
2025-01-14,FC-Central,SKU-APPR-002,14,51.98,11.06,92.9,Holt_Winters,20250114
2025-01-14,FC-Central,SKU-APPR-002,14,51.98,11.06,92.9,Holt_Winters,20250114
2025-01-15,FC-Central,SKU-APPR-002,15,48.52,7.16,89.88,Holt_Winters,20250115
2025-01-15,FC-Central,SKU-APPR-002,15,48.52,7.16,89.88,Holt_Winters,20250115
2025-01-16,FC-Central,SKU-APPR-002,16,52.69,10.88,94.5,Holt_Winters,20250116
2025-01-16,FC-Central,SKU-APPR-002,16,52.69,10.88,94.5,Holt_Winters,20250116
2025-01-17,FC-Central,SKU-APPR-002,17,56.83,14.59,99.07,Holt_Winters,20250117
2025-01-17,FC-Central,SKU-APPR-002,17,56.83,14.59,99.07,Holt_Winters,20250117
2025-01-18,FC-Central,SKU-APPR-002,18,60.91,18.26,103.56,Holt_Winters,20250118
2025-01-18,FC-Central,SKU-APPR-002,18,60.91,18.26,103.56,Holt_Winters,20250118
2025-01-19,FC-Central,SKU-APPR-002,19,59.29,16.21,102.37,Holt_Winters,20250119
2025-01-19,FC-Central,SKU-APPR-002,19,59.29,16.21,102.37,Holt_Winters,20250119
2025-01-20,FC-Central,SKU-APPR-002,20,50.3,6.81,93.79,Holt_Winters,20250120
2025-01-20,FC-Central,SKU-APPR-002,20,50.3,6.81,93.79,Holt_Winters,20250120
2025-01-21,FC-Central,SKU-APPR-002,21,52.12,8.22,96.02,Holt_Winters,20250121
2025-01-21,FC-Central,SKU-APPR-002,21,52.12,8.22,96.02,Holt_Winters,20250121
2025-01-22,FC-Central,SKU-APPR-002,22,48.66,4.34,92.98,Holt_Winters,20250122
2025-01-22,FC-Central,SKU-APPR-002,22,48.66,4.34,92.98,Holt_Winters,20250122
2025-01-23,FC-Central,SKU-APPR-002,23,52.83,8.1,97.56,Holt_Winters,20250123
2025-01-23,FC-Central,SKU-APPR-002,23,52.83,8.1,97.56,Holt_Winters,20250123
2025-01-24,FC-Central,SKU-APPR-002,24,56.97,11.85,102.09,Holt_Winters,20250124
2025-01-24,FC-Central,SKU-APPR-002,24,56.97,11.85,102.09,Holt_Winters,20250124
2025-01-25,FC-Central,SKU-APPR-002,25,61.04,15.51,106.57,Holt_Winters,20250125
2025-01-25,FC-Central,SKU-APPR-002,25,61.04,15.51,106.57,Holt_Winters,20250125
2025-01-26,FC-Central,SKU-APPR-002,26,59.43,13.51,105.35,Holt_Winters,20250126
2025-01-26,FC-Central,SKU-APPR-002,26,59.43,13.51,105.35,Holt_Winters,20250126
2025-01-27,FC-Central,SKU-APPR-002,27,50.44,4.13,96.75,Holt_Winters,20250127
2025-01-27,FC-Central,SKU-APPR-002,27,50.44,4.13,96.75,Holt_Winters,20250127
2025-01-28,FC-Central,SKU-APPR-002,28,52.25,5.54,98.96,Holt_Winters,20250128
2025-01-28,FC-Central,SKU-APPR-002,28,52.25,5.54,98.96,Holt_Winters,20250128
2025-01-01,FC-Central,SKU-APPR-003,1,26.44,0.0,61.15,Holt_Winters,20250101
2025-01-01,FC-Central,SKU-APPR-003,1,26.44,0.0,61.15,Holt_Winters,20250101
2025-01-02,FC-Central,SKU-APPR-003,2,32.12,0.0,67.34,Holt_Winters,20250102
2025-01-02,FC-Central,SKU-APPR-003,2,32.12,0.0,67.34,Holt_Winters,20250102
2025-01-03,FC-Central,SKU-APPR-003,3,35.32,0.0,71.05,Holt_Winters,20250103
2025-01-03,FC-Central,SKU-APPR-003,3,35.32,0.0,71.05,Holt_Winters,20250103
2025-01-04,FC-Central,SKU-APPR-003,4,41.62,5.38,77.86,Holt_Winters,20250104
2025-01-04,FC-Central,SKU-APPR-003,4,41.62,5.38,77.86,Holt_Winters,20250104
2025-01-05,FC-Central,SKU-APPR-003,5,38.75,2.02,75.48,Holt_Winters,20250105
2025-01-05,FC-Central,SKU-APPR-003,5,38.75,2.02,75.48,Holt_Winters,20250105
2025-01-06,FC-Central,SKU-APPR-003,6,25.64,0.0,62.86,Holt_Winters,20250106
2025-01-06,FC-Central,SKU-APPR-003,6,25.64,0.0,62.86,Holt_Winters,20250106
2025-01-07,FC-Central,SKU-APPR-003,7,29.27,0.0,66.98,Holt_Winters,20250107
2025-01-07,FC-Central,SKU-APPR-003,7,29.27,0.0,66.98,Holt_Winters,20250107
2025-01-08,FC-Central,SKU-APPR-003,8,27.38,0.0,65.56,Holt_Winters,20250108
2025-01-08,FC-Central,SKU-APPR-003,8,27.38,0.0,65.56,Holt_Winters,20250108
2025-01-09,FC-Central,SKU-APPR-003,9,33.06,0.0,71.71,Holt_Winters,20250109
2025-01-09,FC-Central,SKU-APPR-003,9,33.06,0.0,71.71,Holt_Winters,20250109
2025-01-10,FC-Central,SKU-APPR-003,10,36.26,0.0,75.38,Holt_Winters,20250110
2025-01-10,FC-Central,SKU-APPR-003,10,36.26,0.0,75.38,Holt_Winters,20250110
2025-01-11,FC-Central,SKU-APPR-003,11,42.56,2.99,82.13,Holt_Winters,20250111
2025-01-11,FC-Central,SKU-APPR-003,11,42.56,2.99,82.13,Holt_Winters,20250111
2025-01-12,FC-Central,SKU-APPR-003,12,39.69,0.0,79.71,Holt_Winters,20250112
2025-01-12,FC-Central,SKU-APPR-003,12,39.69,0.0,79.71,Holt_Winters,20250112
2025-01-13,FC-Central,SKU-APPR-003,13,26.58,0.0,67.05,Holt_Winters,20250113
2025-01-13,FC-Central,SKU-APPR-003,13,26.58,0.0,67.05,Holt_Winters,20250113
2025-01-14,FC-Central,SKU-APPR-003,14,30.21,0.0,71.13,Holt_Winters,20250114
2025-01-14,FC-Central,SKU-APPR-003,14,30.21,0.0,71.13,Holt_Winters,20250114
2025-01-15,FC-Central,SKU-APPR-003,15,28.32,0.0,69.68,Holt_Winters,20250115
2025-01-15,FC-Central,SKU-APPR-003,15,28.32,0.0,69.68,Holt_Winters,20250115
2025-01-16,FC-Central,SKU-APPR-003,16,34.0,0.0,75.81,Holt_Winters,20250116
2025-01-16,FC-Central,SKU-APPR-003,16,34.0,0.0,75.81,Holt_Winters,20250116
2025-01-17,FC-Central,SKU-APPR-003,17,37.2,0.0,79.44,Holt_Winters,20250117
2025-01-17,FC-Central,SKU-APPR-003,17,37.2,0.0,79.44,Holt_Winters,20250117
2025-01-18,FC-Central,SKU-APPR-003,18,43.5,0.85,86.15,Holt_Winters,20250118
2025-01-18,FC-Central,SKU-APPR-003,18,43.5,0.85,86.15,Holt_Winters,20250118
2025-01-19,FC-Central,SKU-APPR-003,19,40.63,0.0,83.71,Holt_Winters,20250119
2025-01-19,FC-Central,SKU-APPR-003,19,40.63,0.0,83.71,Holt_Winters,20250119
2025-01-20,FC-Central,SKU-APPR-003,20,27.52,0.0,71.01,Holt_Winters,20250120
2025-01-20,FC-Central,SKU-APPR-003,20,27.52,0.0,71.01,Holt_Winters,20250120
2025-01-21,FC-Central,SKU-APPR-003,21,31.15,0.0,75.05,Holt_Winters,20250121
2025-01-21,FC-Central,SKU-APPR-003,21,31.15,0.0,75.05,Holt_Winters,20250121
2025-01-22,FC-Central,SKU-APPR-003,22,29.27,0.0,73.59,Holt_Winters,20250122
2025-01-22,FC-Central,SKU-APPR-003,22,29.27,0.0,73.59,Holt_Winters,20250122
2025-01-23,FC-Central,SKU-APPR-003,23,34.94,0.0,79.67,Holt_Winters,20250123
2025-01-23,FC-Central,SKU-APPR-003,23,34.94,0.0,79.67,Holt_Winters,20250123
2025-01-24,FC-Central,SKU-APPR-003,24,38.14,0.0,83.26,Holt_Winters,20250124
2025-01-24,FC-Central,SKU-APPR-003,24,38.14,0.0,83.26,Holt_Winters,20250124
2025-01-25,FC-Central,SKU-APPR-003,25,44.44,0.0,89.97,Holt_Winters,20250125
2025-01-25,FC-Central,SKU-APPR-003,25,44.44,0.0,89.97,Holt_Winters,20250125
2025-01-26,FC-Central,SKU-APPR-003,26,41.57,0.0,87.49,Holt_Winters,20250126
2025-01-26,FC-Central,SKU-APPR-003,26,41.57,0.0,87.49,Holt_Winters,20250126
2025-01-27,FC-Central,SKU-APPR-003,27,28.46,0.0,74.77,Holt_Winters,20250127
2025-01-27,FC-Central,SKU-APPR-003,27,28.46,0.0,74.77,Holt_Winters,20250127
2025-01-28,FC-Central,SKU-APPR-003,28,32.1,0.0,78.81,Holt_Winters,20250128
2025-01-28,FC-Central,SKU-APPR-003,28,32.1,0.0,78.81,Holt_Winters,20250128
2025-01-01,FC-Central,SKU-APPR-004,1,51.07,16.36,85.78,Holt_Winters,20250101
2025-01-01,FC-Central,SKU-APPR-004,1,51.07,16.36,85.78,Holt_Winters,20250101
2025-01-02,FC-Central,SKU-APPR-004,2,51.55,16.33,86.77,Holt_Winters,20250102
2025-01-02,FC-Central,SKU-APPR-004,2,51.55,16.33,86.77,Holt_Winters,20250102
2025-01-03,FC-Central,SKU-APPR-004,3,59.29,23.56,95.02,Holt_Winters,20250103
2025-01-03,FC-Central,SKU-APPR-004,3,59.29,23.56,95.02,Holt_Winters,20250103
2025-01-04,FC-Central,SKU-APPR-004,4,66.63,30.39,102.87,Holt_Winters,20250104
2025-01-04,FC-Central,SKU-APPR-004,4,66.63,30.39,102.87,Holt_Winters,20250104
2025-01-05,FC-Central,SKU-APPR-004,5,60.09,23.36,96.82,Holt_Winters,20250105
2025-01-05,FC-Central,SKU-APPR-004,5,60.09,23.36,96.82,Holt_Winters,20250105
2025-01-06,FC-Central,SKU-APPR-004,6,48.53,11.31,85.75,Holt_Winters,20250106
2025-01-06,FC-Central,SKU-APPR-004,6,48.53,11.31,85.75,Holt_Winters,20250106
2025-01-07,FC-Central,SKU-APPR-004,7,48.5,10.79,86.21,Holt_Winters,20250107
2025-01-07,FC-Central,SKU-APPR-004,7,48.5,10.79,86.21,Holt_Winters,20250107
2025-01-08,FC-Central,SKU-APPR-004,8,51.24,13.06,89.42,Holt_Winters,20250108
2025-01-08,FC-Central,SKU-APPR-004,8,51.24,13.06,89.42,Holt_Winters,20250108
2025-01-09,FC-Central,SKU-APPR-004,9,51.72,13.07,90.37,Holt_Winters,20250109
2025-01-09,FC-Central,SKU-APPR-004,9,51.72,13.07,90.37,Holt_Winters,20250109
2025-01-10,FC-Central,SKU-APPR-004,10,59.46,20.34,98.58,Holt_Winters,20250110
2025-01-10,FC-Central,SKU-APPR-004,10,59.46,20.34,98.58,Holt_Winters,20250110
2025-01-11,FC-Central,SKU-APPR-004,11,66.8,27.23,106.37,Holt_Winters,20250111
2025-01-11,FC-Central,SKU-APPR-004,11,66.8,27.23,106.37,Holt_Winters,20250111
2025-01-12,FC-Central,SKU-APPR-004,12,60.26,20.24,100.28,Holt_Winters,20250112
2025-01-12,FC-Central,SKU-APPR-004,12,60.26,20.24,100.28,Holt_Winters,20250112
2025-01-13,FC-Central,SKU-APPR-004,13,48.7,8.23,89.17,Holt_Winters,20250113
2025-01-13,FC-Central,SKU-APPR-004,13,48.7,8.23,89.17,Holt_Winters,20250113
2025-01-14,FC-Central,SKU-APPR-004,14,48.67,7.75,89.59,Holt_Winters,20250114
2025-01-14,FC-Central,SKU-APPR-004,14,48.67,7.75,89.59,Holt_Winters,20250114
2025-01-15,FC-Central,SKU-APPR-004,15,51.4,10.04,92.76,Holt_Winters,20250115
2025-01-15,FC-Central,SKU-APPR-004,15,51.4,10.04,92.76,Holt_Winters,20250115
2025-01-16,FC-Central,SKU-APPR-004,16,51.89,10.08,93.7,Holt_Winters,20250116
2025-01-16,FC-Central,SKU-APPR-004,16,51.89,10.08,93.7,Holt_Winters,20250116
2025-01-17,FC-Central,SKU-APPR-004,17,59.63,17.39,101.87,Holt_Winters,20250117
2025-01-17,FC-Central,SKU-APPR-004,17,59.63,17.39,101.87,Holt_Winters,20250117
2025-01-18,FC-Central,SKU-APPR-004,18,66.97,24.32,109.62,Holt_Winters,20250118
2025-01-18,FC-Central,SKU-APPR-004,18,66.97,24.32,109.62,Holt_Winters,20250118
2025-01-19,FC-Central,SKU-APPR-004,19,60.43,17.35,103.51,Holt_Winters,20250119
2025-01-19,FC-Central,SKU-APPR-004,19,60.43,17.35,103.51,Holt_Winters,20250119
2025-01-20,FC-Central,SKU-APPR-004,20,48.87,5.38,92.36,Holt_Winters,20250120
2025-01-20,FC-Central,SKU-APPR-004,20,48.87,5.38,92.36,Holt_Winters,20250120
2025-01-21,FC-Central,SKU-APPR-004,21,48.84,4.94,92.74,Holt_Winters,20250121
2025-01-21,FC-Central,SKU-APPR-004,21,48.84,4.94,92.74,Holt_Winters,20250121
2025-01-22,FC-Central,SKU-APPR-004,22,51.57,7.25,95.89,Holt_Winters,20250122
2025-01-22,FC-Central,SKU-APPR-004,22,51.57,7.25,95.89,Holt_Winters,20250122
2025-01-23,FC-Central,SKU-APPR-004,23,52.05,7.32,96.78,Holt_Winters,20250123
2025-01-23,FC-Central,SKU-APPR-004,23,52.05,7.32,96.78,Holt_Winters,20250123
2025-01-24,FC-Central,SKU-APPR-004,24,59.8,14.68,104.92,Holt_Winters,20250124
2025-01-24,FC-Central,SKU-APPR-004,24,59.8,14.68,104.92,Holt_Winters,20250124
2025-01-25,FC-Central,SKU-APPR-004,25,67.14,21.61,112.67,Holt_Winters,20250125
2025-01-25,FC-Central,SKU-APPR-004,25,67.14,21.61,112.67,Holt_Winters,20250125
2025-01-26,FC-Central,SKU-APPR-004,26,60.6,14.68,106.52,Holt_Winters,20250126
2025-01-26,FC-Central,SKU-APPR-004,26,60.6,14.68,106.52,Holt_Winters,20250126
2025-01-27,FC-Central,SKU-APPR-004,27,49.04,2.73,95.35,Holt_Winters,20250127
2025-01-27,FC-Central,SKU-APPR-004,27,49.04,2.73,95.35,Holt_Winters,20250127
2025-01-28,FC-Central,SKU-APPR-004,28,49.01,2.3,95.72,Holt_Winters,20250128
2025-01-28,FC-Central,SKU-APPR-004,28,49.01,2.3,95.72,Holt_Winters,20250128
2025-01-01,FC-Central,SKU-APPR-005,1,20.63,0.0,55.34,Holt_Winters,20250101
2025-01-01,FC-Central,SKU-APPR-005,1,20.63,0.0,55.34,Holt_Winters,20250101
2025-01-02,FC-Central,SKU-APPR-005,2,19.69,0.0,54.91,Holt_Winters,20250102
2025-01-02,FC-Central,SKU-APPR-005,2,19.69,0.0,54.91,Holt_Winters,20250102
2025-01-03,FC-Central,SKU-APPR-005,3,25.04,0.0,60.77,Holt_Winters,20250103
2025-01-03,FC-Central,SKU-APPR-005,3,25.04,0.0,60.77,Holt_Winters,20250103
2025-01-04,FC-Central,SKU-APPR-005,4,28.89,0.0,65.13,Holt_Winters,20250104
2025-01-04,FC-Central,SKU-APPR-005,4,28.89,0.0,65.13,Holt_Winters,20250104
2025-01-05,FC-Central,SKU-APPR-005,5,25.71,0.0,62.44,Holt_Winters,20250105
2025-01-05,FC-Central,SKU-APPR-005,5,25.71,0.0,62.44,Holt_Winters,20250105
2025-01-06,FC-Central,SKU-APPR-005,6,18.43,0.0,55.65,Holt_Winters,20250106
2025-01-06,FC-Central,SKU-APPR-005,6,18.43,0.0,55.65,Holt_Winters,20250106
2025-01-07,FC-Central,SKU-APPR-005,7,20.98,0.0,58.69,Holt_Winters,20250107
2025-01-07,FC-Central,SKU-APPR-005,7,20.98,0.0,58.69,Holt_Winters,20250107
2025-01-08,FC-Central,SKU-APPR-005,8,20.59,0.0,58.77,Holt_Winters,20250108
2025-01-08,FC-Central,SKU-APPR-005,8,20.59,0.0,58.77,Holt_Winters,20250108
2025-01-09,FC-Central,SKU-APPR-005,9,19.66,0.0,58.31,Holt_Winters,20250109
2025-01-09,FC-Central,SKU-APPR-005,9,19.66,0.0,58.31,Holt_Winters,20250109
2025-01-10,FC-Central,SKU-APPR-005,10,25.0,0.0,64.12,Holt_Winters,20250110
2025-01-10,FC-Central,SKU-APPR-005,10,25.0,0.0,64.12,Holt_Winters,20250110
2025-01-11,FC-Central,SKU-APPR-005,11,28.86,0.0,68.43,Holt_Winters,20250111
2025-01-11,FC-Central,SKU-APPR-005,11,28.86,0.0,68.43,Holt_Winters,20250111
2025-01-12,FC-Central,SKU-APPR-005,12,25.67,0.0,65.69,Holt_Winters,20250112
2025-01-12,FC-Central,SKU-APPR-005,12,25.67,0.0,65.69,Holt_Winters,20250112
2025-01-13,FC-Central,SKU-APPR-005,13,18.4,0.0,58.87,Holt_Winters,20250113
2025-01-13,FC-Central,SKU-APPR-005,13,18.4,0.0,58.87,Holt_Winters,20250113
2025-01-14,FC-Central,SKU-APPR-005,14,20.94,0.0,61.86,Holt_Winters,20250114
2025-01-14,FC-Central,SKU-APPR-005,14,20.94,0.0,61.86,Holt_Winters,20250114
2025-01-15,FC-Central,SKU-APPR-005,15,20.55,0.0,61.91,Holt_Winters,20250115
2025-01-15,FC-Central,SKU-APPR-005,15,20.55,0.0,61.91,Holt_Winters,20250115
2025-01-16,FC-Central,SKU-APPR-005,16,19.62,0.0,61.43,Holt_Winters,20250116
2025-01-16,FC-Central,SKU-APPR-005,16,19.62,0.0,61.43,Holt_Winters,20250116
2025-01-17,FC-Central,SKU-APPR-005,17,24.97,0.0,67.21,Holt_Winters,20250117
2025-01-17,FC-Central,SKU-APPR-005,17,24.97,0.0,67.21,Holt_Winters,20250117
2025-01-18,FC-Central,SKU-APPR-005,18,28.82,0.0,71.47,Holt_Winters,20250118
2025-01-18,FC-Central,SKU-APPR-005,18,28.82,0.0,71.47,Holt_Winters,20250118
2025-01-19,FC-Central,SKU-APPR-005,19,25.64,0.0,68.72,Holt_Winters,20250119
2025-01-19,FC-Central,SKU-APPR-005,19,25.64,0.0,68.72,Holt_Winters,20250119
2025-01-20,FC-Central,SKU-APPR-005,20,18.36,0.0,61.85,Holt_Winters,20250120
2025-01-20,FC-Central,SKU-APPR-005,20,18.36,0.0,61.85,Holt_Winters,20250120
2025-01-21,FC-Central,SKU-APPR-005,21,20.91,0.0,64.81,Holt_Winters,20250121
2025-01-21,FC-Central,SKU-APPR-005,21,20.91,0.0,64.81,Holt_Winters,20250121
2025-01-22,FC-Central,SKU-APPR-005,22,20.52,0.0,64.84,Holt_Winters,20250122
2025-01-22,FC-Central,SKU-APPR-005,22,20.52,0.0,64.84,Holt_Winters,20250122
2025-01-23,FC-Central,SKU-APPR-005,23,19.59,0.0,64.32,Holt_Winters,20250123
2025-01-23,FC-Central,SKU-APPR-005,23,19.59,0.0,64.32,Holt_Winters,20250123
2025-01-24,FC-Central,SKU-APPR-005,24,24.93,0.0,70.05,Holt_Winters,20250124
2025-01-24,FC-Central,SKU-APPR-005,24,24.93,0.0,70.05,Holt_Winters,20250124
2025-01-25,FC-Central,SKU-APPR-005,25,28.79,0.0,74.32,Holt_Winters,20250125
2025-01-25,FC-Central,SKU-APPR-005,25,28.79,0.0,74.32,Holt_Winters,20250125
2025-01-26,FC-Central,SKU-APPR-005,26,25.6,0.0,71.52,Holt_Winters,20250126
2025-01-26,FC-Central,SKU-APPR-005,26,25.6,0.0,71.52,Holt_Winters,20250126
2025-01-27,FC-Central,SKU-APPR-005,27,18.33,0.0,64.64,Holt_Winters,20250127
2025-01-27,FC-Central,SKU-APPR-005,27,18.33,0.0,64.64,Holt_Winters,20250127
2025-01-28,FC-Central,SKU-APPR-005,28,20.87,0.0,67.58,Holt_Winters,20250128
2025-01-28,FC-Central,SKU-APPR-005,28,20.87,0.0,67.58,Holt_Winters,20250128
2025-01-01,FC-Central,SKU-APPR-006,1,19.34,0.0,54.05,Holt_Winters,20250101
2025-01-01,FC-Central,SKU-APPR-006,1,19.34,0.0,54.05,Holt_Winters,20250101
2025-01-02,FC-Central,SKU-APPR-006,2,18.15,0.0,53.37,Holt_Winters,20250102
2025-01-02,FC-Central,SKU-APPR-006,2,18.15,0.0,53.37,Holt_Winters,20250102
2025-01-03,FC-Central,SKU-APPR-006,3,20.66,0.0,56.39,Holt_Winters,20250103
2025-01-03,FC-Central,SKU-APPR-006,3,20.66,0.0,56.39,Holt_Winters,20250103
2025-01-04,FC-Central,SKU-APPR-006,4,26.06,0.0,62.3,Holt_Winters,20250104
2025-01-04,FC-Central,SKU-APPR-006,4,26.06,0.0,62.3,Holt_Winters,20250104
2025-01-05,FC-Central,SKU-APPR-006,5,24.41,0.0,61.14,Holt_Winters,20250105
2025-01-05,FC-Central,SKU-APPR-006,5,24.41,0.0,61.14,Holt_Winters,20250105
2025-01-06,FC-Central,SKU-APPR-006,6,16.16,0.0,53.38,Holt_Winters,20250106
2025-01-06,FC-Central,SKU-APPR-006,6,16.16,0.0,53.38,Holt_Winters,20250106
2025-01-07,FC-Central,SKU-APPR-006,7,19.25,0.0,56.96,Holt_Winters,20250107
2025-01-07,FC-Central,SKU-APPR-006,7,19.25,0.0,56.96,Holt_Winters,20250107
2025-01-08,FC-Central,SKU-APPR-006,8,19.35,0.0,57.53,Holt_Winters,20250108
2025-01-08,FC-Central,SKU-APPR-006,8,19.35,0.0,57.53,Holt_Winters,20250108
2025-01-09,FC-Central,SKU-APPR-006,9,18.15,0.0,56.8,Holt_Winters,20250109
2025-01-09,FC-Central,SKU-APPR-006,9,18.15,0.0,56.8,Holt_Winters,20250109
2025-01-10,FC-Central,SKU-APPR-006,10,20.66,0.0,59.78,Holt_Winters,20250110
2025-01-10,FC-Central,SKU-APPR-006,10,20.66,0.0,59.78,Holt_Winters,20250110
2025-01-11,FC-Central,SKU-APPR-006,11,26.06,0.0,65.63,Holt_Winters,20250111
2025-01-11,FC-Central,SKU-APPR-006,11,26.06,0.0,65.63,Holt_Winters,20250111
2025-01-12,FC-Central,SKU-APPR-006,12,24.41,0.0,64.43,Holt_Winters,20250112
2025-01-12,FC-Central,SKU-APPR-006,12,24.41,0.0,64.43,Holt_Winters,20250112
2025-01-13,FC-Central,SKU-APPR-006,13,16.16,0.0,56.63,Holt_Winters,20250113
2025-01-13,FC-Central,SKU-APPR-006,13,16.16,0.0,56.63,Holt_Winters,20250113
2025-01-14,FC-Central,SKU-APPR-006,14,19.25,0.0,60.17,Holt_Winters,20250114
2025-01-14,FC-Central,SKU-APPR-006,14,19.25,0.0,60.17,Holt_Winters,20250114
2025-01-15,FC-Central,SKU-APPR-006,15,19.35,0.0,60.71,Holt_Winters,20250115
2025-01-15,FC-Central,SKU-APPR-006,15,19.35,0.0,60.71,Holt_Winters,20250115
2025-01-16,FC-Central,SKU-APPR-006,16,18.16,0.0,59.97,Holt_Winters,20250116
2025-01-16,FC-Central,SKU-APPR-006,16,18.16,0.0,59.97,Holt_Winters,20250116
2025-01-17,FC-Central,SKU-APPR-006,17,20.67,0.0,62.91,Holt_Winters,20250117
2025-01-17,FC-Central,SKU-APPR-006,17,20.67,0.0,62.91,Holt_Winters,20250117
2025-01-18,FC-Central,SKU-APPR-006,18,26.06,0.0,68.71,Holt_Winters,20250118
2025-01-18,FC-Central,SKU-APPR-006,18,26.06,0.0,68.71,Holt_Winters,20250118
2025-01-19,FC-Central,SKU-APPR-006,19,24.41,0.0,67.49,Holt_Winters,20250119
2025-01-19,FC-Central,SKU-APPR-006,19,24.41,0.0,67.49,Holt_Winters,20250119
2025-01-20,FC-Central,SKU-APPR-006,20,16.17,0.0,59.66,Holt_Winters,20250120
2025-01-20,FC-Central,SKU-APPR-006,20,16.17,0.0,59.66,Holt_Winters,20250120
2025-01-21,FC-Central,SKU-APPR-006,21,19.25,0.0,63.15,Holt_Winters,20250121
2025-01-21,FC-Central,SKU-APPR-006,21,19.25,0.0,63.15,Holt_Winters,20250121
2025-01-22,FC-Central,SKU-APPR-006,22,19.35,0.0,63.67,Holt_Winters,20250122
2025-01-22,FC-Central,SKU-APPR-006,22,19.35,0.0,63.67,Holt_Winters,20250122
2025-01-23,FC-Central,SKU-APPR-006,23,18.16,0.0,62.89,Holt_Winters,20250123
2025-01-23,FC-Central,SKU-APPR-006,23,18.16,0.0,62.89,Holt_Winters,20250123
2025-01-24,FC-Central,SKU-APPR-006,24,20.67,0.0,65.79,Holt_Winters,20250124
2025-01-24,FC-Central,SKU-APPR-006,24,20.67,0.0,65.79,Holt_Winters,20250124
2025-01-25,FC-Central,SKU-APPR-006,25,26.06,0.0,71.59,Holt_Winters,20250125
2025-01-25,FC-Central,SKU-APPR-006,25,26.06,0.0,71.59,Holt_Winters,20250125
2025-01-26,FC-Central,SKU-APPR-006,26,24.42,0.0,70.34,Holt_Winters,20250126
2025-01-26,FC-Central,SKU-APPR-006,26,24.42,0.0,70.34,Holt_Winters,20250126
2025-01-27,FC-Central,SKU-APPR-006,27,16.17,0.0,62.48,Holt_Winters,20250127
2025-01-27,FC-Central,SKU-APPR-006,27,16.17,0.0,62.48,Holt_Winters,20250127
2025-01-28,FC-Central,SKU-APPR-006,28,19.25,0.0,65.96,Holt_Winters,20250128
2025-01-28,FC-Central,SKU-APPR-006,28,19.25,0.0,65.96,Holt_Winters,20250128
2025-01-01,FC-Central,SKU-APPR-007,1,6.1,0.0,40.81,Holt_Winters,20250101
2025-01-01,FC-Central,SKU-APPR-007,1,6.1,0.0,40.81,Holt_Winters,20250101
2025-01-02,FC-Central,SKU-APPR-007,2,6.39,0.0,41.61,Holt_Winters,20250102
2025-01-02,FC-Central,SKU-APPR-007,2,6.39,0.0,41.61,Holt_Winters,20250102
2025-01-03,FC-Central,SKU-APPR-007,3,7.94,0.0,43.67,Holt_Winters,20250103
2025-01-03,FC-Central,SKU-APPR-007,3,7.94,0.0,43.67,Holt_Winters,20250103
2025-01-04,FC-Central,SKU-APPR-007,4,8.67,0.0,44.91,Holt_Winters,20250104
2025-01-04,FC-Central,SKU-APPR-007,4,8.67,0.0,44.91,Holt_Winters,20250104
2025-01-05,FC-Central,SKU-APPR-007,5,7.52,0.0,44.25,Holt_Winters,20250105
2025-01-05,FC-Central,SKU-APPR-007,5,7.52,0.0,44.25,Holt_Winters,20250105
2025-01-06,FC-Central,SKU-APPR-007,6,5.67,0.0,42.89,Holt_Winters,20250106
2025-01-06,FC-Central,SKU-APPR-007,6,5.67,0.0,42.89,Holt_Winters,20250106
2025-01-07,FC-Central,SKU-APPR-007,7,6.08,0.0,43.79,Holt_Winters,20250107
2025-01-07,FC-Central,SKU-APPR-007,7,6.08,0.0,43.79,Holt_Winters,20250107
2025-01-08,FC-Central,SKU-APPR-007,8,6.07,0.0,44.25,Holt_Winters,20250108
2025-01-08,FC-Central,SKU-APPR-007,8,6.07,0.0,44.25,Holt_Winters,20250108
2025-01-09,FC-Central,SKU-APPR-007,9,6.36,0.0,45.01,Holt_Winters,20250109
2025-01-09,FC-Central,SKU-APPR-007,9,6.36,0.0,45.01,Holt_Winters,20250109
2025-01-10,FC-Central,SKU-APPR-007,10,7.9,0.0,47.02,Holt_Winters,20250110
2025-01-10,FC-Central,SKU-APPR-007,10,7.9,0.0,47.02,Holt_Winters,20250110
2025-01-11,FC-Central,SKU-APPR-007,11,8.63,0.0,48.2,Holt_Winters,20250111
2025-01-11,FC-Central,SKU-APPR-007,11,8.63,0.0,48.2,Holt_Winters,20250111
2025-01-12,FC-Central,SKU-APPR-007,12,7.49,0.0,47.51,Holt_Winters,20250112
2025-01-12,FC-Central,SKU-APPR-007,12,7.49,0.0,47.51,Holt_Winters,20250112
2025-01-13,FC-Central,SKU-APPR-007,13,5.63,0.0,46.1,Holt_Winters,20250113
2025-01-13,FC-Central,SKU-APPR-007,13,5.63,0.0,46.1,Holt_Winters,20250113
2025-01-14,FC-Central,SKU-APPR-007,14,6.04,0.0,46.96,Holt_Winters,20250114
2025-01-14,FC-Central,SKU-APPR-007,14,6.04,0.0,46.96,Holt_Winters,20250114
2025-01-15,FC-Central,SKU-APPR-007,15,6.03,0.0,47.39,Holt_Winters,20250115
2025-01-15,FC-Central,SKU-APPR-007,15,6.03,0.0,47.39,Holt_Winters,20250115
2025-01-16,FC-Central,SKU-APPR-007,16,6.32,0.0,48.13,Holt_Winters,20250116
2025-01-16,FC-Central,SKU-APPR-007,16,6.32,0.0,48.13,Holt_Winters,20250116
2025-01-17,FC-Central,SKU-APPR-007,17,7.87,0.0,50.11,Holt_Winters,20250117
2025-01-17,FC-Central,SKU-APPR-007,17,7.87,0.0,50.11,Holt_Winters,20250117
2025-01-18,FC-Central,SKU-APPR-007,18,8.6,0.0,51.25,Holt_Winters,20250118
2025-01-18,FC-Central,SKU-APPR-007,18,8.6,0.0,51.25,Holt_Winters,20250118
2025-01-19,FC-Central,SKU-APPR-007,19,7.46,0.0,50.54,Holt_Winters,20250119
2025-01-19,FC-Central,SKU-APPR-007,19,7.46,0.0,50.54,Holt_Winters,20250119
2025-01-20,FC-Central,SKU-APPR-007,20,5.6,0.0,49.09,Holt_Winters,20250120
2025-01-20,FC-Central,SKU-APPR-007,20,5.6,0.0,49.09,Holt_Winters,20250120
2025-01-21,FC-Central,SKU-APPR-007,21,6.01,0.0,49.91,Holt_Winters,20250121
2025-01-21,FC-Central,SKU-APPR-007,21,6.01,0.0,49.91,Holt_Winters,20250121
2025-01-22,FC-Central,SKU-APPR-007,22,6.0,0.0,50.32,Holt_Winters,20250122
2025-01-22,FC-Central,SKU-APPR-007,22,6.0,0.0,50.32,Holt_Winters,20250122
2025-01-23,FC-Central,SKU-APPR-007,23,6.29,0.0,51.02,Holt_Winters,20250123
2025-01-23,FC-Central,SKU-APPR-007,23,6.29,0.0,51.02,Holt_Winters,20250123
2025-01-24,FC-Central,SKU-APPR-007,24,7.84,0.0,52.96,Holt_Winters,20250124
2025-01-24,FC-Central,SKU-APPR-007,24,7.84,0.0,52.96,Holt_Winters,20250124
2025-01-25,FC-Central,SKU-APPR-007,25,8.57,0.0,54.1,Holt_Winters,20250125
2025-01-25,FC-Central,SKU-APPR-007,25,8.57,0.0,54.1,Holt_Winters,20250125
2025-01-26,FC-Central,SKU-APPR-007,26,7.42,0.0,53.34,Holt_Winters,20250126
2025-01-26,FC-Central,SKU-APPR-007,26,7.42,0.0,53.34,Holt_Winters,20250126
2025-01-27,FC-Central,SKU-APPR-007,27,5.56,0.0,51.87,Holt_Winters,20250127
2025-01-27,FC-Central,SKU-APPR-007,27,5.56,0.0,51.87,Holt_Winters,20250127
2025-01-28,FC-Central,SKU-APPR-007,28,5.97,0.0,52.68,Holt_Winters,20250128
2025-01-28,FC-Central,SKU-APPR-007,28,5.97,0.0,52.68,Holt_Winters,20250128
2025-01-01,FC-Central,SKU-APPR-008,1,65.39,30.68,100.1,Holt_Winters,20250101
2025-01-01,FC-Central,SKU-APPR-008,1,65.39,30.68,100.1,Holt_Winters,20250101
2025-01-02,FC-Central,SKU-APPR-008,2,66.79,31.57,102.01,Holt_Winters,20250102
2025-01-02,FC-Central,SKU-APPR-008,2,66.79,31.57,102.01,Holt_Winters,20250102
2025-01-03,FC-Central,SKU-APPR-008,3,68.67,32.94,104.4,Holt_Winters,20250103
2025-01-03,FC-Central,SKU-APPR-008,3,68.67,32.94,104.4,Holt_Winters,20250103
2025-01-04,FC-Central,SKU-APPR-008,4,78.59,42.35,114.83,Holt_Winters,20250104
2025-01-04,FC-Central,SKU-APPR-008,4,78.59,42.35,114.83,Holt_Winters,20250104
2025-01-05,FC-Central,SKU-APPR-008,5,75.72,38.99,112.45,Holt_Winters,20250105
2025-01-05,FC-Central,SKU-APPR-008,5,75.72,38.99,112.45,Holt_Winters,20250105
2025-01-06,FC-Central,SKU-APPR-008,6,69.95,32.73,107.17,Holt_Winters,20250106
2025-01-06,FC-Central,SKU-APPR-008,6,69.95,32.73,107.17,Holt_Winters,20250106
2025-01-07,FC-Central,SKU-APPR-008,7,69.26,31.55,106.97,Holt_Winters,20250107
2025-01-07,FC-Central,SKU-APPR-008,7,69.26,31.55,106.97,Holt_Winters,20250107
2025-01-08,FC-Central,SKU-APPR-008,8,68.44,30.26,106.62,Holt_Winters,20250108
2025-01-08,FC-Central,SKU-APPR-008,8,68.44,30.26,106.62,Holt_Winters,20250108
2025-01-09,FC-Central,SKU-APPR-008,9,69.84,31.19,108.49,Holt_Winters,20250109
2025-01-09,FC-Central,SKU-APPR-008,9,69.84,31.19,108.49,Holt_Winters,20250109
2025-01-10,FC-Central,SKU-APPR-008,10,71.72,32.6,110.84,Holt_Winters,20250110
2025-01-10,FC-Central,SKU-APPR-008,10,71.72,32.6,110.84,Holt_Winters,20250110
2025-01-11,FC-Central,SKU-APPR-008,11,81.64,42.07,121.21,Holt_Winters,20250111
2025-01-11,FC-Central,SKU-APPR-008,11,81.64,42.07,121.21,Holt_Winters,20250111
2025-01-12,FC-Central,SKU-APPR-008,12,78.77,38.75,118.79,Holt_Winters,20250112
2025-01-12,FC-Central,SKU-APPR-008,12,78.77,38.75,118.79,Holt_Winters,20250112
2025-01-13,FC-Central,SKU-APPR-008,13,73.0,32.53,113.47,Holt_Winters,20250113
2025-01-13,FC-Central,SKU-APPR-008,13,73.0,32.53,113.47,Holt_Winters,20250113
2025-01-14,FC-Central,SKU-APPR-008,14,72.31,31.39,113.23,Holt_Winters,20250114
2025-01-14,FC-Central,SKU-APPR-008,14,72.31,31.39,113.23,Holt_Winters,20250114
2025-01-15,FC-Central,SKU-APPR-008,15,71.48,30.12,112.84,Holt_Winters,20250115
2025-01-15,FC-Central,SKU-APPR-008,15,71.48,30.12,112.84,Holt_Winters,20250115
2025-01-16,FC-Central,SKU-APPR-008,16,72.89,31.08,114.7,Holt_Winters,20250116
2025-01-16,FC-Central,SKU-APPR-008,16,72.89,31.08,114.7,Holt_Winters,20250116
2025-01-17,FC-Central,SKU-APPR-008,17,74.76,32.52,117.0,Holt_Winters,20250117
2025-01-17,FC-Central,SKU-APPR-008,17,74.76,32.52,117.0,Holt_Winters,20250117
2025-01-18,FC-Central,SKU-APPR-008,18,84.69,42.04,127.34,Holt_Winters,20250118
2025-01-18,FC-Central,SKU-APPR-008,18,84.69,42.04,127.34,Holt_Winters,20250118
2025-01-19,FC-Central,SKU-APPR-008,19,81.82,38.74,124.9,Holt_Winters,20250119
2025-01-19,FC-Central,SKU-APPR-008,19,81.82,38.74,124.9,Holt_Winters,20250119
2025-01-20,FC-Central,SKU-APPR-008,20,76.05,32.56,119.54,Holt_Winters,20250120
2025-01-20,FC-Central,SKU-APPR-008,20,76.05,32.56,119.54,Holt_Winters,20250120
2025-01-21,FC-Central,SKU-APPR-008,21,75.36,31.46,119.26,Holt_Winters,20250121
2025-01-21,FC-Central,SKU-APPR-008,21,75.36,31.46,119.26,Holt_Winters,20250121
2025-01-22,FC-Central,SKU-APPR-008,22,74.53,30.21,118.85,Holt_Winters,20250122
2025-01-22,FC-Central,SKU-APPR-008,22,74.53,30.21,118.85,Holt_Winters,20250122
2025-01-23,FC-Central,SKU-APPR-008,23,75.93,31.2,120.66,Holt_Winters,20250123
2025-01-23,FC-Central,SKU-APPR-008,23,75.93,31.2,120.66,Holt_Winters,20250123
2025-01-24,FC-Central,SKU-APPR-008,24,77.81,32.69,122.93,Holt_Winters,20250124
2025-01-24,FC-Central,SKU-APPR-008,24,77.81,32.69,122.93,Holt_Winters,20250124
2025-01-25,FC-Central,SKU-APPR-008,25,87.74,42.21,133.27,Holt_Winters,20250125
2025-01-25,FC-Central,SKU-APPR-008,25,87.74,42.21,133.27,Holt_Winters,20250125
2025-01-26,FC-Central,SKU-APPR-008,26,84.86,38.94,130.78,Holt_Winters,20250126
2025-01-26,FC-Central,SKU-APPR-008,26,84.86,38.94,130.78,Holt_Winters,20250126
2025-01-27,FC-Central,SKU-APPR-008,27,79.1,32.79,125.41,Holt_Winters,20250127
2025-01-27,FC-Central,SKU-APPR-008,27,79.1,32.79,125.41,Holt_Winters,20250127
2025-01-28,FC-Central,SKU-APPR-008,28,78.41,31.7,125.12,Holt_Winters,20250128
2025-01-28,FC-Central,SKU-APPR-008,28,78.41,31.7,125.12,Holt_Winters,20250128
2025-01-01,FC-Central,SKU-APPR-009,1,1.33,0.0,36.04,Holt_Winters,20250101
2025-01-01,FC-Central,SKU-APPR-009,1,1.33,0.0,36.04,Holt_Winters,20250101
2025-01-02,FC-Central,SKU-APPR-009,2,1.78,0.0,37.0,Holt_Winters,20250102
2025-01-02,FC-Central,SKU-APPR-009,2,1.78,0.0,37.0,Holt_Winters,20250102
2025-01-03,FC-Central,SKU-APPR-009,3,1.43,0.0,37.16,Holt_Winters,20250103
2025-01-03,FC-Central,SKU-APPR-009,3,1.43,0.0,37.16,Holt_Winters,20250103
2025-01-04,FC-Central,SKU-APPR-009,4,1.71,0.0,37.95,Holt_Winters,20250104
2025-01-04,FC-Central,SKU-APPR-009,4,1.71,0.0,37.95,Holt_Winters,20250104
2025-01-05,FC-Central,SKU-APPR-009,5,2.03,0.0,38.76,Holt_Winters,20250105
2025-01-05,FC-Central,SKU-APPR-009,5,2.03,0.0,38.76,Holt_Winters,20250105
2025-01-06,FC-Central,SKU-APPR-009,6,1.16,0.0,38.38,Holt_Winters,20250106
2025-01-06,FC-Central,SKU-APPR-009,6,1.16,0.0,38.38,Holt_Winters,20250106
2025-01-07,FC-Central,SKU-APPR-009,7,1.29,0.0,39.0,Holt_Winters,20250107
2025-01-07,FC-Central,SKU-APPR-009,7,1.29,0.0,39.0,Holt_Winters,20250107
2025-01-08,FC-Central,SKU-APPR-009,8,1.33,0.0,39.51,Holt_Winters,20250108
2025-01-08,FC-Central,SKU-APPR-009,8,1.33,0.0,39.51,Holt_Winters,20250108
2025-01-09,FC-Central,SKU-APPR-009,9,1.78,0.0,40.43,Holt_Winters,20250109
2025-01-09,FC-Central,SKU-APPR-009,9,1.78,0.0,40.43,Holt_Winters,20250109
2025-01-10,FC-Central,SKU-APPR-009,10,1.43,0.0,40.55,Holt_Winters,20250110
2025-01-10,FC-Central,SKU-APPR-009,10,1.43,0.0,40.55,Holt_Winters,20250110
2025-01-11,FC-Central,SKU-APPR-009,11,1.7,0.0,41.27,Holt_Winters,20250111
2025-01-11,FC-Central,SKU-APPR-009,11,1.7,0.0,41.27,Holt_Winters,20250111
2025-01-12,FC-Central,SKU-APPR-009,12,2.03,0.0,42.05,Holt_Winters,20250112
2025-01-12,FC-Central,SKU-APPR-009,12,2.03,0.0,42.05,Holt_Winters,20250112
2025-01-13,FC-Central,SKU-APPR-009,13,1.15,0.0,41.62,Holt_Winters,20250113
2025-01-13,FC-Central,SKU-APPR-009,13,1.15,0.0,41.62,Holt_Winters,20250113
2025-01-14,FC-Central,SKU-APPR-009,14,1.29,0.0,42.21,Holt_Winters,20250114
2025-01-14,FC-Central,SKU-APPR-009,14,1.29,0.0,42.21,Holt_Winters,20250114
2025-01-15,FC-Central,SKU-APPR-009,15,1.33,0.0,42.69,Holt_Winters,20250115
2025-01-15,FC-Central,SKU-APPR-009,15,1.33,0.0,42.69,Holt_Winters,20250115
2025-01-16,FC-Central,SKU-APPR-009,16,1.78,0.0,43.59,Holt_Winters,20250116
2025-01-16,FC-Central,SKU-APPR-009,16,1.78,0.0,43.59,Holt_Winters,20250116
2025-01-17,FC-Central,SKU-APPR-009,17,1.42,0.0,43.66,Holt_Winters,20250117
2025-01-17,FC-Central,SKU-APPR-009,17,1.42,0.0,43.66,Holt_Winters,20250117
2025-01-18,FC-Central,SKU-APPR-009,18,1.7,0.0,44.35,Holt_Winters,20250118
2025-01-18,FC-Central,SKU-APPR-009,18,1.7,0.0,44.35,Holt_Winters,20250118
2025-01-19,FC-Central,SKU-APPR-009,19,2.03,0.0,45.11,Holt_Winters,20250119
2025-01-19,FC-Central,SKU-APPR-009,19,2.03,0.0,45.11,Holt_Winters,20250119
2025-01-20,FC-Central,SKU-APPR-009,20,1.15,0.0,44.64,Holt_Winters,20250120
2025-01-20,FC-Central,SKU-APPR-009,20,1.15,0.0,44.64,Holt_Winters,20250120
2025-01-21,FC-Central,SKU-APPR-009,21,1.28,0.0,45.18,Holt_Winters,20250121
2025-01-21,FC-Central,SKU-APPR-009,21,1.28,0.0,45.18,Holt_Winters,20250121
2025-01-22,FC-Central,SKU-APPR-009,22,1.33,0.0,45.65,Holt_Winters,20250122
2025-01-22,FC-Central,SKU-APPR-009,22,1.33,0.0,45.65,Holt_Winters,20250122
2025-01-23,FC-Central,SKU-APPR-009,23,1.78,0.0,46.51,Holt_Winters,20250123
2025-01-23,FC-Central,SKU-APPR-009,23,1.78,0.0,46.51,Holt_Winters,20250123
2025-01-24,FC-Central,SKU-APPR-009,24,1.42,0.0,46.54,Holt_Winters,20250124
2025-01-24,FC-Central,SKU-APPR-009,24,1.42,0.0,46.54,Holt_Winters,20250124
2025-01-25,FC-Central,SKU-APPR-009,25,1.7,0.0,47.23,Holt_Winters,20250125
2025-01-25,FC-Central,SKU-APPR-009,25,1.7,0.0,47.23,Holt_Winters,20250125
2025-01-26,FC-Central,SKU-APPR-009,26,2.02,0.0,47.94,Holt_Winters,20250126
2025-01-26,FC-Central,SKU-APPR-009,26,2.02,0.0,47.94,Holt_Winters,20250126
2025-01-27,FC-Central,SKU-APPR-009,27,1.15,0.0,47.46,Holt_Winters,20250127
2025-01-27,FC-Central,SKU-APPR-009,27,1.15,0.0,47.46,Holt_Winters,20250127
2025-01-28,FC-Central,SKU-APPR-009,28,1.28,0.0,47.99,Holt_Winters,20250128
2025-01-28,FC-Central,SKU-APPR-009,28,1.28,0.0,47.99,Holt_Winters,20250128
2025-01-01,FC-Central,SKU-APPR-010,1,4.79,0.0,39.5,Holt_Winters,20250101
2025-01-01,FC-Central,SKU-APPR-010,1,4.79,0.0,39.5,Holt_Winters,20250101
2025-01-02,FC-Central,SKU-APPR-010,2,4.48,0.0,39.7,Holt_Winters,20250102
2025-01-02,FC-Central,SKU-APPR-010,2,4.48,0.0,39.7,Holt_Winters,20250102
2025-01-03,FC-Central,SKU-APPR-010,3,4.81,0.0,40.54,Holt_Winters,20250103
2025-01-03,FC-Central,SKU-APPR-010,3,4.81,0.0,40.54,Holt_Winters,20250103
2025-01-04,FC-Central,SKU-APPR-010,4,5.98,0.0,42.22,Holt_Winters,20250104
2025-01-04,FC-Central,SKU-APPR-010,4,5.98,0.0,42.22,Holt_Winters,20250104
2025-01-05,FC-Central,SKU-APPR-010,5,5.26,0.0,41.99,Holt_Winters,20250105
2025-01-05,FC-Central,SKU-APPR-010,5,5.26,0.0,41.99,Holt_Winters,20250105
2025-01-06,FC-Central,SKU-APPR-010,6,4.42,0.0,41.64,Holt_Winters,20250106
2025-01-06,FC-Central,SKU-APPR-010,6,4.42,0.0,41.64,Holt_Winters,20250106
2025-01-07,FC-Central,SKU-APPR-010,7,3.88,0.0,41.59,Holt_Winters,20250107
2025-01-07,FC-Central,SKU-APPR-010,7,3.88,0.0,41.59,Holt_Winters,20250107
2025-01-08,FC-Central,SKU-APPR-010,8,4.8,0.0,42.98,Holt_Winters,20250108
2025-01-08,FC-Central,SKU-APPR-010,8,4.8,0.0,42.98,Holt_Winters,20250108
2025-01-09,FC-Central,SKU-APPR-010,9,4.49,0.0,43.14,Holt_Winters,20250109
2025-01-09,FC-Central,SKU-APPR-010,9,4.49,0.0,43.14,Holt_Winters,20250109
2025-01-10,FC-Central,SKU-APPR-010,10,4.82,0.0,43.94,Holt_Winters,20250110
2025-01-10,FC-Central,SKU-APPR-010,10,4.82,0.0,43.94,Holt_Winters,20250110
2025-01-11,FC-Central,SKU-APPR-010,11,5.99,0.0,45.56,Holt_Winters,20250111
2025-01-11,FC-Central,SKU-APPR-010,11,5.99,0.0,45.56,Holt_Winters,20250111
2025-01-12,FC-Central,SKU-APPR-010,12,5.27,0.0,45.29,Holt_Winters,20250112
2025-01-12,FC-Central,SKU-APPR-010,12,5.27,0.0,45.29,Holt_Winters,20250112
2025-01-13,FC-Central,SKU-APPR-010,13,4.43,0.0,44.9,Holt_Winters,20250113
2025-01-13,FC-Central,SKU-APPR-010,13,4.43,0.0,44.9,Holt_Winters,20250113
2025-01-14,FC-Central,SKU-APPR-010,14,3.88,0.0,44.8,Holt_Winters,20250114
2025-01-14,FC-Central,SKU-APPR-010,14,3.88,0.0,44.8,Holt_Winters,20250114
2025-01-15,FC-Central,SKU-APPR-010,15,4.81,0.0,46.17,Holt_Winters,20250115
2025-01-15,FC-Central,SKU-APPR-010,15,4.81,0.0,46.17,Holt_Winters,20250115
2025-01-16,FC-Central,SKU-APPR-010,16,4.5,0.0,46.31,Holt_Winters,20250116
2025-01-16,FC-Central,SKU-APPR-010,16,4.5,0.0,46.31,Holt_Winters,20250116
2025-01-17,FC-Central,SKU-APPR-010,17,4.83,0.0,47.07,Holt_Winters,20250117
2025-01-17,FC-Central,SKU-APPR-010,17,4.83,0.0,47.07,Holt_Winters,20250117
2025-01-18,FC-Central,SKU-APPR-010,18,6.0,0.0,48.65,Holt_Winters,20250118
2025-01-18,FC-Central,SKU-APPR-010,18,6.0,0.0,48.65,Holt_Winters,20250118
2025-01-19,FC-Central,SKU-APPR-010,19,5.27,0.0,48.35,Holt_Winters,20250119
2025-01-19,FC-Central,SKU-APPR-010,19,5.27,0.0,48.35,Holt_Winters,20250119
2025-01-20,FC-Central,SKU-APPR-010,20,4.43,0.0,47.92,Holt_Winters,20250120
2025-01-20,FC-Central,SKU-APPR-010,20,4.43,0.0,47.92,Holt_Winters,20250120
2025-01-21,FC-Central,SKU-APPR-010,21,3.89,0.0,47.79,Holt_Winters,20250121
2025-01-21,FC-Central,SKU-APPR-010,21,3.89,0.0,47.79,Holt_Winters,20250121
2025-01-22,FC-Central,SKU-APPR-010,22,4.81,0.0,49.13,Holt_Winters,20250122
2025-01-22,FC-Central,SKU-APPR-010,22,4.81,0.0,49.13,Holt_Winters,20250122
2025-01-23,FC-Central,SKU-APPR-010,23,4.51,0.0,49.24,Holt_Winters,20250123
2025-01-23,FC-Central,SKU-APPR-010,23,4.51,0.0,49.24,Holt_Winters,20250123
2025-01-24,FC-Central,SKU-APPR-010,24,4.83,0.0,49.95,Holt_Winters,20250124
2025-01-24,FC-Central,SKU-APPR-010,24,4.83,0.0,49.95,Holt_Winters,20250124
2025-01-25,FC-Central,SKU-APPR-010,25,6.01,0.0,51.54,Holt_Winters,20250125
2025-01-25,FC-Central,SKU-APPR-010,25,6.01,0.0,51.54,Holt_Winters,20250125
2025-01-26,FC-Central,SKU-APPR-010,26,5.28,0.0,51.2,Holt_Winters,20250126
2025-01-26,FC-Central,SKU-APPR-010,26,5.28,0.0,51.2,Holt_Winters,20250126
2025-01-27,FC-Central,SKU-APPR-010,27,4.44,0.0,50.75,Holt_Winters,20250127
2025-01-27,FC-Central,SKU-APPR-010,27,4.44,0.0,50.75,Holt_Winters,20250127
2025-01-28,FC-Central,SKU-APPR-010,28,3.9,0.0,50.61,Holt_Winters,20250128
2025-01-28,FC-Central,SKU-APPR-010,28,3.9,0.0,50.61,Holt_Winters,20250128
2025-01-01,FC-Central,SKU-ELEC-001,1,26.7,0.0,61.41,Holt_Winters,20250101
2025-01-01,FC-Central,SKU-ELEC-001,1,26.7,0.0,61.41,Holt_Winters,20250101
2025-01-02,FC-Central,SKU-ELEC-001,2,25.75,0.0,60.97,Holt_Winters,20250102
2025-01-02,FC-Central,SKU-ELEC-001,2,25.75,0.0,60.97,Holt_Winters,20250102
2025-01-03,FC-Central,SKU-ELEC-001,3,29.13,0.0,64.86,Holt_Winters,20250103
2025-01-03,FC-Central,SKU-ELEC-001,3,29.13,0.0,64.86,Holt_Winters,20250103
2025-01-04,FC-Central,SKU-ELEC-001,4,33.55,0.0,69.79,Holt_Winters,20250104
2025-01-04,FC-Central,SKU-ELEC-001,4,33.55,0.0,69.79,Holt_Winters,20250104
2025-01-05,FC-Central,SKU-ELEC-001,5,29.41,0.0,66.14,Holt_Winters,20250105
2025-01-05,FC-Central,SKU-ELEC-001,5,29.41,0.0,66.14,Holt_Winters,20250105
2025-01-06,FC-Central,SKU-ELEC-001,6,25.12,0.0,62.34,Holt_Winters,20250106
2025-01-06,FC-Central,SKU-ELEC-001,6,25.12,0.0,62.34,Holt_Winters,20250106
2025-01-07,FC-Central,SKU-ELEC-001,7,25.88,0.0,63.59,Holt_Winters,20250107
2025-01-07,FC-Central,SKU-ELEC-001,7,25.88,0.0,63.59,Holt_Winters,20250107
2025-01-08,FC-Central,SKU-ELEC-001,8,26.78,0.0,64.96,Holt_Winters,20250108
2025-01-08,FC-Central,SKU-ELEC-001,8,26.78,0.0,64.96,Holt_Winters,20250108
2025-01-09,FC-Central,SKU-ELEC-001,9,25.83,0.0,64.48,Holt_Winters,20250109
2025-01-09,FC-Central,SKU-ELEC-001,9,25.83,0.0,64.48,Holt_Winters,20250109
2025-01-10,FC-Central,SKU-ELEC-001,10,29.21,0.0,68.33,Holt_Winters,20250110
2025-01-10,FC-Central,SKU-ELEC-001,10,29.21,0.0,68.33,Holt_Winters,20250110
2025-01-11,FC-Central,SKU-ELEC-001,11,33.63,0.0,73.2,Holt_Winters,20250111
2025-01-11,FC-Central,SKU-ELEC-001,11,33.63,0.0,73.2,Holt_Winters,20250111
2025-01-12,FC-Central,SKU-ELEC-001,12,29.49,0.0,69.51,Holt_Winters,20250112
2025-01-12,FC-Central,SKU-ELEC-001,12,29.49,0.0,69.51,Holt_Winters,20250112
2025-01-13,FC-Central,SKU-ELEC-001,13,25.2,0.0,65.67,Holt_Winters,20250113
2025-01-13,FC-Central,SKU-ELEC-001,13,25.2,0.0,65.67,Holt_Winters,20250113
2025-01-14,FC-Central,SKU-ELEC-001,14,25.96,0.0,66.88,Holt_Winters,20250114
2025-01-14,FC-Central,SKU-ELEC-001,14,25.96,0.0,66.88,Holt_Winters,20250114
2025-01-15,FC-Central,SKU-ELEC-001,15,26.86,0.0,68.22,Holt_Winters,20250115
2025-01-15,FC-Central,SKU-ELEC-001,15,26.86,0.0,68.22,Holt_Winters,20250115
2025-01-16,FC-Central,SKU-ELEC-001,16,25.91,0.0,67.72,Holt_Winters,20250116
2025-01-16,FC-Central,SKU-ELEC-001,16,25.91,0.0,67.72,Holt_Winters,20250116
2025-01-17,FC-Central,SKU-ELEC-001,17,29.28,0.0,71.52,Holt_Winters,20250117
2025-01-17,FC-Central,SKU-ELEC-001,17,29.28,0.0,71.52,Holt_Winters,20250117
2025-01-18,FC-Central,SKU-ELEC-001,18,33.71,0.0,76.36,Holt_Winters,20250118
2025-01-18,FC-Central,SKU-ELEC-001,18,33.71,0.0,76.36,Holt_Winters,20250118
2025-01-19,FC-Central,SKU-ELEC-001,19,29.57,0.0,72.65,Holt_Winters,20250119
2025-01-19,FC-Central,SKU-ELEC-001,19,29.57,0.0,72.65,Holt_Winters,20250119
2025-01-20,FC-Central,SKU-ELEC-001,20,25.28,0.0,68.77,Holt_Winters,20250120
2025-01-20,FC-Central,SKU-ELEC-001,20,25.28,0.0,68.77,Holt_Winters,20250120
2025-01-21,FC-Central,SKU-ELEC-001,21,26.04,0.0,69.94,Holt_Winters,20250121
2025-01-21,FC-Central,SKU-ELEC-001,21,26.04,0.0,69.94,Holt_Winters,20250121
2025-01-22,FC-Central,SKU-ELEC-001,22,26.94,0.0,71.26,Holt_Winters,20250122
2025-01-22,FC-Central,SKU-ELEC-001,22,26.94,0.0,71.26,Holt_Winters,20250122
2025-01-23,FC-Central,SKU-ELEC-001,23,25.99,0.0,70.72,Holt_Winters,20250123
2025-01-23,FC-Central,SKU-ELEC-001,23,25.99,0.0,70.72,Holt_Winters,20250123
2025-01-24,FC-Central,SKU-ELEC-001,24,29.36,0.0,74.48,Holt_Winters,20250124
2025-01-24,FC-Central,SKU-ELEC-001,24,29.36,0.0,74.48,Holt_Winters,20250124
2025-01-25,FC-Central,SKU-ELEC-001,25,33.79,0.0,79.32,Holt_Winters,20250125
2025-01-25,FC-Central,SKU-ELEC-001,25,33.79,0.0,79.32,Holt_Winters,20250125
2025-01-26,FC-Central,SKU-ELEC-001,26,29.65,0.0,75.57,Holt_Winters,20250126
2025-01-26,FC-Central,SKU-ELEC-001,26,29.65,0.0,75.57,Holt_Winters,20250126
2025-01-27,FC-Central,SKU-ELEC-001,27,25.36,0.0,71.67,Holt_Winters,20250127
2025-01-27,FC-Central,SKU-ELEC-001,27,25.36,0.0,71.67,Holt_Winters,20250127
2025-01-28,FC-Central,SKU-ELEC-001,28,26.12,0.0,72.83,Holt_Winters,20250128
2025-01-28,FC-Central,SKU-ELEC-001,28,26.12,0.0,72.83,Holt_Winters,20250128
2025-01-01,FC-Central,SKU-ELEC-002,1,32.96,0.0,67.67,Holt_Winters,20250101
2025-01-01,FC-Central,SKU-ELEC-002,1,32.96,0.0,67.67,Holt_Winters,20250101
2025-01-02,FC-Central,SKU-ELEC-002,2,32.42,0.0,67.64,Holt_Winters,20250102
2025-01-02,FC-Central,SKU-ELEC-002,2,32.42,0.0,67.64,Holt_Winters,20250102
2025-01-03,FC-Central,SKU-ELEC-002,3,37.47,1.74,73.2,Holt_Winters,20250103
2025-01-03,FC-Central,SKU-ELEC-002,3,37.47,1.74,73.2,Holt_Winters,20250103
2025-01-04,FC-Central,SKU-ELEC-002,4,41.88,5.64,78.12,Holt_Winters,20250104
2025-01-04,FC-Central,SKU-ELEC-002,4,41.88,5.64,78.12,Holt_Winters,20250104
2025-01-05,FC-Central,SKU-ELEC-002,5,38.38,1.65,75.11,Holt_Winters,20250105
2025-01-05,FC-Central,SKU-ELEC-002,5,38.38,1.65,75.11,Holt_Winters,20250105
2025-01-06,FC-Central,SKU-ELEC-002,6,29.38,0.0,66.6,Holt_Winters,20250106
2025-01-06,FC-Central,SKU-ELEC-002,6,29.38,0.0,66.6,Holt_Winters,20250106
2025-01-07,FC-Central,SKU-ELEC-002,7,30.31,0.0,68.02,Holt_Winters,20250107
2025-01-07,FC-Central,SKU-ELEC-002,7,30.31,0.0,68.02,Holt_Winters,20250107
2025-01-08,FC-Central,SKU-ELEC-002,8,32.97,0.0,71.15,Holt_Winters,20250108
2025-01-08,FC-Central,SKU-ELEC-002,8,32.97,0.0,71.15,Holt_Winters,20250108
2025-01-09,FC-Central,SKU-ELEC-002,9,32.43,0.0,71.08,Holt_Winters,20250109
2025-01-09,FC-Central,SKU-ELEC-002,9,32.43,0.0,71.08,Holt_Winters,20250109
2025-01-10,FC-Central,SKU-ELEC-002,10,37.48,0.0,76.6,Holt_Winters,20250110
2025-01-10,FC-Central,SKU-ELEC-002,10,37.48,0.0,76.6,Holt_Winters,20250110
2025-01-11,FC-Central,SKU-ELEC-002,11,41.89,2.32,81.46,Holt_Winters,20250111
2025-01-11,FC-Central,SKU-ELEC-002,11,41.89,2.32,81.46,Holt_Winters,20250111
2025-01-12,FC-Central,SKU-ELEC-002,12,38.38,0.0,78.4,Holt_Winters,20250112
2025-01-12,FC-Central,SKU-ELEC-002,12,38.38,0.0,78.4,Holt_Winters,20250112
2025-01-13,FC-Central,SKU-ELEC-002,13,29.38,0.0,69.85,Holt_Winters,20250113
2025-01-13,FC-Central,SKU-ELEC-002,13,29.38,0.0,69.85,Holt_Winters,20250113
2025-01-14,FC-Central,SKU-ELEC-002,14,30.32,0.0,71.24,Holt_Winters,20250114
2025-01-14,FC-Central,SKU-ELEC-002,14,30.32,0.0,71.24,Holt_Winters,20250114
2025-01-15,FC-Central,SKU-ELEC-002,15,32.97,0.0,74.33,Holt_Winters,20250115
2025-01-15,FC-Central,SKU-ELEC-002,15,32.97,0.0,74.33,Holt_Winters,20250115
2025-01-16,FC-Central,SKU-ELEC-002,16,32.43,0.0,74.24,Holt_Winters,20250116
2025-01-16,FC-Central,SKU-ELEC-002,16,32.43,0.0,74.24,Holt_Winters,20250116
2025-01-17,FC-Central,SKU-ELEC-002,17,37.48,0.0,79.72,Holt_Winters,20250117
2025-01-17,FC-Central,SKU-ELEC-002,17,37.48,0.0,79.72,Holt_Winters,20250117
2025-01-18,FC-Central,SKU-ELEC-002,18,41.9,0.0,84.55,Holt_Winters,20250118
2025-01-18,FC-Central,SKU-ELEC-002,18,41.9,0.0,84.55,Holt_Winters,20250118
2025-01-19,FC-Central,SKU-ELEC-002,19,38.39,0.0,81.47,Holt_Winters,20250119
2025-01-19,FC-Central,SKU-ELEC-002,19,38.39,0.0,81.47,Holt_Winters,20250119
2025-01-20,FC-Central,SKU-ELEC-002,20,29.39,0.0,72.88,Holt_Winters,20250120
2025-01-20,FC-Central,SKU-ELEC-002,20,29.39,0.0,72.88,Holt_Winters,20250120
2025-01-21,FC-Central,SKU-ELEC-002,21,30.32,0.0,74.22,Holt_Winters,20250121
2025-01-21,FC-Central,SKU-ELEC-002,21,30.32,0.0,74.22,Holt_Winters,20250121
2025-01-22,FC-Central,SKU-ELEC-002,22,32.98,0.0,77.3,Holt_Winters,20250122
2025-01-22,FC-Central,SKU-ELEC-002,22,32.98,0.0,77.3,Holt_Winters,20250122
2025-01-23,FC-Central,SKU-ELEC-002,23,32.44,0.0,77.17,Holt_Winters,20250123
2025-01-23,FC-Central,SKU-ELEC-002,23,32.44,0.0,77.17,Holt_Winters,20250123
2025-01-24,FC-Central,SKU-ELEC-002,24,37.49,0.0,82.61,Holt_Winters,20250124
2025-01-24,FC-Central,SKU-ELEC-002,24,37.49,0.0,82.61,Holt_Winters,20250124
2025-01-25,FC-Central,SKU-ELEC-002,25,41.9,0.0,87.43,Holt_Winters,20250125
2025-01-25,FC-Central,SKU-ELEC-002,25,41.9,0.0,87.43,Holt_Winters,20250125
2025-01-26,FC-Central,SKU-ELEC-002,26,38.4,0.0,84.32,Holt_Winters,20250126
2025-01-26,FC-Central,SKU-ELEC-002,26,38.4,0.0,84.32,Holt_Winters,20250126
2025-01-27,FC-Central,SKU-ELEC-002,27,29.39,0.0,75.7,Holt_Winters,20250127
2025-01-27,FC-Central,SKU-ELEC-002,27,29.39,0.0,75.7,Holt_Winters,20250127
2025-01-28,FC-Central,SKU-ELEC-002,28,30.33,0.0,77.04,Holt_Winters,20250128
2025-01-28,FC-Central,SKU-ELEC-002,28,30.33,0.0,77.04,Holt_Winters,20250128
2025-01-01,FC-Central,SKU-ELEC-003,1,17.78,0.0,52.49,Holt_Winters,20250101
2025-01-01,FC-Central,SKU-ELEC-003,1,17.78,0.0,52.49,Holt_Winters,20250101
2025-01-02,FC-Central,SKU-ELEC-003,2,18.04,0.0,53.26,Holt_Winters,20250102
2025-01-02,FC-Central,SKU-ELEC-003,2,18.04,0.0,53.26,Holt_Winters,20250102
2025-01-03,FC-Central,SKU-ELEC-003,3,19.61,0.0,55.34,Holt_Winters,20250103
2025-01-03,FC-Central,SKU-ELEC-003,3,19.61,0.0,55.34,Holt_Winters,20250103
2025-01-04,FC-Central,SKU-ELEC-003,4,22.33,0.0,58.57,Holt_Winters,20250104
2025-01-04,FC-Central,SKU-ELEC-003,4,22.33,0.0,58.57,Holt_Winters,20250104
2025-01-05,FC-Central,SKU-ELEC-003,5,20.09,0.0,56.82,Holt_Winters,20250105
2025-01-05,FC-Central,SKU-ELEC-003,5,20.09,0.0,56.82,Holt_Winters,20250105
2025-01-06,FC-Central,SKU-ELEC-003,6,16.4,0.0,53.62,Holt_Winters,20250106
2025-01-06,FC-Central,SKU-ELEC-003,6,16.4,0.0,53.62,Holt_Winters,20250106
2025-01-07,FC-Central,SKU-ELEC-003,7,17.09,0.0,54.8,Holt_Winters,20250107
2025-01-07,FC-Central,SKU-ELEC-003,7,17.09,0.0,54.8,Holt_Winters,20250107
2025-01-08,FC-Central,SKU-ELEC-003,8,17.84,0.0,56.02,Holt_Winters,20250108
2025-01-08,FC-Central,SKU-ELEC-003,8,17.84,0.0,56.02,Holt_Winters,20250108
2025-01-09,FC-Central,SKU-ELEC-003,9,18.1,0.0,56.75,Holt_Winters,20250109
2025-01-09,FC-Central,SKU-ELEC-003,9,18.1,0.0,56.75,Holt_Winters,20250109
2025-01-10,FC-Central,SKU-ELEC-003,10,19.68,0.0,58.8,Holt_Winters,20250110
2025-01-10,FC-Central,SKU-ELEC-003,10,19.68,0.0,58.8,Holt_Winters,20250110
2025-01-11,FC-Central,SKU-ELEC-003,11,22.39,0.0,61.96,Holt_Winters,20250111
2025-01-11,FC-Central,SKU-ELEC-003,11,22.39,0.0,61.96,Holt_Winters,20250111
2025-01-12,FC-Central,SKU-ELEC-003,12,20.15,0.0,60.17,Holt_Winters,20250112
2025-01-12,FC-Central,SKU-ELEC-003,12,20.15,0.0,60.17,Holt_Winters,20250112
2025-01-13,FC-Central,SKU-ELEC-003,13,16.47,0.0,56.94,Holt_Winters,20250113
2025-01-13,FC-Central,SKU-ELEC-003,13,16.47,0.0,56.94,Holt_Winters,20250113
2025-01-14,FC-Central,SKU-ELEC-003,14,17.16,0.0,58.08,Holt_Winters,20250114
2025-01-14,FC-Central,SKU-ELEC-003,14,17.16,0.0,58.08,Holt_Winters,20250114
2025-01-15,FC-Central,SKU-ELEC-003,15,17.9,0.0,59.26,Holt_Winters,20250115
2025-01-15,FC-Central,SKU-ELEC-003,15,17.9,0.0,59.26,Holt_Winters,20250115
2025-01-16,FC-Central,SKU-ELEC-003,16,18.16,0.0,59.97,Holt_Winters,20250116
2025-01-16,FC-Central,SKU-ELEC-003,16,18.16,0.0,59.97,Holt_Winters,20250116
2025-01-17,FC-Central,SKU-ELEC-003,17,19.74,0.0,61.98,Holt_Winters,20250117
2025-01-17,FC-Central,SKU-ELEC-003,17,19.74,0.0,61.98,Holt_Winters,20250117
2025-01-18,FC-Central,SKU-ELEC-003,18,22.45,0.0,65.1,Holt_Winters,20250118
2025-01-18,FC-Central,SKU-ELEC-003,18,22.45,0.0,65.1,Holt_Winters,20250118
2025-01-19,FC-Central,SKU-ELEC-003,19,20.22,0.0,63.3,Holt_Winters,20250119
2025-01-19,FC-Central,SKU-ELEC-003,19,20.22,0.0,63.3,Holt_Winters,20250119
2025-01-20,FC-Central,SKU-ELEC-003,20,16.53,0.0,60.02,Holt_Winters,20250120
2025-01-20,FC-Central,SKU-ELEC-003,20,16.53,0.0,60.02,Holt_Winters,20250120
2025-01-21,FC-Central,SKU-ELEC-003,21,17.22,0.0,61.12,Holt_Winters,20250121
2025-01-21,FC-Central,SKU-ELEC-003,21,17.22,0.0,61.12,Holt_Winters,20250121
2025-01-22,FC-Central,SKU-ELEC-003,22,17.97,0.0,62.29,Holt_Winters,20250122
2025-01-22,FC-Central,SKU-ELEC-003,22,17.97,0.0,62.29,Holt_Winters,20250122
2025-01-23,FC-Central,SKU-ELEC-003,23,18.23,0.0,62.96,Holt_Winters,20250123
2025-01-23,FC-Central,SKU-ELEC-003,23,18.23,0.0,62.96,Holt_Winters,20250123
2025-01-24,FC-Central,SKU-ELEC-003,24,19.8,0.0,64.92,Holt_Winters,20250124
2025-01-24,FC-Central,SKU-ELEC-003,24,19.8,0.0,64.92,Holt_Winters,20250124
2025-01-25,FC-Central,SKU-ELEC-003,25,22.52,0.0,68.05,Holt_Winters,20250125
2025-01-25,FC-Central,SKU-ELEC-003,25,22.52,0.0,68.05,Holt_Winters,20250125
2025-01-26,FC-Central,SKU-ELEC-003,26,20.28,0.0,66.2,Holt_Winters,20250126
2025-01-26,FC-Central,SKU-ELEC-003,26,20.28,0.0,66.2,Holt_Winters,20250126
2025-01-27,FC-Central,SKU-ELEC-003,27,16.59,0.0,62.9,Holt_Winters,20250127
2025-01-27,FC-Central,SKU-ELEC-003,27,16.59,0.0,62.9,Holt_Winters,20250127
2025-01-28,FC-Central,SKU-ELEC-003,28,17.28,0.0,63.99,Holt_Winters,20250128
2025-01-28,FC-Central,SKU-ELEC-003,28,17.28,0.0,63.99,Holt_Winters,20250128
2025-01-01,FC-Central,SKU-ELEC-004,1,37.14,2.43,71.85,Holt_Winters,20250101
2025-01-01,FC-Central,SKU-ELEC-004,1,37.14,2.43,71.85,Holt_Winters,20250101
2025-01-02,FC-Central,SKU-ELEC-004,2,40.29,5.07,75.51,Holt_Winters,20250102
2025-01-02,FC-Central,SKU-ELEC-004,2,40.29,5.07,75.51,Holt_Winters,20250102
2025-01-03,FC-Central,SKU-ELEC-004,3,45.33,9.6,81.06,Holt_Winters,20250103
2025-01-03,FC-Central,SKU-ELEC-004,3,45.33,9.6,81.06,Holt_Winters,20250103
2025-01-04,FC-Central,SKU-ELEC-004,4,49.66,13.42,85.9,Holt_Winters,20250104
2025-01-04,FC-Central,SKU-ELEC-004,4,49.66,13.42,85.9,Holt_Winters,20250104
2025-01-05,FC-Central,SKU-ELEC-004,5,47.18,10.45,83.91,Holt_Winters,20250105
2025-01-05,FC-Central,SKU-ELEC-004,5,47.18,10.45,83.91,Holt_Winters,20250105
2025-01-06,FC-Central,SKU-ELEC-004,6,37.89,0.67,75.11,Holt_Winters,20250106
2025-01-06,FC-Central,SKU-ELEC-004,6,37.89,0.67,75.11,Holt_Winters,20250106
2025-01-07,FC-Central,SKU-ELEC-004,7,36.12,0.0,73.83,Holt_Winters,20250107
2025-01-07,FC-Central,SKU-ELEC-004,7,36.12,0.0,73.83,Holt_Winters,20250107
2025-01-08,FC-Central,SKU-ELEC-004,8,37.16,0.0,75.34,Holt_Winters,20250108
2025-01-08,FC-Central,SKU-ELEC-004,8,37.16,0.0,75.34,Holt_Winters,20250108
2025-01-09,FC-Central,SKU-ELEC-004,9,40.31,1.66,78.96,Holt_Winters,20250109
2025-01-09,FC-Central,SKU-ELEC-004,9,40.31,1.66,78.96,Holt_Winters,20250109
2025-01-10,FC-Central,SKU-ELEC-004,10,45.35,6.23,84.47,Holt_Winters,20250110
2025-01-10,FC-Central,SKU-ELEC-004,10,45.35,6.23,84.47,Holt_Winters,20250110
2025-01-11,FC-Central,SKU-ELEC-004,11,49.68,10.11,89.25,Holt_Winters,20250111
2025-01-11,FC-Central,SKU-ELEC-004,11,49.68,10.11,89.25,Holt_Winters,20250111
2025-01-12,FC-Central,SKU-ELEC-004,12,47.2,7.18,87.22,Holt_Winters,20250112
2025-01-12,FC-Central,SKU-ELEC-004,12,47.2,7.18,87.22,Holt_Winters,20250112
2025-01-13,FC-Central,SKU-ELEC-004,13,37.91,0.0,78.38,Holt_Winters,20250113
2025-01-13,FC-Central,SKU-ELEC-004,13,37.91,0.0,78.38,Holt_Winters,20250113
2025-01-14,FC-Central,SKU-ELEC-004,14,36.14,0.0,77.06,Holt_Winters,20250114
2025-01-14,FC-Central,SKU-ELEC-004,14,36.14,0.0,77.06,Holt_Winters,20250114
2025-01-15,FC-Central,SKU-ELEC-004,15,37.18,0.0,78.54,Holt_Winters,20250115
2025-01-15,FC-Central,SKU-ELEC-004,15,37.18,0.0,78.54,Holt_Winters,20250115
2025-01-16,FC-Central,SKU-ELEC-004,16,40.33,0.0,82.14,Holt_Winters,20250116
2025-01-16,FC-Central,SKU-ELEC-004,16,40.33,0.0,82.14,Holt_Winters,20250116
2025-01-17,FC-Central,SKU-ELEC-004,17,45.37,3.13,87.61,Holt_Winters,20250117
2025-01-17,FC-Central,SKU-ELEC-004,17,45.37,3.13,87.61,Holt_Winters,20250117
2025-01-18,FC-Central,SKU-ELEC-004,18,49.7,7.05,92.35,Holt_Winters,20250118
2025-01-18,FC-Central,SKU-ELEC-004,18,49.7,7.05,92.35,Holt_Winters,20250118
2025-01-19,FC-Central,SKU-ELEC-004,19,47.22,4.14,90.3,Holt_Winters,20250119
2025-01-19,FC-Central,SKU-ELEC-004,19,47.22,4.14,90.3,Holt_Winters,20250119
2025-01-20,FC-Central,SKU-ELEC-004,20,37.93,0.0,81.42,Holt_Winters,20250120
2025-01-20,FC-Central,SKU-ELEC-004,20,37.93,0.0,81.42,Holt_Winters,20250120
2025-01-21,FC-Central,SKU-ELEC-004,21,36.16,0.0,80.06,Holt_Winters,20250121
2025-01-21,FC-Central,SKU-ELEC-004,21,36.16,0.0,80.06,Holt_Winters,20250121
2025-01-22,FC-Central,SKU-ELEC-004,22,37.2,0.0,81.52,Holt_Winters,20250122
2025-01-22,FC-Central,SKU-ELEC-004,22,37.2,0.0,81.52,Holt_Winters,20250122
2025-01-23,FC-Central,SKU-ELEC-004,23,40.35,0.0,85.08,Holt_Winters,20250123
2025-01-23,FC-Central,SKU-ELEC-004,23,40.35,0.0,85.08,Holt_Winters,20250123
2025-01-24,FC-Central,SKU-ELEC-004,24,45.39,0.27,90.51,Holt_Winters,20250124
2025-01-24,FC-Central,SKU-ELEC-004,24,45.39,0.27,90.51,Holt_Winters,20250124
2025-01-25,FC-Central,SKU-ELEC-004,25,49.72,4.19,95.25,Holt_Winters,20250125
2025-01-25,FC-Central,SKU-ELEC-004,25,49.72,4.19,95.25,Holt_Winters,20250125
2025-01-26,FC-Central,SKU-ELEC-004,26,47.24,1.32,93.16,Holt_Winters,20250126
2025-01-26,FC-Central,SKU-ELEC-004,26,47.24,1.32,93.16,Holt_Winters,20250126
2025-01-27,FC-Central,SKU-ELEC-004,27,37.95,0.0,84.26,Holt_Winters,20250127
2025-01-27,FC-Central,SKU-ELEC-004,27,37.95,0.0,84.26,Holt_Winters,20250127
2025-01-28,FC-Central,SKU-ELEC-004,28,36.18,0.0,82.89,Holt_Winters,20250128
2025-01-28,FC-Central,SKU-ELEC-004,28,36.18,0.0,82.89,Holt_Winters,20250128
2025-01-01,FC-Central,SKU-ELEC-005,1,35.57,0.86,70.28,Holt_Winters,20250101
2025-01-01,FC-Central,SKU-ELEC-005,1,35.57,0.86,70.28,Holt_Winters,20250101
2025-01-02,FC-Central,SKU-ELEC-005,2,35.86,0.64,71.08,Holt_Winters,20250102
2025-01-02,FC-Central,SKU-ELEC-005,2,35.86,0.64,71.08,Holt_Winters,20250102
2025-01-03,FC-Central,SKU-ELEC-005,3,39.67,3.94,75.4,Holt_Winters,20250103
2025-01-03,FC-Central,SKU-ELEC-005,3,39.67,3.94,75.4,Holt_Winters,20250103
2025-01-04,FC-Central,SKU-ELEC-005,4,40.51,4.27,76.75,Holt_Winters,20250104
2025-01-04,FC-Central,SKU-ELEC-005,4,40.51,4.27,76.75,Holt_Winters,20250104
2025-01-05,FC-Central,SKU-ELEC-005,5,41.09,4.36,77.82,Holt_Winters,20250105
2025-01-05,FC-Central,SKU-ELEC-005,5,41.09,4.36,77.82,Holt_Winters,20250105
2025-01-06,FC-Central,SKU-ELEC-005,6,34.25,0.0,71.47,Holt_Winters,20250106
2025-01-06,FC-Central,SKU-ELEC-005,6,34.25,0.0,71.47,Holt_Winters,20250106
2025-01-07,FC-Central,SKU-ELEC-005,7,35.36,0.0,73.07,Holt_Winters,20250107
2025-01-07,FC-Central,SKU-ELEC-005,7,35.36,0.0,73.07,Holt_Winters,20250107
2025-01-08,FC-Central,SKU-ELEC-005,8,35.75,0.0,73.93,Holt_Winters,20250108
2025-01-08,FC-Central,SKU-ELEC-005,8,35.75,0.0,73.93,Holt_Winters,20250108
2025-01-09,FC-Central,SKU-ELEC-005,9,36.04,0.0,74.69,Holt_Winters,20250109
2025-01-09,FC-Central,SKU-ELEC-005,9,36.04,0.0,74.69,Holt_Winters,20250109
2025-01-10,FC-Central,SKU-ELEC-005,10,39.84,0.72,78.96,Holt_Winters,20250110
2025-01-10,FC-Central,SKU-ELEC-005,10,39.84,0.72,78.96,Holt_Winters,20250110
2025-01-11,FC-Central,SKU-ELEC-005,11,40.68,1.11,80.25,Holt_Winters,20250111
2025-01-11,FC-Central,SKU-ELEC-005,11,40.68,1.11,80.25,Holt_Winters,20250111
2025-01-12,FC-Central,SKU-ELEC-005,12,41.27,1.25,81.29,Holt_Winters,20250112
2025-01-12,FC-Central,SKU-ELEC-005,12,41.27,1.25,81.29,Holt_Winters,20250112
2025-01-13,FC-Central,SKU-ELEC-005,13,34.42,0.0,74.89,Holt_Winters,20250113
2025-01-13,FC-Central,SKU-ELEC-005,13,34.42,0.0,74.89,Holt_Winters,20250113
2025-01-14,FC-Central,SKU-ELEC-005,14,35.54,0.0,76.46,Holt_Winters,20250114
2025-01-14,FC-Central,SKU-ELEC-005,14,35.54,0.0,76.46,Holt_Winters,20250114
2025-01-15,FC-Central,SKU-ELEC-005,15,35.93,0.0,77.29,Holt_Winters,20250115
2025-01-15,FC-Central,SKU-ELEC-005,15,35.93,0.0,77.29,Holt_Winters,20250115
2025-01-16,FC-Central,SKU-ELEC-005,16,36.22,0.0,78.03,Holt_Winters,20250116
2025-01-16,FC-Central,SKU-ELEC-005,16,36.22,0.0,78.03,Holt_Winters,20250116
2025-01-17,FC-Central,SKU-ELEC-005,17,40.02,0.0,82.26,Holt_Winters,20250117
2025-01-17,FC-Central,SKU-ELEC-005,17,40.02,0.0,82.26,Holt_Winters,20250117
2025-01-18,FC-Central,SKU-ELEC-005,18,40.86,0.0,83.51,Holt_Winters,20250118
2025-01-18,FC-Central,SKU-ELEC-005,18,40.86,0.0,83.51,Holt_Winters,20250118
2025-01-19,FC-Central,SKU-ELEC-005,19,41.45,0.0,84.53,Holt_Winters,20250119
2025-01-19,FC-Central,SKU-ELEC-005,19,41.45,0.0,84.53,Holt_Winters,20250119
2025-01-20,FC-Central,SKU-ELEC-005,20,34.6,0.0,78.09,Holt_Winters,20250120
2025-01-20,FC-Central,SKU-ELEC-005,20,34.6,0.0,78.09,Holt_Winters,20250120
2025-01-21,FC-Central,SKU-ELEC-005,21,35.72,0.0,79.62,Holt_Winters,20250121
2025-01-21,FC-Central,SKU-ELEC-005,21,35.72,0.0,79.62,Holt_Winters,20250121
2025-01-22,FC-Central,SKU-ELEC-005,22,36.1,0.0,80.42,Holt_Winters,20250122
2025-01-22,FC-Central,SKU-ELEC-005,22,36.1,0.0,80.42,Holt_Winters,20250122
2025-01-23,FC-Central,SKU-ELEC-005,23,36.39,0.0,81.12,Holt_Winters,20250123
2025-01-23,FC-Central,SKU-ELEC-005,23,36.39,0.0,81.12,Holt_Winters,20250123
2025-01-24,FC-Central,SKU-ELEC-005,24,40.2,0.0,85.32,Holt_Winters,20250124
2025-01-24,FC-Central,SKU-ELEC-005,24,40.2,0.0,85.32,Holt_Winters,20250124
2025-01-25,FC-Central,SKU-ELEC-005,25,41.04,0.0,86.57,Holt_Winters,20250125
2025-01-25,FC-Central,SKU-ELEC-005,25,41.04,0.0,86.57,Holt_Winters,20250125
2025-01-26,FC-Central,SKU-ELEC-005,26,41.63,0.0,87.55,Holt_Winters,20250126
2025-01-26,FC-Central,SKU-ELEC-005,26,41.63,0.0,87.55,Holt_Winters,20250126
2025-01-27,FC-Central,SKU-ELEC-005,27,34.78,0.0,81.09,Holt_Winters,20250127
2025-01-27,FC-Central,SKU-ELEC-005,27,34.78,0.0,81.09,Holt_Winters,20250127
2025-01-28,FC-Central,SKU-ELEC-005,28,35.89,0.0,82.6,Holt_Winters,20250128
2025-01-28,FC-Central,SKU-ELEC-005,28,35.89,0.0,82.6,Holt_Winters,20250128
2025-01-01,FC-Central,SKU-ELEC-006,1,15.68,0.0,50.39,Holt_Winters,20250101
2025-01-01,FC-Central,SKU-ELEC-006,1,15.68,0.0,50.39,Holt_Winters,20250101
2025-01-02,FC-Central,SKU-ELEC-006,2,17.66,0.0,52.88,Holt_Winters,20250102
2025-01-02,FC-Central,SKU-ELEC-006,2,17.66,0.0,52.88,Holt_Winters,20250102
2025-01-03,FC-Central,SKU-ELEC-006,3,21.33,0.0,57.06,Holt_Winters,20250103
2025-01-03,FC-Central,SKU-ELEC-006,3,21.33,0.0,57.06,Holt_Winters,20250103
2025-01-04,FC-Central,SKU-ELEC-006,4,23.97,0.0,60.21,Holt_Winters,20250104
2025-01-04,FC-Central,SKU-ELEC-006,4,23.97,0.0,60.21,Holt_Winters,20250104
2025-01-05,FC-Central,SKU-ELEC-006,5,21.41,0.0,58.14,Holt_Winters,20250105
2025-01-05,FC-Central,SKU-ELEC-006,5,21.41,0.0,58.14,Holt_Winters,20250105
2025-01-06,FC-Central,SKU-ELEC-006,6,15.53,0.0,52.75,Holt_Winters,20250106
2025-01-06,FC-Central,SKU-ELEC-006,6,15.53,0.0,52.75,Holt_Winters,20250106
2025-01-07,FC-Central,SKU-ELEC-006,7,15.12,0.0,52.83,Holt_Winters,20250107
2025-01-07,FC-Central,SKU-ELEC-006,7,15.12,0.0,52.83,Holt_Winters,20250107
2025-01-08,FC-Central,SKU-ELEC-006,8,15.64,0.0,53.82,Holt_Winters,20250108
2025-01-08,FC-Central,SKU-ELEC-006,8,15.64,0.0,53.82,Holt_Winters,20250108
2025-01-09,FC-Central,SKU-ELEC-006,9,17.62,0.0,56.27,Holt_Winters,20250109
2025-01-09,FC-Central,SKU-ELEC-006,9,17.62,0.0,56.27,Holt_Winters,20250109
2025-01-10,FC-Central,SKU-ELEC-006,10,21.28,0.0,60.4,Holt_Winters,20250110
2025-01-10,FC-Central,SKU-ELEC-006,10,21.28,0.0,60.4,Holt_Winters,20250110
2025-01-11,FC-Central,SKU-ELEC-006,11,23.93,0.0,63.5,Holt_Winters,20250111
2025-01-11,FC-Central,SKU-ELEC-006,11,23.93,0.0,63.5,Holt_Winters,20250111
2025-01-12,FC-Central,SKU-ELEC-006,12,21.37,0.0,61.39,Holt_Winters,20250112
2025-01-12,FC-Central,SKU-ELEC-006,12,21.37,0.0,61.39,Holt_Winters,20250112
2025-01-13,FC-Central,SKU-ELEC-006,13,15.48,0.0,55.95,Holt_Winters,20250113
2025-01-13,FC-Central,SKU-ELEC-006,13,15.48,0.0,55.95,Holt_Winters,20250113
2025-01-14,FC-Central,SKU-ELEC-006,14,15.07,0.0,55.99,Holt_Winters,20250114
2025-01-14,FC-Central,SKU-ELEC-006,14,15.07,0.0,55.99,Holt_Winters,20250114
2025-01-15,FC-Central,SKU-ELEC-006,15,15.59,0.0,56.95,Holt_Winters,20250115
2025-01-15,FC-Central,SKU-ELEC-006,15,15.59,0.0,56.95,Holt_Winters,20250115
2025-01-16,FC-Central,SKU-ELEC-006,16,17.57,0.0,59.38,Holt_Winters,20250116
2025-01-16,FC-Central,SKU-ELEC-006,16,17.57,0.0,59.38,Holt_Winters,20250116
2025-01-17,FC-Central,SKU-ELEC-006,17,21.24,0.0,63.48,Holt_Winters,20250117
2025-01-17,FC-Central,SKU-ELEC-006,17,21.24,0.0,63.48,Holt_Winters,20250117
2025-01-18,FC-Central,SKU-ELEC-006,18,23.88,0.0,66.53,Holt_Winters,20250118
2025-01-18,FC-Central,SKU-ELEC-006,18,23.88,0.0,66.53,Holt_Winters,20250118
2025-01-19,FC-Central,SKU-ELEC-006,19,21.32,0.0,64.4,Holt_Winters,20250119
2025-01-19,FC-Central,SKU-ELEC-006,19,21.32,0.0,64.4,Holt_Winters,20250119
2025-01-20,FC-Central,SKU-ELEC-006,20,15.44,0.0,58.93,Holt_Winters,20250120
2025-01-20,FC-Central,SKU-ELEC-006,20,15.44,0.0,58.93,Holt_Winters,20250120
2025-01-21,FC-Central,SKU-ELEC-006,21,15.03,0.0,58.93,Holt_Winters,20250121
2025-01-21,FC-Central,SKU-ELEC-006,21,15.03,0.0,58.93,Holt_Winters,20250121
2025-01-22,FC-Central,SKU-ELEC-006,22,15.55,0.0,59.87,Holt_Winters,20250122
2025-01-22,FC-Central,SKU-ELEC-006,22,15.55,0.0,59.87,Holt_Winters,20250122
2025-01-23,FC-Central,SKU-ELEC-006,23,17.53,0.0,62.26,Holt_Winters,20250123
2025-01-23,FC-Central,SKU-ELEC-006,23,17.53,0.0,62.26,Holt_Winters,20250123
2025-01-24,FC-Central,SKU-ELEC-006,24,21.19,0.0,66.31,Holt_Winters,20250124
2025-01-24,FC-Central,SKU-ELEC-006,24,21.19,0.0,66.31,Holt_Winters,20250124
2025-01-25,FC-Central,SKU-ELEC-006,25,23.84,0.0,69.37,Holt_Winters,20250125
2025-01-25,FC-Central,SKU-ELEC-006,25,23.84,0.0,69.37,Holt_Winters,20250125
2025-01-26,FC-Central,SKU-ELEC-006,26,21.28,0.0,67.2,Holt_Winters,20250126
2025-01-26,FC-Central,SKU-ELEC-006,26,21.28,0.0,67.2,Holt_Winters,20250126
2025-01-27,FC-Central,SKU-ELEC-006,27,15.39,0.0,61.7,Holt_Winters,20250127
2025-01-27,FC-Central,SKU-ELEC-006,27,15.39,0.0,61.7,Holt_Winters,20250127
2025-01-28,FC-Central,SKU-ELEC-006,28,14.98,0.0,61.69,Holt_Winters,20250128
2025-01-28,FC-Central,SKU-ELEC-006,28,14.98,0.0,61.69,Holt_Winters,20250128
2025-01-01,FC-Central,SKU-ELEC-007,1,8.7,0.0,43.41,Holt_Winters,20250101
2025-01-01,FC-Central,SKU-ELEC-007,1,8.7,0.0,43.41,Holt_Winters,20250101
2025-01-02,FC-Central,SKU-ELEC-007,2,8.96,0.0,44.18,Holt_Winters,20250102
2025-01-02,FC-Central,SKU-ELEC-007,2,8.96,0.0,44.18,Holt_Winters,20250102
2025-01-03,FC-Central,SKU-ELEC-007,3,11.14,0.0,46.87,Holt_Winters,20250103
2025-01-03,FC-Central,SKU-ELEC-007,3,11.14,0.0,46.87,Holt_Winters,20250103
2025-01-04,FC-Central,SKU-ELEC-007,4,11.06,0.0,47.3,Holt_Winters,20250104
2025-01-04,FC-Central,SKU-ELEC-007,4,11.06,0.0,47.3,Holt_Winters,20250104
2025-01-05,FC-Central,SKU-ELEC-007,5,10.57,0.0,47.3,Holt_Winters,20250105
2025-01-05,FC-Central,SKU-ELEC-007,5,10.57,0.0,47.3,Holt_Winters,20250105
2025-01-06,FC-Central,SKU-ELEC-007,6,7.76,0.0,44.98,Holt_Winters,20250106
2025-01-06,FC-Central,SKU-ELEC-007,6,7.76,0.0,44.98,Holt_Winters,20250106
2025-01-07,FC-Central,SKU-ELEC-007,7,8.24,0.0,45.95,Holt_Winters,20250107
2025-01-07,FC-Central,SKU-ELEC-007,7,8.24,0.0,45.95,Holt_Winters,20250107
2025-01-08,FC-Central,SKU-ELEC-007,8,8.66,0.0,46.84,Holt_Winters,20250108
2025-01-08,FC-Central,SKU-ELEC-007,8,8.66,0.0,46.84,Holt_Winters,20250108
2025-01-09,FC-Central,SKU-ELEC-007,9,8.92,0.0,47.57,Holt_Winters,20250109
2025-01-09,FC-Central,SKU-ELEC-007,9,8.92,0.0,47.57,Holt_Winters,20250109
2025-01-10,FC-Central,SKU-ELEC-007,10,11.1,0.0,50.22,Holt_Winters,20250110
2025-01-10,FC-Central,SKU-ELEC-007,10,11.1,0.0,50.22,Holt_Winters,20250110
2025-01-11,FC-Central,SKU-ELEC-007,11,11.02,0.0,50.59,Holt_Winters,20250111
2025-01-11,FC-Central,SKU-ELEC-007,11,11.02,0.0,50.59,Holt_Winters,20250111
2025-01-12,FC-Central,SKU-ELEC-007,12,10.53,0.0,50.55,Holt_Winters,20250112
2025-01-12,FC-Central,SKU-ELEC-007,12,10.53,0.0,50.55,Holt_Winters,20250112
2025-01-13,FC-Central,SKU-ELEC-007,13,7.72,0.0,48.19,Holt_Winters,20250113
2025-01-13,FC-Central,SKU-ELEC-007,13,7.72,0.0,48.19,Holt_Winters,20250113
2025-01-14,FC-Central,SKU-ELEC-007,14,8.2,0.0,49.12,Holt_Winters,20250114
2025-01-14,FC-Central,SKU-ELEC-007,14,8.2,0.0,49.12,Holt_Winters,20250114
2025-01-15,FC-Central,SKU-ELEC-007,15,8.62,0.0,49.98,Holt_Winters,20250115
2025-01-15,FC-Central,SKU-ELEC-007,15,8.62,0.0,49.98,Holt_Winters,20250115
2025-01-16,FC-Central,SKU-ELEC-007,16,8.88,0.0,50.69,Holt_Winters,20250116
2025-01-16,FC-Central,SKU-ELEC-007,16,8.88,0.0,50.69,Holt_Winters,20250116
2025-01-17,FC-Central,SKU-ELEC-007,17,11.06,0.0,53.3,Holt_Winters,20250117
2025-01-17,FC-Central,SKU-ELEC-007,17,11.06,0.0,53.3,Holt_Winters,20250117
2025-01-18,FC-Central,SKU-ELEC-007,18,10.98,0.0,53.63,Holt_Winters,20250118
2025-01-18,FC-Central,SKU-ELEC-007,18,10.98,0.0,53.63,Holt_Winters,20250118
2025-01-19,FC-Central,SKU-ELEC-007,19,10.49,0.0,53.57,Holt_Winters,20250119
2025-01-19,FC-Central,SKU-ELEC-007,19,10.49,0.0,53.57,Holt_Winters,20250119
2025-01-20,FC-Central,SKU-ELEC-007,20,7.68,0.0,51.17,Holt_Winters,20250120
2025-01-20,FC-Central,SKU-ELEC-007,20,7.68,0.0,51.17,Holt_Winters,20250120
2025-01-21,FC-Central,SKU-ELEC-007,21,8.16,0.0,52.06,Holt_Winters,20250121
2025-01-21,FC-Central,SKU-ELEC-007,21,8.16,0.0,52.06,Holt_Winters,20250121
2025-01-22,FC-Central,SKU-ELEC-007,22,8.58,0.0,52.9,Holt_Winters,20250122
2025-01-22,FC-Central,SKU-ELEC-007,22,8.58,0.0,52.9,Holt_Winters,20250122
2025-01-23,FC-Central,SKU-ELEC-007,23,8.84,0.0,53.57,Holt_Winters,20250123
2025-01-23,FC-Central,SKU-ELEC-007,23,8.84,0.0,53.57,Holt_Winters,20250123
2025-01-24,FC-Central,SKU-ELEC-007,24,11.02,0.0,56.14,Holt_Winters,20250124
2025-01-24,FC-Central,SKU-ELEC-007,24,11.02,0.0,56.14,Holt_Winters,20250124
2025-01-25,FC-Central,SKU-ELEC-007,25,10.93,0.0,56.46,Holt_Winters,20250125
2025-01-25,FC-Central,SKU-ELEC-007,25,10.93,0.0,56.46,Holt_Winters,20250125
2025-01-26,FC-Central,SKU-ELEC-007,26,10.44,0.0,56.36,Holt_Winters,20250126
2025-01-26,FC-Central,SKU-ELEC-007,26,10.44,0.0,56.36,Holt_Winters,20250126
2025-01-27,FC-Central,SKU-ELEC-007,27,7.64,0.0,53.95,Holt_Winters,20250127
2025-01-27,FC-Central,SKU-ELEC-007,27,7.64,0.0,53.95,Holt_Winters,20250127
2025-01-28,FC-Central,SKU-ELEC-007,28,8.12,0.0,54.83,Holt_Winters,20250128
2025-01-28,FC-Central,SKU-ELEC-007,28,8.12,0.0,54.83,Holt_Winters,20250128
2025-01-01,FC-Central,SKU-ELEC-008,1,55.17,20.46,89.88,Holt_Winters,20250101
2025-01-01,FC-Central,SKU-ELEC-008,1,55.17,20.46,89.88,Holt_Winters,20250101
2025-01-02,FC-Central,SKU-ELEC-008,2,53.25,18.03,88.47,Holt_Winters,20250102
2025-01-02,FC-Central,SKU-ELEC-008,2,53.25,18.03,88.47,Holt_Winters,20250102
2025-01-03,FC-Central,SKU-ELEC-008,3,59.42,23.69,95.15,Holt_Winters,20250103
2025-01-03,FC-Central,SKU-ELEC-008,3,59.42,23.69,95.15,Holt_Winters,20250103
2025-01-04,FC-Central,SKU-ELEC-008,4,64.57,28.33,100.81,Holt_Winters,20250104
2025-01-04,FC-Central,SKU-ELEC-008,4,64.57,28.33,100.81,Holt_Winters,20250104
2025-01-05,FC-Central,SKU-ELEC-008,5,65.0,28.27,101.73,Holt_Winters,20250105
2025-01-05,FC-Central,SKU-ELEC-008,5,65.0,28.27,101.73,Holt_Winters,20250105
2025-01-06,FC-Central,SKU-ELEC-008,6,53.16,15.94,90.38,Holt_Winters,20250106
2025-01-06,FC-Central,SKU-ELEC-008,6,53.16,15.94,90.38,Holt_Winters,20250106
2025-01-07,FC-Central,SKU-ELEC-008,7,53.51,15.8,91.22,Holt_Winters,20250107
2025-01-07,FC-Central,SKU-ELEC-008,7,53.51,15.8,91.22,Holt_Winters,20250107
2025-01-08,FC-Central,SKU-ELEC-008,8,55.48,17.3,93.66,Holt_Winters,20250108
2025-01-08,FC-Central,SKU-ELEC-008,8,55.48,17.3,93.66,Holt_Winters,20250108
2025-01-09,FC-Central,SKU-ELEC-008,9,53.56,14.91,92.21,Holt_Winters,20250109
2025-01-09,FC-Central,SKU-ELEC-008,9,53.56,14.91,92.21,Holt_Winters,20250109
2025-01-10,FC-Central,SKU-ELEC-008,10,59.73,20.61,98.85,Holt_Winters,20250110
2025-01-10,FC-Central,SKU-ELEC-008,10,59.73,20.61,98.85,Holt_Winters,20250110
2025-01-11,FC-Central,SKU-ELEC-008,11,64.88,25.31,104.45,Holt_Winters,20250111
2025-01-11,FC-Central,SKU-ELEC-008,11,64.88,25.31,104.45,Holt_Winters,20250111
2025-01-12,FC-Central,SKU-ELEC-008,12,65.31,25.29,105.33,Holt_Winters,20250112
2025-01-12,FC-Central,SKU-ELEC-008,12,65.31,25.29,105.33,Holt_Winters,20250112
2025-01-13,FC-Central,SKU-ELEC-008,13,53.47,13.0,93.94,Holt_Winters,20250113
2025-01-13,FC-Central,SKU-ELEC-008,13,53.47,13.0,93.94,Holt_Winters,20250113
2025-01-14,FC-Central,SKU-ELEC-008,14,53.82,12.9,94.74,Holt_Winters,20250114
2025-01-14,FC-Central,SKU-ELEC-008,14,53.82,12.9,94.74,Holt_Winters,20250114
2025-01-15,FC-Central,SKU-ELEC-008,15,55.79,14.43,97.15,Holt_Winters,20250115
2025-01-15,FC-Central,SKU-ELEC-008,15,55.79,14.43,97.15,Holt_Winters,20250115
2025-01-16,FC-Central,SKU-ELEC-008,16,53.87,12.06,95.68,Holt_Winters,20250116
2025-01-16,FC-Central,SKU-ELEC-008,16,53.87,12.06,95.68,Holt_Winters,20250116
2025-01-17,FC-Central,SKU-ELEC-008,17,60.04,17.8,102.28,Holt_Winters,20250117
2025-01-17,FC-Central,SKU-ELEC-008,17,60.04,17.8,102.28,Holt_Winters,20250117
2025-01-18,FC-Central,SKU-ELEC-008,18,65.19,22.54,107.84,Holt_Winters,20250118
2025-01-18,FC-Central,SKU-ELEC-008,18,65.19,22.54,107.84,Holt_Winters,20250118
2025-01-19,FC-Central,SKU-ELEC-008,19,65.62,22.54,108.7,Holt_Winters,20250119
2025-01-19,FC-Central,SKU-ELEC-008,19,65.62,22.54,108.7,Holt_Winters,20250119
2025-01-20,FC-Central,SKU-ELEC-008,20,53.78,10.29,97.27,Holt_Winters,20250120
2025-01-20,FC-Central,SKU-ELEC-008,20,53.78,10.29,97.27,Holt_Winters,20250120
2025-01-21,FC-Central,SKU-ELEC-008,21,54.13,10.23,98.03,Holt_Winters,20250121
2025-01-21,FC-Central,SKU-ELEC-008,21,54.13,10.23,98.03,Holt_Winters,20250121
2025-01-22,FC-Central,SKU-ELEC-008,22,56.1,11.78,100.42,Holt_Winters,20250122
2025-01-22,FC-Central,SKU-ELEC-008,22,56.1,11.78,100.42,Holt_Winters,20250122
2025-01-23,FC-Central,SKU-ELEC-008,23,54.18,9.45,98.91,Holt_Winters,20250123
2025-01-23,FC-Central,SKU-ELEC-008,23,54.18,9.45,98.91,Holt_Winters,20250123
2025-01-24,FC-Central,SKU-ELEC-008,24,60.35,15.23,105.47,Holt_Winters,20250124
2025-01-24,FC-Central,SKU-ELEC-008,24,60.35,15.23,105.47,Holt_Winters,20250124
2025-01-25,FC-Central,SKU-ELEC-008,25,65.5,19.97,111.03,Holt_Winters,20250125
2025-01-25,FC-Central,SKU-ELEC-008,25,65.5,19.97,111.03,Holt_Winters,20250125
2025-01-26,FC-Central,SKU-ELEC-008,26,65.93,20.01,111.85,Holt_Winters,20250126
2025-01-26,FC-Central,SKU-ELEC-008,26,65.93,20.01,111.85,Holt_Winters,20250126
2025-01-27,FC-Central,SKU-ELEC-008,27,54.09,7.78,100.4,Holt_Winters,20250127
2025-01-27,FC-Central,SKU-ELEC-008,27,54.09,7.78,100.4,Holt_Winters,20250127
2025-01-28,FC-Central,SKU-ELEC-008,28,54.44,7.73,101.15,Holt_Winters,20250128
2025-01-28,FC-Central,SKU-ELEC-008,28,54.44,7.73,101.15,Holt_Winters,20250128
2025-01-01,FC-Central,SKU-ELEC-009,1,2.87,0.0,37.58,Holt_Winters,20250101
2025-01-01,FC-Central,SKU-ELEC-009,1,2.87,0.0,37.58,Holt_Winters,20250101
2025-01-02,FC-Central,SKU-ELEC-009,2,2.91,0.0,38.13,Holt_Winters,20250102
2025-01-02,FC-Central,SKU-ELEC-009,2,2.91,0.0,38.13,Holt_Winters,20250102
2025-01-03,FC-Central,SKU-ELEC-009,3,2.66,0.0,38.39,Holt_Winters,20250103
2025-01-03,FC-Central,SKU-ELEC-009,3,2.66,0.0,38.39,Holt_Winters,20250103
2025-01-04,FC-Central,SKU-ELEC-009,4,3.06,0.0,39.3,Holt_Winters,20250104
2025-01-04,FC-Central,SKU-ELEC-009,4,3.06,0.0,39.3,Holt_Winters,20250104
2025-01-05,FC-Central,SKU-ELEC-009,5,2.48,0.0,39.21,Holt_Winters,20250105
2025-01-05,FC-Central,SKU-ELEC-009,5,2.48,0.0,39.21,Holt_Winters,20250105
2025-01-06,FC-Central,SKU-ELEC-009,6,2.7,0.0,39.92,Holt_Winters,20250106
2025-01-06,FC-Central,SKU-ELEC-009,6,2.7,0.0,39.92,Holt_Winters,20250106
2025-01-07,FC-Central,SKU-ELEC-009,7,1.82,0.0,39.53,Holt_Winters,20250107
2025-01-07,FC-Central,SKU-ELEC-009,7,1.82,0.0,39.53,Holt_Winters,20250107
2025-01-08,FC-Central,SKU-ELEC-009,8,2.88,0.0,41.06,Holt_Winters,20250108
2025-01-08,FC-Central,SKU-ELEC-009,8,2.88,0.0,41.06,Holt_Winters,20250108
2025-01-09,FC-Central,SKU-ELEC-009,9,2.92,0.0,41.57,Holt_Winters,20250109
2025-01-09,FC-Central,SKU-ELEC-009,9,2.92,0.0,41.57,Holt_Winters,20250109
2025-01-10,FC-Central,SKU-ELEC-009,10,2.67,0.0,41.79,Holt_Winters,20250110
2025-01-10,FC-Central,SKU-ELEC-009,10,2.67,0.0,41.79,Holt_Winters,20250110
2025-01-11,FC-Central,SKU-ELEC-009,11,3.06,0.0,42.63,Holt_Winters,20250111
2025-01-11,FC-Central,SKU-ELEC-009,11,3.06,0.0,42.63,Holt_Winters,20250111
2025-01-12,FC-Central,SKU-ELEC-009,12,2.48,0.0,42.5,Holt_Winters,20250112
2025-01-12,FC-Central,SKU-ELEC-009,12,2.48,0.0,42.5,Holt_Winters,20250112
2025-01-13,FC-Central,SKU-ELEC-009,13,2.7,0.0,43.17,Holt_Winters,20250113
2025-01-13,FC-Central,SKU-ELEC-009,13,2.7,0.0,43.17,Holt_Winters,20250113
2025-01-14,FC-Central,SKU-ELEC-009,14,1.83,0.0,42.75,Holt_Winters,20250114
2025-01-14,FC-Central,SKU-ELEC-009,14,1.83,0.0,42.75,Holt_Winters,20250114
2025-01-15,FC-Central,SKU-ELEC-009,15,2.88,0.0,44.24,Holt_Winters,20250115
2025-01-15,FC-Central,SKU-ELEC-009,15,2.88,0.0,44.24,Holt_Winters,20250115
2025-01-16,FC-Central,SKU-ELEC-009,16,2.92,0.0,44.73,Holt_Winters,20250116
2025-01-16,FC-Central,SKU-ELEC-009,16,2.92,0.0,44.73,Holt_Winters,20250116
2025-01-17,FC-Central,SKU-ELEC-009,17,2.67,0.0,44.91,Holt_Winters,20250117
2025-01-17,FC-Central,SKU-ELEC-009,17,2.67,0.0,44.91,Holt_Winters,20250117
2025-01-18,FC-Central,SKU-ELEC-009,18,3.07,0.0,45.72,Holt_Winters,20250118
2025-01-18,FC-Central,SKU-ELEC-009,18,3.07,0.0,45.72,Holt_Winters,20250118
2025-01-19,FC-Central,SKU-ELEC-009,19,2.49,0.0,45.57,Holt_Winters,20250119
2025-01-19,FC-Central,SKU-ELEC-009,19,2.49,0.0,45.57,Holt_Winters,20250119
2025-01-20,FC-Central,SKU-ELEC-009,20,2.71,0.0,46.2,Holt_Winters,20250120
2025-01-20,FC-Central,SKU-ELEC-009,20,2.71,0.0,46.2,Holt_Winters,20250120
2025-01-21,FC-Central,SKU-ELEC-009,21,1.83,0.0,45.73,Holt_Winters,20250121
2025-01-21,FC-Central,SKU-ELEC-009,21,1.83,0.0,45.73,Holt_Winters,20250121
2025-01-22,FC-Central,SKU-ELEC-009,22,2.89,0.0,47.21,Holt_Winters,20250122
2025-01-22,FC-Central,SKU-ELEC-009,22,2.89,0.0,47.21,Holt_Winters,20250122
2025-01-23,FC-Central,SKU-ELEC-009,23,2.93,0.0,47.66,Holt_Winters,20250123
2025-01-23,FC-Central,SKU-ELEC-009,23,2.93,0.0,47.66,Holt_Winters,20250123
2025-01-24,FC-Central,SKU-ELEC-009,24,2.68,0.0,47.8,Holt_Winters,20250124
2025-01-24,FC-Central,SKU-ELEC-009,24,2.68,0.0,47.8,Holt_Winters,20250124
2025-01-25,FC-Central,SKU-ELEC-009,25,3.07,0.0,48.6,Holt_Winters,20250125
2025-01-25,FC-Central,SKU-ELEC-009,25,3.07,0.0,48.6,Holt_Winters,20250125
2025-01-26,FC-Central,SKU-ELEC-009,26,2.49,0.0,48.41,Holt_Winters,20250126
2025-01-26,FC-Central,SKU-ELEC-009,26,2.49,0.0,48.41,Holt_Winters,20250126
2025-01-27,FC-Central,SKU-ELEC-009,27,2.71,0.0,49.02,Holt_Winters,20250127
2025-01-27,FC-Central,SKU-ELEC-009,27,2.71,0.0,49.02,Holt_Winters,20250127
2025-01-28,FC-Central,SKU-ELEC-009,28,1.84,0.0,48.55,Holt_Winters,20250128
2025-01-28,FC-Central,SKU-ELEC-009,28,1.84,0.0,48.55,Holt_Winters,20250128
2025-01-01,FC-Central,SKU-ELEC-010,1,5.69,0.0,40.4,Holt_Winters,20250101
2025-01-01,FC-Central,SKU-ELEC-010,1,5.69,0.0,40.4,Holt_Winters,20250101
2025-01-02,FC-Central,SKU-ELEC-010,2,5.5,0.0,40.72,Holt_Winters,20250102
2025-01-02,FC-Central,SKU-ELEC-010,2,5.5,0.0,40.72,Holt_Winters,20250102
2025-01-03,FC-Central,SKU-ELEC-010,3,6.46,0.0,42.19,Holt_Winters,20250103
2025-01-03,FC-Central,SKU-ELEC-010,3,6.46,0.0,42.19,Holt_Winters,20250103
2025-01-04,FC-Central,SKU-ELEC-010,4,7.99,0.0,44.23,Holt_Winters,20250104
2025-01-04,FC-Central,SKU-ELEC-010,4,7.99,0.0,44.23,Holt_Winters,20250104
2025-01-05,FC-Central,SKU-ELEC-010,5,7.14,0.0,43.87,Holt_Winters,20250105
2025-01-05,FC-Central,SKU-ELEC-010,5,7.14,0.0,43.87,Holt_Winters,20250105
2025-01-06,FC-Central,SKU-ELEC-010,6,5.14,0.0,42.36,Holt_Winters,20250106
2025-01-06,FC-Central,SKU-ELEC-010,6,5.14,0.0,42.36,Holt_Winters,20250106
2025-01-07,FC-Central,SKU-ELEC-010,7,5.34,0.0,43.05,Holt_Winters,20250107
2025-01-07,FC-Central,SKU-ELEC-010,7,5.34,0.0,43.05,Holt_Winters,20250107
2025-01-08,FC-Central,SKU-ELEC-010,8,5.68,0.0,43.86,Holt_Winters,20250108
2025-01-08,FC-Central,SKU-ELEC-010,8,5.68,0.0,43.86,Holt_Winters,20250108
2025-01-09,FC-Central,SKU-ELEC-010,9,5.49,0.0,44.14,Holt_Winters,20250109
2025-01-09,FC-Central,SKU-ELEC-010,9,5.49,0.0,44.14,Holt_Winters,20250109
2025-01-10,FC-Central,SKU-ELEC-010,10,6.46,0.0,45.58,Holt_Winters,20250110
2025-01-10,FC-Central,SKU-ELEC-010,10,6.46,0.0,45.58,Holt_Winters,20250110
2025-01-11,FC-Central,SKU-ELEC-010,11,7.99,0.0,47.56,Holt_Winters,20250111
2025-01-11,FC-Central,SKU-ELEC-010,11,7.99,0.0,47.56,Holt_Winters,20250111
2025-01-12,FC-Central,SKU-ELEC-010,12,7.13,0.0,47.15,Holt_Winters,20250112
2025-01-12,FC-Central,SKU-ELEC-010,12,7.13,0.0,47.15,Holt_Winters,20250112
2025-01-13,FC-Central,SKU-ELEC-010,13,5.14,0.0,45.61,Holt_Winters,20250113
2025-01-13,FC-Central,SKU-ELEC-010,13,5.14,0.0,45.61,Holt_Winters,20250113
2025-01-14,FC-Central,SKU-ELEC-010,14,5.34,0.0,46.26,Holt_Winters,20250114
2025-01-14,FC-Central,SKU-ELEC-010,14,5.34,0.0,46.26,Holt_Winters,20250114
2025-01-15,FC-Central,SKU-ELEC-010,15,5.68,0.0,47.04,Holt_Winters,20250115
2025-01-15,FC-Central,SKU-ELEC-010,15,5.68,0.0,47.04,Holt_Winters,20250115
2025-01-16,FC-Central,SKU-ELEC-010,16,5.49,0.0,47.3,Holt_Winters,20250116
2025-01-16,FC-Central,SKU-ELEC-010,16,5.49,0.0,47.3,Holt_Winters,20250116
2025-01-17,FC-Central,SKU-ELEC-010,17,6.45,0.0,48.69,Holt_Winters,20250117
2025-01-17,FC-Central,SKU-ELEC-010,17,6.45,0.0,48.69,Holt_Winters,20250117
2025-01-18,FC-Central,SKU-ELEC-010,18,7.99,0.0,50.64,Holt_Winters,20250118
2025-01-18,FC-Central,SKU-ELEC-010,18,7.99,0.0,50.64,Holt_Winters,20250118
2025-01-19,FC-Central,SKU-ELEC-010,19,7.13,0.0,50.21,Holt_Winters,20250119
2025-01-19,FC-Central,SKU-ELEC-010,19,7.13,0.0,50.21,Holt_Winters,20250119
2025-01-20,FC-Central,SKU-ELEC-010,20,5.13,0.0,48.62,Holt_Winters,20250120
2025-01-20,FC-Central,SKU-ELEC-010,20,5.13,0.0,48.62,Holt_Winters,20250120
2025-01-21,FC-Central,SKU-ELEC-010,21,5.34,0.0,49.24,Holt_Winters,20250121
2025-01-21,FC-Central,SKU-ELEC-010,21,5.34,0.0,49.24,Holt_Winters,20250121
2025-01-22,FC-Central,SKU-ELEC-010,22,5.68,0.0,50.0,Holt_Winters,20250122
2025-01-22,FC-Central,SKU-ELEC-010,22,5.68,0.0,50.0,Holt_Winters,20250122
2025-01-23,FC-Central,SKU-ELEC-010,23,5.49,0.0,50.22,Holt_Winters,20250123
2025-01-23,FC-Central,SKU-ELEC-010,23,5.49,0.0,50.22,Holt_Winters,20250123
2025-01-24,FC-Central,SKU-ELEC-010,24,6.45,0.0,51.57,Holt_Winters,20250124
2025-01-24,FC-Central,SKU-ELEC-010,24,6.45,0.0,51.57,Holt_Winters,20250124
2025-01-25,FC-Central,SKU-ELEC-010,25,7.98,0.0,53.51,Holt_Winters,20250125
2025-01-25,FC-Central,SKU-ELEC-010,25,7.98,0.0,53.51,Holt_Winters,20250125
2025-01-26,FC-Central,SKU-ELEC-010,26,7.13,0.0,53.05,Holt_Winters,20250126
2025-01-26,FC-Central,SKU-ELEC-010,26,7.13,0.0,53.05,Holt_Winters,20250126
2025-01-27,FC-Central,SKU-ELEC-010,27,5.13,0.0,51.44,Holt_Winters,20250127
2025-01-27,FC-Central,SKU-ELEC-010,27,5.13,0.0,51.44,Holt_Winters,20250127
2025-01-28,FC-Central,SKU-ELEC-010,28,5.33,0.0,52.04,Holt_Winters,20250128
2025-01-28,FC-Central,SKU-ELEC-010,28,5.33,0.0,52.04,Holt_Winters,20250128
2025-01-01,FC-Central,SKU-GROC-001,1,53.24,18.53,87.95,Holt_Winters,20250101
2025-01-01,FC-Central,SKU-GROC-001,1,53.24,18.53,87.95,Holt_Winters,20250101
2025-01-02,FC-Central,SKU-GROC-001,2,58.62,23.4,93.84,Holt_Winters,20250102
2025-01-02,FC-Central,SKU-GROC-001,2,58.62,23.4,93.84,Holt_Winters,20250102
2025-01-03,FC-Central,SKU-GROC-001,3,66.62,30.89,102.35,Holt_Winters,20250103
2025-01-03,FC-Central,SKU-GROC-001,3,66.62,30.89,102.35,Holt_Winters,20250103
2025-01-04,FC-Central,SKU-GROC-001,4,73.48,37.24,109.72,Holt_Winters,20250104
2025-01-04,FC-Central,SKU-GROC-001,4,73.48,37.24,109.72,Holt_Winters,20250104
2025-01-05,FC-Central,SKU-GROC-001,5,65.64,28.91,102.37,Holt_Winters,20250105
2025-01-05,FC-Central,SKU-GROC-001,5,65.64,28.91,102.37,Holt_Winters,20250105
2025-01-06,FC-Central,SKU-GROC-001,6,50.64,13.42,87.86,Holt_Winters,20250106
2025-01-06,FC-Central,SKU-GROC-001,6,50.64,13.42,87.86,Holt_Winters,20250106
2025-01-07,FC-Central,SKU-GROC-001,7,53.51,15.8,91.22,Holt_Winters,20250107
2025-01-07,FC-Central,SKU-GROC-001,7,53.51,15.8,91.22,Holt_Winters,20250107
2025-01-08,FC-Central,SKU-GROC-001,8,53.27,15.09,91.45,Holt_Winters,20250108
2025-01-08,FC-Central,SKU-GROC-001,8,53.27,15.09,91.45,Holt_Winters,20250108
2025-01-09,FC-Central,SKU-GROC-001,9,58.65,20.0,97.3,Holt_Winters,20250109
2025-01-09,FC-Central,SKU-GROC-001,9,58.65,20.0,97.3,Holt_Winters,20250109
2025-01-10,FC-Central,SKU-GROC-001,10,66.65,27.53,105.77,Holt_Winters,20250110
2025-01-10,FC-Central,SKU-GROC-001,10,66.65,27.53,105.77,Holt_Winters,20250110
2025-01-11,FC-Central,SKU-GROC-001,11,73.51,33.94,113.08,Holt_Winters,20250111
2025-01-11,FC-Central,SKU-GROC-001,11,73.51,33.94,113.08,Holt_Winters,20250111
2025-01-12,FC-Central,SKU-GROC-001,12,65.67,25.65,105.69,Holt_Winters,20250112
2025-01-12,FC-Central,SKU-GROC-001,12,65.67,25.65,105.69,Holt_Winters,20250112
2025-01-13,FC-Central,SKU-GROC-001,13,50.67,10.2,91.14,Holt_Winters,20250113
2025-01-13,FC-Central,SKU-GROC-001,13,50.67,10.2,91.14,Holt_Winters,20250113
2025-01-14,FC-Central,SKU-GROC-001,14,53.54,12.62,94.46,Holt_Winters,20250114
2025-01-14,FC-Central,SKU-GROC-001,14,53.54,12.62,94.46,Holt_Winters,20250114
2025-01-15,FC-Central,SKU-GROC-001,15,53.3,11.94,94.66,Holt_Winters,20250115
2025-01-15,FC-Central,SKU-GROC-001,15,53.3,11.94,94.66,Holt_Winters,20250115
2025-01-16,FC-Central,SKU-GROC-001,16,58.67,16.86,100.48,Holt_Winters,20250116
2025-01-16,FC-Central,SKU-GROC-001,16,58.67,16.86,100.48,Holt_Winters,20250116
2025-01-17,FC-Central,SKU-GROC-001,17,66.68,24.44,108.92,Holt_Winters,20250117
2025-01-17,FC-Central,SKU-GROC-001,17,66.68,24.44,108.92,Holt_Winters,20250117
2025-01-18,FC-Central,SKU-GROC-001,18,73.54,30.89,116.19,Holt_Winters,20250118
2025-01-18,FC-Central,SKU-GROC-001,18,73.54,30.89,116.19,Holt_Winters,20250118
2025-01-19,FC-Central,SKU-GROC-001,19,65.7,22.62,108.78,Holt_Winters,20250119
2025-01-19,FC-Central,SKU-GROC-001,19,65.7,22.62,108.78,Holt_Winters,20250119
2025-01-20,FC-Central,SKU-GROC-001,20,50.7,7.21,94.19,Holt_Winters,20250120
2025-01-20,FC-Central,SKU-GROC-001,20,50.7,7.21,94.19,Holt_Winters,20250120
2025-01-21,FC-Central,SKU-GROC-001,21,53.56,9.66,97.46,Holt_Winters,20250121
2025-01-21,FC-Central,SKU-GROC-001,21,53.56,9.66,97.46,Holt_Winters,20250121
2025-01-22,FC-Central,SKU-GROC-001,22,53.33,9.01,97.65,Holt_Winters,20250122
2025-01-22,FC-Central,SKU-GROC-001,22,53.33,9.01,97.65,Holt_Winters,20250122
2025-01-23,FC-Central,SKU-GROC-001,23,58.7,13.97,103.43,Holt_Winters,20250123
2025-01-23,FC-Central,SKU-GROC-001,23,58.7,13.97,103.43,Holt_Winters,20250123
2025-01-24,FC-Central,SKU-GROC-001,24,66.7,21.58,111.82,Holt_Winters,20250124
2025-01-24,FC-Central,SKU-GROC-001,24,66.7,21.58,111.82,Holt_Winters,20250124
2025-01-25,FC-Central,SKU-GROC-001,25,73.57,28.04,119.1,Holt_Winters,20250125
2025-01-25,FC-Central,SKU-GROC-001,25,73.57,28.04,119.1,Holt_Winters,20250125
2025-01-26,FC-Central,SKU-GROC-001,26,65.73,19.81,111.65,Holt_Winters,20250126
2025-01-26,FC-Central,SKU-GROC-001,26,65.73,19.81,111.65,Holt_Winters,20250126
2025-01-27,FC-Central,SKU-GROC-001,27,50.72,4.41,97.03,Holt_Winters,20250127
2025-01-27,FC-Central,SKU-GROC-001,27,50.72,4.41,97.03,Holt_Winters,20250127
2025-01-28,FC-Central,SKU-GROC-001,28,53.59,6.88,100.3,Holt_Winters,20250128
2025-01-28,FC-Central,SKU-GROC-001,28,53.59,6.88,100.3,Holt_Winters,20250128
2025-01-01,FC-Central,SKU-GROC-002,1,41.68,6.97,76.39,Holt_Winters,20250101
2025-01-01,FC-Central,SKU-GROC-002,1,41.68,6.97,76.39,Holt_Winters,20250101
2025-01-02,FC-Central,SKU-GROC-002,2,42.27,7.05,77.49,Holt_Winters,20250102
2025-01-02,FC-Central,SKU-GROC-002,2,42.27,7.05,77.49,Holt_Winters,20250102
2025-01-03,FC-Central,SKU-GROC-002,3,49.07,13.34,84.8,Holt_Winters,20250103
2025-01-03,FC-Central,SKU-GROC-002,3,49.07,13.34,84.8,Holt_Winters,20250103
2025-01-04,FC-Central,SKU-GROC-002,4,55.66,19.42,91.9,Holt_Winters,20250104
2025-01-04,FC-Central,SKU-GROC-002,4,55.66,19.42,91.9,Holt_Winters,20250104
2025-01-05,FC-Central,SKU-GROC-002,5,50.69,13.96,87.42,Holt_Winters,20250105
2025-01-05,FC-Central,SKU-GROC-002,5,50.69,13.96,87.42,Holt_Winters,20250105
2025-01-06,FC-Central,SKU-GROC-002,6,39.09,1.87,76.31,Holt_Winters,20250106
2025-01-06,FC-Central,SKU-GROC-002,6,39.09,1.87,76.31,Holt_Winters,20250106
2025-01-07,FC-Central,SKU-GROC-002,7,39.17,1.46,76.88,Holt_Winters,20250107
2025-01-07,FC-Central,SKU-GROC-002,7,39.17,1.46,76.88,Holt_Winters,20250107
2025-01-08,FC-Central,SKU-GROC-002,8,41.7,3.52,79.88,Holt_Winters,20250108
2025-01-08,FC-Central,SKU-GROC-002,8,41.7,3.52,79.88,Holt_Winters,20250108
2025-01-09,FC-Central,SKU-GROC-002,9,42.3,3.65,80.95,Holt_Winters,20250109
2025-01-09,FC-Central,SKU-GROC-002,9,42.3,3.65,80.95,Holt_Winters,20250109
2025-01-10,FC-Central,SKU-GROC-002,10,49.1,9.98,88.22,Holt_Winters,20250110
2025-01-10,FC-Central,SKU-GROC-002,10,49.1,9.98,88.22,Holt_Winters,20250110
2025-01-11,FC-Central,SKU-GROC-002,11,55.69,16.12,95.26,Holt_Winters,20250111
2025-01-11,FC-Central,SKU-GROC-002,11,55.69,16.12,95.26,Holt_Winters,20250111
2025-01-12,FC-Central,SKU-GROC-002,12,50.72,10.7,90.74,Holt_Winters,20250112
2025-01-12,FC-Central,SKU-GROC-002,12,50.72,10.7,90.74,Holt_Winters,20250112
2025-01-13,FC-Central,SKU-GROC-002,13,39.11,0.0,79.58,Holt_Winters,20250113
2025-01-13,FC-Central,SKU-GROC-002,13,39.11,0.0,79.58,Holt_Winters,20250113
2025-01-14,FC-Central,SKU-GROC-002,14,39.2,0.0,80.12,Holt_Winters,20250114
2025-01-14,FC-Central,SKU-GROC-002,14,39.2,0.0,80.12,Holt_Winters,20250114
2025-01-15,FC-Central,SKU-GROC-002,15,41.73,0.37,83.09,Holt_Winters,20250115
2025-01-15,FC-Central,SKU-GROC-002,15,41.73,0.37,83.09,Holt_Winters,20250115
2025-01-16,FC-Central,SKU-GROC-002,16,42.33,0.52,84.14,Holt_Winters,20250116
2025-01-16,FC-Central,SKU-GROC-002,16,42.33,0.52,84.14,Holt_Winters,20250116
2025-01-17,FC-Central,SKU-GROC-002,17,49.13,6.89,91.37,Holt_Winters,20250117
2025-01-17,FC-Central,SKU-GROC-002,17,49.13,6.89,91.37,Holt_Winters,20250117
2025-01-18,FC-Central,SKU-GROC-002,18,55.72,13.07,98.37,Holt_Winters,20250118
2025-01-18,FC-Central,SKU-GROC-002,18,55.72,13.07,98.37,Holt_Winters,20250118
2025-01-19,FC-Central,SKU-GROC-002,19,50.74,7.66,93.82,Holt_Winters,20250119
2025-01-19,FC-Central,SKU-GROC-002,19,50.74,7.66,93.82,Holt_Winters,20250119
2025-01-20,FC-Central,SKU-GROC-002,20,39.14,0.0,82.63,Holt_Winters,20250120
2025-01-20,FC-Central,SKU-GROC-002,20,39.14,0.0,82.63,Holt_Winters,20250120
2025-01-21,FC-Central,SKU-GROC-002,21,39.23,0.0,83.13,Holt_Winters,20250121
2025-01-21,FC-Central,SKU-GROC-002,21,39.23,0.0,83.13,Holt_Winters,20250121
2025-01-22,FC-Central,SKU-GROC-002,22,41.76,0.0,86.08,Holt_Winters,20250122
2025-01-22,FC-Central,SKU-GROC-002,22,41.76,0.0,86.08,Holt_Winters,20250122
2025-01-23,FC-Central,SKU-GROC-002,23,42.36,0.0,87.09,Holt_Winters,20250123
2025-01-23,FC-Central,SKU-GROC-002,23,42.36,0.0,87.09,Holt_Winters,20250123
2025-01-24,FC-Central,SKU-GROC-002,24,49.16,4.04,94.28,Holt_Winters,20250124
2025-01-24,FC-Central,SKU-GROC-002,24,49.16,4.04,94.28,Holt_Winters,20250124
2025-01-25,FC-Central,SKU-GROC-002,25,55.75,10.22,101.28,Holt_Winters,20250125
2025-01-25,FC-Central,SKU-GROC-002,25,55.75,10.22,101.28,Holt_Winters,20250125
2025-01-26,FC-Central,SKU-GROC-002,26,50.77,4.85,96.69,Holt_Winters,20250126
2025-01-26,FC-Central,SKU-GROC-002,26,50.77,4.85,96.69,Holt_Winters,20250126
2025-01-27,FC-Central,SKU-GROC-002,27,39.17,0.0,85.48,Holt_Winters,20250127
2025-01-27,FC-Central,SKU-GROC-002,27,39.17,0.0,85.48,Holt_Winters,20250127
2025-01-28,FC-Central,SKU-GROC-002,28,39.26,0.0,85.97,Holt_Winters,20250128
2025-01-28,FC-Central,SKU-GROC-002,28,39.26,0.0,85.97,Holt_Winters,20250128
2025-01-01,FC-Central,SKU-GROC-003,1,44.46,9.75,79.17,Holt_Winters,20250101
2025-01-01,FC-Central,SKU-GROC-003,1,44.46,9.75,79.17,Holt_Winters,20250101
2025-01-02,FC-Central,SKU-GROC-003,2,45.9,10.68,81.12,Holt_Winters,20250102
2025-01-02,FC-Central,SKU-GROC-003,2,45.9,10.68,81.12,Holt_Winters,20250102
2025-01-03,FC-Central,SKU-GROC-003,3,48.73,13.0,84.46,Holt_Winters,20250103
2025-01-03,FC-Central,SKU-GROC-003,3,48.73,13.0,84.46,Holt_Winters,20250103
2025-01-04,FC-Central,SKU-GROC-003,4,56.38,20.14,92.62,Holt_Winters,20250104
2025-01-04,FC-Central,SKU-GROC-003,4,56.38,20.14,92.62,Holt_Winters,20250104
2025-01-05,FC-Central,SKU-GROC-003,5,51.31,14.58,88.04,Holt_Winters,20250105
2025-01-05,FC-Central,SKU-GROC-003,5,51.31,14.58,88.04,Holt_Winters,20250105
2025-01-06,FC-Central,SKU-GROC-003,6,40.58,3.36,77.8,Holt_Winters,20250106
2025-01-06,FC-Central,SKU-GROC-003,6,40.58,3.36,77.8,Holt_Winters,20250106
2025-01-07,FC-Central,SKU-GROC-003,7,42.54,4.83,80.25,Holt_Winters,20250107
2025-01-07,FC-Central,SKU-GROC-003,7,42.54,4.83,80.25,Holt_Winters,20250107
2025-01-08,FC-Central,SKU-GROC-003,8,44.6,6.42,82.78,Holt_Winters,20250108
2025-01-08,FC-Central,SKU-GROC-003,8,44.6,6.42,82.78,Holt_Winters,20250108
2025-01-09,FC-Central,SKU-GROC-003,9,46.04,7.39,84.69,Holt_Winters,20250109
2025-01-09,FC-Central,SKU-GROC-003,9,46.04,7.39,84.69,Holt_Winters,20250109
2025-01-10,FC-Central,SKU-GROC-003,10,48.87,9.75,87.99,Holt_Winters,20250110
2025-01-10,FC-Central,SKU-GROC-003,10,48.87,9.75,87.99,Holt_Winters,20250110
2025-01-11,FC-Central,SKU-GROC-003,11,56.52,16.95,96.09,Holt_Winters,20250111
2025-01-11,FC-Central,SKU-GROC-003,11,56.52,16.95,96.09,Holt_Winters,20250111
2025-01-12,FC-Central,SKU-GROC-003,12,51.45,11.43,91.47,Holt_Winters,20250112
2025-01-12,FC-Central,SKU-GROC-003,12,51.45,11.43,91.47,Holt_Winters,20250112
2025-01-13,FC-Central,SKU-GROC-003,13,40.72,0.25,81.19,Holt_Winters,20250113
2025-01-13,FC-Central,SKU-GROC-003,13,40.72,0.25,81.19,Holt_Winters,20250113
2025-01-14,FC-Central,SKU-GROC-003,14,42.69,1.77,83.61,Holt_Winters,20250114
2025-01-14,FC-Central,SKU-GROC-003,14,42.69,1.77,83.61,Holt_Winters,20250114
2025-01-15,FC-Central,SKU-GROC-003,15,44.74,3.38,86.1,Holt_Winters,20250115
2025-01-15,FC-Central,SKU-GROC-003,15,44.74,3.38,86.1,Holt_Winters,20250115
2025-01-16,FC-Central,SKU-GROC-003,16,46.19,4.38,88.0,Holt_Winters,20250116
2025-01-16,FC-Central,SKU-GROC-003,16,46.19,4.38,88.0,Holt_Winters,20250116
2025-01-17,FC-Central,SKU-GROC-003,17,49.01,6.77,91.25,Holt_Winters,20250117
2025-01-17,FC-Central,SKU-GROC-003,17,49.01,6.77,91.25,Holt_Winters,20250117
2025-01-18,FC-Central,SKU-GROC-003,18,56.67,14.02,99.32,Holt_Winters,20250118
2025-01-18,FC-Central,SKU-GROC-003,18,56.67,14.02,99.32,Holt_Winters,20250118
2025-01-19,FC-Central,SKU-GROC-003,19,51.6,8.52,94.68,Holt_Winters,20250119
2025-01-19,FC-Central,SKU-GROC-003,19,51.6,8.52,94.68,Holt_Winters,20250119
2025-01-20,FC-Central,SKU-GROC-003,20,40.86,0.0,84.35,Holt_Winters,20250120
2025-01-20,FC-Central,SKU-GROC-003,20,40.86,0.0,84.35,Holt_Winters,20250120
2025-01-21,FC-Central,SKU-GROC-003,21,42.83,0.0,86.73,Holt_Winters,20250121
2025-01-21,FC-Central,SKU-GROC-003,21,42.83,0.0,86.73,Holt_Winters,20250121
2025-01-22,FC-Central,SKU-GROC-003,22,44.89,0.57,89.21,Holt_Winters,20250122
2025-01-22,FC-Central,SKU-GROC-003,22,44.89,0.57,89.21,Holt_Winters,20250122
2025-01-23,FC-Central,SKU-GROC-003,23,46.33,1.6,91.06,Holt_Winters,20250123
2025-01-23,FC-Central,SKU-GROC-003,23,46.33,1.6,91.06,Holt_Winters,20250123
2025-01-24,FC-Central,SKU-GROC-003,24,49.16,4.04,94.28,Holt_Winters,20250124
2025-01-24,FC-Central,SKU-GROC-003,24,49.16,4.04,94.28,Holt_Winters,20250124
2025-01-25,FC-Central,SKU-GROC-003,25,56.81,11.28,102.34,Holt_Winters,20250125
2025-01-25,FC-Central,SKU-GROC-003,25,56.81,11.28,102.34,Holt_Winters,20250125
2025-01-26,FC-Central,SKU-GROC-003,26,51.74,5.82,97.66,Holt_Winters,20250126
2025-01-26,FC-Central,SKU-GROC-003,26,51.74,5.82,97.66,Holt_Winters,20250126
2025-01-27,FC-Central,SKU-GROC-003,27,41.01,0.0,87.32,Holt_Winters,20250127
2025-01-27,FC-Central,SKU-GROC-003,27,41.01,0.0,87.32,Holt_Winters,20250127
2025-01-28,FC-Central,SKU-GROC-003,28,42.97,0.0,89.68,Holt_Winters,20250128
2025-01-28,FC-Central,SKU-GROC-003,28,42.97,0.0,89.68,Holt_Winters,20250128
2025-01-01,FC-Central,SKU-GROC-004,1,29.3,0.0,64.01,Holt_Winters,20250101
2025-01-01,FC-Central,SKU-GROC-004,1,29.3,0.0,64.01,Holt_Winters,20250101
2025-01-02,FC-Central,SKU-GROC-004,2,28.33,0.0,63.55,Holt_Winters,20250102
2025-01-02,FC-Central,SKU-GROC-004,2,28.33,0.0,63.55,Holt_Winters,20250102
2025-01-03,FC-Central,SKU-GROC-004,3,35.07,0.0,70.8,Holt_Winters,20250103
2025-01-03,FC-Central,SKU-GROC-004,3,35.07,0.0,70.8,Holt_Winters,20250103
2025-01-04,FC-Central,SKU-GROC-004,4,37.08,0.84,73.32,Holt_Winters,20250104
2025-01-04,FC-Central,SKU-GROC-004,4,37.08,0.84,73.32,Holt_Winters,20250104
2025-01-05,FC-Central,SKU-GROC-004,5,34.51,0.0,71.24,Holt_Winters,20250105
2025-01-05,FC-Central,SKU-GROC-004,5,34.51,0.0,71.24,Holt_Winters,20250105
2025-01-06,FC-Central,SKU-GROC-004,6,27.45,0.0,64.67,Holt_Winters,20250106
2025-01-06,FC-Central,SKU-GROC-004,6,27.45,0.0,64.67,Holt_Winters,20250106
2025-01-07,FC-Central,SKU-GROC-004,7,28.47,0.0,66.18,Holt_Winters,20250107
2025-01-07,FC-Central,SKU-GROC-004,7,28.47,0.0,66.18,Holt_Winters,20250107
2025-01-08,FC-Central,SKU-GROC-004,8,29.41,0.0,67.59,Holt_Winters,20250108
2025-01-08,FC-Central,SKU-GROC-004,8,29.41,0.0,67.59,Holt_Winters,20250108
2025-01-09,FC-Central,SKU-GROC-004,9,28.43,0.0,67.08,Holt_Winters,20250109
2025-01-09,FC-Central,SKU-GROC-004,9,28.43,0.0,67.08,Holt_Winters,20250109
2025-01-10,FC-Central,SKU-GROC-004,10,35.17,0.0,74.29,Holt_Winters,20250110
2025-01-10,FC-Central,SKU-GROC-004,10,35.17,0.0,74.29,Holt_Winters,20250110
2025-01-11,FC-Central,SKU-GROC-004,11,37.18,0.0,76.75,Holt_Winters,20250111
2025-01-11,FC-Central,SKU-GROC-004,11,37.18,0.0,76.75,Holt_Winters,20250111
2025-01-12,FC-Central,SKU-GROC-004,12,34.61,0.0,74.63,Holt_Winters,20250112
2025-01-12,FC-Central,SKU-GROC-004,12,34.61,0.0,74.63,Holt_Winters,20250112
2025-01-13,FC-Central,SKU-GROC-004,13,27.55,0.0,68.02,Holt_Winters,20250113
2025-01-13,FC-Central,SKU-GROC-004,13,27.55,0.0,68.02,Holt_Winters,20250113
2025-01-14,FC-Central,SKU-GROC-004,14,28.58,0.0,69.5,Holt_Winters,20250114
2025-01-14,FC-Central,SKU-GROC-004,14,28.58,0.0,69.5,Holt_Winters,20250114
2025-01-15,FC-Central,SKU-GROC-004,15,29.51,0.0,70.87,Holt_Winters,20250115
2025-01-15,FC-Central,SKU-GROC-004,15,29.51,0.0,70.87,Holt_Winters,20250115
2025-01-16,FC-Central,SKU-GROC-004,16,28.53,0.0,70.34,Holt_Winters,20250116
2025-01-16,FC-Central,SKU-GROC-004,16,28.53,0.0,70.34,Holt_Winters,20250116
2025-01-17,FC-Central,SKU-GROC-004,17,35.27,0.0,77.51,Holt_Winters,20250117
2025-01-17,FC-Central,SKU-GROC-004,17,35.27,0.0,77.51,Holt_Winters,20250117
2025-01-18,FC-Central,SKU-GROC-004,18,37.28,0.0,79.93,Holt_Winters,20250118
2025-01-18,FC-Central,SKU-GROC-004,18,37.28,0.0,79.93,Holt_Winters,20250118
2025-01-19,FC-Central,SKU-GROC-004,19,34.72,0.0,77.8,Holt_Winters,20250119
2025-01-19,FC-Central,SKU-GROC-004,19,34.72,0.0,77.8,Holt_Winters,20250119
2025-01-20,FC-Central,SKU-GROC-004,20,27.65,0.0,71.14,Holt_Winters,20250120
2025-01-20,FC-Central,SKU-GROC-004,20,27.65,0.0,71.14,Holt_Winters,20250120
2025-01-21,FC-Central,SKU-GROC-004,21,28.68,0.0,72.58,Holt_Winters,20250121
2025-01-21,FC-Central,SKU-GROC-004,21,28.68,0.0,72.58,Holt_Winters,20250121
2025-01-22,FC-Central,SKU-GROC-004,22,29.61,0.0,73.93,Holt_Winters,20250122
2025-01-22,FC-Central,SKU-GROC-004,22,29.61,0.0,73.93,Holt_Winters,20250122
2025-01-23,FC-Central,SKU-GROC-004,23,28.63,0.0,73.36,Holt_Winters,20250123
2025-01-23,FC-Central,SKU-GROC-004,23,28.63,0.0,73.36,Holt_Winters,20250123
2025-01-24,FC-Central,SKU-GROC-004,24,35.38,0.0,80.5,Holt_Winters,20250124
2025-01-24,FC-Central,SKU-GROC-004,24,35.38,0.0,80.5,Holt_Winters,20250124
2025-01-25,FC-Central,SKU-GROC-004,25,37.38,0.0,82.91,Holt_Winters,20250125
2025-01-25,FC-Central,SKU-GROC-004,25,37.38,0.0,82.91,Holt_Winters,20250125
2025-01-26,FC-Central,SKU-GROC-004,26,34.82,0.0,80.74,Holt_Winters,20250126
2025-01-26,FC-Central,SKU-GROC-004,26,34.82,0.0,80.74,Holt_Winters,20250126
2025-01-27,FC-Central,SKU-GROC-004,27,27.75,0.0,74.06,Holt_Winters,20250127
2025-01-27,FC-Central,SKU-GROC-004,27,27.75,0.0,74.06,Holt_Winters,20250127
2025-01-28,FC-Central,SKU-GROC-004,28,28.78,0.0,75.49,Holt_Winters,20250128
2025-01-28,FC-Central,SKU-GROC-004,28,28.78,0.0,75.49,Holt_Winters,20250128
2025-01-01,FC-Central,SKU-GROC-005,1,85.57,50.86,120.28,Holt_Winters,20250101
2025-01-01,FC-Central,SKU-GROC-005,1,85.57,50.86,120.28,Holt_Winters,20250101
2025-01-02,FC-Central,SKU-GROC-005,2,84.09,48.87,119.31,Holt_Winters,20250102
2025-01-02,FC-Central,SKU-GROC-005,2,84.09,48.87,119.31,Holt_Winters,20250102
2025-01-03,FC-Central,SKU-GROC-005,3,93.46,57.73,129.19,Holt_Winters,20250103
2025-01-03,FC-Central,SKU-GROC-005,3,93.46,57.73,129.19,Holt_Winters,20250103
2025-01-04,FC-Central,SKU-GROC-005,4,93.81,57.57,130.05,Holt_Winters,20250104
2025-01-04,FC-Central,SKU-GROC-005,4,93.81,57.57,130.05,Holt_Winters,20250104
2025-01-05,FC-Central,SKU-GROC-005,5,89.71,52.98,126.44,Holt_Winters,20250105
2025-01-05,FC-Central,SKU-GROC-005,5,89.71,52.98,126.44,Holt_Winters,20250105
2025-01-06,FC-Central,SKU-GROC-005,6,80.23,43.01,117.45,Holt_Winters,20250106
2025-01-06,FC-Central,SKU-GROC-005,6,80.23,43.01,117.45,Holt_Winters,20250106
2025-01-07,FC-Central,SKU-GROC-005,7,82.53,44.82,120.24,Holt_Winters,20250107
2025-01-07,FC-Central,SKU-GROC-005,7,82.53,44.82,120.24,Holt_Winters,20250107
2025-01-08,FC-Central,SKU-GROC-005,8,86.08,47.9,124.26,Holt_Winters,20250108
2025-01-08,FC-Central,SKU-GROC-005,8,86.08,47.9,124.26,Holt_Winters,20250108
2025-01-09,FC-Central,SKU-GROC-005,9,84.59,45.94,123.24,Holt_Winters,20250109
2025-01-09,FC-Central,SKU-GROC-005,9,84.59,45.94,123.24,Holt_Winters,20250109
2025-01-10,FC-Central,SKU-GROC-005,10,93.97,54.85,133.09,Holt_Winters,20250110
2025-01-10,FC-Central,SKU-GROC-005,10,93.97,54.85,133.09,Holt_Winters,20250110
2025-01-11,FC-Central,SKU-GROC-005,11,94.32,54.75,133.89,Holt_Winters,20250111
2025-01-11,FC-Central,SKU-GROC-005,11,94.32,54.75,133.89,Holt_Winters,20250111
2025-01-12,FC-Central,SKU-GROC-005,12,90.22,50.2,130.24,Holt_Winters,20250112
2025-01-12,FC-Central,SKU-GROC-005,12,90.22,50.2,130.24,Holt_Winters,20250112
2025-01-13,FC-Central,SKU-GROC-005,13,80.74,40.27,121.21,Holt_Winters,20250113
2025-01-13,FC-Central,SKU-GROC-005,13,80.74,40.27,121.21,Holt_Winters,20250113
2025-01-14,FC-Central,SKU-GROC-005,14,83.04,42.12,123.96,Holt_Winters,20250114
2025-01-14,FC-Central,SKU-GROC-005,14,83.04,42.12,123.96,Holt_Winters,20250114
2025-01-15,FC-Central,SKU-GROC-005,15,86.59,45.23,127.95,Holt_Winters,20250115
2025-01-15,FC-Central,SKU-GROC-005,15,86.59,45.23,127.95,Holt_Winters,20250115
2025-01-16,FC-Central,SKU-GROC-005,16,85.1,43.29,126.91,Holt_Winters,20250116
2025-01-16,FC-Central,SKU-GROC-005,16,85.1,43.29,126.91,Holt_Winters,20250116
2025-01-17,FC-Central,SKU-GROC-005,17,94.48,52.24,136.72,Holt_Winters,20250117
2025-01-17,FC-Central,SKU-GROC-005,17,94.48,52.24,136.72,Holt_Winters,20250117
2025-01-18,FC-Central,SKU-GROC-005,18,94.83,52.18,137.48,Holt_Winters,20250118
2025-01-18,FC-Central,SKU-GROC-005,18,94.83,52.18,137.48,Holt_Winters,20250118
2025-01-19,FC-Central,SKU-GROC-005,19,90.73,47.65,133.81,Holt_Winters,20250119
2025-01-19,FC-Central,SKU-GROC-005,19,90.73,47.65,133.81,Holt_Winters,20250119
2025-01-20,FC-Central,SKU-GROC-005,20,81.25,37.76,124.74,Holt_Winters,20250120
2025-01-20,FC-Central,SKU-GROC-005,20,81.25,37.76,124.74,Holt_Winters,20250120
2025-01-21,FC-Central,SKU-GROC-005,21,83.55,39.65,127.45,Holt_Winters,20250121
2025-01-21,FC-Central,SKU-GROC-005,21,83.55,39.65,127.45,Holt_Winters,20250121
2025-01-22,FC-Central,SKU-GROC-005,22,87.1,42.78,131.42,Holt_Winters,20250122
2025-01-22,FC-Central,SKU-GROC-005,22,87.1,42.78,131.42,Holt_Winters,20250122
2025-01-23,FC-Central,SKU-GROC-005,23,85.61,40.88,130.34,Holt_Winters,20250123
2025-01-23,FC-Central,SKU-GROC-005,23,85.61,40.88,130.34,Holt_Winters,20250123
2025-01-24,FC-Central,SKU-GROC-005,24,94.99,49.87,140.11,Holt_Winters,20250124
2025-01-24,FC-Central,SKU-GROC-005,24,94.99,49.87,140.11,Holt_Winters,20250124
2025-01-25,FC-Central,SKU-GROC-005,25,95.34,49.81,140.87,Holt_Winters,20250125
2025-01-25,FC-Central,SKU-GROC-005,25,95.34,49.81,140.87,Holt_Winters,20250125
2025-01-26,FC-Central,SKU-GROC-005,26,91.24,45.32,137.16,Holt_Winters,20250126
2025-01-26,FC-Central,SKU-GROC-005,26,91.24,45.32,137.16,Holt_Winters,20250126
2025-01-27,FC-Central,SKU-GROC-005,27,81.75,35.44,128.06,Holt_Winters,20250127
2025-01-27,FC-Central,SKU-GROC-005,27,81.75,35.44,128.06,Holt_Winters,20250127
2025-01-28,FC-Central,SKU-GROC-005,28,84.05,37.34,130.76,Holt_Winters,20250128
2025-01-28,FC-Central,SKU-GROC-005,28,84.05,37.34,130.76,Holt_Winters,20250128
2025-01-01,FC-Central,SKU-GROC-006,1,34.87,0.16,69.58,Holt_Winters,20250101
2025-01-01,FC-Central,SKU-GROC-006,1,34.87,0.16,69.58,Holt_Winters,20250101
2025-01-02,FC-Central,SKU-GROC-006,2,35.47,0.25,70.69,Holt_Winters,20250102
2025-01-02,FC-Central,SKU-GROC-006,2,35.47,0.25,70.69,Holt_Winters,20250102
2025-01-03,FC-Central,SKU-GROC-006,3,42.04,6.31,77.77,Holt_Winters,20250103
2025-01-03,FC-Central,SKU-GROC-006,3,42.04,6.31,77.77,Holt_Winters,20250103
2025-01-04,FC-Central,SKU-GROC-006,4,47.12,10.88,83.36,Holt_Winters,20250104
2025-01-04,FC-Central,SKU-GROC-006,4,47.12,10.88,83.36,Holt_Winters,20250104
2025-01-05,FC-Central,SKU-GROC-006,5,40.77,4.04,77.5,Holt_Winters,20250105
2025-01-05,FC-Central,SKU-GROC-006,5,40.77,4.04,77.5,Holt_Winters,20250105
2025-01-06,FC-Central,SKU-GROC-006,6,29.89,0.0,67.11,Holt_Winters,20250106
2025-01-06,FC-Central,SKU-GROC-006,6,29.89,0.0,67.11,Holt_Winters,20250106
2025-01-07,FC-Central,SKU-GROC-006,7,32.85,0.0,70.56,Holt_Winters,20250107
2025-01-07,FC-Central,SKU-GROC-006,7,32.85,0.0,70.56,Holt_Winters,20250107
2025-01-08,FC-Central,SKU-GROC-006,8,34.89,0.0,73.07,Holt_Winters,20250108
2025-01-08,FC-Central,SKU-GROC-006,8,34.89,0.0,73.07,Holt_Winters,20250108
2025-01-09,FC-Central,SKU-GROC-006,9,35.5,0.0,74.15,Holt_Winters,20250109
2025-01-09,FC-Central,SKU-GROC-006,9,35.5,0.0,74.15,Holt_Winters,20250109
2025-01-10,FC-Central,SKU-GROC-006,10,42.07,2.95,81.19,Holt_Winters,20250110
2025-01-10,FC-Central,SKU-GROC-006,10,42.07,2.95,81.19,Holt_Winters,20250110
2025-01-11,FC-Central,SKU-GROC-006,11,47.15,7.58,86.72,Holt_Winters,20250111
2025-01-11,FC-Central,SKU-GROC-006,11,47.15,7.58,86.72,Holt_Winters,20250111
2025-01-12,FC-Central,SKU-GROC-006,12,40.8,0.78,80.82,Holt_Winters,20250112
2025-01-12,FC-Central,SKU-GROC-006,12,40.8,0.78,80.82,Holt_Winters,20250112
2025-01-13,FC-Central,SKU-GROC-006,13,29.92,0.0,70.39,Holt_Winters,20250113
2025-01-13,FC-Central,SKU-GROC-006,13,29.92,0.0,70.39,Holt_Winters,20250113
2025-01-14,FC-Central,SKU-GROC-006,14,32.88,0.0,73.8,Holt_Winters,20250114
2025-01-14,FC-Central,SKU-GROC-006,14,32.88,0.0,73.8,Holt_Winters,20250114
2025-01-15,FC-Central,SKU-GROC-006,15,34.92,0.0,76.28,Holt_Winters,20250115
2025-01-15,FC-Central,SKU-GROC-006,15,34.92,0.0,76.28,Holt_Winters,20250115
2025-01-16,FC-Central,SKU-GROC-006,16,35.53,0.0,77.34,Holt_Winters,20250116
2025-01-16,FC-Central,SKU-GROC-006,16,35.53,0.0,77.34,Holt_Winters,20250116
2025-01-17,FC-Central,SKU-GROC-006,17,42.1,0.0,84.34,Holt_Winters,20250117
2025-01-17,FC-Central,SKU-GROC-006,17,42.1,0.0,84.34,Holt_Winters,20250117
2025-01-18,FC-Central,SKU-GROC-006,18,47.18,4.53,89.83,Holt_Winters,20250118
2025-01-18,FC-Central,SKU-GROC-006,18,47.18,4.53,89.83,Holt_Winters,20250118
2025-01-19,FC-Central,SKU-GROC-006,19,40.82,0.0,83.9,Holt_Winters,20250119
2025-01-19,FC-Central,SKU-GROC-006,19,40.82,0.0,83.9,Holt_Winters,20250119
2025-01-20,FC-Central,SKU-GROC-006,20,29.94,0.0,73.43,Holt_Winters,20250120
2025-01-20,FC-Central,SKU-GROC-006,20,29.94,0.0,73.43,Holt_Winters,20250120
2025-01-21,FC-Central,SKU-GROC-006,21,32.91,0.0,76.81,Holt_Winters,20250121
2025-01-21,FC-Central,SKU-GROC-006,21,32.91,0.0,76.81,Holt_Winters,20250121
2025-01-22,FC-Central,SKU-GROC-006,22,34.95,0.0,79.27,Holt_Winters,20250122
2025-01-22,FC-Central,SKU-GROC-006,22,34.95,0.0,79.27,Holt_Winters,20250122
2025-01-23,FC-Central,SKU-GROC-006,23,35.56,0.0,80.29,Holt_Winters,20250123
2025-01-23,FC-Central,SKU-GROC-006,23,35.56,0.0,80.29,Holt_Winters,20250123
2025-01-24,FC-Central,SKU-GROC-006,24,42.13,0.0,87.25,Holt_Winters,20250124
2025-01-24,FC-Central,SKU-GROC-006,24,42.13,0.0,87.25,Holt_Winters,20250124
2025-01-25,FC-Central,SKU-GROC-006,25,47.21,1.68,92.74,Holt_Winters,20250125
2025-01-25,FC-Central,SKU-GROC-006,25,47.21,1.68,92.74,Holt_Winters,20250125
2025-01-26,FC-Central,SKU-GROC-006,26,40.85,0.0,86.77,Holt_Winters,20250126
2025-01-26,FC-Central,SKU-GROC-006,26,40.85,0.0,86.77,Holt_Winters,20250126
2025-01-27,FC-Central,SKU-GROC-006,27,29.97,0.0,76.28,Holt_Winters,20250127
2025-01-27,FC-Central,SKU-GROC-006,27,29.97,0.0,76.28,Holt_Winters,20250127
2025-01-28,FC-Central,SKU-GROC-006,28,32.93,0.0,79.64,Holt_Winters,20250128
2025-01-28,FC-Central,SKU-GROC-006,28,32.93,0.0,79.64,Holt_Winters,20250128
2025-01-01,FC-Central,SKU-GROC-007,1,9.83,0.0,44.54,Holt_Winters,20250101
2025-01-01,FC-Central,SKU-GROC-007,1,9.83,0.0,44.54,Holt_Winters,20250101
2025-01-02,FC-Central,SKU-GROC-007,2,11.28,0.0,46.5,Holt_Winters,20250102
2025-01-02,FC-Central,SKU-GROC-007,2,11.28,0.0,46.5,Holt_Winters,20250102
2025-01-03,FC-Central,SKU-GROC-007,3,14.44,0.0,50.17,Holt_Winters,20250103
2025-01-03,FC-Central,SKU-GROC-007,3,14.44,0.0,50.17,Holt_Winters,20250103
2025-01-04,FC-Central,SKU-GROC-007,4,16.22,0.0,52.46,Holt_Winters,20250104
2025-01-04,FC-Central,SKU-GROC-007,4,16.22,0.0,52.46,Holt_Winters,20250104
2025-01-05,FC-Central,SKU-GROC-007,5,12.77,0.0,49.5,Holt_Winters,20250105
2025-01-05,FC-Central,SKU-GROC-007,5,12.77,0.0,49.5,Holt_Winters,20250105
2025-01-06,FC-Central,SKU-GROC-007,6,10.4,0.0,47.62,Holt_Winters,20250106
2025-01-06,FC-Central,SKU-GROC-007,6,10.4,0.0,47.62,Holt_Winters,20250106
2025-01-07,FC-Central,SKU-GROC-007,7,10.18,0.0,47.89,Holt_Winters,20250107
2025-01-07,FC-Central,SKU-GROC-007,7,10.18,0.0,47.89,Holt_Winters,20250107
2025-01-08,FC-Central,SKU-GROC-007,8,9.75,0.0,47.93,Holt_Winters,20250108
2025-01-08,FC-Central,SKU-GROC-007,8,9.75,0.0,47.93,Holt_Winters,20250108
2025-01-09,FC-Central,SKU-GROC-007,9,11.2,0.0,49.85,Holt_Winters,20250109
2025-01-09,FC-Central,SKU-GROC-007,9,11.2,0.0,49.85,Holt_Winters,20250109
2025-01-10,FC-Central,SKU-GROC-007,10,14.37,0.0,53.49,Holt_Winters,20250110
2025-01-10,FC-Central,SKU-GROC-007,10,14.37,0.0,53.49,Holt_Winters,20250110
2025-01-11,FC-Central,SKU-GROC-007,11,16.15,0.0,55.72,Holt_Winters,20250111
2025-01-11,FC-Central,SKU-GROC-007,11,16.15,0.0,55.72,Holt_Winters,20250111
2025-01-12,FC-Central,SKU-GROC-007,12,12.69,0.0,52.71,Holt_Winters,20250112
2025-01-12,FC-Central,SKU-GROC-007,12,12.69,0.0,52.71,Holt_Winters,20250112
2025-01-13,FC-Central,SKU-GROC-007,13,10.33,0.0,50.8,Holt_Winters,20250113
2025-01-13,FC-Central,SKU-GROC-007,13,10.33,0.0,50.8,Holt_Winters,20250113
2025-01-14,FC-Central,SKU-GROC-007,14,10.11,0.0,51.03,Holt_Winters,20250114
2025-01-14,FC-Central,SKU-GROC-007,14,10.11,0.0,51.03,Holt_Winters,20250114
2025-01-15,FC-Central,SKU-GROC-007,15,9.68,0.0,51.04,Holt_Winters,20250115
2025-01-15,FC-Central,SKU-GROC-007,15,9.68,0.0,51.04,Holt_Winters,20250115
2025-01-16,FC-Central,SKU-GROC-007,16,11.13,0.0,52.94,Holt_Winters,20250116
2025-01-16,FC-Central,SKU-GROC-007,16,11.13,0.0,52.94,Holt_Winters,20250116
2025-01-17,FC-Central,SKU-GROC-007,17,14.29,0.0,56.53,Holt_Winters,20250117
2025-01-17,FC-Central,SKU-GROC-007,17,14.29,0.0,56.53,Holt_Winters,20250117
2025-01-18,FC-Central,SKU-GROC-007,18,16.07,0.0,58.72,Holt_Winters,20250118
2025-01-18,FC-Central,SKU-GROC-007,18,16.07,0.0,58.72,Holt_Winters,20250118
2025-01-19,FC-Central,SKU-GROC-007,19,12.61,0.0,55.69,Holt_Winters,20250119
2025-01-19,FC-Central,SKU-GROC-007,19,12.61,0.0,55.69,Holt_Winters,20250119
2025-01-20,FC-Central,SKU-GROC-007,20,10.25,0.0,53.74,Holt_Winters,20250120
2025-01-20,FC-Central,SKU-GROC-007,20,10.25,0.0,53.74,Holt_Winters,20250120
2025-01-21,FC-Central,SKU-GROC-007,21,10.03,0.0,53.93,Holt_Winters,20250121
2025-01-21,FC-Central,SKU-GROC-007,21,10.03,0.0,53.93,Holt_Winters,20250121
2025-01-22,FC-Central,SKU-GROC-007,22,9.6,0.0,53.92,Holt_Winters,20250122
2025-01-22,FC-Central,SKU-GROC-007,22,9.6,0.0,53.92,Holt_Winters,20250122
2025-01-23,FC-Central,SKU-GROC-007,23,11.05,0.0,55.78,Holt_Winters,20250123
2025-01-23,FC-Central,SKU-GROC-007,23,11.05,0.0,55.78,Holt_Winters,20250123
2025-01-24,FC-Central,SKU-GROC-007,24,14.22,0.0,59.34,Holt_Winters,20250124
2025-01-24,FC-Central,SKU-GROC-007,24,14.22,0.0,59.34,Holt_Winters,20250124
2025-01-25,FC-Central,SKU-GROC-007,25,16.0,0.0,61.53,Holt_Winters,20250125
2025-01-25,FC-Central,SKU-GROC-007,25,16.0,0.0,61.53,Holt_Winters,20250125
2025-01-26,FC-Central,SKU-GROC-007,26,12.54,0.0,58.46,Holt_Winters,20250126
2025-01-26,FC-Central,SKU-GROC-007,26,12.54,0.0,58.46,Holt_Winters,20250126
2025-01-27,FC-Central,SKU-GROC-007,27,10.18,0.0,56.49,Holt_Winters,20250127
2025-01-27,FC-Central,SKU-GROC-007,27,10.18,0.0,56.49,Holt_Winters,20250127
2025-01-28,FC-Central,SKU-GROC-007,28,9.96,0.0,56.67,Holt_Winters,20250128
2025-01-28,FC-Central,SKU-GROC-007,28,9.96,0.0,56.67,Holt_Winters,20250128
2025-01-01,FC-Central,SKU-GROC-008,1,63.9,29.19,98.61,Holt_Winters,20250101
2025-01-01,FC-Central,SKU-GROC-008,1,63.9,29.19,98.61,Holt_Winters,20250101
2025-01-02,FC-Central,SKU-GROC-008,2,62.45,27.23,97.67,Holt_Winters,20250102
2025-01-02,FC-Central,SKU-GROC-008,2,62.45,27.23,97.67,Holt_Winters,20250102
2025-01-03,FC-Central,SKU-GROC-008,3,67.55,31.82,103.28,Holt_Winters,20250103
2025-01-03,FC-Central,SKU-GROC-008,3,67.55,31.82,103.28,Holt_Winters,20250103
2025-01-04,FC-Central,SKU-GROC-008,4,71.16,34.92,107.4,Holt_Winters,20250104
2025-01-04,FC-Central,SKU-GROC-008,4,71.16,34.92,107.4,Holt_Winters,20250104
2025-01-05,FC-Central,SKU-GROC-008,5,68.83,32.1,105.56,Holt_Winters,20250105
2025-01-05,FC-Central,SKU-GROC-008,5,68.83,32.1,105.56,Holt_Winters,20250105
2025-01-06,FC-Central,SKU-GROC-008,6,58.87,21.65,96.09,Holt_Winters,20250106
2025-01-06,FC-Central,SKU-GROC-008,6,58.87,21.65,96.09,Holt_Winters,20250106
2025-01-07,FC-Central,SKU-GROC-008,7,63.51,25.8,101.22,Holt_Winters,20250107
2025-01-07,FC-Central,SKU-GROC-008,7,63.51,25.8,101.22,Holt_Winters,20250107
2025-01-08,FC-Central,SKU-GROC-008,8,64.33,26.15,102.51,Holt_Winters,20250108
2025-01-08,FC-Central,SKU-GROC-008,8,64.33,26.15,102.51,Holt_Winters,20250108
2025-01-09,FC-Central,SKU-GROC-008,9,62.87,24.22,101.52,Holt_Winters,20250109
2025-01-09,FC-Central,SKU-GROC-008,9,62.87,24.22,101.52,Holt_Winters,20250109
2025-01-10,FC-Central,SKU-GROC-008,10,67.98,28.86,107.1,Holt_Winters,20250110
2025-01-10,FC-Central,SKU-GROC-008,10,67.98,28.86,107.1,Holt_Winters,20250110
2025-01-11,FC-Central,SKU-GROC-008,11,71.59,32.02,111.16,Holt_Winters,20250111
2025-01-11,FC-Central,SKU-GROC-008,11,71.59,32.02,111.16,Holt_Winters,20250111
2025-01-12,FC-Central,SKU-GROC-008,12,69.26,29.24,109.28,Holt_Winters,20250112
2025-01-12,FC-Central,SKU-GROC-008,12,69.26,29.24,109.28,Holt_Winters,20250112
2025-01-13,FC-Central,SKU-GROC-008,13,59.3,18.83,99.77,Holt_Winters,20250113
2025-01-13,FC-Central,SKU-GROC-008,13,59.3,18.83,99.77,Holt_Winters,20250113
2025-01-14,FC-Central,SKU-GROC-008,14,63.93,23.01,104.85,Holt_Winters,20250114
2025-01-14,FC-Central,SKU-GROC-008,14,63.93,23.01,104.85,Holt_Winters,20250114
2025-01-15,FC-Central,SKU-GROC-008,15,64.75,23.39,106.11,Holt_Winters,20250115
2025-01-15,FC-Central,SKU-GROC-008,15,64.75,23.39,106.11,Holt_Winters,20250115
2025-01-16,FC-Central,SKU-GROC-008,16,63.3,21.49,105.11,Holt_Winters,20250116
2025-01-16,FC-Central,SKU-GROC-008,16,63.3,21.49,105.11,Holt_Winters,20250116
2025-01-17,FC-Central,SKU-GROC-008,17,68.41,26.17,110.65,Holt_Winters,20250117
2025-01-17,FC-Central,SKU-GROC-008,17,68.41,26.17,110.65,Holt_Winters,20250117
2025-01-18,FC-Central,SKU-GROC-008,18,72.01,29.36,114.66,Holt_Winters,20250118
2025-01-18,FC-Central,SKU-GROC-008,18,72.01,29.36,114.66,Holt_Winters,20250118
2025-01-19,FC-Central,SKU-GROC-008,19,69.68,26.6,112.76,Holt_Winters,20250119
2025-01-19,FC-Central,SKU-GROC-008,19,69.68,26.6,112.76,Holt_Winters,20250119
2025-01-20,FC-Central,SKU-GROC-008,20,59.72,16.23,103.21,Holt_Winters,20250120
2025-01-20,FC-Central,SKU-GROC-008,20,59.72,16.23,103.21,Holt_Winters,20250120
2025-01-21,FC-Central,SKU-GROC-008,21,64.36,20.46,108.26,Holt_Winters,20250121
2025-01-21,FC-Central,SKU-GROC-008,21,64.36,20.46,108.26,Holt_Winters,20250121
2025-01-22,FC-Central,SKU-GROC-008,22,65.18,20.86,109.5,Holt_Winters,20250122
2025-01-22,FC-Central,SKU-GROC-008,22,65.18,20.86,109.5,Holt_Winters,20250122
2025-01-23,FC-Central,SKU-GROC-008,23,63.73,19.0,108.46,Holt_Winters,20250123
2025-01-23,FC-Central,SKU-GROC-008,23,63.73,19.0,108.46,Holt_Winters,20250123
2025-01-24,FC-Central,SKU-GROC-008,24,68.83,23.71,113.95,Holt_Winters,20250124
2025-01-24,FC-Central,SKU-GROC-008,24,68.83,23.71,113.95,Holt_Winters,20250124
2025-01-25,FC-Central,SKU-GROC-008,25,72.44,26.91,117.97,Holt_Winters,20250125
2025-01-25,FC-Central,SKU-GROC-008,25,72.44,26.91,117.97,Holt_Winters,20250125
2025-01-26,FC-Central,SKU-GROC-008,26,70.11,24.19,116.03,Holt_Winters,20250126
2025-01-26,FC-Central,SKU-GROC-008,26,70.11,24.19,116.03,Holt_Winters,20250126
2025-01-27,FC-Central,SKU-GROC-008,27,60.15,13.84,106.46,Holt_Winters,20250127
2025-01-27,FC-Central,SKU-GROC-008,27,60.15,13.84,106.46,Holt_Winters,20250127
2025-01-28,FC-Central,SKU-GROC-008,28,64.79,18.08,111.5,Holt_Winters,20250128
2025-01-28,FC-Central,SKU-GROC-008,28,64.79,18.08,111.5,Holt_Winters,20250128
2025-01-01,FC-Central,SKU-GROC-009,1,1.89,0.0,36.6,Holt_Winters,20250101
2025-01-01,FC-Central,SKU-GROC-009,1,1.89,0.0,36.6,Holt_Winters,20250101
2025-01-02,FC-Central,SKU-GROC-009,2,2.3,0.0,37.52,Holt_Winters,20250102
2025-01-02,FC-Central,SKU-GROC-009,2,2.3,0.0,37.52,Holt_Winters,20250102
2025-01-03,FC-Central,SKU-GROC-009,3,2.85,0.0,38.58,Holt_Winters,20250103
2025-01-03,FC-Central,SKU-GROC-009,3,2.85,0.0,38.58,Holt_Winters,20250103
2025-01-04,FC-Central,SKU-GROC-009,4,1.79,0.0,38.03,Holt_Winters,20250104
2025-01-04,FC-Central,SKU-GROC-009,4,1.79,0.0,38.03,Holt_Winters,20250104
2025-01-05,FC-Central,SKU-GROC-009,5,2.15,0.0,38.88,Holt_Winters,20250105
2025-01-05,FC-Central,SKU-GROC-009,5,2.15,0.0,38.88,Holt_Winters,20250105
2025-01-06,FC-Central,SKU-GROC-009,6,2.19,0.0,39.41,Holt_Winters,20250106
2025-01-06,FC-Central,SKU-GROC-009,6,2.19,0.0,39.41,Holt_Winters,20250106
2025-01-07,FC-Central,SKU-GROC-009,7,2.43,0.0,40.14,Holt_Winters,20250107
2025-01-07,FC-Central,SKU-GROC-009,7,2.43,0.0,40.14,Holt_Winters,20250107
2025-01-08,FC-Central,SKU-GROC-009,8,1.89,0.0,40.07,Holt_Winters,20250108
2025-01-08,FC-Central,SKU-GROC-009,8,1.89,0.0,40.07,Holt_Winters,20250108
2025-01-09,FC-Central,SKU-GROC-009,9,2.29,0.0,40.94,Holt_Winters,20250109
2025-01-09,FC-Central,SKU-GROC-009,9,2.29,0.0,40.94,Holt_Winters,20250109
2025-01-10,FC-Central,SKU-GROC-009,10,2.84,0.0,41.96,Holt_Winters,20250110
2025-01-10,FC-Central,SKU-GROC-009,10,2.84,0.0,41.96,Holt_Winters,20250110
2025-01-11,FC-Central,SKU-GROC-009,11,1.79,0.0,41.36,Holt_Winters,20250111
2025-01-11,FC-Central,SKU-GROC-009,11,1.79,0.0,41.36,Holt_Winters,20250111
2025-01-12,FC-Central,SKU-GROC-009,12,2.15,0.0,42.17,Holt_Winters,20250112
2025-01-12,FC-Central,SKU-GROC-009,12,2.15,0.0,42.17,Holt_Winters,20250112
2025-01-13,FC-Central,SKU-GROC-009,13,2.18,0.0,42.65,Holt_Winters,20250113
2025-01-13,FC-Central,SKU-GROC-009,13,2.18,0.0,42.65,Holt_Winters,20250113
2025-01-14,FC-Central,SKU-GROC-009,14,2.42,0.0,43.34,Holt_Winters,20250114
2025-01-14,FC-Central,SKU-GROC-009,14,2.42,0.0,43.34,Holt_Winters,20250114
2025-01-15,FC-Central,SKU-GROC-009,15,1.89,0.0,43.25,Holt_Winters,20250115
2025-01-15,FC-Central,SKU-GROC-009,15,1.89,0.0,43.25,Holt_Winters,20250115
2025-01-16,FC-Central,SKU-GROC-009,16,2.29,0.0,44.1,Holt_Winters,20250116
2025-01-16,FC-Central,SKU-GROC-009,16,2.29,0.0,44.1,Holt_Winters,20250116
2025-01-17,FC-Central,SKU-GROC-009,17,2.84,0.0,45.08,Holt_Winters,20250117
2025-01-17,FC-Central,SKU-GROC-009,17,2.84,0.0,45.08,Holt_Winters,20250117
2025-01-18,FC-Central,SKU-GROC-009,18,1.78,0.0,44.43,Holt_Winters,20250118
2025-01-18,FC-Central,SKU-GROC-009,18,1.78,0.0,44.43,Holt_Winters,20250118
2025-01-19,FC-Central,SKU-GROC-009,19,2.14,0.0,45.22,Holt_Winters,20250119
2025-01-19,FC-Central,SKU-GROC-009,19,2.14,0.0,45.22,Holt_Winters,20250119
2025-01-20,FC-Central,SKU-GROC-009,20,2.18,0.0,45.67,Holt_Winters,20250120
2025-01-20,FC-Central,SKU-GROC-009,20,2.18,0.0,45.67,Holt_Winters,20250120
2025-01-21,FC-Central,SKU-GROC-009,21,2.42,0.0,46.32,Holt_Winters,20250121
2025-01-21,FC-Central,SKU-GROC-009,21,2.42,0.0,46.32,Holt_Winters,20250121
2025-01-22,FC-Central,SKU-GROC-009,22,1.88,0.0,46.2,Holt_Winters,20250122
2025-01-22,FC-Central,SKU-GROC-009,22,1.88,0.0,46.2,Holt_Winters,20250122
2025-01-23,FC-Central,SKU-GROC-009,23,2.29,0.0,47.02,Holt_Winters,20250123
2025-01-23,FC-Central,SKU-GROC-009,23,2.29,0.0,47.02,Holt_Winters,20250123
2025-01-24,FC-Central,SKU-GROC-009,24,2.84,0.0,47.96,Holt_Winters,20250124
2025-01-24,FC-Central,SKU-GROC-009,24,2.84,0.0,47.96,Holt_Winters,20250124
2025-01-25,FC-Central,SKU-GROC-009,25,1.78,0.0,47.31,Holt_Winters,20250125
2025-01-25,FC-Central,SKU-GROC-009,25,1.78,0.0,47.31,Holt_Winters,20250125
2025-01-26,FC-Central,SKU-GROC-009,26,2.14,0.0,48.06,Holt_Winters,20250126
2025-01-26,FC-Central,SKU-GROC-009,26,2.14,0.0,48.06,Holt_Winters,20250126
2025-01-27,FC-Central,SKU-GROC-009,27,2.18,0.0,48.49,Holt_Winters,20250127
2025-01-27,FC-Central,SKU-GROC-009,27,2.18,0.0,48.49,Holt_Winters,20250127
2025-01-28,FC-Central,SKU-GROC-009,28,2.41,0.0,49.12,Holt_Winters,20250128
2025-01-28,FC-Central,SKU-GROC-009,28,2.41,0.0,49.12,Holt_Winters,20250128
2025-01-01,FC-Central,SKU-GROC-010,1,5.66,0.0,40.37,Holt_Winters,20250101
2025-01-01,FC-Central,SKU-GROC-010,1,5.66,0.0,40.37,Holt_Winters,20250101
2025-01-02,FC-Central,SKU-GROC-010,2,5.7,0.0,40.92,Holt_Winters,20250102
2025-01-02,FC-Central,SKU-GROC-010,2,5.7,0.0,40.92,Holt_Winters,20250102
2025-01-03,FC-Central,SKU-GROC-010,3,6.54,0.0,42.27,Holt_Winters,20250103
2025-01-03,FC-Central,SKU-GROC-010,3,6.54,0.0,42.27,Holt_Winters,20250103
2025-01-04,FC-Central,SKU-GROC-010,4,8.0,0.0,44.24,Holt_Winters,20250104
2025-01-04,FC-Central,SKU-GROC-010,4,8.0,0.0,44.24,Holt_Winters,20250104
2025-01-05,FC-Central,SKU-GROC-010,5,5.9,0.0,42.63,Holt_Winters,20250105
2025-01-05,FC-Central,SKU-GROC-010,5,5.9,0.0,42.63,Holt_Winters,20250105
2025-01-06,FC-Central,SKU-GROC-010,6,5.49,0.0,42.71,Holt_Winters,20250106
2025-01-06,FC-Central,SKU-GROC-010,6,5.49,0.0,42.71,Holt_Winters,20250106
2025-01-07,FC-Central,SKU-GROC-010,7,5.16,0.0,42.87,Holt_Winters,20250107
2025-01-07,FC-Central,SKU-GROC-010,7,5.16,0.0,42.87,Holt_Winters,20250107
2025-01-08,FC-Central,SKU-GROC-010,8,5.67,0.0,43.85,Holt_Winters,20250108
2025-01-08,FC-Central,SKU-GROC-010,8,5.67,0.0,43.85,Holt_Winters,20250108
2025-01-09,FC-Central,SKU-GROC-010,9,5.71,0.0,44.36,Holt_Winters,20250109
2025-01-09,FC-Central,SKU-GROC-010,9,5.71,0.0,44.36,Holt_Winters,20250109
2025-01-10,FC-Central,SKU-GROC-010,10,6.55,0.0,45.67,Holt_Winters,20250110
2025-01-10,FC-Central,SKU-GROC-010,10,6.55,0.0,45.67,Holt_Winters,20250110
2025-01-11,FC-Central,SKU-GROC-010,11,8.01,0.0,47.58,Holt_Winters,20250111
2025-01-11,FC-Central,SKU-GROC-010,11,8.01,0.0,47.58,Holt_Winters,20250111
2025-01-12,FC-Central,SKU-GROC-010,12,5.91,0.0,45.93,Holt_Winters,20250112
2025-01-12,FC-Central,SKU-GROC-010,12,5.91,0.0,45.93,Holt_Winters,20250112
2025-01-13,FC-Central,SKU-GROC-010,13,5.5,0.0,45.97,Holt_Winters,20250113
2025-01-13,FC-Central,SKU-GROC-010,13,5.5,0.0,45.97,Holt_Winters,20250113
2025-01-14,FC-Central,SKU-GROC-010,14,5.18,0.0,46.1,Holt_Winters,20250114
2025-01-14,FC-Central,SKU-GROC-010,14,5.18,0.0,46.1,Holt_Winters,20250114
2025-01-15,FC-Central,SKU-GROC-010,15,5.68,0.0,47.04,Holt_Winters,20250115
2025-01-15,FC-Central,SKU-GROC-010,15,5.68,0.0,47.04,Holt_Winters,20250115
2025-01-16,FC-Central,SKU-GROC-010,16,5.73,0.0,47.54,Holt_Winters,20250116
2025-01-16,FC-Central,SKU-GROC-010,16,5.73,0.0,47.54,Holt_Winters,20250116
2025-01-17,FC-Central,SKU-GROC-010,17,6.56,0.0,48.8,Holt_Winters,20250117
2025-01-17,FC-Central,SKU-GROC-010,17,6.56,0.0,48.8,Holt_Winters,20250117
2025-01-18,FC-Central,SKU-GROC-010,18,8.02,0.0,50.67,Holt_Winters,20250118
2025-01-18,FC-Central,SKU-GROC-010,18,8.02,0.0,50.67,Holt_Winters,20250118
2025-01-19,FC-Central,SKU-GROC-010,19,5.92,0.0,49.0,Holt_Winters,20250119
2025-01-19,FC-Central,SKU-GROC-010,19,5.92,0.0,49.0,Holt_Winters,20250119
2025-01-20,FC-Central,SKU-GROC-010,20,5.51,0.0,49.0,Holt_Winters,20250120
2025-01-20,FC-Central,SKU-GROC-010,20,5.51,0.0,49.0,Holt_Winters,20250120
2025-01-21,FC-Central,SKU-GROC-010,21,5.19,0.0,49.09,Holt_Winters,20250121
2025-01-21,FC-Central,SKU-GROC-010,21,5.19,0.0,49.09,Holt_Winters,20250121
2025-01-22,FC-Central,SKU-GROC-010,22,5.69,0.0,50.01,Holt_Winters,20250122
2025-01-22,FC-Central,SKU-GROC-010,22,5.69,0.0,50.01,Holt_Winters,20250122
2025-01-23,FC-Central,SKU-GROC-010,23,5.74,0.0,50.47,Holt_Winters,20250123
2025-01-23,FC-Central,SKU-GROC-010,23,5.74,0.0,50.47,Holt_Winters,20250123
2025-01-24,FC-Central,SKU-GROC-010,24,6.57,0.0,51.69,Holt_Winters,20250124
2025-01-24,FC-Central,SKU-GROC-010,24,6.57,0.0,51.69,Holt_Winters,20250124
2025-01-25,FC-Central,SKU-GROC-010,25,8.03,0.0,53.56,Holt_Winters,20250125
2025-01-25,FC-Central,SKU-GROC-010,25,8.03,0.0,53.56,Holt_Winters,20250125
2025-01-26,FC-Central,SKU-GROC-010,26,5.93,0.0,51.85,Holt_Winters,20250126
2025-01-26,FC-Central,SKU-GROC-010,26,5.93,0.0,51.85,Holt_Winters,20250126
2025-01-27,FC-Central,SKU-GROC-010,27,5.52,0.0,51.83,Holt_Winters,20250127
2025-01-27,FC-Central,SKU-GROC-010,27,5.52,0.0,51.83,Holt_Winters,20250127
2025-01-28,FC-Central,SKU-GROC-010,28,5.2,0.0,51.91,Holt_Winters,20250128
2025-01-28,FC-Central,SKU-GROC-010,28,5.2,0.0,51.91,Holt_Winters,20250128
2025-01-01,FC-Central,SKU-HLTH-001,1,44.77,10.06,79.48,Holt_Winters,20250101
2025-01-01,FC-Central,SKU-HLTH-001,1,44.77,10.06,79.48,Holt_Winters,20250101
2025-01-02,FC-Central,SKU-HLTH-001,2,46.34,11.12,81.56,Holt_Winters,20250102
2025-01-02,FC-Central,SKU-HLTH-001,2,46.34,11.12,81.56,Holt_Winters,20250102
2025-01-03,FC-Central,SKU-HLTH-001,3,54.79,19.06,90.52,Holt_Winters,20250103
2025-01-03,FC-Central,SKU-HLTH-001,3,54.79,19.06,90.52,Holt_Winters,20250103
2025-01-04,FC-Central,SKU-HLTH-001,4,60.11,23.87,96.35,Holt_Winters,20250104
2025-01-04,FC-Central,SKU-HLTH-001,4,60.11,23.87,96.35,Holt_Winters,20250104
2025-01-05,FC-Central,SKU-HLTH-001,5,56.76,20.03,93.49,Holt_Winters,20250105
2025-01-05,FC-Central,SKU-HLTH-001,5,56.76,20.03,93.49,Holt_Winters,20250105
2025-01-06,FC-Central,SKU-HLTH-001,6,42.1,4.88,79.32,Holt_Winters,20250106
2025-01-06,FC-Central,SKU-HLTH-001,6,42.1,4.88,79.32,Holt_Winters,20250106
2025-01-07,FC-Central,SKU-HLTH-001,7,44.33,6.62,82.04,Holt_Winters,20250107
2025-01-07,FC-Central,SKU-HLTH-001,7,44.33,6.62,82.04,Holt_Winters,20250107
2025-01-08,FC-Central,SKU-HLTH-001,8,44.77,6.59,82.95,Holt_Winters,20250108
2025-01-08,FC-Central,SKU-HLTH-001,8,44.77,6.59,82.95,Holt_Winters,20250108
2025-01-09,FC-Central,SKU-HLTH-001,9,46.34,7.69,84.99,Holt_Winters,20250109
2025-01-09,FC-Central,SKU-HLTH-001,9,46.34,7.69,84.99,Holt_Winters,20250109
2025-01-10,FC-Central,SKU-HLTH-001,10,54.79,15.67,93.91,Holt_Winters,20250110
2025-01-10,FC-Central,SKU-HLTH-001,10,54.79,15.67,93.91,Holt_Winters,20250110
2025-01-11,FC-Central,SKU-HLTH-001,11,60.11,20.54,99.68,Holt_Winters,20250111
2025-01-11,FC-Central,SKU-HLTH-001,11,60.11,20.54,99.68,Holt_Winters,20250111
2025-01-12,FC-Central,SKU-HLTH-001,12,56.76,16.74,96.78,Holt_Winters,20250112
2025-01-12,FC-Central,SKU-HLTH-001,12,56.76,16.74,96.78,Holt_Winters,20250112
2025-01-13,FC-Central,SKU-HLTH-001,13,42.1,1.63,82.57,Holt_Winters,20250113
2025-01-13,FC-Central,SKU-HLTH-001,13,42.1,1.63,82.57,Holt_Winters,20250113
2025-01-14,FC-Central,SKU-HLTH-001,14,44.33,3.41,85.25,Holt_Winters,20250114
2025-01-14,FC-Central,SKU-HLTH-001,14,44.33,3.41,85.25,Holt_Winters,20250114
2025-01-15,FC-Central,SKU-HLTH-001,15,44.78,3.42,86.14,Holt_Winters,20250115
2025-01-15,FC-Central,SKU-HLTH-001,15,44.78,3.42,86.14,Holt_Winters,20250115
2025-01-16,FC-Central,SKU-HLTH-001,16,46.35,4.54,88.16,Holt_Winters,20250116
2025-01-16,FC-Central,SKU-HLTH-001,16,46.35,4.54,88.16,Holt_Winters,20250116
2025-01-17,FC-Central,SKU-HLTH-001,17,54.8,12.56,97.04,Holt_Winters,20250117
2025-01-17,FC-Central,SKU-HLTH-001,17,54.8,12.56,97.04,Holt_Winters,20250117
2025-01-18,FC-Central,SKU-HLTH-001,18,60.12,17.47,102.77,Holt_Winters,20250118
2025-01-18,FC-Central,SKU-HLTH-001,18,60.12,17.47,102.77,Holt_Winters,20250118
2025-01-19,FC-Central,SKU-HLTH-001,19,56.77,13.69,99.85,Holt_Winters,20250119
2025-01-19,FC-Central,SKU-HLTH-001,19,56.77,13.69,99.85,Holt_Winters,20250119
2025-01-20,FC-Central,SKU-HLTH-001,20,42.11,0.0,85.6,Holt_Winters,20250120
2025-01-20,FC-Central,SKU-HLTH-001,20,42.11,0.0,85.6,Holt_Winters,20250120
2025-01-21,FC-Central,SKU-HLTH-001,21,44.34,0.44,88.24,Holt_Winters,20250121
2025-01-21,FC-Central,SKU-HLTH-001,21,44.34,0.44,88.24,Holt_Winters,20250121
2025-01-22,FC-Central,SKU-HLTH-001,22,44.78,0.46,89.1,Holt_Winters,20250122
2025-01-22,FC-Central,SKU-HLTH-001,22,44.78,0.46,89.1,Holt_Winters,20250122
2025-01-23,FC-Central,SKU-HLTH-001,23,46.35,1.62,91.08,Holt_Winters,20250123
2025-01-23,FC-Central,SKU-HLTH-001,23,46.35,1.62,91.08,Holt_Winters,20250123
2025-01-24,FC-Central,SKU-HLTH-001,24,54.8,9.68,99.92,Holt_Winters,20250124
2025-01-24,FC-Central,SKU-HLTH-001,24,54.8,9.68,99.92,Holt_Winters,20250124
2025-01-25,FC-Central,SKU-HLTH-001,25,60.12,14.59,105.65,Holt_Winters,20250125
2025-01-25,FC-Central,SKU-HLTH-001,25,60.12,14.59,105.65,Holt_Winters,20250125
2025-01-26,FC-Central,SKU-HLTH-001,26,56.77,10.85,102.69,Holt_Winters,20250126
2025-01-26,FC-Central,SKU-HLTH-001,26,56.77,10.85,102.69,Holt_Winters,20250126
2025-01-27,FC-Central,SKU-HLTH-001,27,42.11,0.0,88.42,Holt_Winters,20250127
2025-01-27,FC-Central,SKU-HLTH-001,27,42.11,0.0,88.42,Holt_Winters,20250127
2025-01-28,FC-Central,SKU-HLTH-001,28,44.34,0.0,91.05,Holt_Winters,20250128
2025-01-28,FC-Central,SKU-HLTH-001,28,44.34,0.0,91.05,Holt_Winters,20250128
2025-01-01,FC-Central,SKU-HLTH-002,1,24.79,0.0,59.5,Holt_Winters,20250101
2025-01-01,FC-Central,SKU-HLTH-002,1,24.79,0.0,59.5,Holt_Winters,20250101
2025-01-02,FC-Central,SKU-HLTH-002,2,27.0,0.0,62.22,Holt_Winters,20250102
2025-01-02,FC-Central,SKU-HLTH-002,2,27.0,0.0,62.22,Holt_Winters,20250102
2025-01-03,FC-Central,SKU-HLTH-002,3,31.06,0.0,66.79,Holt_Winters,20250103
2025-01-03,FC-Central,SKU-HLTH-002,3,31.06,0.0,66.79,Holt_Winters,20250103
2025-01-04,FC-Central,SKU-HLTH-002,4,37.01,0.77,73.25,Holt_Winters,20250104
2025-01-04,FC-Central,SKU-HLTH-002,4,37.01,0.77,73.25,Holt_Winters,20250104
2025-01-05,FC-Central,SKU-HLTH-002,5,32.74,0.0,69.47,Holt_Winters,20250105
2025-01-05,FC-Central,SKU-HLTH-002,5,32.74,0.0,69.47,Holt_Winters,20250105
2025-01-06,FC-Central,SKU-HLTH-002,6,23.48,0.0,60.7,Holt_Winters,20250106
2025-01-06,FC-Central,SKU-HLTH-002,6,23.48,0.0,60.7,Holt_Winters,20250106
2025-01-07,FC-Central,SKU-HLTH-002,7,18.88,0.0,56.59,Holt_Winters,20250107
2025-01-07,FC-Central,SKU-HLTH-002,7,18.88,0.0,56.59,Holt_Winters,20250107
2025-01-08,FC-Central,SKU-HLTH-002,8,22.68,0.0,60.86,Holt_Winters,20250108
2025-01-08,FC-Central,SKU-HLTH-002,8,22.68,0.0,60.86,Holt_Winters,20250108
2025-01-09,FC-Central,SKU-HLTH-002,9,24.89,0.0,63.54,Holt_Winters,20250109
2025-01-09,FC-Central,SKU-HLTH-002,9,24.89,0.0,63.54,Holt_Winters,20250109
2025-01-10,FC-Central,SKU-HLTH-002,10,28.95,0.0,68.07,Holt_Winters,20250110
2025-01-10,FC-Central,SKU-HLTH-002,10,28.95,0.0,68.07,Holt_Winters,20250110
2025-01-11,FC-Central,SKU-HLTH-002,11,34.89,0.0,74.46,Holt_Winters,20250111
2025-01-11,FC-Central,SKU-HLTH-002,11,34.89,0.0,74.46,Holt_Winters,20250111
2025-01-12,FC-Central,SKU-HLTH-002,12,30.62,0.0,70.64,Holt_Winters,20250112
2025-01-12,FC-Central,SKU-HLTH-002,12,30.62,0.0,70.64,Holt_Winters,20250112
2025-01-13,FC-Central,SKU-HLTH-002,13,21.37,0.0,61.84,Holt_Winters,20250113
2025-01-13,FC-Central,SKU-HLTH-002,13,21.37,0.0,61.84,Holt_Winters,20250113
2025-01-14,FC-Central,SKU-HLTH-002,14,16.77,0.0,57.69,Holt_Winters,20250114
2025-01-14,FC-Central,SKU-HLTH-002,14,16.77,0.0,57.69,Holt_Winters,20250114
2025-01-15,FC-Central,SKU-HLTH-002,15,20.56,0.0,61.92,Holt_Winters,20250115
2025-01-15,FC-Central,SKU-HLTH-002,15,20.56,0.0,61.92,Holt_Winters,20250115
2025-01-16,FC-Central,SKU-HLTH-002,16,22.77,0.0,64.58,Holt_Winters,20250116
2025-01-16,FC-Central,SKU-HLTH-002,16,22.77,0.0,64.58,Holt_Winters,20250116
2025-01-17,FC-Central,SKU-HLTH-002,17,26.83,0.0,69.07,Holt_Winters,20250117
2025-01-17,FC-Central,SKU-HLTH-002,17,26.83,0.0,69.07,Holt_Winters,20250117
2025-01-18,FC-Central,SKU-HLTH-002,18,32.78,0.0,75.43,Holt_Winters,20250118
2025-01-18,FC-Central,SKU-HLTH-002,18,32.78,0.0,75.43,Holt_Winters,20250118
2025-01-19,FC-Central,SKU-HLTH-002,19,28.51,0.0,71.59,Holt_Winters,20250119
2025-01-19,FC-Central,SKU-HLTH-002,19,28.51,0.0,71.59,Holt_Winters,20250119
2025-01-20,FC-Central,SKU-HLTH-002,20,19.25,0.0,62.74,Holt_Winters,20250120
2025-01-20,FC-Central,SKU-HLTH-002,20,19.25,0.0,62.74,Holt_Winters,20250120
2025-01-21,FC-Central,SKU-HLTH-002,21,14.65,0.0,58.55,Holt_Winters,20250121
2025-01-21,FC-Central,SKU-HLTH-002,21,14.65,0.0,58.55,Holt_Winters,20250121
2025-01-22,FC-Central,SKU-HLTH-002,22,18.44,0.0,62.76,Holt_Winters,20250122
2025-01-22,FC-Central,SKU-HLTH-002,22,18.44,0.0,62.76,Holt_Winters,20250122
2025-01-23,FC-Central,SKU-HLTH-002,23,20.65,0.0,65.38,Holt_Winters,20250123
2025-01-23,FC-Central,SKU-HLTH-002,23,20.65,0.0,65.38,Holt_Winters,20250123
2025-01-24,FC-Central,SKU-HLTH-002,24,24.71,0.0,69.83,Holt_Winters,20250124
2025-01-24,FC-Central,SKU-HLTH-002,24,24.71,0.0,69.83,Holt_Winters,20250124
2025-01-25,FC-Central,SKU-HLTH-002,25,30.66,0.0,76.19,Holt_Winters,20250125
2025-01-25,FC-Central,SKU-HLTH-002,25,30.66,0.0,76.19,Holt_Winters,20250125
2025-01-26,FC-Central,SKU-HLTH-002,26,26.39,0.0,72.31,Holt_Winters,20250126
2025-01-26,FC-Central,SKU-HLTH-002,26,26.39,0.0,72.31,Holt_Winters,20250126
2025-01-27,FC-Central,SKU-HLTH-002,27,17.13,0.0,63.44,Holt_Winters,20250127
2025-01-27,FC-Central,SKU-HLTH-002,27,17.13,0.0,63.44,Holt_Winters,20250127
2025-01-28,FC-Central,SKU-HLTH-002,28,12.53,0.0,59.24,Holt_Winters,20250128
2025-01-28,FC-Central,SKU-HLTH-002,28,12.53,0.0,59.24,Holt_Winters,20250128
2025-01-01,FC-Central,SKU-HLTH-003,1,36.32,1.61,71.03,Holt_Winters,20250101
2025-01-01,FC-Central,SKU-HLTH-003,1,36.32,1.61,71.03,Holt_Winters,20250101
2025-01-02,FC-Central,SKU-HLTH-003,2,37.44,2.22,72.66,Holt_Winters,20250102
2025-01-02,FC-Central,SKU-HLTH-003,2,37.44,2.22,72.66,Holt_Winters,20250102
2025-01-03,FC-Central,SKU-HLTH-003,3,42.27,6.54,78.0,Holt_Winters,20250103
2025-01-03,FC-Central,SKU-HLTH-003,3,42.27,6.54,78.0,Holt_Winters,20250103
2025-01-04,FC-Central,SKU-HLTH-003,4,46.49,10.25,82.73,Holt_Winters,20250104
2025-01-04,FC-Central,SKU-HLTH-003,4,46.49,10.25,82.73,Holt_Winters,20250104
2025-01-05,FC-Central,SKU-HLTH-003,5,42.1,5.37,78.83,Holt_Winters,20250105
2025-01-05,FC-Central,SKU-HLTH-003,5,42.1,5.37,78.83,Holt_Winters,20250105
2025-01-06,FC-Central,SKU-HLTH-003,6,32.72,0.0,69.94,Holt_Winters,20250106
2025-01-06,FC-Central,SKU-HLTH-003,6,32.72,0.0,69.94,Holt_Winters,20250106
2025-01-07,FC-Central,SKU-HLTH-003,7,34.45,0.0,72.16,Holt_Winters,20250107
2025-01-07,FC-Central,SKU-HLTH-003,7,34.45,0.0,72.16,Holt_Winters,20250107
2025-01-08,FC-Central,SKU-HLTH-003,8,36.43,0.0,74.61,Holt_Winters,20250108
2025-01-08,FC-Central,SKU-HLTH-003,8,36.43,0.0,74.61,Holt_Winters,20250108
2025-01-09,FC-Central,SKU-HLTH-003,9,37.55,0.0,76.2,Holt_Winters,20250109
2025-01-09,FC-Central,SKU-HLTH-003,9,37.55,0.0,76.2,Holt_Winters,20250109
2025-01-10,FC-Central,SKU-HLTH-003,10,42.38,3.26,81.5,Holt_Winters,20250110
2025-01-10,FC-Central,SKU-HLTH-003,10,42.38,3.26,81.5,Holt_Winters,20250110
2025-01-11,FC-Central,SKU-HLTH-003,11,46.6,7.03,86.17,Holt_Winters,20250111
2025-01-11,FC-Central,SKU-HLTH-003,11,46.6,7.03,86.17,Holt_Winters,20250111
2025-01-12,FC-Central,SKU-HLTH-003,12,42.22,2.2,82.24,Holt_Winters,20250112
2025-01-12,FC-Central,SKU-HLTH-003,12,42.22,2.2,82.24,Holt_Winters,20250112
2025-01-13,FC-Central,SKU-HLTH-003,13,32.83,0.0,73.3,Holt_Winters,20250113
2025-01-13,FC-Central,SKU-HLTH-003,13,32.83,0.0,73.3,Holt_Winters,20250113
2025-01-14,FC-Central,SKU-HLTH-003,14,34.57,0.0,75.49,Holt_Winters,20250114
2025-01-14,FC-Central,SKU-HLTH-003,14,34.57,0.0,75.49,Holt_Winters,20250114
2025-01-15,FC-Central,SKU-HLTH-003,15,36.54,0.0,77.9,Holt_Winters,20250115
2025-01-15,FC-Central,SKU-HLTH-003,15,36.54,0.0,77.9,Holt_Winters,20250115
2025-01-16,FC-Central,SKU-HLTH-003,16,37.67,0.0,79.48,Holt_Winters,20250116
2025-01-16,FC-Central,SKU-HLTH-003,16,37.67,0.0,79.48,Holt_Winters,20250116
2025-01-17,FC-Central,SKU-HLTH-003,17,42.49,0.25,84.73,Holt_Winters,20250117
2025-01-17,FC-Central,SKU-HLTH-003,17,42.49,0.25,84.73,Holt_Winters,20250117
2025-01-18,FC-Central,SKU-HLTH-003,18,46.72,4.07,89.37,Holt_Winters,20250118
2025-01-18,FC-Central,SKU-HLTH-003,18,46.72,4.07,89.37,Holt_Winters,20250118
2025-01-19,FC-Central,SKU-HLTH-003,19,42.33,0.0,85.41,Holt_Winters,20250119
2025-01-19,FC-Central,SKU-HLTH-003,19,42.33,0.0,85.41,Holt_Winters,20250119
2025-01-20,FC-Central,SKU-HLTH-003,20,32.94,0.0,76.43,Holt_Winters,20250120
2025-01-20,FC-Central,SKU-HLTH-003,20,32.94,0.0,76.43,Holt_Winters,20250120
2025-01-21,FC-Central,SKU-HLTH-003,21,34.68,0.0,78.58,Holt_Winters,20250121
2025-01-21,FC-Central,SKU-HLTH-003,21,34.68,0.0,78.58,Holt_Winters,20250121
2025-01-22,FC-Central,SKU-HLTH-003,22,36.65,0.0,80.97,Holt_Winters,20250122
2025-01-22,FC-Central,SKU-HLTH-003,22,36.65,0.0,80.97,Holt_Winters,20250122
2025-01-23,FC-Central,SKU-HLTH-003,23,37.78,0.0,82.51,Holt_Winters,20250123
2025-01-23,FC-Central,SKU-HLTH-003,23,37.78,0.0,82.51,Holt_Winters,20250123
2025-01-24,FC-Central,SKU-HLTH-003,24,42.6,0.0,87.72,Holt_Winters,20250124
2025-01-24,FC-Central,SKU-HLTH-003,24,42.6,0.0,87.72,Holt_Winters,20250124
2025-01-25,FC-Central,SKU-HLTH-003,25,46.83,1.3,92.36,Holt_Winters,20250125
2025-01-25,FC-Central,SKU-HLTH-003,25,46.83,1.3,92.36,Holt_Winters,20250125
2025-01-26,FC-Central,SKU-HLTH-003,26,42.44,0.0,88.36,Holt_Winters,20250126
2025-01-26,FC-Central,SKU-HLTH-003,26,42.44,0.0,88.36,Holt_Winters,20250126
2025-01-27,FC-Central,SKU-HLTH-003,27,33.06,0.0,79.37,Holt_Winters,20250127
2025-01-27,FC-Central,SKU-HLTH-003,27,33.06,0.0,79.37,Holt_Winters,20250127
2025-01-28,FC-Central,SKU-HLTH-003,28,34.79,0.0,81.5,Holt_Winters,20250128
2025-01-28,FC-Central,SKU-HLTH-003,28,34.79,0.0,81.5,Holt_Winters,20250128
2025-01-01,FC-Central,SKU-HLTH-004,1,28.56,0.0,63.27,Holt_Winters,20250101
2025-01-01,FC-Central,SKU-HLTH-004,1,28.56,0.0,63.27,Holt_Winters,20250101
2025-01-02,FC-Central,SKU-HLTH-004,2,29.52,0.0,64.74,Holt_Winters,20250102
2025-01-02,FC-Central,SKU-HLTH-004,2,29.52,0.0,64.74,Holt_Winters,20250102
2025-01-03,FC-Central,SKU-HLTH-004,3,33.47,0.0,69.2,Holt_Winters,20250103
2025-01-03,FC-Central,SKU-HLTH-004,3,33.47,0.0,69.2,Holt_Winters,20250103
2025-01-04,FC-Central,SKU-HLTH-004,4,39.2,2.96,75.44,Holt_Winters,20250104
2025-01-04,FC-Central,SKU-HLTH-004,4,39.2,2.96,75.44,Holt_Winters,20250104
2025-01-05,FC-Central,SKU-HLTH-004,5,35.34,0.0,72.07,Holt_Winters,20250105
2025-01-05,FC-Central,SKU-HLTH-004,5,35.34,0.0,72.07,Holt_Winters,20250105
2025-01-06,FC-Central,SKU-HLTH-004,6,26.26,0.0,63.48,Holt_Winters,20250106
2025-01-06,FC-Central,SKU-HLTH-004,6,26.26,0.0,63.48,Holt_Winters,20250106
2025-01-07,FC-Central,SKU-HLTH-004,7,27.66,0.0,65.37,Holt_Winters,20250107
2025-01-07,FC-Central,SKU-HLTH-004,7,27.66,0.0,65.37,Holt_Winters,20250107
2025-01-08,FC-Central,SKU-HLTH-004,8,28.56,0.0,66.74,Holt_Winters,20250108
2025-01-08,FC-Central,SKU-HLTH-004,8,28.56,0.0,66.74,Holt_Winters,20250108
2025-01-09,FC-Central,SKU-HLTH-004,9,29.53,0.0,68.18,Holt_Winters,20250109
2025-01-09,FC-Central,SKU-HLTH-004,9,29.53,0.0,68.18,Holt_Winters,20250109
2025-01-10,FC-Central,SKU-HLTH-004,10,33.48,0.0,72.6,Holt_Winters,20250110
2025-01-10,FC-Central,SKU-HLTH-004,10,33.48,0.0,72.6,Holt_Winters,20250110
2025-01-11,FC-Central,SKU-HLTH-004,11,39.21,0.0,78.78,Holt_Winters,20250111
2025-01-11,FC-Central,SKU-HLTH-004,11,39.21,0.0,78.78,Holt_Winters,20250111
2025-01-12,FC-Central,SKU-HLTH-004,12,35.35,0.0,75.37,Holt_Winters,20250112
2025-01-12,FC-Central,SKU-HLTH-004,12,35.35,0.0,75.37,Holt_Winters,20250112
2025-01-13,FC-Central,SKU-HLTH-004,13,26.27,0.0,66.74,Holt_Winters,20250113
2025-01-13,FC-Central,SKU-HLTH-004,13,26.27,0.0,66.74,Holt_Winters,20250113
2025-01-14,FC-Central,SKU-HLTH-004,14,27.67,0.0,68.59,Holt_Winters,20250114
2025-01-14,FC-Central,SKU-HLTH-004,14,27.67,0.0,68.59,Holt_Winters,20250114
2025-01-15,FC-Central,SKU-HLTH-004,15,28.57,0.0,69.93,Holt_Winters,20250115
2025-01-15,FC-Central,SKU-HLTH-004,15,28.57,0.0,69.93,Holt_Winters,20250115
2025-01-16,FC-Central,SKU-HLTH-004,16,29.53,0.0,71.34,Holt_Winters,20250116
2025-01-16,FC-Central,SKU-HLTH-004,16,29.53,0.0,71.34,Holt_Winters,20250116
2025-01-17,FC-Central,SKU-HLTH-004,17,33.48,0.0,75.72,Holt_Winters,20250117
2025-01-17,FC-Central,SKU-HLTH-004,17,33.48,0.0,75.72,Holt_Winters,20250117
2025-01-18,FC-Central,SKU-HLTH-004,18,39.21,0.0,81.86,Holt_Winters,20250118
2025-01-18,FC-Central,SKU-HLTH-004,18,39.21,0.0,81.86,Holt_Winters,20250118
2025-01-19,FC-Central,SKU-HLTH-004,19,35.35,0.0,78.43,Holt_Winters,20250119
2025-01-19,FC-Central,SKU-HLTH-004,19,35.35,0.0,78.43,Holt_Winters,20250119
2025-01-20,FC-Central,SKU-HLTH-004,20,26.28,0.0,69.77,Holt_Winters,20250120
2025-01-20,FC-Central,SKU-HLTH-004,20,26.28,0.0,69.77,Holt_Winters,20250120
2025-01-21,FC-Central,SKU-HLTH-004,21,27.68,0.0,71.58,Holt_Winters,20250121
2025-01-21,FC-Central,SKU-HLTH-004,21,27.68,0.0,71.58,Holt_Winters,20250121
2025-01-22,FC-Central,SKU-HLTH-004,22,28.58,0.0,72.9,Holt_Winters,20250122
2025-01-22,FC-Central,SKU-HLTH-004,22,28.58,0.0,72.9,Holt_Winters,20250122
2025-01-23,FC-Central,SKU-HLTH-004,23,29.54,0.0,74.27,Holt_Winters,20250123
2025-01-23,FC-Central,SKU-HLTH-004,23,29.54,0.0,74.27,Holt_Winters,20250123
2025-01-24,FC-Central,SKU-HLTH-004,24,33.49,0.0,78.61,Holt_Winters,20250124
2025-01-24,FC-Central,SKU-HLTH-004,24,33.49,0.0,78.61,Holt_Winters,20250124
2025-01-25,FC-Central,SKU-HLTH-004,25,39.22,0.0,84.75,Holt_Winters,20250125
2025-01-25,FC-Central,SKU-HLTH-004,25,39.22,0.0,84.75,Holt_Winters,20250125
2025-01-26,FC-Central,SKU-HLTH-004,26,35.36,0.0,81.28,Holt_Winters,20250126
2025-01-26,FC-Central,SKU-HLTH-004,26,35.36,0.0,81.28,Holt_Winters,20250126
2025-01-27,FC-Central,SKU-HLTH-004,27,26.28,0.0,72.59,Holt_Winters,20250127
2025-01-27,FC-Central,SKU-HLTH-004,27,26.28,0.0,72.59,Holt_Winters,20250127
2025-01-28,FC-Central,SKU-HLTH-004,28,27.68,0.0,74.39,Holt_Winters,20250128
2025-01-28,FC-Central,SKU-HLTH-004,28,27.68,0.0,74.39,Holt_Winters,20250128
2025-01-01,FC-Central,SKU-HLTH-005,1,59.65,24.94,94.36,Holt_Winters,20250101
2025-01-01,FC-Central,SKU-HLTH-005,1,59.65,24.94,94.36,Holt_Winters,20250101
2025-01-02,FC-Central,SKU-HLTH-005,2,59.29,24.07,94.51,Holt_Winters,20250102
2025-01-02,FC-Central,SKU-HLTH-005,2,59.29,24.07,94.51,Holt_Winters,20250102
2025-01-03,FC-Central,SKU-HLTH-005,3,64.54,28.81,100.27,Holt_Winters,20250103
2025-01-03,FC-Central,SKU-HLTH-005,3,64.54,28.81,100.27,Holt_Winters,20250103
2025-01-04,FC-Central,SKU-HLTH-005,4,70.78,34.54,107.02,Holt_Winters,20250104
2025-01-04,FC-Central,SKU-HLTH-005,4,70.78,34.54,107.02,Holt_Winters,20250104
2025-01-05,FC-Central,SKU-HLTH-005,5,67.2,30.47,103.93,Holt_Winters,20250105
2025-01-05,FC-Central,SKU-HLTH-005,5,67.2,30.47,103.93,Holt_Winters,20250105
2025-01-06,FC-Central,SKU-HLTH-005,6,57.75,20.53,94.97,Holt_Winters,20250106
2025-01-06,FC-Central,SKU-HLTH-005,6,57.75,20.53,94.97,Holt_Winters,20250106
2025-01-07,FC-Central,SKU-HLTH-005,7,57.96,20.25,95.67,Holt_Winters,20250107
2025-01-07,FC-Central,SKU-HLTH-005,7,57.96,20.25,95.67,Holt_Winters,20250107
2025-01-08,FC-Central,SKU-HLTH-005,8,62.45,24.27,100.63,Holt_Winters,20250108
2025-01-08,FC-Central,SKU-HLTH-005,8,62.45,24.27,100.63,Holt_Winters,20250108
2025-01-09,FC-Central,SKU-HLTH-005,9,62.1,23.45,100.75,Holt_Winters,20250109
2025-01-09,FC-Central,SKU-HLTH-005,9,62.1,23.45,100.75,Holt_Winters,20250109
2025-01-10,FC-Central,SKU-HLTH-005,10,67.35,28.23,106.47,Holt_Winters,20250110
2025-01-10,FC-Central,SKU-HLTH-005,10,67.35,28.23,106.47,Holt_Winters,20250110
2025-01-11,FC-Central,SKU-HLTH-005,11,73.58,34.01,113.15,Holt_Winters,20250111
2025-01-11,FC-Central,SKU-HLTH-005,11,73.58,34.01,113.15,Holt_Winters,20250111
2025-01-12,FC-Central,SKU-HLTH-005,12,70.0,29.98,110.02,Holt_Winters,20250112
2025-01-12,FC-Central,SKU-HLTH-005,12,70.0,29.98,110.02,Holt_Winters,20250112
2025-01-13,FC-Central,SKU-HLTH-005,13,60.56,20.09,101.03,Holt_Winters,20250113
2025-01-13,FC-Central,SKU-HLTH-005,13,60.56,20.09,101.03,Holt_Winters,20250113
2025-01-14,FC-Central,SKU-HLTH-005,14,60.76,19.84,101.68,Holt_Winters,20250114
2025-01-14,FC-Central,SKU-HLTH-005,14,60.76,19.84,101.68,Holt_Winters,20250114
2025-01-15,FC-Central,SKU-HLTH-005,15,65.26,23.9,106.62,Holt_Winters,20250115
2025-01-15,FC-Central,SKU-HLTH-005,15,65.26,23.9,106.62,Holt_Winters,20250115
2025-01-16,FC-Central,SKU-HLTH-005,16,64.9,23.09,106.71,Holt_Winters,20250116
2025-01-16,FC-Central,SKU-HLTH-005,16,64.9,23.09,106.71,Holt_Winters,20250116
2025-01-17,FC-Central,SKU-HLTH-005,17,70.15,27.91,112.39,Holt_Winters,20250117
2025-01-17,FC-Central,SKU-HLTH-005,17,70.15,27.91,112.39,Holt_Winters,20250117
2025-01-18,FC-Central,SKU-HLTH-005,18,76.39,33.74,119.04,Holt_Winters,20250118
2025-01-18,FC-Central,SKU-HLTH-005,18,76.39,33.74,119.04,Holt_Winters,20250118
2025-01-19,FC-Central,SKU-HLTH-005,19,72.81,29.73,115.89,Holt_Winters,20250119
2025-01-19,FC-Central,SKU-HLTH-005,19,72.81,29.73,115.89,Holt_Winters,20250119
2025-01-20,FC-Central,SKU-HLTH-005,20,63.36,19.87,106.85,Holt_Winters,20250120
2025-01-20,FC-Central,SKU-HLTH-005,20,63.36,19.87,106.85,Holt_Winters,20250120
2025-01-21,FC-Central,SKU-HLTH-005,21,63.57,19.67,107.47,Holt_Winters,20250121
2025-01-21,FC-Central,SKU-HLTH-005,21,63.57,19.67,107.47,Holt_Winters,20250121
2025-01-22,FC-Central,SKU-HLTH-005,22,68.06,23.74,112.38,Holt_Winters,20250122
2025-01-22,FC-Central,SKU-HLTH-005,22,68.06,23.74,112.38,Holt_Winters,20250122
2025-01-23,FC-Central,SKU-HLTH-005,23,67.71,22.98,112.44,Holt_Winters,20250123
2025-01-23,FC-Central,SKU-HLTH-005,23,67.71,22.98,112.44,Holt_Winters,20250123
2025-01-24,FC-Central,SKU-HLTH-005,24,72.95,27.83,118.07,Holt_Winters,20250124
2025-01-24,FC-Central,SKU-HLTH-005,24,72.95,27.83,118.07,Holt_Winters,20250124
2025-01-25,FC-Central,SKU-HLTH-005,25,79.19,33.66,124.72,Holt_Winters,20250125
2025-01-25,FC-Central,SKU-HLTH-005,25,79.19,33.66,124.72,Holt_Winters,20250125
2025-01-26,FC-Central,SKU-HLTH-005,26,75.61,29.69,121.53,Holt_Winters,20250126
2025-01-26,FC-Central,SKU-HLTH-005,26,75.61,29.69,121.53,Holt_Winters,20250126
2025-01-27,FC-Central,SKU-HLTH-005,27,66.16,19.85,112.47,Holt_Winters,20250127
2025-01-27,FC-Central,SKU-HLTH-005,27,66.16,19.85,112.47,Holt_Winters,20250127
2025-01-28,FC-Central,SKU-HLTH-005,28,66.37,19.66,113.08,Holt_Winters,20250128
2025-01-28,FC-Central,SKU-HLTH-005,28,66.37,19.66,113.08,Holt_Winters,20250128
2025-01-01,FC-Central,SKU-HLTH-006,1,25.05,0.0,59.76,Holt_Winters,20250101
2025-01-01,FC-Central,SKU-HLTH-006,1,25.05,0.0,59.76,Holt_Winters,20250101
2025-01-02,FC-Central,SKU-HLTH-006,2,24.48,0.0,59.7,Holt_Winters,20250102
2025-01-02,FC-Central,SKU-HLTH-006,2,24.48,0.0,59.7,Holt_Winters,20250102
2025-01-03,FC-Central,SKU-HLTH-006,3,28.34,0.0,64.07,Holt_Winters,20250103
2025-01-03,FC-Central,SKU-HLTH-006,3,28.34,0.0,64.07,Holt_Winters,20250103
2025-01-04,FC-Central,SKU-HLTH-006,4,31.9,0.0,68.14,Holt_Winters,20250104
2025-01-04,FC-Central,SKU-HLTH-006,4,31.9,0.0,68.14,Holt_Winters,20250104
2025-01-05,FC-Central,SKU-HLTH-006,5,29.85,0.0,66.58,Holt_Winters,20250105
2025-01-05,FC-Central,SKU-HLTH-006,5,29.85,0.0,66.58,Holt_Winters,20250105
2025-01-06,FC-Central,SKU-HLTH-006,6,24.39,0.0,61.61,Holt_Winters,20250106
2025-01-06,FC-Central,SKU-HLTH-006,6,24.39,0.0,61.61,Holt_Winters,20250106
2025-01-07,FC-Central,SKU-HLTH-006,7,23.77,0.0,61.48,Holt_Winters,20250107
2025-01-07,FC-Central,SKU-HLTH-006,7,23.77,0.0,61.48,Holt_Winters,20250107
2025-01-08,FC-Central,SKU-HLTH-006,8,25.13,0.0,63.31,Holt_Winters,20250108
2025-01-08,FC-Central,SKU-HLTH-006,8,25.13,0.0,63.31,Holt_Winters,20250108
2025-01-09,FC-Central,SKU-HLTH-006,9,24.56,0.0,63.21,Holt_Winters,20250109
2025-01-09,FC-Central,SKU-HLTH-006,9,24.56,0.0,63.21,Holt_Winters,20250109
2025-01-10,FC-Central,SKU-HLTH-006,10,28.42,0.0,67.54,Holt_Winters,20250110
2025-01-10,FC-Central,SKU-HLTH-006,10,28.42,0.0,67.54,Holt_Winters,20250110
2025-01-11,FC-Central,SKU-HLTH-006,11,31.98,0.0,71.55,Holt_Winters,20250111
2025-01-11,FC-Central,SKU-HLTH-006,11,31.98,0.0,71.55,Holt_Winters,20250111
2025-01-12,FC-Central,SKU-HLTH-006,12,29.93,0.0,69.95,Holt_Winters,20250112
2025-01-12,FC-Central,SKU-HLTH-006,12,29.93,0.0,69.95,Holt_Winters,20250112
2025-01-13,FC-Central,SKU-HLTH-006,13,24.47,0.0,64.94,Holt_Winters,20250113
2025-01-13,FC-Central,SKU-HLTH-006,13,24.47,0.0,64.94,Holt_Winters,20250113
2025-01-14,FC-Central,SKU-HLTH-006,14,23.85,0.0,64.77,Holt_Winters,20250114
2025-01-14,FC-Central,SKU-HLTH-006,14,23.85,0.0,64.77,Holt_Winters,20250114
2025-01-15,FC-Central,SKU-HLTH-006,15,25.21,0.0,66.57,Holt_Winters,20250115
2025-01-15,FC-Central,SKU-HLTH-006,15,25.21,0.0,66.57,Holt_Winters,20250115
2025-01-16,FC-Central,SKU-HLTH-006,16,24.64,0.0,66.45,Holt_Winters,20250116
2025-01-16,FC-Central,SKU-HLTH-006,16,24.64,0.0,66.45,Holt_Winters,20250116
2025-01-17,FC-Central,SKU-HLTH-006,17,28.5,0.0,70.74,Holt_Winters,20250117
2025-01-17,FC-Central,SKU-HLTH-006,17,28.5,0.0,70.74,Holt_Winters,20250117
2025-01-18,FC-Central,SKU-HLTH-006,18,32.06,0.0,74.71,Holt_Winters,20250118
2025-01-18,FC-Central,SKU-HLTH-006,18,32.06,0.0,74.71,Holt_Winters,20250118
2025-01-19,FC-Central,SKU-HLTH-006,19,30.01,0.0,73.09,Holt_Winters,20250119
2025-01-19,FC-Central,SKU-HLTH-006,19,30.01,0.0,73.09,Holt_Winters,20250119
2025-01-20,FC-Central,SKU-HLTH-006,20,24.55,0.0,68.04,Holt_Winters,20250120
2025-01-20,FC-Central,SKU-HLTH-006,20,24.55,0.0,68.04,Holt_Winters,20250120
2025-01-21,FC-Central,SKU-HLTH-006,21,23.93,0.0,67.83,Holt_Winters,20250121
2025-01-21,FC-Central,SKU-HLTH-006,21,23.93,0.0,67.83,Holt_Winters,20250121
2025-01-22,FC-Central,SKU-HLTH-006,22,25.29,0.0,69.61,Holt_Winters,20250122
2025-01-22,FC-Central,SKU-HLTH-006,22,25.29,0.0,69.61,Holt_Winters,20250122
2025-01-23,FC-Central,SKU-HLTH-006,23,24.72,0.0,69.45,Holt_Winters,20250123
2025-01-23,FC-Central,SKU-HLTH-006,23,24.72,0.0,69.45,Holt_Winters,20250123
2025-01-24,FC-Central,SKU-HLTH-006,24,28.58,0.0,73.7,Holt_Winters,20250124
2025-01-24,FC-Central,SKU-HLTH-006,24,28.58,0.0,73.7,Holt_Winters,20250124
2025-01-25,FC-Central,SKU-HLTH-006,25,32.14,0.0,77.67,Holt_Winters,20250125
2025-01-25,FC-Central,SKU-HLTH-006,25,32.14,0.0,77.67,Holt_Winters,20250125
2025-01-26,FC-Central,SKU-HLTH-006,26,30.09,0.0,76.01,Holt_Winters,20250126
2025-01-26,FC-Central,SKU-HLTH-006,26,30.09,0.0,76.01,Holt_Winters,20250126
2025-01-27,FC-Central,SKU-HLTH-006,27,24.63,0.0,70.94,Holt_Winters,20250127
2025-01-27,FC-Central,SKU-HLTH-006,27,24.63,0.0,70.94,Holt_Winters,20250127
2025-01-28,FC-Central,SKU-HLTH-006,28,24.01,0.0,70.72,Holt_Winters,20250128
2025-01-28,FC-Central,SKU-HLTH-006,28,24.01,0.0,70.72,Holt_Winters,20250128
2025-01-01,FC-Central,SKU-HLTH-007,1,7.89,0.0,42.6,Holt_Winters,20250101
2025-01-01,FC-Central,SKU-HLTH-007,1,7.89,0.0,42.6,Holt_Winters,20250101
2025-01-02,FC-Central,SKU-HLTH-007,2,8.05,0.0,43.27,Holt_Winters,20250102
2025-01-02,FC-Central,SKU-HLTH-007,2,8.05,0.0,43.27,Holt_Winters,20250102
2025-01-03,FC-Central,SKU-HLTH-007,3,9.49,0.0,45.22,Holt_Winters,20250103
2025-01-03,FC-Central,SKU-HLTH-007,3,9.49,0.0,45.22,Holt_Winters,20250103
2025-01-04,FC-Central,SKU-HLTH-007,4,10.31,0.0,46.55,Holt_Winters,20250104
2025-01-04,FC-Central,SKU-HLTH-007,4,10.31,0.0,46.55,Holt_Winters,20250104
2025-01-05,FC-Central,SKU-HLTH-007,5,9.93,0.0,46.66,Holt_Winters,20250105
2025-01-05,FC-Central,SKU-HLTH-007,5,9.93,0.0,46.66,Holt_Winters,20250105
2025-01-06,FC-Central,SKU-HLTH-007,6,6.45,0.0,43.67,Holt_Winters,20250106
2025-01-06,FC-Central,SKU-HLTH-007,6,6.45,0.0,43.67,Holt_Winters,20250106
2025-01-07,FC-Central,SKU-HLTH-007,7,6.6,0.0,44.31,Holt_Winters,20250107
2025-01-07,FC-Central,SKU-HLTH-007,7,6.6,0.0,44.31,Holt_Winters,20250107
2025-01-08,FC-Central,SKU-HLTH-007,8,7.85,0.0,46.03,Holt_Winters,20250108
2025-01-08,FC-Central,SKU-HLTH-007,8,7.85,0.0,46.03,Holt_Winters,20250108
2025-01-09,FC-Central,SKU-HLTH-007,9,8.02,0.0,46.67,Holt_Winters,20250109
2025-01-09,FC-Central,SKU-HLTH-007,9,8.02,0.0,46.67,Holt_Winters,20250109
2025-01-10,FC-Central,SKU-HLTH-007,10,9.46,0.0,48.58,Holt_Winters,20250110
2025-01-10,FC-Central,SKU-HLTH-007,10,9.46,0.0,48.58,Holt_Winters,20250110
2025-01-11,FC-Central,SKU-HLTH-007,11,10.27,0.0,49.84,Holt_Winters,20250111
2025-01-11,FC-Central,SKU-HLTH-007,11,10.27,0.0,49.84,Holt_Winters,20250111
2025-01-12,FC-Central,SKU-HLTH-007,12,9.89,0.0,49.91,Holt_Winters,20250112
2025-01-12,FC-Central,SKU-HLTH-007,12,9.89,0.0,49.91,Holt_Winters,20250112
2025-01-13,FC-Central,SKU-HLTH-007,13,6.41,0.0,46.88,Holt_Winters,20250113
2025-01-13,FC-Central,SKU-HLTH-007,13,6.41,0.0,46.88,Holt_Winters,20250113
2025-01-14,FC-Central,SKU-HLTH-007,14,6.57,0.0,47.49,Holt_Winters,20250114
2025-01-14,FC-Central,SKU-HLTH-007,14,6.57,0.0,47.49,Holt_Winters,20250114
2025-01-15,FC-Central,SKU-HLTH-007,15,7.82,0.0,49.18,Holt_Winters,20250115
2025-01-15,FC-Central,SKU-HLTH-007,15,7.82,0.0,49.18,Holt_Winters,20250115
2025-01-16,FC-Central,SKU-HLTH-007,16,7.98,0.0,49.79,Holt_Winters,20250116
2025-01-16,FC-Central,SKU-HLTH-007,16,7.98,0.0,49.79,Holt_Winters,20250116
2025-01-17,FC-Central,SKU-HLTH-007,17,9.42,0.0,51.66,Holt_Winters,20250117
2025-01-17,FC-Central,SKU-HLTH-007,17,9.42,0.0,51.66,Holt_Winters,20250117
2025-01-18,FC-Central,SKU-HLTH-007,18,10.24,0.0,52.89,Holt_Winters,20250118
2025-01-18,FC-Central,SKU-HLTH-007,18,10.24,0.0,52.89,Holt_Winters,20250118
2025-01-19,FC-Central,SKU-HLTH-007,19,9.85,0.0,52.93,Holt_Winters,20250119
2025-01-19,FC-Central,SKU-HLTH-007,19,9.85,0.0,52.93,Holt_Winters,20250119
2025-01-20,FC-Central,SKU-HLTH-007,20,6.37,0.0,49.86,Holt_Winters,20250120
2025-01-20,FC-Central,SKU-HLTH-007,20,6.37,0.0,49.86,Holt_Winters,20250120
2025-01-21,FC-Central,SKU-HLTH-007,21,6.53,0.0,50.43,Holt_Winters,20250121
2025-01-21,FC-Central,SKU-HLTH-007,21,6.53,0.0,50.43,Holt_Winters,20250121
2025-01-22,FC-Central,SKU-HLTH-007,22,7.78,0.0,52.1,Holt_Winters,20250122
2025-01-22,FC-Central,SKU-HLTH-007,22,7.78,0.0,52.1,Holt_Winters,20250122
2025-01-23,FC-Central,SKU-HLTH-007,23,7.94,0.0,52.67,Holt_Winters,20250123
2025-01-23,FC-Central,SKU-HLTH-007,23,7.94,0.0,52.67,Holt_Winters,20250123
2025-01-24,FC-Central,SKU-HLTH-007,24,9.38,0.0,54.5,Holt_Winters,20250124
2025-01-24,FC-Central,SKU-HLTH-007,24,9.38,0.0,54.5,Holt_Winters,20250124
2025-01-25,FC-Central,SKU-HLTH-007,25,10.2,0.0,55.73,Holt_Winters,20250125
2025-01-25,FC-Central,SKU-HLTH-007,25,10.2,0.0,55.73,Holt_Winters,20250125
2025-01-26,FC-Central,SKU-HLTH-007,26,9.82,0.0,55.74,Holt_Winters,20250126
2025-01-26,FC-Central,SKU-HLTH-007,26,9.82,0.0,55.74,Holt_Winters,20250126
2025-01-27,FC-Central,SKU-HLTH-007,27,6.34,0.0,52.65,Holt_Winters,20250127
2025-01-27,FC-Central,SKU-HLTH-007,27,6.34,0.0,52.65,Holt_Winters,20250127
2025-01-28,FC-Central,SKU-HLTH-007,28,6.49,0.0,53.2,Holt_Winters,20250128
2025-01-28,FC-Central,SKU-HLTH-007,28,6.49,0.0,53.2,Holt_Winters,20250128
2025-01-01,FC-Central,SKU-HLTH-008,1,45.49,10.78,80.2,Holt_Winters,20250101
2025-01-01,FC-Central,SKU-HLTH-008,1,45.49,10.78,80.2,Holt_Winters,20250101
2025-01-02,FC-Central,SKU-HLTH-008,2,45.92,10.7,81.14,Holt_Winters,20250102
2025-01-02,FC-Central,SKU-HLTH-008,2,45.92,10.7,81.14,Holt_Winters,20250102
2025-01-03,FC-Central,SKU-HLTH-008,3,48.61,12.88,84.34,Holt_Winters,20250103
2025-01-03,FC-Central,SKU-HLTH-008,3,48.61,12.88,84.34,Holt_Winters,20250103
2025-01-04,FC-Central,SKU-HLTH-008,4,55.72,19.48,91.96,Holt_Winters,20250104
2025-01-04,FC-Central,SKU-HLTH-008,4,55.72,19.48,91.96,Holt_Winters,20250104
2025-01-05,FC-Central,SKU-HLTH-008,5,49.25,12.52,85.98,Holt_Winters,20250105
2025-01-05,FC-Central,SKU-HLTH-008,5,49.25,12.52,85.98,Holt_Winters,20250105
2025-01-06,FC-Central,SKU-HLTH-008,6,41.07,3.85,78.29,Holt_Winters,20250106
2025-01-06,FC-Central,SKU-HLTH-008,6,41.07,3.85,78.29,Holt_Winters,20250106
2025-01-07,FC-Central,SKU-HLTH-008,7,40.71,3.0,78.42,Holt_Winters,20250107
2025-01-07,FC-Central,SKU-HLTH-008,7,40.71,3.0,78.42,Holt_Winters,20250107
2025-01-08,FC-Central,SKU-HLTH-008,8,45.79,7.61,83.97,Holt_Winters,20250108
2025-01-08,FC-Central,SKU-HLTH-008,8,45.79,7.61,83.97,Holt_Winters,20250108
2025-01-09,FC-Central,SKU-HLTH-008,9,46.21,7.56,84.86,Holt_Winters,20250109
2025-01-09,FC-Central,SKU-HLTH-008,9,46.21,7.56,84.86,Holt_Winters,20250109
2025-01-10,FC-Central,SKU-HLTH-008,10,48.91,9.79,88.03,Holt_Winters,20250110
2025-01-10,FC-Central,SKU-HLTH-008,10,48.91,9.79,88.03,Holt_Winters,20250110
2025-01-11,FC-Central,SKU-HLTH-008,11,56.02,16.45,95.59,Holt_Winters,20250111
2025-01-11,FC-Central,SKU-HLTH-008,11,56.02,16.45,95.59,Holt_Winters,20250111
2025-01-12,FC-Central,SKU-HLTH-008,12,49.55,9.53,89.57,Holt_Winters,20250112
2025-01-12,FC-Central,SKU-HLTH-008,12,49.55,9.53,89.57,Holt_Winters,20250112
2025-01-13,FC-Central,SKU-HLTH-008,13,41.37,0.9,81.84,Holt_Winters,20250113
2025-01-13,FC-Central,SKU-HLTH-008,13,41.37,0.9,81.84,Holt_Winters,20250113
2025-01-14,FC-Central,SKU-HLTH-008,14,41.01,0.09,81.93,Holt_Winters,20250114
2025-01-14,FC-Central,SKU-HLTH-008,14,41.01,0.09,81.93,Holt_Winters,20250114
2025-01-15,FC-Central,SKU-HLTH-008,15,46.09,4.73,87.45,Holt_Winters,20250115
2025-01-15,FC-Central,SKU-HLTH-008,15,46.09,4.73,87.45,Holt_Winters,20250115
2025-01-16,FC-Central,SKU-HLTH-008,16,46.51,4.7,88.32,Holt_Winters,20250116
2025-01-16,FC-Central,SKU-HLTH-008,16,46.51,4.7,88.32,Holt_Winters,20250116
2025-01-17,FC-Central,SKU-HLTH-008,17,49.21,6.97,91.45,Holt_Winters,20250117
2025-01-17,FC-Central,SKU-HLTH-008,17,49.21,6.97,91.45,Holt_Winters,20250117
2025-01-18,FC-Central,SKU-HLTH-008,18,56.32,13.67,98.97,Holt_Winters,20250118
2025-01-18,FC-Central,SKU-HLTH-008,18,56.32,13.67,98.97,Holt_Winters,20250118
2025-01-19,FC-Central,SKU-HLTH-008,19,49.85,6.77,92.93,Holt_Winters,20250119
2025-01-19,FC-Central,SKU-HLTH-008,19,49.85,6.77,92.93,Holt_Winters,20250119
2025-01-20,FC-Central,SKU-HLTH-008,20,41.67,0.0,85.16,Holt_Winters,20250120
2025-01-20,FC-Central,SKU-HLTH-008,20,41.67,0.0,85.16,Holt_Winters,20250120
2025-01-21,FC-Central,SKU-HLTH-008,21,41.31,0.0,85.21,Holt_Winters,20250121
2025-01-21,FC-Central,SKU-HLTH-008,21,41.31,0.0,85.21,Holt_Winters,20250121
2025-01-22,FC-Central,SKU-HLTH-008,22,46.39,2.07,90.71,Holt_Winters,20250122
2025-01-22,FC-Central,SKU-HLTH-008,22,46.39,2.07,90.71,Holt_Winters,20250122
2025-01-23,FC-Central,SKU-HLTH-008,23,46.81,2.08,91.54,Holt_Winters,20250123
2025-01-23,FC-Central,SKU-HLTH-008,23,46.81,2.08,91.54,Holt_Winters,20250123
2025-01-24,FC-Central,SKU-HLTH-008,24,49.51,4.39,94.63,Holt_Winters,20250124
2025-01-24,FC-Central,SKU-HLTH-008,24,49.51,4.39,94.63,Holt_Winters,20250124
2025-01-25,FC-Central,SKU-HLTH-008,25,56.62,11.09,102.15,Holt_Winters,20250125
2025-01-25,FC-Central,SKU-HLTH-008,25,56.62,11.09,102.15,Holt_Winters,20250125
2025-01-26,FC-Central,SKU-HLTH-008,26,50.14,4.22,96.06,Holt_Winters,20250126
2025-01-26,FC-Central,SKU-HLTH-008,26,50.14,4.22,96.06,Holt_Winters,20250126
2025-01-27,FC-Central,SKU-HLTH-008,27,41.97,0.0,88.28,Holt_Winters,20250127
2025-01-27,FC-Central,SKU-HLTH-008,27,41.97,0.0,88.28,Holt_Winters,20250127
2025-01-28,FC-Central,SKU-HLTH-008,28,41.6,0.0,88.31,Holt_Winters,20250128
2025-01-28,FC-Central,SKU-HLTH-008,28,41.6,0.0,88.31,Holt_Winters,20250128
2025-01-01,FC-Central,SKU-HLTH-009,1,2.31,0.0,37.02,Holt_Winters,20250101
2025-01-01,FC-Central,SKU-HLTH-009,1,2.31,0.0,37.02,Holt_Winters,20250101
2025-01-02,FC-Central,SKU-HLTH-009,2,2.21,0.0,37.43,Holt_Winters,20250102
2025-01-02,FC-Central,SKU-HLTH-009,2,2.21,0.0,37.43,Holt_Winters,20250102
2025-01-03,FC-Central,SKU-HLTH-009,3,1.89,0.0,37.62,Holt_Winters,20250103
2025-01-03,FC-Central,SKU-HLTH-009,3,1.89,0.0,37.62,Holt_Winters,20250103
2025-01-04,FC-Central,SKU-HLTH-009,4,2.35,0.0,38.59,Holt_Winters,20250104
2025-01-04,FC-Central,SKU-HLTH-009,4,2.35,0.0,38.59,Holt_Winters,20250104
2025-01-05,FC-Central,SKU-HLTH-009,5,2.04,0.0,38.77,Holt_Winters,20250105
2025-01-05,FC-Central,SKU-HLTH-009,5,2.04,0.0,38.77,Holt_Winters,20250105
2025-01-06,FC-Central,SKU-HLTH-009,6,1.69,0.0,38.91,Holt_Winters,20250106
2025-01-06,FC-Central,SKU-HLTH-009,6,1.69,0.0,38.91,Holt_Winters,20250106
2025-01-07,FC-Central,SKU-HLTH-009,7,1.45,0.0,39.16,Holt_Winters,20250107
2025-01-07,FC-Central,SKU-HLTH-009,7,1.45,0.0,39.16,Holt_Winters,20250107
2025-01-08,FC-Central,SKU-HLTH-009,8,2.31,0.0,40.49,Holt_Winters,20250108
2025-01-08,FC-Central,SKU-HLTH-009,8,2.31,0.0,40.49,Holt_Winters,20250108
2025-01-09,FC-Central,SKU-HLTH-009,9,2.21,0.0,40.86,Holt_Winters,20250109
2025-01-09,FC-Central,SKU-HLTH-009,9,2.21,0.0,40.86,Holt_Winters,20250109
2025-01-10,FC-Central,SKU-HLTH-009,10,1.9,0.0,41.02,Holt_Winters,20250110
2025-01-10,FC-Central,SKU-HLTH-009,10,1.9,0.0,41.02,Holt_Winters,20250110
2025-01-11,FC-Central,SKU-HLTH-009,11,2.35,0.0,41.92,Holt_Winters,20250111
2025-01-11,FC-Central,SKU-HLTH-009,11,2.35,0.0,41.92,Holt_Winters,20250111
2025-01-12,FC-Central,SKU-HLTH-009,12,2.04,0.0,42.06,Holt_Winters,20250112
2025-01-12,FC-Central,SKU-HLTH-009,12,2.04,0.0,42.06,Holt_Winters,20250112
2025-01-13,FC-Central,SKU-HLTH-009,13,1.69,0.0,42.16,Holt_Winters,20250113
2025-01-13,FC-Central,SKU-HLTH-009,13,1.69,0.0,42.16,Holt_Winters,20250113
2025-01-14,FC-Central,SKU-HLTH-009,14,1.45,0.0,42.37,Holt_Winters,20250114
2025-01-14,FC-Central,SKU-HLTH-009,14,1.45,0.0,42.37,Holt_Winters,20250114
2025-01-15,FC-Central,SKU-HLTH-009,15,2.31,0.0,43.67,Holt_Winters,20250115
2025-01-15,FC-Central,SKU-HLTH-009,15,2.31,0.0,43.67,Holt_Winters,20250115
2025-01-16,FC-Central,SKU-HLTH-009,16,2.22,0.0,44.03,Holt_Winters,20250116
2025-01-16,FC-Central,SKU-HLTH-009,16,2.22,0.0,44.03,Holt_Winters,20250116
2025-01-17,FC-Central,SKU-HLTH-009,17,1.9,0.0,44.14,Holt_Winters,20250117
2025-01-17,FC-Central,SKU-HLTH-009,17,1.9,0.0,44.14,Holt_Winters,20250117
2025-01-18,FC-Central,SKU-HLTH-009,18,2.35,0.0,45.0,Holt_Winters,20250118
2025-01-18,FC-Central,SKU-HLTH-009,18,2.35,0.0,45.0,Holt_Winters,20250118
2025-01-19,FC-Central,SKU-HLTH-009,19,2.05,0.0,45.13,Holt_Winters,20250119
2025-01-19,FC-Central,SKU-HLTH-009,19,2.05,0.0,45.13,Holt_Winters,20250119
2025-01-20,FC-Central,SKU-HLTH-009,20,1.69,0.0,45.18,Holt_Winters,20250120
2025-01-20,FC-Central,SKU-HLTH-009,20,1.69,0.0,45.18,Holt_Winters,20250120
2025-01-21,FC-Central,SKU-HLTH-009,21,1.46,0.0,45.36,Holt_Winters,20250121
2025-01-21,FC-Central,SKU-HLTH-009,21,1.46,0.0,45.36,Holt_Winters,20250121
2025-01-22,FC-Central,SKU-HLTH-009,22,2.32,0.0,46.64,Holt_Winters,20250122
2025-01-22,FC-Central,SKU-HLTH-009,22,2.32,0.0,46.64,Holt_Winters,20250122
2025-01-23,FC-Central,SKU-HLTH-009,23,2.22,0.0,46.95,Holt_Winters,20250123
2025-01-23,FC-Central,SKU-HLTH-009,23,2.22,0.0,46.95,Holt_Winters,20250123
2025-01-24,FC-Central,SKU-HLTH-009,24,1.9,0.0,47.02,Holt_Winters,20250124
2025-01-24,FC-Central,SKU-HLTH-009,24,1.9,0.0,47.02,Holt_Winters,20250124
2025-01-25,FC-Central,SKU-HLTH-009,25,2.35,0.0,47.88,Holt_Winters,20250125
2025-01-25,FC-Central,SKU-HLTH-009,25,2.35,0.0,47.88,Holt_Winters,20250125
2025-01-26,FC-Central,SKU-HLTH-009,26,2.05,0.0,47.97,Holt_Winters,20250126
2025-01-26,FC-Central,SKU-HLTH-009,26,2.05,0.0,47.97,Holt_Winters,20250126
2025-01-27,FC-Central,SKU-HLTH-009,27,1.7,0.0,48.01,Holt_Winters,20250127
2025-01-27,FC-Central,SKU-HLTH-009,27,1.7,0.0,48.01,Holt_Winters,20250127
2025-01-28,FC-Central,SKU-HLTH-009,28,1.46,0.0,48.17,Holt_Winters,20250128
2025-01-28,FC-Central,SKU-HLTH-009,28,1.46,0.0,48.17,Holt_Winters,20250128
2025-01-01,FC-Central,SKU-HLTH-010,1,4.79,0.0,39.5,Holt_Winters,20250101
2025-01-01,FC-Central,SKU-HLTH-010,1,4.79,0.0,39.5,Holt_Winters,20250101
2025-01-02,FC-Central,SKU-HLTH-010,2,5.11,0.0,40.33,Holt_Winters,20250102
2025-01-02,FC-Central,SKU-HLTH-010,2,5.11,0.0,40.33,Holt_Winters,20250102
2025-01-03,FC-Central,SKU-HLTH-010,3,5.94,0.0,41.67,Holt_Winters,20250103
2025-01-03,FC-Central,SKU-HLTH-010,3,5.94,0.0,41.67,Holt_Winters,20250103
2025-01-04,FC-Central,SKU-HLTH-010,4,7.32,0.0,43.56,Holt_Winters,20250104
2025-01-04,FC-Central,SKU-HLTH-010,4,7.32,0.0,43.56,Holt_Winters,20250104
2025-01-05,FC-Central,SKU-HLTH-010,5,5.67,0.0,42.4,Holt_Winters,20250105
2025-01-05,FC-Central,SKU-HLTH-010,5,5.67,0.0,42.4,Holt_Winters,20250105
2025-01-06,FC-Central,SKU-HLTH-010,6,4.66,0.0,41.88,Holt_Winters,20250106
2025-01-06,FC-Central,SKU-HLTH-010,6,4.66,0.0,41.88,Holt_Winters,20250106
2025-01-07,FC-Central,SKU-HLTH-010,7,5.26,0.0,42.97,Holt_Winters,20250107
2025-01-07,FC-Central,SKU-HLTH-010,7,5.26,0.0,42.97,Holt_Winters,20250107
2025-01-08,FC-Central,SKU-HLTH-010,8,4.79,0.0,42.97,Holt_Winters,20250108
2025-01-08,FC-Central,SKU-HLTH-010,8,4.79,0.0,42.97,Holt_Winters,20250108
2025-01-09,FC-Central,SKU-HLTH-010,9,5.11,0.0,43.76,Holt_Winters,20250109
2025-01-09,FC-Central,SKU-HLTH-010,9,5.11,0.0,43.76,Holt_Winters,20250109
2025-01-10,FC-Central,SKU-HLTH-010,10,5.94,0.0,45.06,Holt_Winters,20250110
2025-01-10,FC-Central,SKU-HLTH-010,10,5.94,0.0,45.06,Holt_Winters,20250110
2025-01-11,FC-Central,SKU-HLTH-010,11,7.32,0.0,46.89,Holt_Winters,20250111
2025-01-11,FC-Central,SKU-HLTH-010,11,7.32,0.0,46.89,Holt_Winters,20250111
2025-01-12,FC-Central,SKU-HLTH-010,12,5.67,0.0,45.69,Holt_Winters,20250112
2025-01-12,FC-Central,SKU-HLTH-010,12,5.67,0.0,45.69,Holt_Winters,20250112
2025-01-13,FC-Central,SKU-HLTH-010,13,4.67,0.0,45.14,Holt_Winters,20250113
2025-01-13,FC-Central,SKU-HLTH-010,13,4.67,0.0,45.14,Holt_Winters,20250113
2025-01-14,FC-Central,SKU-HLTH-010,14,5.27,0.0,46.19,Holt_Winters,20250114
2025-01-14,FC-Central,SKU-HLTH-010,14,5.27,0.0,46.19,Holt_Winters,20250114
2025-01-15,FC-Central,SKU-HLTH-010,15,4.8,0.0,46.16,Holt_Winters,20250115
2025-01-15,FC-Central,SKU-HLTH-010,15,4.8,0.0,46.16,Holt_Winters,20250115
2025-01-16,FC-Central,SKU-HLTH-010,16,5.12,0.0,46.93,Holt_Winters,20250116
2025-01-16,FC-Central,SKU-HLTH-010,16,5.12,0.0,46.93,Holt_Winters,20250116
2025-01-17,FC-Central,SKU-HLTH-010,17,5.94,0.0,48.18,Holt_Winters,20250117
2025-01-17,FC-Central,SKU-HLTH-010,17,5.94,0.0,48.18,Holt_Winters,20250117
2025-01-18,FC-Central,SKU-HLTH-010,18,7.33,0.0,49.98,Holt_Winters,20250118
2025-01-18,FC-Central,SKU-HLTH-010,18,7.33,0.0,49.98,Holt_Winters,20250118
2025-01-19,FC-Central,SKU-HLTH-010,19,5.68,0.0,48.76,Holt_Winters,20250119
2025-01-19,FC-Central,SKU-HLTH-010,19,5.68,0.0,48.76,Holt_Winters,20250119
2025-01-20,FC-Central,SKU-HLTH-010,20,4.67,0.0,48.16,Holt_Winters,20250120
2025-01-20,FC-Central,SKU-HLTH-010,20,4.67,0.0,48.16,Holt_Winters,20250120
2025-01-21,FC-Central,SKU-HLTH-010,21,5.27,0.0,49.17,Holt_Winters,20250121
2025-01-21,FC-Central,SKU-HLTH-010,21,5.27,0.0,49.17,Holt_Winters,20250121
2025-01-22,FC-Central,SKU-HLTH-010,22,4.8,0.0,49.12,Holt_Winters,20250122
2025-01-22,FC-Central,SKU-HLTH-010,22,4.8,0.0,49.12,Holt_Winters,20250122
2025-01-23,FC-Central,SKU-HLTH-010,23,5.12,0.0,49.85,Holt_Winters,20250123
2025-01-23,FC-Central,SKU-HLTH-010,23,5.12,0.0,49.85,Holt_Winters,20250123
2025-01-24,FC-Central,SKU-HLTH-010,24,5.94,0.0,51.06,Holt_Winters,20250124
2025-01-24,FC-Central,SKU-HLTH-010,24,5.94,0.0,51.06,Holt_Winters,20250124
2025-01-25,FC-Central,SKU-HLTH-010,25,7.33,0.0,52.86,Holt_Winters,20250125
2025-01-25,FC-Central,SKU-HLTH-010,25,7.33,0.0,52.86,Holt_Winters,20250125
2025-01-26,FC-Central,SKU-HLTH-010,26,5.68,0.0,51.6,Holt_Winters,20250126
2025-01-26,FC-Central,SKU-HLTH-010,26,5.68,0.0,51.6,Holt_Winters,20250126
2025-01-27,FC-Central,SKU-HLTH-010,27,4.67,0.0,50.98,Holt_Winters,20250127
2025-01-27,FC-Central,SKU-HLTH-010,27,4.67,0.0,50.98,Holt_Winters,20250127
2025-01-28,FC-Central,SKU-HLTH-010,28,5.27,0.0,51.98,Holt_Winters,20250128
2025-01-28,FC-Central,SKU-HLTH-010,28,5.27,0.0,51.98,Holt_Winters,20250128
2025-01-01,FC-Central,SKU-HOME-001,1,20.48,0.0,55.19,Holt_Winters,20250101
2025-01-01,FC-Central,SKU-HOME-001,1,20.48,0.0,55.19,Holt_Winters,20250101
2025-01-02,FC-Central,SKU-HOME-001,2,21.23,0.0,56.45,Holt_Winters,20250102
2025-01-02,FC-Central,SKU-HOME-001,2,21.23,0.0,56.45,Holt_Winters,20250102
2025-01-03,FC-Central,SKU-HOME-001,3,25.11,0.0,60.84,Holt_Winters,20250103
2025-01-03,FC-Central,SKU-HOME-001,3,25.11,0.0,60.84,Holt_Winters,20250103
2025-01-04,FC-Central,SKU-HOME-001,4,27.2,0.0,63.44,Holt_Winters,20250104
2025-01-04,FC-Central,SKU-HOME-001,4,27.2,0.0,63.44,Holt_Winters,20250104
2025-01-05,FC-Central,SKU-HOME-001,5,25.31,0.0,62.04,Holt_Winters,20250105
2025-01-05,FC-Central,SKU-HOME-001,5,25.31,0.0,62.04,Holt_Winters,20250105
2025-01-06,FC-Central,SKU-HOME-001,6,19.95,0.0,57.17,Holt_Winters,20250106
2025-01-06,FC-Central,SKU-HOME-001,6,19.95,0.0,57.17,Holt_Winters,20250106
2025-01-07,FC-Central,SKU-HOME-001,7,19.56,0.0,57.27,Holt_Winters,20250107
2025-01-07,FC-Central,SKU-HOME-001,7,19.56,0.0,57.27,Holt_Winters,20250107
2025-01-08,FC-Central,SKU-HOME-001,8,20.48,0.0,58.66,Holt_Winters,20250108
2025-01-08,FC-Central,SKU-HOME-001,8,20.48,0.0,58.66,Holt_Winters,20250108
2025-01-09,FC-Central,SKU-HOME-001,9,21.24,0.0,59.89,Holt_Winters,20250109
2025-01-09,FC-Central,SKU-HOME-001,9,21.24,0.0,59.89,Holt_Winters,20250109
2025-01-10,FC-Central,SKU-HOME-001,10,25.12,0.0,64.24,Holt_Winters,20250110
2025-01-10,FC-Central,SKU-HOME-001,10,25.12,0.0,64.24,Holt_Winters,20250110
2025-01-11,FC-Central,SKU-HOME-001,11,27.2,0.0,66.77,Holt_Winters,20250111
2025-01-11,FC-Central,SKU-HOME-001,11,27.2,0.0,66.77,Holt_Winters,20250111
2025-01-12,FC-Central,SKU-HOME-001,12,25.31,0.0,65.33,Holt_Winters,20250112
2025-01-12,FC-Central,SKU-HOME-001,12,25.31,0.0,65.33,Holt_Winters,20250112
2025-01-13,FC-Central,SKU-HOME-001,13,19.96,0.0,60.43,Holt_Winters,20250113
2025-01-13,FC-Central,SKU-HOME-001,13,19.96,0.0,60.43,Holt_Winters,20250113
2025-01-14,FC-Central,SKU-HOME-001,14,19.57,0.0,60.49,Holt_Winters,20250114
2025-01-14,FC-Central,SKU-HOME-001,14,19.57,0.0,60.49,Holt_Winters,20250114
2025-01-15,FC-Central,SKU-HOME-001,15,20.49,0.0,61.85,Holt_Winters,20250115
2025-01-15,FC-Central,SKU-HOME-001,15,20.49,0.0,61.85,Holt_Winters,20250115
2025-01-16,FC-Central,SKU-HOME-001,16,21.25,0.0,63.06,Holt_Winters,20250116
2025-01-16,FC-Central,SKU-HOME-001,16,21.25,0.0,63.06,Holt_Winters,20250116
2025-01-17,FC-Central,SKU-HOME-001,17,25.12,0.0,67.36,Holt_Winters,20250117
2025-01-17,FC-Central,SKU-HOME-001,17,25.12,0.0,67.36,Holt_Winters,20250117
2025-01-18,FC-Central,SKU-HOME-001,18,27.21,0.0,69.86,Holt_Winters,20250118
2025-01-18,FC-Central,SKU-HOME-001,18,27.21,0.0,69.86,Holt_Winters,20250118
2025-01-19,FC-Central,SKU-HOME-001,19,25.32,0.0,68.4,Holt_Winters,20250119
2025-01-19,FC-Central,SKU-HOME-001,19,25.32,0.0,68.4,Holt_Winters,20250119
2025-01-20,FC-Central,SKU-HOME-001,20,19.96,0.0,63.45,Holt_Winters,20250120
2025-01-20,FC-Central,SKU-HOME-001,20,19.96,0.0,63.45,Holt_Winters,20250120
2025-01-21,FC-Central,SKU-HOME-001,21,19.58,0.0,63.48,Holt_Winters,20250121
2025-01-21,FC-Central,SKU-HOME-001,21,19.58,0.0,63.48,Holt_Winters,20250121
2025-01-22,FC-Central,SKU-HOME-001,22,20.5,0.0,64.82,Holt_Winters,20250122
2025-01-22,FC-Central,SKU-HOME-001,22,20.5,0.0,64.82,Holt_Winters,20250122
2025-01-23,FC-Central,SKU-HOME-001,23,21.26,0.0,65.99,Holt_Winters,20250123
2025-01-23,FC-Central,SKU-HOME-001,23,21.26,0.0,65.99,Holt_Winters,20250123
2025-01-24,FC-Central,SKU-HOME-001,24,25.13,0.0,70.25,Holt_Winters,20250124
2025-01-24,FC-Central,SKU-HOME-001,24,25.13,0.0,70.25,Holt_Winters,20250124
2025-01-25,FC-Central,SKU-HOME-001,25,27.22,0.0,72.75,Holt_Winters,20250125
2025-01-25,FC-Central,SKU-HOME-001,25,27.22,0.0,72.75,Holt_Winters,20250125
2025-01-26,FC-Central,SKU-HOME-001,26,25.33,0.0,71.25,Holt_Winters,20250126
2025-01-26,FC-Central,SKU-HOME-001,26,25.33,0.0,71.25,Holt_Winters,20250126
2025-01-27,FC-Central,SKU-HOME-001,27,19.97,0.0,66.28,Holt_Winters,20250127
2025-01-27,FC-Central,SKU-HOME-001,27,19.97,0.0,66.28,Holt_Winters,20250127
2025-01-28,FC-Central,SKU-HOME-001,28,19.58,0.0,66.29,Holt_Winters,20250128
2025-01-28,FC-Central,SKU-HOME-001,28,19.58,0.0,66.29,Holt_Winters,20250128
2025-01-01,FC-Central,SKU-HOME-002,1,63.54,28.83,98.25,Holt_Winters,20250101
2025-01-01,FC-Central,SKU-HOME-002,1,63.54,28.83,98.25,Holt_Winters,20250101
2025-01-02,FC-Central,SKU-HOME-002,2,60.91,25.69,96.13,Holt_Winters,20250102
2025-01-02,FC-Central,SKU-HOME-002,2,60.91,25.69,96.13,Holt_Winters,20250102
2025-01-03,FC-Central,SKU-HOME-002,3,75.05,39.32,110.78,Holt_Winters,20250103
2025-01-03,FC-Central,SKU-HOME-002,3,75.05,39.32,110.78,Holt_Winters,20250103
2025-01-04,FC-Central,SKU-HOME-002,4,72.63,36.39,108.87,Holt_Winters,20250104
2025-01-04,FC-Central,SKU-HOME-002,4,72.63,36.39,108.87,Holt_Winters,20250104
2025-01-05,FC-Central,SKU-HOME-002,5,74.93,38.2,111.66,Holt_Winters,20250105
2025-01-05,FC-Central,SKU-HOME-002,5,74.93,38.2,111.66,Holt_Winters,20250105
2025-01-06,FC-Central,SKU-HOME-002,6,58.66,21.44,95.88,Holt_Winters,20250106
2025-01-06,FC-Central,SKU-HOME-002,6,58.66,21.44,95.88,Holt_Winters,20250106
2025-01-07,FC-Central,SKU-HOME-002,7,66.62,28.91,104.33,Holt_Winters,20250107
2025-01-07,FC-Central,SKU-HOME-002,7,66.62,28.91,104.33,Holt_Winters,20250107
2025-01-08,FC-Central,SKU-HOME-002,8,65.29,27.11,103.47,Holt_Winters,20250108
2025-01-08,FC-Central,SKU-HOME-002,8,65.29,27.11,103.47,Holt_Winters,20250108
2025-01-09,FC-Central,SKU-HOME-002,9,62.66,24.01,101.31,Holt_Winters,20250109
2025-01-09,FC-Central,SKU-HOME-002,9,62.66,24.01,101.31,Holt_Winters,20250109
2025-01-10,FC-Central,SKU-HOME-002,10,76.8,37.68,115.92,Holt_Winters,20250110
2025-01-10,FC-Central,SKU-HOME-002,10,76.8,37.68,115.92,Holt_Winters,20250110
2025-01-11,FC-Central,SKU-HOME-002,11,74.38,34.81,113.95,Holt_Winters,20250111
2025-01-11,FC-Central,SKU-HOME-002,11,74.38,34.81,113.95,Holt_Winters,20250111
2025-01-12,FC-Central,SKU-HOME-002,12,76.68,36.66,116.7,Holt_Winters,20250112
2025-01-12,FC-Central,SKU-HOME-002,12,76.68,36.66,116.7,Holt_Winters,20250112
2025-01-13,FC-Central,SKU-HOME-002,13,60.41,19.94,100.88,Holt_Winters,20250113
2025-01-13,FC-Central,SKU-HOME-002,13,60.41,19.94,100.88,Holt_Winters,20250113
2025-01-14,FC-Central,SKU-HOME-002,14,68.37,27.45,109.29,Holt_Winters,20250114
2025-01-14,FC-Central,SKU-HOME-002,14,68.37,27.45,109.29,Holt_Winters,20250114
2025-01-15,FC-Central,SKU-HOME-002,15,67.04,25.68,108.4,Holt_Winters,20250115
2025-01-15,FC-Central,SKU-HOME-002,15,67.04,25.68,108.4,Holt_Winters,20250115
2025-01-16,FC-Central,SKU-HOME-002,16,64.41,22.6,106.22,Holt_Winters,20250116
2025-01-16,FC-Central,SKU-HOME-002,16,64.41,22.6,106.22,Holt_Winters,20250116
2025-01-17,FC-Central,SKU-HOME-002,17,78.55,36.31,120.79,Holt_Winters,20250117
2025-01-17,FC-Central,SKU-HOME-002,17,78.55,36.31,120.79,Holt_Winters,20250117
2025-01-18,FC-Central,SKU-HOME-002,18,76.13,33.48,118.78,Holt_Winters,20250118
2025-01-18,FC-Central,SKU-HOME-002,18,76.13,33.48,118.78,Holt_Winters,20250118
2025-01-19,FC-Central,SKU-HOME-002,19,78.43,35.35,121.51,Holt_Winters,20250119
2025-01-19,FC-Central,SKU-HOME-002,19,78.43,35.35,121.51,Holt_Winters,20250119
2025-01-20,FC-Central,SKU-HOME-002,20,62.16,18.67,105.65,Holt_Winters,20250120
2025-01-20,FC-Central,SKU-HOME-002,20,62.16,18.67,105.65,Holt_Winters,20250120
2025-01-21,FC-Central,SKU-HOME-002,21,70.13,26.23,114.03,Holt_Winters,20250121
2025-01-21,FC-Central,SKU-HOME-002,21,70.13,26.23,114.03,Holt_Winters,20250121
2025-01-22,FC-Central,SKU-HOME-002,22,68.79,24.47,113.11,Holt_Winters,20250122
2025-01-22,FC-Central,SKU-HOME-002,22,68.79,24.47,113.11,Holt_Winters,20250122
2025-01-23,FC-Central,SKU-HOME-002,23,66.16,21.43,110.89,Holt_Winters,20250123
2025-01-23,FC-Central,SKU-HOME-002,23,66.16,21.43,110.89,Holt_Winters,20250123
2025-01-24,FC-Central,SKU-HOME-002,24,80.3,35.18,125.42,Holt_Winters,20250124
2025-01-24,FC-Central,SKU-HOME-002,24,80.3,35.18,125.42,Holt_Winters,20250124
2025-01-25,FC-Central,SKU-HOME-002,25,77.88,32.35,123.41,Holt_Winters,20250125
2025-01-25,FC-Central,SKU-HOME-002,25,77.88,32.35,123.41,Holt_Winters,20250125
2025-01-26,FC-Central,SKU-HOME-002,26,80.18,34.26,126.1,Holt_Winters,20250126
2025-01-26,FC-Central,SKU-HOME-002,26,80.18,34.26,126.1,Holt_Winters,20250126
2025-01-27,FC-Central,SKU-HOME-002,27,63.91,17.6,110.22,Holt_Winters,20250127
2025-01-27,FC-Central,SKU-HOME-002,27,63.91,17.6,110.22,Holt_Winters,20250127
2025-01-28,FC-Central,SKU-HOME-002,28,71.88,25.17,118.59,Holt_Winters,20250128
2025-01-28,FC-Central,SKU-HOME-002,28,71.88,25.17,118.59,Holt_Winters,20250128
2025-01-01,FC-Central,SKU-HOME-003,1,22.7,0.0,57.41,Holt_Winters,20250101
2025-01-01,FC-Central,SKU-HOME-003,1,22.7,0.0,57.41,Holt_Winters,20250101
2025-01-02,FC-Central,SKU-HOME-003,2,22.43,0.0,57.65,Holt_Winters,20250102
2025-01-02,FC-Central,SKU-HOME-003,2,22.43,0.0,57.65,Holt_Winters,20250102
2025-01-03,FC-Central,SKU-HOME-003,3,26.82,0.0,62.55,Holt_Winters,20250103
2025-01-03,FC-Central,SKU-HOME-003,3,26.82,0.0,62.55,Holt_Winters,20250103
2025-01-04,FC-Central,SKU-HOME-003,4,28.77,0.0,65.01,Holt_Winters,20250104
2025-01-04,FC-Central,SKU-HOME-003,4,28.77,0.0,65.01,Holt_Winters,20250104
2025-01-05,FC-Central,SKU-HOME-003,5,25.83,0.0,62.56,Holt_Winters,20250105
2025-01-05,FC-Central,SKU-HOME-003,5,25.83,0.0,62.56,Holt_Winters,20250105
2025-01-06,FC-Central,SKU-HOME-003,6,20.82,0.0,58.04,Holt_Winters,20250106
2025-01-06,FC-Central,SKU-HOME-003,6,20.82,0.0,58.04,Holt_Winters,20250106
2025-01-07,FC-Central,SKU-HOME-003,7,21.97,0.0,59.68,Holt_Winters,20250107
2025-01-07,FC-Central,SKU-HOME-003,7,21.97,0.0,59.68,Holt_Winters,20250107
2025-01-08,FC-Central,SKU-HOME-003,8,22.77,0.0,60.95,Holt_Winters,20250108
2025-01-08,FC-Central,SKU-HOME-003,8,22.77,0.0,60.95,Holt_Winters,20250108
2025-01-09,FC-Central,SKU-HOME-003,9,22.49,0.0,61.14,Holt_Winters,20250109
2025-01-09,FC-Central,SKU-HOME-003,9,22.49,0.0,61.14,Holt_Winters,20250109
2025-01-10,FC-Central,SKU-HOME-003,10,26.89,0.0,66.01,Holt_Winters,20250110
2025-01-10,FC-Central,SKU-HOME-003,10,26.89,0.0,66.01,Holt_Winters,20250110
2025-01-11,FC-Central,SKU-HOME-003,11,28.84,0.0,68.41,Holt_Winters,20250111
2025-01-11,FC-Central,SKU-HOME-003,11,28.84,0.0,68.41,Holt_Winters,20250111
2025-01-12,FC-Central,SKU-HOME-003,12,25.9,0.0,65.92,Holt_Winters,20250112
2025-01-12,FC-Central,SKU-HOME-003,12,25.9,0.0,65.92,Holt_Winters,20250112
2025-01-13,FC-Central,SKU-HOME-003,13,20.89,0.0,61.36,Holt_Winters,20250113
2025-01-13,FC-Central,SKU-HOME-003,13,20.89,0.0,61.36,Holt_Winters,20250113
2025-01-14,FC-Central,SKU-HOME-003,14,22.03,0.0,62.95,Holt_Winters,20250114
2025-01-14,FC-Central,SKU-HOME-003,14,22.03,0.0,62.95,Holt_Winters,20250114
2025-01-15,FC-Central,SKU-HOME-003,15,22.84,0.0,64.2,Holt_Winters,20250115
2025-01-15,FC-Central,SKU-HOME-003,15,22.84,0.0,64.2,Holt_Winters,20250115
2025-01-16,FC-Central,SKU-HOME-003,16,22.56,0.0,64.37,Holt_Winters,20250116
2025-01-16,FC-Central,SKU-HOME-003,16,22.56,0.0,64.37,Holt_Winters,20250116
2025-01-17,FC-Central,SKU-HOME-003,17,26.95,0.0,69.19,Holt_Winters,20250117
2025-01-17,FC-Central,SKU-HOME-003,17,26.95,0.0,69.19,Holt_Winters,20250117
2025-01-18,FC-Central,SKU-HOME-003,18,28.9,0.0,71.55,Holt_Winters,20250118
2025-01-18,FC-Central,SKU-HOME-003,18,28.9,0.0,71.55,Holt_Winters,20250118
2025-01-19,FC-Central,SKU-HOME-003,19,25.96,0.0,69.04,Holt_Winters,20250119
2025-01-19,FC-Central,SKU-HOME-003,19,25.96,0.0,69.04,Holt_Winters,20250119
2025-01-20,FC-Central,SKU-HOME-003,20,20.96,0.0,64.45,Holt_Winters,20250120
2025-01-20,FC-Central,SKU-HOME-003,20,20.96,0.0,64.45,Holt_Winters,20250120
2025-01-21,FC-Central,SKU-HOME-003,21,22.1,0.0,66.0,Holt_Winters,20250121
2025-01-21,FC-Central,SKU-HOME-003,21,22.1,0.0,66.0,Holt_Winters,20250121
2025-01-22,FC-Central,SKU-HOME-003,22,22.9,0.0,67.22,Holt_Winters,20250122
2025-01-22,FC-Central,SKU-HOME-003,22,22.9,0.0,67.22,Holt_Winters,20250122
2025-01-23,FC-Central,SKU-HOME-003,23,22.63,0.0,67.36,Holt_Winters,20250123
2025-01-23,FC-Central,SKU-HOME-003,23,22.63,0.0,67.36,Holt_Winters,20250123
2025-01-24,FC-Central,SKU-HOME-003,24,27.02,0.0,72.14,Holt_Winters,20250124
2025-01-24,FC-Central,SKU-HOME-003,24,27.02,0.0,72.14,Holt_Winters,20250124
2025-01-25,FC-Central,SKU-HOME-003,25,28.97,0.0,74.5,Holt_Winters,20250125
2025-01-25,FC-Central,SKU-HOME-003,25,28.97,0.0,74.5,Holt_Winters,20250125
2025-01-26,FC-Central,SKU-HOME-003,26,26.03,0.0,71.95,Holt_Winters,20250126
2025-01-26,FC-Central,SKU-HOME-003,26,26.03,0.0,71.95,Holt_Winters,20250126
2025-01-27,FC-Central,SKU-HOME-003,27,21.02,0.0,67.33,Holt_Winters,20250127
2025-01-27,FC-Central,SKU-HOME-003,27,21.02,0.0,67.33,Holt_Winters,20250127
2025-01-28,FC-Central,SKU-HOME-003,28,22.17,0.0,68.88,Holt_Winters,20250128
2025-01-28,FC-Central,SKU-HOME-003,28,22.17,0.0,68.88,Holt_Winters,20250128
2025-01-01,FC-Central,SKU-HOME-004,1,15.69,0.0,50.4,Holt_Winters,20250101
2025-01-01,FC-Central,SKU-HOME-004,1,15.69,0.0,50.4,Holt_Winters,20250101
2025-01-02,FC-Central,SKU-HOME-004,2,16.32,0.0,51.54,Holt_Winters,20250102
2025-01-02,FC-Central,SKU-HOME-004,2,16.32,0.0,51.54,Holt_Winters,20250102
2025-01-03,FC-Central,SKU-HOME-004,3,18.87,0.0,54.6,Holt_Winters,20250103
2025-01-03,FC-Central,SKU-HOME-004,3,18.87,0.0,54.6,Holt_Winters,20250103
2025-01-04,FC-Central,SKU-HOME-004,4,24.06,0.0,60.3,Holt_Winters,20250104
2025-01-04,FC-Central,SKU-HOME-004,4,24.06,0.0,60.3,Holt_Winters,20250104
2025-01-05,FC-Central,SKU-HOME-004,5,21.12,0.0,57.85,Holt_Winters,20250105
2025-01-05,FC-Central,SKU-HOME-004,5,21.12,0.0,57.85,Holt_Winters,20250105
2025-01-06,FC-Central,SKU-HOME-004,6,13.9,0.0,51.12,Holt_Winters,20250106
2025-01-06,FC-Central,SKU-HOME-004,6,13.9,0.0,51.12,Holt_Winters,20250106
2025-01-07,FC-Central,SKU-HOME-004,7,14.85,0.0,52.56,Holt_Winters,20250107
2025-01-07,FC-Central,SKU-HOME-004,7,14.85,0.0,52.56,Holt_Winters,20250107
2025-01-08,FC-Central,SKU-HOME-004,8,15.17,0.0,53.35,Holt_Winters,20250108
2025-01-08,FC-Central,SKU-HOME-004,8,15.17,0.0,53.35,Holt_Winters,20250108
2025-01-09,FC-Central,SKU-HOME-004,9,15.79,0.0,54.44,Holt_Winters,20250109
2025-01-09,FC-Central,SKU-HOME-004,9,15.79,0.0,54.44,Holt_Winters,20250109
2025-01-10,FC-Central,SKU-HOME-004,10,18.35,0.0,57.47,Holt_Winters,20250110
2025-01-10,FC-Central,SKU-HOME-004,10,18.35,0.0,57.47,Holt_Winters,20250110
2025-01-11,FC-Central,SKU-HOME-004,11,23.54,0.0,63.11,Holt_Winters,20250111
2025-01-11,FC-Central,SKU-HOME-004,11,23.54,0.0,63.11,Holt_Winters,20250111
2025-01-12,FC-Central,SKU-HOME-004,12,20.6,0.0,60.62,Holt_Winters,20250112
2025-01-12,FC-Central,SKU-HOME-004,12,20.6,0.0,60.62,Holt_Winters,20250112
2025-01-13,FC-Central,SKU-HOME-004,13,13.37,0.0,53.84,Holt_Winters,20250113
2025-01-13,FC-Central,SKU-HOME-004,13,13.37,0.0,53.84,Holt_Winters,20250113
2025-01-14,FC-Central,SKU-HOME-004,14,14.33,0.0,55.25,Holt_Winters,20250114
2025-01-14,FC-Central,SKU-HOME-004,14,14.33,0.0,55.25,Holt_Winters,20250114
2025-01-15,FC-Central,SKU-HOME-004,15,14.65,0.0,56.01,Holt_Winters,20250115
2025-01-15,FC-Central,SKU-HOME-004,15,14.65,0.0,56.01,Holt_Winters,20250115
2025-01-16,FC-Central,SKU-HOME-004,16,15.27,0.0,57.08,Holt_Winters,20250116
2025-01-16,FC-Central,SKU-HOME-004,16,15.27,0.0,57.08,Holt_Winters,20250116
2025-01-17,FC-Central,SKU-HOME-004,17,17.82,0.0,60.06,Holt_Winters,20250117
2025-01-17,FC-Central,SKU-HOME-004,17,17.82,0.0,60.06,Holt_Winters,20250117
2025-01-18,FC-Central,SKU-HOME-004,18,23.02,0.0,65.67,Holt_Winters,20250118
2025-01-18,FC-Central,SKU-HOME-004,18,23.02,0.0,65.67,Holt_Winters,20250118
2025-01-19,FC-Central,SKU-HOME-004,19,20.08,0.0,63.16,Holt_Winters,20250119
2025-01-19,FC-Central,SKU-HOME-004,19,20.08,0.0,63.16,Holt_Winters,20250119
2025-01-20,FC-Central,SKU-HOME-004,20,12.85,0.0,56.34,Holt_Winters,20250120
2025-01-20,FC-Central,SKU-HOME-004,20,12.85,0.0,56.34,Holt_Winters,20250120
2025-01-21,FC-Central,SKU-HOME-004,21,13.81,0.0,57.71,Holt_Winters,20250121
2025-01-21,FC-Central,SKU-HOME-004,21,13.81,0.0,57.71,Holt_Winters,20250121
2025-01-22,FC-Central,SKU-HOME-004,22,14.12,0.0,58.44,Holt_Winters,20250122
2025-01-22,FC-Central,SKU-HOME-004,22,14.12,0.0,58.44,Holt_Winters,20250122
2025-01-23,FC-Central,SKU-HOME-004,23,14.75,0.0,59.48,Holt_Winters,20250123
2025-01-23,FC-Central,SKU-HOME-004,23,14.75,0.0,59.48,Holt_Winters,20250123
2025-01-24,FC-Central,SKU-HOME-004,24,17.3,0.0,62.42,Holt_Winters,20250124
2025-01-24,FC-Central,SKU-HOME-004,24,17.3,0.0,62.42,Holt_Winters,20250124
2025-01-25,FC-Central,SKU-HOME-004,25,22.49,0.0,68.02,Holt_Winters,20250125
2025-01-25,FC-Central,SKU-HOME-004,25,22.49,0.0,68.02,Holt_Winters,20250125
2025-01-26,FC-Central,SKU-HOME-004,26,19.55,0.0,65.47,Holt_Winters,20250126
2025-01-26,FC-Central,SKU-HOME-004,26,19.55,0.0,65.47,Holt_Winters,20250126
2025-01-27,FC-Central,SKU-HOME-004,27,12.33,0.0,58.64,Holt_Winters,20250127
2025-01-27,FC-Central,SKU-HOME-004,27,12.33,0.0,58.64,Holt_Winters,20250127
2025-01-28,FC-Central,SKU-HOME-004,28,13.28,0.0,59.99,Holt_Winters,20250128
2025-01-28,FC-Central,SKU-HOME-004,28,13.28,0.0,59.99,Holt_Winters,20250128
2025-01-01,FC-Central,SKU-HOME-005,1,22.65,0.0,57.36,Holt_Winters,20250101
2025-01-01,FC-Central,SKU-HOME-005,1,22.65,0.0,57.36,Holt_Winters,20250101
2025-01-02,FC-Central,SKU-HOME-005,2,23.16,0.0,58.38,Holt_Winters,20250102
2025-01-02,FC-Central,SKU-HOME-005,2,23.16,0.0,58.38,Holt_Winters,20250102
2025-01-03,FC-Central,SKU-HOME-005,3,25.33,0.0,61.06,Holt_Winters,20250103
2025-01-03,FC-Central,SKU-HOME-005,3,25.33,0.0,61.06,Holt_Winters,20250103
2025-01-04,FC-Central,SKU-HOME-005,4,30.81,0.0,67.05,Holt_Winters,20250104
2025-01-04,FC-Central,SKU-HOME-005,4,30.81,0.0,67.05,Holt_Winters,20250104
2025-01-05,FC-Central,SKU-HOME-005,5,27.65,0.0,64.38,Holt_Winters,20250105
2025-01-05,FC-Central,SKU-HOME-005,5,27.65,0.0,64.38,Holt_Winters,20250105
2025-01-06,FC-Central,SKU-HOME-005,6,21.65,0.0,58.87,Holt_Winters,20250106
2025-01-06,FC-Central,SKU-HOME-005,6,21.65,0.0,58.87,Holt_Winters,20250106
2025-01-07,FC-Central,SKU-HOME-005,7,21.25,0.0,58.96,Holt_Winters,20250107
2025-01-07,FC-Central,SKU-HOME-005,7,21.25,0.0,58.96,Holt_Winters,20250107
2025-01-08,FC-Central,SKU-HOME-005,8,22.65,0.0,60.83,Holt_Winters,20250108
2025-01-08,FC-Central,SKU-HOME-005,8,22.65,0.0,60.83,Holt_Winters,20250108
2025-01-09,FC-Central,SKU-HOME-005,9,23.16,0.0,61.81,Holt_Winters,20250109
2025-01-09,FC-Central,SKU-HOME-005,9,23.16,0.0,61.81,Holt_Winters,20250109
2025-01-10,FC-Central,SKU-HOME-005,10,25.33,0.0,64.45,Holt_Winters,20250110
2025-01-10,FC-Central,SKU-HOME-005,10,25.33,0.0,64.45,Holt_Winters,20250110
2025-01-11,FC-Central,SKU-HOME-005,11,30.81,0.0,70.38,Holt_Winters,20250111
2025-01-11,FC-Central,SKU-HOME-005,11,30.81,0.0,70.38,Holt_Winters,20250111
2025-01-12,FC-Central,SKU-HOME-005,12,27.65,0.0,67.67,Holt_Winters,20250112
2025-01-12,FC-Central,SKU-HOME-005,12,27.65,0.0,67.67,Holt_Winters,20250112
2025-01-13,FC-Central,SKU-HOME-005,13,21.66,0.0,62.13,Holt_Winters,20250113
2025-01-13,FC-Central,SKU-HOME-005,13,21.66,0.0,62.13,Holt_Winters,20250113
2025-01-14,FC-Central,SKU-HOME-005,14,21.26,0.0,62.18,Holt_Winters,20250114
2025-01-14,FC-Central,SKU-HOME-005,14,21.26,0.0,62.18,Holt_Winters,20250114
2025-01-15,FC-Central,SKU-HOME-005,15,22.66,0.0,64.02,Holt_Winters,20250115
2025-01-15,FC-Central,SKU-HOME-005,15,22.66,0.0,64.02,Holt_Winters,20250115
2025-01-16,FC-Central,SKU-HOME-005,16,23.17,0.0,64.98,Holt_Winters,20250116
2025-01-16,FC-Central,SKU-HOME-005,16,23.17,0.0,64.98,Holt_Winters,20250116
2025-01-17,FC-Central,SKU-HOME-005,17,25.34,0.0,67.58,Holt_Winters,20250117
2025-01-17,FC-Central,SKU-HOME-005,17,25.34,0.0,67.58,Holt_Winters,20250117
2025-01-18,FC-Central,SKU-HOME-005,18,30.82,0.0,73.47,Holt_Winters,20250118
2025-01-18,FC-Central,SKU-HOME-005,18,30.82,0.0,73.47,Holt_Winters,20250118
2025-01-19,FC-Central,SKU-HOME-005,19,27.65,0.0,70.73,Holt_Winters,20250119
2025-01-19,FC-Central,SKU-HOME-005,19,27.65,0.0,70.73,Holt_Winters,20250119
2025-01-20,FC-Central,SKU-HOME-005,20,21.66,0.0,65.15,Holt_Winters,20250120
2025-01-20,FC-Central,SKU-HOME-005,20,21.66,0.0,65.15,Holt_Winters,20250120
2025-01-21,FC-Central,SKU-HOME-005,21,21.26,0.0,65.16,Holt_Winters,20250121
2025-01-21,FC-Central,SKU-HOME-005,21,21.26,0.0,65.16,Holt_Winters,20250121
2025-01-22,FC-Central,SKU-HOME-005,22,22.66,0.0,66.98,Holt_Winters,20250122
2025-01-22,FC-Central,SKU-HOME-005,22,22.66,0.0,66.98,Holt_Winters,20250122
2025-01-23,FC-Central,SKU-HOME-005,23,23.17,0.0,67.9,Holt_Winters,20250123
2025-01-23,FC-Central,SKU-HOME-005,23,23.17,0.0,67.9,Holt_Winters,20250123
2025-01-24,FC-Central,SKU-HOME-005,24,25.34,0.0,70.46,Holt_Winters,20250124
2025-01-24,FC-Central,SKU-HOME-005,24,25.34,0.0,70.46,Holt_Winters,20250124
2025-01-25,FC-Central,SKU-HOME-005,25,30.82,0.0,76.35,Holt_Winters,20250125
2025-01-25,FC-Central,SKU-HOME-005,25,30.82,0.0,76.35,Holt_Winters,20250125
2025-01-26,FC-Central,SKU-HOME-005,26,27.66,0.0,73.58,Holt_Winters,20250126
2025-01-26,FC-Central,SKU-HOME-005,26,27.66,0.0,73.58,Holt_Winters,20250126
2025-01-27,FC-Central,SKU-HOME-005,27,21.66,0.0,67.97,Holt_Winters,20250127
2025-01-27,FC-Central,SKU-HOME-005,27,21.66,0.0,67.97,Holt_Winters,20250127
2025-01-28,FC-Central,SKU-HOME-005,28,21.26,0.0,67.97,Holt_Winters,20250128
2025-01-28,FC-Central,SKU-HOME-005,28,21.26,0.0,67.97,Holt_Winters,20250128
2025-01-01,FC-Central,SKU-HOME-006,1,31.9,0.0,66.61,Holt_Winters,20250101
2025-01-01,FC-Central,SKU-HOME-006,1,31.9,0.0,66.61,Holt_Winters,20250101
2025-01-02,FC-Central,SKU-HOME-006,2,31.71,0.0,66.93,Holt_Winters,20250102
2025-01-02,FC-Central,SKU-HOME-006,2,31.71,0.0,66.93,Holt_Winters,20250102
2025-01-03,FC-Central,SKU-HOME-006,3,35.93,0.2,71.66,Holt_Winters,20250103
2025-01-03,FC-Central,SKU-HOME-006,3,35.93,0.2,71.66,Holt_Winters,20250103
2025-01-04,FC-Central,SKU-HOME-006,4,38.2,1.96,74.44,Holt_Winters,20250104
2025-01-04,FC-Central,SKU-HOME-006,4,38.2,1.96,74.44,Holt_Winters,20250104
2025-01-05,FC-Central,SKU-HOME-006,5,36.28,0.0,73.01,Holt_Winters,20250105
2025-01-05,FC-Central,SKU-HOME-006,5,36.28,0.0,73.01,Holt_Winters,20250105
2025-01-06,FC-Central,SKU-HOME-006,6,31.57,0.0,68.79,Holt_Winters,20250106
2025-01-06,FC-Central,SKU-HOME-006,6,31.57,0.0,68.79,Holt_Winters,20250106
2025-01-07,FC-Central,SKU-HOME-006,7,32.2,0.0,69.91,Holt_Winters,20250107
2025-01-07,FC-Central,SKU-HOME-006,7,32.2,0.0,69.91,Holt_Winters,20250107
2025-01-08,FC-Central,SKU-HOME-006,8,33.25,0.0,71.43,Holt_Winters,20250108
2025-01-08,FC-Central,SKU-HOME-006,8,33.25,0.0,71.43,Holt_Winters,20250108
2025-01-09,FC-Central,SKU-HOME-006,9,33.06,0.0,71.71,Holt_Winters,20250109
2025-01-09,FC-Central,SKU-HOME-006,9,33.06,0.0,71.71,Holt_Winters,20250109
2025-01-10,FC-Central,SKU-HOME-006,10,37.28,0.0,76.4,Holt_Winters,20250110
2025-01-10,FC-Central,SKU-HOME-006,10,37.28,0.0,76.4,Holt_Winters,20250110
2025-01-11,FC-Central,SKU-HOME-006,11,39.55,0.0,79.12,Holt_Winters,20250111
2025-01-11,FC-Central,SKU-HOME-006,11,39.55,0.0,79.12,Holt_Winters,20250111
2025-01-12,FC-Central,SKU-HOME-006,12,37.63,0.0,77.65,Holt_Winters,20250112
2025-01-12,FC-Central,SKU-HOME-006,12,37.63,0.0,77.65,Holt_Winters,20250112
2025-01-13,FC-Central,SKU-HOME-006,13,32.92,0.0,73.39,Holt_Winters,20250113
2025-01-13,FC-Central,SKU-HOME-006,13,32.92,0.0,73.39,Holt_Winters,20250113
2025-01-14,FC-Central,SKU-HOME-006,14,33.55,0.0,74.47,Holt_Winters,20250114
2025-01-14,FC-Central,SKU-HOME-006,14,33.55,0.0,74.47,Holt_Winters,20250114
2025-01-15,FC-Central,SKU-HOME-006,15,34.6,0.0,75.96,Holt_Winters,20250115
2025-01-15,FC-Central,SKU-HOME-006,15,34.6,0.0,75.96,Holt_Winters,20250115
2025-01-16,FC-Central,SKU-HOME-006,16,34.41,0.0,76.22,Holt_Winters,20250116
2025-01-16,FC-Central,SKU-HOME-006,16,34.41,0.0,76.22,Holt_Winters,20250116
2025-01-17,FC-Central,SKU-HOME-006,17,38.63,0.0,80.87,Holt_Winters,20250117
2025-01-17,FC-Central,SKU-HOME-006,17,38.63,0.0,80.87,Holt_Winters,20250117
2025-01-18,FC-Central,SKU-HOME-006,18,40.9,0.0,83.55,Holt_Winters,20250118
2025-01-18,FC-Central,SKU-HOME-006,18,40.9,0.0,83.55,Holt_Winters,20250118
2025-01-19,FC-Central,SKU-HOME-006,19,38.98,0.0,82.06,Holt_Winters,20250119
2025-01-19,FC-Central,SKU-HOME-006,19,38.98,0.0,82.06,Holt_Winters,20250119
2025-01-20,FC-Central,SKU-HOME-006,20,34.26,0.0,77.75,Holt_Winters,20250120
2025-01-20,FC-Central,SKU-HOME-006,20,34.26,0.0,77.75,Holt_Winters,20250120
2025-01-21,FC-Central,SKU-HOME-006,21,34.9,0.0,78.8,Holt_Winters,20250121
2025-01-21,FC-Central,SKU-HOME-006,21,34.9,0.0,78.8,Holt_Winters,20250121
2025-01-22,FC-Central,SKU-HOME-006,22,35.95,0.0,80.27,Holt_Winters,20250122
2025-01-22,FC-Central,SKU-HOME-006,22,35.95,0.0,80.27,Holt_Winters,20250122
2025-01-23,FC-Central,SKU-HOME-006,23,35.75,0.0,80.48,Holt_Winters,20250123
2025-01-23,FC-Central,SKU-HOME-006,23,35.75,0.0,80.48,Holt_Winters,20250123
2025-01-24,FC-Central,SKU-HOME-006,24,39.98,0.0,85.1,Holt_Winters,20250124
2025-01-24,FC-Central,SKU-HOME-006,24,39.98,0.0,85.1,Holt_Winters,20250124
2025-01-25,FC-Central,SKU-HOME-006,25,42.25,0.0,87.78,Holt_Winters,20250125
2025-01-25,FC-Central,SKU-HOME-006,25,42.25,0.0,87.78,Holt_Winters,20250125
2025-01-26,FC-Central,SKU-HOME-006,26,40.32,0.0,86.24,Holt_Winters,20250126
2025-01-26,FC-Central,SKU-HOME-006,26,40.32,0.0,86.24,Holt_Winters,20250126
2025-01-27,FC-Central,SKU-HOME-006,27,35.61,0.0,81.92,Holt_Winters,20250127
2025-01-27,FC-Central,SKU-HOME-006,27,35.61,0.0,81.92,Holt_Winters,20250127
2025-01-28,FC-Central,SKU-HOME-006,28,36.25,0.0,82.96,Holt_Winters,20250128
2025-01-28,FC-Central,SKU-HOME-006,28,36.25,0.0,82.96,Holt_Winters,20250128
2025-01-01,FC-Central,SKU-HOME-007,1,5.44,0.0,40.15,Holt_Winters,20250101
2025-01-01,FC-Central,SKU-HOME-007,1,5.44,0.0,40.15,Holt_Winters,20250101
2025-01-02,FC-Central,SKU-HOME-007,2,5.61,0.0,40.83,Holt_Winters,20250102
2025-01-02,FC-Central,SKU-HOME-007,2,5.61,0.0,40.83,Holt_Winters,20250102
2025-01-03,FC-Central,SKU-HOME-007,3,7.19,0.0,42.92,Holt_Winters,20250103
2025-01-03,FC-Central,SKU-HOME-007,3,7.19,0.0,42.92,Holt_Winters,20250103
2025-01-04,FC-Central,SKU-HOME-007,4,7.47,0.0,43.71,Holt_Winters,20250104
2025-01-04,FC-Central,SKU-HOME-007,4,7.47,0.0,43.71,Holt_Winters,20250104
2025-01-05,FC-Central,SKU-HOME-007,5,6.64,0.0,43.37,Holt_Winters,20250105
2025-01-05,FC-Central,SKU-HOME-007,5,6.64,0.0,43.37,Holt_Winters,20250105
2025-01-06,FC-Central,SKU-HOME-007,6,4.77,0.0,41.99,Holt_Winters,20250106
2025-01-06,FC-Central,SKU-HOME-007,6,4.77,0.0,41.99,Holt_Winters,20250106
2025-01-07,FC-Central,SKU-HOME-007,7,4.75,0.0,42.46,Holt_Winters,20250107
2025-01-07,FC-Central,SKU-HOME-007,7,4.75,0.0,42.46,Holt_Winters,20250107
2025-01-08,FC-Central,SKU-HOME-007,8,5.41,0.0,43.59,Holt_Winters,20250108
2025-01-08,FC-Central,SKU-HOME-007,8,5.41,0.0,43.59,Holt_Winters,20250108
2025-01-09,FC-Central,SKU-HOME-007,9,5.58,0.0,44.23,Holt_Winters,20250109
2025-01-09,FC-Central,SKU-HOME-007,9,5.58,0.0,44.23,Holt_Winters,20250109
2025-01-10,FC-Central,SKU-HOME-007,10,7.16,0.0,46.28,Holt_Winters,20250110
2025-01-10,FC-Central,SKU-HOME-007,10,7.16,0.0,46.28,Holt_Winters,20250110
2025-01-11,FC-Central,SKU-HOME-007,11,7.44,0.0,47.01,Holt_Winters,20250111
2025-01-11,FC-Central,SKU-HOME-007,11,7.44,0.0,47.01,Holt_Winters,20250111
2025-01-12,FC-Central,SKU-HOME-007,12,6.61,0.0,46.63,Holt_Winters,20250112
2025-01-12,FC-Central,SKU-HOME-007,12,6.61,0.0,46.63,Holt_Winters,20250112
2025-01-13,FC-Central,SKU-HOME-007,13,4.74,0.0,45.21,Holt_Winters,20250113
2025-01-13,FC-Central,SKU-HOME-007,13,4.74,0.0,45.21,Holt_Winters,20250113
2025-01-14,FC-Central,SKU-HOME-007,14,4.72,0.0,45.64,Holt_Winters,20250114
2025-01-14,FC-Central,SKU-HOME-007,14,4.72,0.0,45.64,Holt_Winters,20250114
2025-01-15,FC-Central,SKU-HOME-007,15,5.39,0.0,46.75,Holt_Winters,20250115
2025-01-15,FC-Central,SKU-HOME-007,15,5.39,0.0,46.75,Holt_Winters,20250115
2025-01-16,FC-Central,SKU-HOME-007,16,5.55,0.0,47.36,Holt_Winters,20250116
2025-01-16,FC-Central,SKU-HOME-007,16,5.55,0.0,47.36,Holt_Winters,20250116
2025-01-17,FC-Central,SKU-HOME-007,17,7.13,0.0,49.37,Holt_Winters,20250117
2025-01-17,FC-Central,SKU-HOME-007,17,7.13,0.0,49.37,Holt_Winters,20250117
2025-01-18,FC-Central,SKU-HOME-007,18,7.42,0.0,50.07,Holt_Winters,20250118
2025-01-18,FC-Central,SKU-HOME-007,18,7.42,0.0,50.07,Holt_Winters,20250118
2025-01-19,FC-Central,SKU-HOME-007,19,6.58,0.0,49.66,Holt_Winters,20250119
2025-01-19,FC-Central,SKU-HOME-007,19,6.58,0.0,49.66,Holt_Winters,20250119
2025-01-20,FC-Central,SKU-HOME-007,20,4.71,0.0,48.2,Holt_Winters,20250120
2025-01-20,FC-Central,SKU-HOME-007,20,4.71,0.0,48.2,Holt_Winters,20250120
2025-01-21,FC-Central,SKU-HOME-007,21,4.7,0.0,48.6,Holt_Winters,20250121
2025-01-21,FC-Central,SKU-HOME-007,21,4.7,0.0,48.6,Holt_Winters,20250121
2025-01-22,FC-Central,SKU-HOME-007,22,5.36,0.0,49.68,Holt_Winters,20250122
2025-01-22,FC-Central,SKU-HOME-007,22,5.36,0.0,49.68,Holt_Winters,20250122
2025-01-23,FC-Central,SKU-HOME-007,23,5.52,0.0,50.25,Holt_Winters,20250123
2025-01-23,FC-Central,SKU-HOME-007,23,5.52,0.0,50.25,Holt_Winters,20250123
2025-01-24,FC-Central,SKU-HOME-007,24,7.11,0.0,52.23,Holt_Winters,20250124
2025-01-24,FC-Central,SKU-HOME-007,24,7.11,0.0,52.23,Holt_Winters,20250124
2025-01-25,FC-Central,SKU-HOME-007,25,7.39,0.0,52.92,Holt_Winters,20250125
2025-01-25,FC-Central,SKU-HOME-007,25,7.39,0.0,52.92,Holt_Winters,20250125
2025-01-26,FC-Central,SKU-HOME-007,26,6.56,0.0,52.48,Holt_Winters,20250126
2025-01-26,FC-Central,SKU-HOME-007,26,6.56,0.0,52.48,Holt_Winters,20250126
2025-01-27,FC-Central,SKU-HOME-007,27,4.69,0.0,51.0,Holt_Winters,20250127
2025-01-27,FC-Central,SKU-HOME-007,27,4.69,0.0,51.0,Holt_Winters,20250127
2025-01-28,FC-Central,SKU-HOME-007,28,4.67,0.0,51.38,Holt_Winters,20250128
2025-01-28,FC-Central,SKU-HOME-007,28,4.67,0.0,51.38,Holt_Winters,20250128
2025-01-01,FC-Central,SKU-HOME-008,1,41.26,6.55,75.97,Holt_Winters,20250101
2025-01-01,FC-Central,SKU-HOME-008,1,41.26,6.55,75.97,Holt_Winters,20250101
2025-01-02,FC-Central,SKU-HOME-008,2,40.7,5.48,75.92,Holt_Winters,20250102
2025-01-02,FC-Central,SKU-HOME-008,2,40.7,5.48,75.92,Holt_Winters,20250102
2025-01-03,FC-Central,SKU-HOME-008,3,44.41,8.68,80.14,Holt_Winters,20250103
2025-01-03,FC-Central,SKU-HOME-008,3,44.41,8.68,80.14,Holt_Winters,20250103
2025-01-04,FC-Central,SKU-HOME-008,4,48.57,12.33,84.81,Holt_Winters,20250104
2025-01-04,FC-Central,SKU-HOME-008,4,48.57,12.33,84.81,Holt_Winters,20250104
2025-01-05,FC-Central,SKU-HOME-008,5,45.54,8.81,82.27,Holt_Winters,20250105
2025-01-05,FC-Central,SKU-HOME-008,5,45.54,8.81,82.27,Holt_Winters,20250105
2025-01-06,FC-Central,SKU-HOME-008,6,39.89,2.67,77.11,Holt_Winters,20250106
2025-01-06,FC-Central,SKU-HOME-008,6,39.89,2.67,77.11,Holt_Winters,20250106
2025-01-07,FC-Central,SKU-HOME-008,7,38.88,1.17,76.59,Holt_Winters,20250107
2025-01-07,FC-Central,SKU-HOME-008,7,38.88,1.17,76.59,Holt_Winters,20250107
2025-01-08,FC-Central,SKU-HOME-008,8,41.5,3.32,79.68,Holt_Winters,20250108
2025-01-08,FC-Central,SKU-HOME-008,8,41.5,3.32,79.68,Holt_Winters,20250108
2025-01-09,FC-Central,SKU-HOME-008,9,40.95,2.3,79.6,Holt_Winters,20250109
2025-01-09,FC-Central,SKU-HOME-008,9,40.95,2.3,79.6,Holt_Winters,20250109
2025-01-10,FC-Central,SKU-HOME-008,10,44.66,5.54,83.78,Holt_Winters,20250110
2025-01-10,FC-Central,SKU-HOME-008,10,44.66,5.54,83.78,Holt_Winters,20250110
2025-01-11,FC-Central,SKU-HOME-008,11,48.81,9.24,88.38,Holt_Winters,20250111
2025-01-11,FC-Central,SKU-HOME-008,11,48.81,9.24,88.38,Holt_Winters,20250111
2025-01-12,FC-Central,SKU-HOME-008,12,45.78,5.76,85.8,Holt_Winters,20250112
2025-01-12,FC-Central,SKU-HOME-008,12,45.78,5.76,85.8,Holt_Winters,20250112
2025-01-13,FC-Central,SKU-HOME-008,13,40.13,0.0,80.6,Holt_Winters,20250113
2025-01-13,FC-Central,SKU-HOME-008,13,40.13,0.0,80.6,Holt_Winters,20250113
2025-01-14,FC-Central,SKU-HOME-008,14,39.13,0.0,80.05,Holt_Winters,20250114
2025-01-14,FC-Central,SKU-HOME-008,14,39.13,0.0,80.05,Holt_Winters,20250114
2025-01-15,FC-Central,SKU-HOME-008,15,41.75,0.39,83.11,Holt_Winters,20250115
2025-01-15,FC-Central,SKU-HOME-008,15,41.75,0.39,83.11,Holt_Winters,20250115
2025-01-16,FC-Central,SKU-HOME-008,16,41.19,0.0,83.0,Holt_Winters,20250116
2025-01-16,FC-Central,SKU-HOME-008,16,41.19,0.0,83.0,Holt_Winters,20250116
2025-01-17,FC-Central,SKU-HOME-008,17,44.9,2.66,87.14,Holt_Winters,20250117
2025-01-17,FC-Central,SKU-HOME-008,17,44.9,2.66,87.14,Holt_Winters,20250117
2025-01-18,FC-Central,SKU-HOME-008,18,49.05,6.4,91.7,Holt_Winters,20250118
2025-01-18,FC-Central,SKU-HOME-008,18,49.05,6.4,91.7,Holt_Winters,20250118
2025-01-19,FC-Central,SKU-HOME-008,19,46.02,2.94,89.1,Holt_Winters,20250119
2025-01-19,FC-Central,SKU-HOME-008,19,46.02,2.94,89.1,Holt_Winters,20250119
2025-01-20,FC-Central,SKU-HOME-008,20,40.38,0.0,83.87,Holt_Winters,20250120
2025-01-20,FC-Central,SKU-HOME-008,20,40.38,0.0,83.87,Holt_Winters,20250120
2025-01-21,FC-Central,SKU-HOME-008,21,39.37,0.0,83.27,Holt_Winters,20250121
2025-01-21,FC-Central,SKU-HOME-008,21,39.37,0.0,83.27,Holt_Winters,20250121
2025-01-22,FC-Central,SKU-HOME-008,22,41.99,0.0,86.31,Holt_Winters,20250122
2025-01-22,FC-Central,SKU-HOME-008,22,41.99,0.0,86.31,Holt_Winters,20250122
2025-01-23,FC-Central,SKU-HOME-008,23,41.43,0.0,86.16,Holt_Winters,20250123
2025-01-23,FC-Central,SKU-HOME-008,23,41.43,0.0,86.16,Holt_Winters,20250123
2025-01-24,FC-Central,SKU-HOME-008,24,45.14,0.02,90.26,Holt_Winters,20250124
2025-01-24,FC-Central,SKU-HOME-008,24,45.14,0.02,90.26,Holt_Winters,20250124
2025-01-25,FC-Central,SKU-HOME-008,25,49.3,3.77,94.83,Holt_Winters,20250125
2025-01-25,FC-Central,SKU-HOME-008,25,49.3,3.77,94.83,Holt_Winters,20250125
2025-01-26,FC-Central,SKU-HOME-008,26,46.27,0.35,92.19,Holt_Winters,20250126
2025-01-26,FC-Central,SKU-HOME-008,26,46.27,0.35,92.19,Holt_Winters,20250126
2025-01-27,FC-Central,SKU-HOME-008,27,40.62,0.0,86.93,Holt_Winters,20250127
2025-01-27,FC-Central,SKU-HOME-008,27,40.62,0.0,86.93,Holt_Winters,20250127
2025-01-28,FC-Central,SKU-HOME-008,28,39.61,0.0,86.32,Holt_Winters,20250128
2025-01-28,FC-Central,SKU-HOME-008,28,39.61,0.0,86.32,Holt_Winters,20250128
2025-01-01,FC-Central,SKU-HOME-009,1,1.93,0.0,36.64,Holt_Winters,20250101
2025-01-01,FC-Central,SKU-HOME-009,1,1.93,0.0,36.64,Holt_Winters,20250101
2025-01-02,FC-Central,SKU-HOME-009,2,1.48,0.0,36.7,Holt_Winters,20250102
2025-01-02,FC-Central,SKU-HOME-009,2,1.48,0.0,36.7,Holt_Winters,20250102
2025-01-03,FC-Central,SKU-HOME-009,3,2.0,0.0,37.73,Holt_Winters,20250103
2025-01-03,FC-Central,SKU-HOME-009,3,2.0,0.0,37.73,Holt_Winters,20250103
2025-01-04,FC-Central,SKU-HOME-009,4,1.48,0.0,37.72,Holt_Winters,20250104
2025-01-04,FC-Central,SKU-HOME-009,4,1.48,0.0,37.72,Holt_Winters,20250104
2025-01-05,FC-Central,SKU-HOME-009,5,1.83,0.0,38.56,Holt_Winters,20250105
2025-01-05,FC-Central,SKU-HOME-009,5,1.83,0.0,38.56,Holt_Winters,20250105
2025-01-06,FC-Central,SKU-HOME-009,6,1.77,0.0,38.99,Holt_Winters,20250106
2025-01-06,FC-Central,SKU-HOME-009,6,1.77,0.0,38.99,Holt_Winters,20250106
2025-01-07,FC-Central,SKU-HOME-009,7,1.71,0.0,39.42,Holt_Winters,20250107
2025-01-07,FC-Central,SKU-HOME-009,7,1.71,0.0,39.42,Holt_Winters,20250107
2025-01-08,FC-Central,SKU-HOME-009,8,1.93,0.0,40.11,Holt_Winters,20250108
2025-01-08,FC-Central,SKU-HOME-009,8,1.93,0.0,40.11,Holt_Winters,20250108
2025-01-09,FC-Central,SKU-HOME-009,9,1.48,0.0,40.13,Holt_Winters,20250109
2025-01-09,FC-Central,SKU-HOME-009,9,1.48,0.0,40.13,Holt_Winters,20250109
2025-01-10,FC-Central,SKU-HOME-009,10,2.0,0.0,41.12,Holt_Winters,20250110
2025-01-10,FC-Central,SKU-HOME-009,10,2.0,0.0,41.12,Holt_Winters,20250110
2025-01-11,FC-Central,SKU-HOME-009,11,1.48,0.0,41.05,Holt_Winters,20250111
2025-01-11,FC-Central,SKU-HOME-009,11,1.48,0.0,41.05,Holt_Winters,20250111
2025-01-12,FC-Central,SKU-HOME-009,12,1.84,0.0,41.86,Holt_Winters,20250112
2025-01-12,FC-Central,SKU-HOME-009,12,1.84,0.0,41.86,Holt_Winters,20250112
2025-01-13,FC-Central,SKU-HOME-009,13,1.77,0.0,42.24,Holt_Winters,20250113
2025-01-13,FC-Central,SKU-HOME-009,13,1.77,0.0,42.24,Holt_Winters,20250113
2025-01-14,FC-Central,SKU-HOME-009,14,1.71,0.0,42.63,Holt_Winters,20250114
2025-01-14,FC-Central,SKU-HOME-009,14,1.71,0.0,42.63,Holt_Winters,20250114
2025-01-15,FC-Central,SKU-HOME-009,15,1.94,0.0,43.3,Holt_Winters,20250115
2025-01-15,FC-Central,SKU-HOME-009,15,1.94,0.0,43.3,Holt_Winters,20250115
2025-01-16,FC-Central,SKU-HOME-009,16,1.48,0.0,43.29,Holt_Winters,20250116
2025-01-16,FC-Central,SKU-HOME-009,16,1.48,0.0,43.29,Holt_Winters,20250116
2025-01-17,FC-Central,SKU-HOME-009,17,2.01,0.0,44.25,Holt_Winters,20250117
2025-01-17,FC-Central,SKU-HOME-009,17,2.01,0.0,44.25,Holt_Winters,20250117
2025-01-18,FC-Central,SKU-HOME-009,18,1.49,0.0,44.14,Holt_Winters,20250118
2025-01-18,FC-Central,SKU-HOME-009,18,1.49,0.0,44.14,Holt_Winters,20250118
2025-01-19,FC-Central,SKU-HOME-009,19,1.84,0.0,44.92,Holt_Winters,20250119
2025-01-19,FC-Central,SKU-HOME-009,19,1.84,0.0,44.92,Holt_Winters,20250119
2025-01-20,FC-Central,SKU-HOME-009,20,1.77,0.0,45.26,Holt_Winters,20250120
2025-01-20,FC-Central,SKU-HOME-009,20,1.77,0.0,45.26,Holt_Winters,20250120
2025-01-21,FC-Central,SKU-HOME-009,21,1.72,0.0,45.62,Holt_Winters,20250121
2025-01-21,FC-Central,SKU-HOME-009,21,1.72,0.0,45.62,Holt_Winters,20250121
2025-01-22,FC-Central,SKU-HOME-009,22,1.94,0.0,46.26,Holt_Winters,20250122
2025-01-22,FC-Central,SKU-HOME-009,22,1.94,0.0,46.26,Holt_Winters,20250122
2025-01-23,FC-Central,SKU-HOME-009,23,1.48,0.0,46.21,Holt_Winters,20250123
2025-01-23,FC-Central,SKU-HOME-009,23,1.48,0.0,46.21,Holt_Winters,20250123
2025-01-24,FC-Central,SKU-HOME-009,24,2.01,0.0,47.13,Holt_Winters,20250124
2025-01-24,FC-Central,SKU-HOME-009,24,2.01,0.0,47.13,Holt_Winters,20250124
2025-01-25,FC-Central,SKU-HOME-009,25,1.49,0.0,47.02,Holt_Winters,20250125
2025-01-25,FC-Central,SKU-HOME-009,25,1.49,0.0,47.02,Holt_Winters,20250125
2025-01-26,FC-Central,SKU-HOME-009,26,1.84,0.0,47.76,Holt_Winters,20250126
2025-01-26,FC-Central,SKU-HOME-009,26,1.84,0.0,47.76,Holt_Winters,20250126
2025-01-27,FC-Central,SKU-HOME-009,27,1.77,0.0,48.08,Holt_Winters,20250127
2025-01-27,FC-Central,SKU-HOME-009,27,1.77,0.0,48.08,Holt_Winters,20250127
2025-01-28,FC-Central,SKU-HOME-009,28,1.72,0.0,48.43,Holt_Winters,20250128
2025-01-28,FC-Central,SKU-HOME-009,28,1.72,0.0,48.43,Holt_Winters,20250128
2025-01-01,FC-Central,SKU-HOME-010,1,9.78,0.0,44.49,Holt_Winters,20250101
2025-01-01,FC-Central,SKU-HOME-010,1,9.78,0.0,44.49,Holt_Winters,20250101
2025-01-02,FC-Central,SKU-HOME-010,2,10.21,0.0,45.43,Holt_Winters,20250102
2025-01-02,FC-Central,SKU-HOME-010,2,10.21,0.0,45.43,Holt_Winters,20250102
2025-01-03,FC-Central,SKU-HOME-010,3,12.62,0.0,48.35,Holt_Winters,20250103
2025-01-03,FC-Central,SKU-HOME-010,3,12.62,0.0,48.35,Holt_Winters,20250103
2025-01-04,FC-Central,SKU-HOME-010,4,12.86,0.0,49.1,Holt_Winters,20250104
2025-01-04,FC-Central,SKU-HOME-010,4,12.86,0.0,49.1,Holt_Winters,20250104
2025-01-05,FC-Central,SKU-HOME-010,5,11.32,0.0,48.05,Holt_Winters,20250105
2025-01-05,FC-Central,SKU-HOME-010,5,11.32,0.0,48.05,Holt_Winters,20250105
2025-01-06,FC-Central,SKU-HOME-010,6,8.87,0.0,46.09,Holt_Winters,20250106
2025-01-06,FC-Central,SKU-HOME-010,6,8.87,0.0,46.09,Holt_Winters,20250106
2025-01-07,FC-Central,SKU-HOME-010,7,9.25,0.0,46.96,Holt_Winters,20250107
2025-01-07,FC-Central,SKU-HOME-010,7,9.25,0.0,46.96,Holt_Winters,20250107
2025-01-08,FC-Central,SKU-HOME-010,8,9.8,0.0,47.98,Holt_Winters,20250108
2025-01-08,FC-Central,SKU-HOME-010,8,9.8,0.0,47.98,Holt_Winters,20250108
2025-01-09,FC-Central,SKU-HOME-010,9,10.22,0.0,48.87,Holt_Winters,20250109
2025-01-09,FC-Central,SKU-HOME-010,9,10.22,0.0,48.87,Holt_Winters,20250109
2025-01-10,FC-Central,SKU-HOME-010,10,12.63,0.0,51.75,Holt_Winters,20250110
2025-01-10,FC-Central,SKU-HOME-010,10,12.63,0.0,51.75,Holt_Winters,20250110
2025-01-11,FC-Central,SKU-HOME-010,11,12.88,0.0,52.45,Holt_Winters,20250111
2025-01-11,FC-Central,SKU-HOME-010,11,12.88,0.0,52.45,Holt_Winters,20250111
2025-01-12,FC-Central,SKU-HOME-010,12,11.34,0.0,51.36,Holt_Winters,20250112
2025-01-12,FC-Central,SKU-HOME-010,12,11.34,0.0,51.36,Holt_Winters,20250112
2025-01-13,FC-Central,SKU-HOME-010,13,8.89,0.0,49.36,Holt_Winters,20250113
2025-01-13,FC-Central,SKU-HOME-010,13,8.89,0.0,49.36,Holt_Winters,20250113
2025-01-14,FC-Central,SKU-HOME-010,14,9.26,0.0,50.18,Holt_Winters,20250114
2025-01-14,FC-Central,SKU-HOME-010,14,9.26,0.0,50.18,Holt_Winters,20250114
2025-01-15,FC-Central,SKU-HOME-010,15,9.81,0.0,51.17,Holt_Winters,20250115
2025-01-15,FC-Central,SKU-HOME-010,15,9.81,0.0,51.17,Holt_Winters,20250115
2025-01-16,FC-Central,SKU-HOME-010,16,10.24,0.0,52.05,Holt_Winters,20250116
2025-01-16,FC-Central,SKU-HOME-010,16,10.24,0.0,52.05,Holt_Winters,20250116
2025-01-17,FC-Central,SKU-HOME-010,17,12.65,0.0,54.89,Holt_Winters,20250117
2025-01-17,FC-Central,SKU-HOME-010,17,12.65,0.0,54.89,Holt_Winters,20250117
2025-01-18,FC-Central,SKU-HOME-010,18,12.89,0.0,55.54,Holt_Winters,20250118
2025-01-18,FC-Central,SKU-HOME-010,18,12.89,0.0,55.54,Holt_Winters,20250118
2025-01-19,FC-Central,SKU-HOME-010,19,11.36,0.0,54.44,Holt_Winters,20250119
2025-01-19,FC-Central,SKU-HOME-010,19,11.36,0.0,54.44,Holt_Winters,20250119
2025-01-20,FC-Central,SKU-HOME-010,20,8.9,0.0,52.39,Holt_Winters,20250120
2025-01-20,FC-Central,SKU-HOME-010,20,8.9,0.0,52.39,Holt_Winters,20250120
2025-01-21,FC-Central,SKU-HOME-010,21,9.28,0.0,53.18,Holt_Winters,20250121
2025-01-21,FC-Central,SKU-HOME-010,21,9.28,0.0,53.18,Holt_Winters,20250121
2025-01-22,FC-Central,SKU-HOME-010,22,9.83,0.0,54.15,Holt_Winters,20250122
2025-01-22,FC-Central,SKU-HOME-010,22,9.83,0.0,54.15,Holt_Winters,20250122
2025-01-23,FC-Central,SKU-HOME-010,23,10.26,0.0,54.99,Holt_Winters,20250123
2025-01-23,FC-Central,SKU-HOME-010,23,10.26,0.0,54.99,Holt_Winters,20250123
2025-01-24,FC-Central,SKU-HOME-010,24,12.67,0.0,57.79,Holt_Winters,20250124
2025-01-24,FC-Central,SKU-HOME-010,24,12.67,0.0,57.79,Holt_Winters,20250124
2025-01-25,FC-Central,SKU-HOME-010,25,12.91,0.0,58.44,Holt_Winters,20250125
2025-01-25,FC-Central,SKU-HOME-010,25,12.91,0.0,58.44,Holt_Winters,20250125
2025-01-26,FC-Central,SKU-HOME-010,26,11.37,0.0,57.29,Holt_Winters,20250126
2025-01-26,FC-Central,SKU-HOME-010,26,11.37,0.0,57.29,Holt_Winters,20250126
2025-01-27,FC-Central,SKU-HOME-010,27,8.92,0.0,55.23,Holt_Winters,20250127
2025-01-27,FC-Central,SKU-HOME-010,27,8.92,0.0,55.23,Holt_Winters,20250127
2025-01-28,FC-Central,SKU-HOME-010,28,9.3,0.0,56.01,Holt_Winters,20250128
2025-01-28,FC-Central,SKU-HOME-010,28,9.3,0.0,56.01,Holt_Winters,20250128
